onset	duration	nwb_table	target_duration_for_nose_in_center	violation_time_out	reward_volume_ul	nose_in_center	high_ITI	catch_percentage	punish_sound_enabled	cumulative_reward_volume_ul	is_catch	is_warm_up	trials_in_stage	changed	block_type	auto_change_catch_probability	previous_was_violation	time_increment_for_reward_delay	time_increment_for_nose_in_center	reward_delay	target_reward_delay	training_stage	num_trials_in_adaptation_blocks	num_trials_in_mixed_blocks	is_rewarded	is_violation	is_opt_out	wait_time	wait_time_unthresholded	wait_time_threshold	wait_for_center_poke	z_scored_wait_for_center_poke	rewarded_port	inter_trial_interval	state_type
6714.4359	2.7645999999995183	trials	1.0	2.0	10.0	1.1031	0.0	0.15	True	0.0	False	False	26914.0	False	Low	True	False	0.025	0.0	1.8767	1.5	9.0													
6714.4359	2.7645999999995183	processed_trials			10.0	1.1031					False				Low					1.8767		9.0	40.0	40.0	False	True	False			20.373136501193883			Right	0.6334	
6714.4359	0.6333999999997104	states																																	"       state_name
id               
3   wait_for_poke"
6715.0693	0.1312000000007174	states																																	"        state_name
id                
1   nose_in_center"
6715.200500000001	2.0	states																																	"          state_name
id                  
2   punish_violation"
6717.2267	2.576199999999517	trials	1.0	2.0	10.0	1.1964501961849088	0.0	0.15	True	0.0	False	False	26916.0	False	Low	True	True	0.025	0.0	1.6664883807530093	1.5	9.0													
6717.2267	2.576199999999517	processed_trials			10.0	1.1964501961849088					False				Low					1.6664883807530093		9.0	40.0	40.0	False	True	False			20.373136501193883	0.4065	-0.19665356234430617	Right	0.4065	
6717.2267	0.40650000000005093	states																																	"       state_name
id               
3   wait_for_poke"
6717.6332	0.16970000000037544	states																																	"        state_name
id                
1   nose_in_center"
6717.802900000001	2.0	states																																	"          state_name
id                  
2   punish_violation"
6719.8275	4.821899999999914	trials	1.0	2.0	10.0	1.0351145011526117	0.0	0.15	True	0.0	False	False	26917.0	False	Low	True	True	0.025	0.0	3.3529899561048104	1.5	9.0													
6719.8275	4.821899999999914	processed_trials			10.0	1.0351145011526117					False				Low					3.3529899561048104		9.0	40.0	40.0	True	False	False	3.3529999999999998	3.3529999999999998	20.373136501193883	0.1556	-0.20279955722808826	Right	0.1556	
6719.8275	0.15560000000004948	states																																	"       state_name
id               
3   wait_for_poke"
6719.9831	1.0351000000000568	states																																	"        state_name
id                
1   nose_in_center"
6721.0182	0.001999999999497959	states																																	"   state_name
id           
5      go_cue"
6721.0202	3.3530000000000655	states																																	"            state_name
id                    
6   wait_for_side_poke"
6724.3732	0.18440000000009604	states																																	"         state_name
id                 
4   announce_reward"
6724.5576	0.09169999999994616	states																																	"   state_name
id           
8      reward"
6724.6493	0.00010000000020227162	states																																	"    state_name
id            
7   stop_sound"
6724.6771	11.280099999999948	trials	1.0	2.0	80.0	1.12096270697734	0.0	0.15	True	10.0	False	False	26918.0	False	High	True	False	0.025	0.0	9.39470574249088	1.5	9.0													
6724.6771	11.280099999999948	processed_trials			80.0	1.12096270697734					False				High					9.39470574249088		9.0	40.0	40.0	False	False	True	8.606	8.606	20.373136501193883	1.351	-0.17351728427442897	Left	0.32540000000000013	
6724.6771	1.350999999999658	states																																	"       state_name
id               
3   wait_for_poke"
6726.0280999999995	1.1210000000000946	states																																	"        state_name
id                
1   nose_in_center"
6727.1491	0.0020000000004074536	states																																	"   state_name
id           
5      go_cue"
6727.1511	8.605999999999767	states																																	"            state_name
id                    
6   wait_for_side_poke"
6735.7571	0.1999999999998181	states																																	"   state_name
id           
0     opt_out"
6735.9571	0.00010000000020227162	states																																	"    state_name
id            
7   stop_sound"
6735.9857	2.302799999999479	trials	1.0	2.0	20.0	0.9086892891976096	0.0	0.15	True	10.0	False	False	26919.0	False	Mixed	True	False	0.025	0.0	0.7512650768321236	1.5	9.0													
6735.9857	2.302799999999479	processed_trials			20.0	0.9086892891976096					False				Mixed					0.7512650768321236		9.0	40.0	40.0	False	True	False			20.373136501193883	0.16190000000000002	-0.20264523372164017	Right	0.16190000000000002	
6735.9857	0.16190000000005966	states																																	"       state_name
id               
3   wait_for_poke"
6736.1476	0.14090000000032887	states																																	"        state_name
id                
1   nose_in_center"
6736.288500000001	2.0	states																																	"          state_name
id                  
2   punish_violation"
6738.3169	2.2912999999998647	trials	1.0	2.0	20.0	1.0089544761501261	0.0	0.15	True	10.0	False	False	26920.0	False	Mixed	True	True	0.025	0.0	0.75126508	1.5	9.0													
6738.3169	2.2912999999998647	processed_trials			20.0	1.0089544761501261					False				Mixed					0.75126508		9.0	40.0	40.0	True	False	False	0.7512999999999999	0.7512999999999999	20.373136501193883	0.3403	-0.1982751839517449	Left	0.3403	
6738.3169	0.34029999999984284	states																																	"       state_name
id               
3   wait_for_poke"
6738.6572	1.0090000000000146	states																																	"        state_name
id                
1   nose_in_center"
6739.6662	0.0020000000004074536	states																																	"   state_name
id           
5      go_cue"
6739.6682	0.751299999999901	states																																	"            state_name
id                    
6   wait_for_side_poke"
6740.4195	0.0397000000002663	states																																	"         state_name
id                 
4   announce_reward"
6740.4592	0.1488999999992302	states																																	"   state_name
id           
8      reward"
6740.6080999999995	0.00010000000020227162	states																																	"    state_name
id            
7   stop_sound"
6740.6377	10.49499999999989	trials	1.0	2.0	20.0	0.9026600372848207	0.0	0.15	True	30.0	False	False	26921.0	False	Mixed	True	False	0.025	0.0	8.257466717344672	1.5	9.0													
6740.6377	10.49499999999989	processed_trials			20.0	0.9026600372848207					False				Mixed					8.257466717344672		9.0	40.0	40.0	False	False	True	7.3303	7.3303	20.373136501193883	2.0599000000000003	-0.15615221542981705	Left	0.5464000000000002	
6740.6377	2.059900000000198	states																																	"       state_name
id               
3   wait_for_poke"
6742.6976	0.9026999999996406	states																																	"        state_name
id                
1   nose_in_center"
6743.6003	0.0020000000004074536	states																																	"   state_name
id           
5      go_cue"
6743.6023000000005	7.330299999999625	states																																	"            state_name
id                    
6   wait_for_side_poke"
6750.9326	0.1999999999998181	states																																	"   state_name
id           
0     opt_out"
6751.1326	0.00010000000020227162	states																																	"    state_name
id            
7   stop_sound"
6751.1637	2.374399999999696	trials	1.0	2.0	40.0	1.0694950759508948	0.0	0.15	True	30.0	False	False	26922.0	False	Mixed	True	False	0.025	0.0	0.3165301196119192	1.5	9.0													
6751.1637	2.374399999999696	processed_trials			40.0	1.0694950759508948					False				Mixed					0.3165301196119192		9.0	40.0	40.0	False	False	True	0.3165	0.3165	20.373136501193883	0.4355	-0.19594318429875143	Left	0.4355	
6751.1637	0.43549999999959255	states																																	"       state_name
id               
3   wait_for_poke"
6751.5992	1.0695000000005166	states																																	"        state_name
id                
1   nose_in_center"
6752.6687	0.001999999999497959	states																																	"   state_name
id           
5      go_cue"
6752.6707	0.3165000000008149	states																																	"            state_name
id                    
6   wait_for_side_poke"
6752.9872000000005	0.3507999999992535	states																																	"         state_name
id                 
4   announce_reward"
6753.338	0.2000000000007276	states																																	"   state_name
id           
0     opt_out"
6753.5380000000005	9.999999929277692e-05	states																																	"    state_name
id            
7   stop_sound"
6753.5685	3.366399999999885	trials	1.0	2.0	20.0	1.0176884511842872	0.0	0.15	True	30.0	False	False	26923.0	False	Mixed	True	False	0.025	0.0	0.6489011670614787	1.5	9.0													
6753.5685	3.366399999999885	processed_trials			20.0	1.0176884511842872					False				Mixed					0.6489011670614787		9.0	40.0	40.0	False	True	False			20.373136501193883	1.3249000000000002	-0.1741566245154282	Right	1.3249000000000002	
6753.5685	1.3248999999996158	states																																	"       state_name
id               
3   wait_for_poke"
6754.8934	0.04150000000026921	states																																	"        state_name
id                
1   nose_in_center"
6754.9349	2.0	states																																	"          state_name
id                  
2   punish_violation"
6756.9636	4.665600000000268	trials	1.0	2.0	20.0	1.0176885	0.0	0.15	True	30.0	False	False	26924.0	False	Mixed	True	True	0.025	0.0	0.9109894581415574	1.5	9.0													
6756.9636	4.665600000000268	processed_trials			20.0	1.0176885					False				Mixed					0.9109894581415574		9.0	40.0	40.0	True	False	False	0.911	0.911	20.373136501193883	2.5808	-0.14339235598397373	Left	2.5808	
6756.9636	2.5807999999997264	states																																	"       state_name
id               
3   wait_for_poke"
6759.5444	1.0177000000003318	states																																	"        state_name
id                
1   nose_in_center"
6760.5621	0.001999999999497959	states																																	"   state_name
id           
5      go_cue"
6760.5641	0.9110000000000582	states																																	"            state_name
id                    
6   wait_for_side_poke"
6761.4751	0.005100000000311411	states																																	"         state_name
id                 
4   announce_reward"
6761.4802	0.1489000000001397	states																																	"   state_name
id           
8      reward"
6761.6291	0.00010000000020227162	states																																	"    state_name
id            
7   stop_sound"
6761.6615	7.154599999999846	trials	1.0	2.0	10.0	0.974603758687649	0.0	0.15	True	50.0	False	False	26925.0	False	Mixed	True	False	0.025	0.0	3.711893262960686	1.5	9.0													
6761.6615	7.154599999999846	processed_trials			10.0	0.974603758687649					False				Mixed					3.711893262960686		9.0	40.0	40.0	True	False	False	3.7119	3.7119	20.373136501193883	2.3602	-0.14879612828912453	Right	0.6662999999999997	
6761.6615	2.360200000000077	states																																	"       state_name
id               
3   wait_for_poke"
6764.0217	0.9745999999995547	states																																	"        state_name
id                
1   nose_in_center"
6764.9963	0.0020000000004074536	states																																	"   state_name
id           
5      go_cue"
6764.9983	3.7119000000002416	states																																	"            state_name
id                    
6   wait_for_side_poke"
6768.7102	0.014099999999416468	states																																	"         state_name
id                 
4   announce_reward"
6768.7243	0.09169999999994616	states																																	"   state_name
id           
8      reward"
6768.816	0.00010000000020227162	states																																	"    state_name
id            
7   stop_sound"
6768.8494	3.715299999999843	trials	1.0	2.0	5.0	1.158562307951026	0.0	0.15	True	60.0	False	False	26926.0	False	Mixed	True	False	0.025	0.0	3.334415732863079	1.5	9.0													
6768.8494	3.715299999999843	processed_trials			5.0	1.158562307951026					False				Mixed					3.334415732863079		9.0	40.0	40.0	False	True	False			20.373136501193883	1.6362	-0.16653108363331834	Left	0.4998	
6768.8494	1.636199999999917	states																																	"       state_name
id               
3   wait_for_poke"
6770.4856	0.07909999999992579	states																																	"        state_name
id                
1   nose_in_center"
6770.5647	2.0	states																																	"          state_name
id                  
2   punish_violation"
6772.5968	2.686200000000099	trials	1.0	2.0	5.0	1.080783716539945	0.0	0.15	True	60.0	False	False	26927.0	False	Mixed	True	True	0.025	0.0	3.4919139010214835	1.5	9.0													
6772.5968	2.686200000000099	processed_trials			5.0	1.080783716539945					False				Mixed					3.4919139010214835		9.0	40.0	40.0	False	True	False			20.373136501193883	0.4144	-0.19646004556637917	Right	0.4144	
6772.5968	0.4143999999996595	states																																	"       state_name
id               
3   wait_for_poke"
6773.0112	0.27180000000043947	states																																	"        state_name
id                
1   nose_in_center"
6773.283	2.0	states																																	"          state_name
id                  
2   punish_violation"
6775.3195	13.451500000000124	trials	1.0	2.0	5.0	0.8420281976792513	0.0	0.15	True	60.0	False	False	26928.0	False	Mixed	True	True	0.025	0.0	2.615638876387303	1.5	9.0													
6775.3195	13.451500000000124	processed_trials			5.0	0.8420281976792513					False				Mixed					2.615638876387303		9.0	40.0	40.0	False	True	False			20.373136501193883	11.260200000000001	0.06921644431215344	Left	11.260200000000001	
6775.3195	11.260199999999713	states																																	"       state_name
id               
3   wait_for_poke"
6786.579699999999	0.19130000000041036	states																																	"        state_name
id                
1   nose_in_center"
6786.771	2.0	states																																	"          state_name
id                  
2   punish_violation"
6788.8061	4.0	trials	1.0	2.0	5.0	1.1739197027868062	0.0	0.15	True	60.0	False	False	26929.0	False	Mixed	True	True	0.025	0.0	5.722309015117583	1.5	9.0													
6788.8061	4.0	processed_trials			5.0	1.1739197027868062					False				Mixed					5.722309015117583		9.0	40.0	40.0	False	True	False			20.373136501193883	1.8434000000000001	-0.16145555497680322	Right	1.8434000000000001	
6788.8061	1.8433999999997468	states																																	"       state_name
id               
3   wait_for_poke"
6790.6494999999995	0.1566000000002532	states																																	"        state_name
id                
1   nose_in_center"
6790.8061	2.0	states																																	"          state_name
id                  
2   punish_violation"
6792.8409	4.494899999999689	trials	1.0	2.0	5.0	0.9795968049640509	0.0	0.15	True	60.0	False	False	26930.0	False	Mixed	True	True	0.025	0.0	1.041011994996119	1.5	9.0													
6792.8409	4.494899999999689	processed_trials			5.0	0.9795968049640509					False				Mixed					1.041011994996119		9.0	40.0	40.0	False	True	False			20.373136501193883	2.262	-0.15120161532614085	Right	2.262	
6792.8409	2.2619999999997162	states																																	"       state_name
id               
3   wait_for_poke"
6795.1029	0.23289999999997235	states																																	"        state_name
id                
1   nose_in_center"
6795.3358	2.0	states																																	"          state_name
id                  
2   punish_violation"
6797.3725	2.0887999999995372	trials	1.0	2.0	5.0	0.9739236465897322	0.0	0.15	True	60.0	False	False	26931.0	False	Mixed	True	True	0.025	0.0	3.583690483923779	1.5	9.0													
6797.3725	2.0887999999995372	processed_trials			5.0	0.9739236465897322					False				Mixed					3.583690483923779		9.0	40.0	40.0	False	True	False			20.373136501193883	0.0161	-0.20621672058515325	Left	0.0161	
6797.3725	0.016099999999823922	states																																	"       state_name
id               
3   wait_for_poke"
6797.3886	0.07270000000062282	states																																	"        state_name
id                
1   nose_in_center"
6797.461300000001	2.0	states																																	"          state_name
id                  
2   punish_violation"
6799.4996	2.462199999999939	trials	1.0	2.0	5.0	0.8952708323564015	0.0	0.15	True	60.0	False	False	26932.0	False	Mixed	True	True	0.025	0.0	4.397394226170434	1.5	9.0													
6799.4996	2.462199999999939	processed_trials			5.0	0.8952708323564015					False				Mixed					4.397394226170434		9.0	40.0	40.0	False	True	False			20.373136501193883	0.4041	-0.1967123522515245	Left	0.4041	
6799.4996	0.4040999999997439	states																																	"       state_name
id               
3   wait_for_poke"
6799.9037	0.058100000000194996	states																																	"        state_name
id                
1   nose_in_center"
6799.9618	2.0	states																																	"          state_name
id                  
2   punish_violation"
6802.0017	6.45890000000054	trials	1.0	2.0	5.0	1.0069573843181128	0.0	0.15	True	60.0	True	False	26933.0	False	Mixed	True	True	0.025	0.0	100.0	1.5	9.0													
6802.0017	6.45890000000054	processed_trials			5.0	1.0069573843181128					True				Mixed					100.0		9.0	40.0	40.0	False	False	True	4.8802	4.8802	20.373136501193883	0.36960000000000004	-0.19755745716778786	Right	0.36960000000000004	
6802.0017	0.36959999999999127	states																																	"       state_name
id               
3   wait_for_poke"
6802.3713	1.006999999999607	states																																	"        state_name
id                
1   nose_in_center"
6803.378299999999	0.0020000000004074536	states																																	"   state_name
id           
5      go_cue"
6803.3803	4.880199999999604	states																																	"            state_name
id                    
6   wait_for_side_poke"
6808.260499999999	0.2000000000007276	states																																	"   state_name
id           
0     opt_out"
6808.4605	9.999999929277692e-05	states																																	"    state_name
id            
7   stop_sound"
6808.5014	2.448099999999613	trials	1.0	2.0	20.0	1.1235864610250161	0.0	0.15	True	60.0	False	False	26934.0	False	Mixed	True	False	0.025	0.0	3.9504608582502794	1.5	9.0													
6808.5014	2.448099999999613	processed_trials			20.0	1.1235864610250161					False				Mixed					3.9504608582502794		9.0	40.0	40.0	False	True	False			20.373136501193883	0.3552	-0.1979101966110978	Right	0.3552	
6808.5014	0.355199999999968	states																																	"       state_name
id               
3   wait_for_poke"
6808.8566	0.09289999999964493	states																																	"        state_name
id                
1   nose_in_center"
6808.9495	2.0	states																																	"          state_name
id                  
2   punish_violation"
6810.9901	12.77180000000044	trials	1.0	2.0	20.0	1.1235865	0.0	0.15	True	60.0	True	False	26935.0	False	Mixed	True	True	0.025	0.0	100.0	1.5	9.0													
6810.9901	12.77180000000044	processed_trials			20.0	1.1235865					True				Mixed					100.0		9.0	40.0	40.0	False	False	True	8.0875	8.0875	20.373136501193883	3.3586	-0.12433952688630251	Left	3.3586	
6810.9901	3.3585999999995693	states																																	"       state_name
id               
3   wait_for_poke"
6814.3487	1.1236000000008062	states																																	"        state_name
id                
1   nose_in_center"
6815.4723	0.001999999999497959	states																																	"   state_name
id           
5      go_cue"
6815.4743	8.087500000000546	states																																	"            state_name
id                    
6   wait_for_side_poke"
6823.5618	0.1999999999998181	states																																	"   state_name
id           
0     opt_out"
6823.7618	0.00010000000020227162	states																																	"    state_name
id            
7   stop_sound"
6823.8038	4.568299999999908	trials	1.0	2.0	40.0	1.1342914464861624	0.0	0.15	True	60.0	False	False	26936.0	False	Mixed	True	False	0.025	0.0	2.866721319663259	1.5	9.0													
6823.8038	4.568299999999908	processed_trials			40.0	1.1342914464861624					False				Mixed					2.866721319663259		9.0	40.0	40.0	True	False	False	2.8667000000000007	2.8667000000000007	20.373136501193883	0.24980000000000002	-0.2004920533697691	Right	0.24980000000000002	
6823.8038	0.24979999999959546	states																																	"       state_name
id               
3   wait_for_poke"
6824.053599999999	1.1343000000006214	states																																	"        state_name
id                
1   nose_in_center"
6825.1879	0.001999999999497959	states																																	"   state_name
id           
5      go_cue"
6825.189899999999	2.866700000000492	states																																	"            state_name
id                    
6   wait_for_side_poke"
6828.0566	0.02129999999942811	states																																	"         state_name
id                 
4   announce_reward"
6828.077899999999	0.2941000000000713	states																																	"   state_name
id           
8      reward"
6828.371999999999	0.00010000000020227162	states																																	"    state_name
id            
7   stop_sound"
6828.4147	4.511099999999715	trials	1.0	2.0	20.0	0.9324982207656043	0.0	0.15	True	100.0	False	False	26937.0	False	Mixed	True	False	0.025	0.0	1.999331136605241	1.5	9.0													
6828.4147	4.511099999999715	processed_trials			20.0	0.9324982207656043					False				Mixed					1.999331136605241		9.0	40.0	40.0	False	True	False			20.373136501193883	2.4354	-0.1469540445296171	Right	1.2704	
6828.4147	2.4354000000002998	states																																	"       state_name
id               
3   wait_for_poke"
6830.850100000001	0.07569999999941501	states																																	"        state_name
id                
1   nose_in_center"
6830.9258	2.0	states																																	"          state_name
id                  
2   punish_violation"
6832.969	4.571100000000115	trials	1.0	2.0	20.0	0.9204489643483136	0.0	0.15	True	100.0	False	False	26938.0	False	Mixed	True	True	0.025	0.0	1.3942469678416334	1.5	9.0													
6832.969	4.571100000000115	processed_trials			20.0	0.9204489643483136					False				Mixed					1.3942469678416334		9.0	40.0	40.0	True	False	False	1.3941999999999997	1.3941999999999997	20.373136501193883	1.9798	-0.15811432858322857	Left	1.9798	
6832.969	1.9798000000000684	states																																	"       state_name
id               
3   wait_for_poke"
6834.9488	0.9203999999999724	states																																	"        state_name
id                
1   nose_in_center"
6835.8692	0.0020000000004074536	states																																	"   state_name
id           
5      go_cue"
6835.8712000000005	1.3941999999997279	states																																	"            state_name
id                    
6   wait_for_side_poke"
6837.2654	0.1256999999995969	states																																	"         state_name
id                 
4   announce_reward"
6837.3911	0.1489000000001397	states																																	"   state_name
id           
8      reward"
6837.54	0.00010000000020227162	states																																	"    state_name
id            
7   stop_sound"
6837.5833	3.4052999999994427	trials	1.0	2.0	20.0	1.1918744398870231	0.0	0.15	True	120.0	False	False	26939.0	False	Mixed	True	False	0.025	0.0	1.394247	1.5	9.0													
6837.5833	3.4052999999994427	processed_trials			20.0	1.1918744398870231					False				Mixed					1.394247		9.0	40.0	40.0	False	True	False			20.373136501193883	1.2919	-0.17496498573968017	Left	0.3479000000000001	
6837.5833	1.2919000000001688	states																																	"       state_name
id               
3   wait_for_poke"
6838.8752	0.11340000000018335	states																																	"        state_name
id                
1   nose_in_center"
6838.988600000001	2.0	states																																	"          state_name
id                  
2   punish_violation"
6841.0304	2.3038000000005923	trials	1.0	2.0	20.0	0.9757418227423084	0.0	0.15	True	120.0	False	False	26940.0	False	Mixed	True	True	0.025	0.0	0.10832026702731878	1.5	9.0													
6841.0304	2.3038000000005923	processed_trials			20.0	0.9757418227423084					False				Mixed					0.10832026702731878		9.0	40.0	40.0	False	True	False			20.373136501193883	0.0446	-0.20551859043693563	Left	0.0446	
6841.0304	0.04460000000017317	states																																	"       state_name
id               
3   wait_for_poke"
6841.075	0.2591999999995096	states																																	"        state_name
id                
1   nose_in_center"
6841.334199999999	2.0	states																																	"          state_name
id                  
2   punish_violation"
6843.3763	2.469500000000153	trials	1.0	2.0	20.0	1.1119562426786038	0.0	0.15	True	120.0	False	False	26941.0	False	Mixed	True	True	0.025	0.0	0.10832027	1.5	9.0													
6843.3763	2.469500000000153	processed_trials			20.0	1.1119562426786038					False				Mixed					0.10832027		9.0	40.0	40.0	True	False	False	0.10830000000000006	0.10830000000000006	20.373136501193883	0.691	-0.18968450875946757	Left	0.691	
6843.3763	0.6909999999998035	states																																	"       state_name
id               
3   wait_for_poke"
6844.0673	1.11200000000008	states																																	"        state_name
id                
1   nose_in_center"
6845.1793	0.0020000000004074536	states																																	"   state_name
id           
5      go_cue"
6845.1813	0.10829999999987194	states																																	"            state_name
id                    
6   wait_for_side_poke"
6845.2896	0.40719999999964784	states																																	"         state_name
id                 
4   announce_reward"
6845.6968	0.1489000000001397	states																																	"   state_name
id           
8      reward"
6845.8457	0.00010000000020227162	states																																	"    state_name
id            
7   stop_sound"
6845.8892	6.144600000000537	trials	1.0	2.0	40.0	0.9604884928090601	0.0	0.15	True	140.0	False	False	26942.0	False	Mixed	True	False	0.025	0.0	2.6870992497347967	1.5	9.0													
6845.8892	6.144600000000537	processed_trials			40.0	0.9604884928090601					False				Mixed					2.6870992497347967		9.0	40.0	40.0	True	False	False	2.6871	2.6871	20.373136501193883	2.0119000000000002	-0.1573280135741835	Left	0.5816000000000003	
6845.8892	2.0119000000004235	states																																	"       state_name
id               
3   wait_for_poke"
6847.9011	0.9604999999992287	states																																	"        state_name
id                
1   nose_in_center"
6848.861599999999	0.0020000000004074536	states																																	"   state_name
id           
5      go_cue"
6848.8636	2.6871000000001004	states																																	"            state_name
id                    
6   wait_for_side_poke"
6851.5507	0.20619999999962602	states																																	"         state_name
id                 
4   announce_reward"
6851.756899999999	0.2768000000005486	states																																	"   state_name
id           
8      reward"
6852.0337	9.999999929277692e-05	states																																	"    state_name
id            
7   stop_sound"
6852.0809	4.571700000000419	trials	1.0	2.0	40.0	1.1414056358689493	0.0	0.15	True	180.0	False	False	26943.0	False	Mixed	True	False	0.025	0.0	1.8202287570247035	1.5	9.0													
6852.0809	4.571700000000419	processed_trials			40.0	1.1414056358689493					False				Mixed					1.8202287570247035		9.0	40.0	40.0	False	False	True	0.5640000000000001	0.5640000000000001	20.373136501193883	2.6641999999999997	-0.14134940670813706	Right	0.6508999999999996	
6852.0809	2.6642000000001644	states																																	"       state_name
id               
3   wait_for_poke"
6854.7451	1.1413999999995212	states																																	"        state_name
id                
1   nose_in_center"
6855.8865	0.0020000000004074536	states																																	"   state_name
id           
5      go_cue"
6855.8885	0.5640000000003056	states																																	"            state_name
id                    
6   wait_for_side_poke"
6856.4525	0.1999999999998181	states																																	"   state_name
id           
0     opt_out"
6856.6525	0.00010000000020227162	states																																	"    state_name
id            
7   stop_sound"
6856.6995	5.519100000000435	trials	1.0	2.0	80.0	0.9997610343783196	0.0	0.15	True	180.0	False	False	26944.0	False	Mixed	True	False	0.025	0.0	3.283969759394246	1.5	9.0													
6856.6995	5.519100000000435	processed_trials			80.0	0.9997610343783196					False				Mixed					3.283969759394246		9.0	40.0	40.0	True	False	False	3.2840000000000003	3.2840000000000003	20.373136501193883	0.5685	-0.19268524360706943	Right	0.5685	
6856.6995	0.5685000000003129	states																																	"       state_name
id               
3   wait_for_poke"
6857.268	0.9997999999995955	states																																	"        state_name
id                
1   nose_in_center"
6858.2678	0.0020000000004074536	states																																	"   state_name
id           
5      go_cue"
6858.2698	3.2839999999996508	states																																	"            state_name
id                    
6   wait_for_side_poke"
6861.5538	0.09330000000045402	states																																	"         state_name
id                 
4   announce_reward"
6861.6471	0.5713999999998123	states																																	"   state_name
id           
8      reward"
6862.2185	0.00010000000020227162	states																																	"    state_name
id            
7   stop_sound"
6862.2779	5.100800000000163	trials	1.0	2.0	20.0	0.8610405107021291	0.0	0.15	True	260.0	False	False	26945.0	False	Mixed	True	False	0.025	0.0	3.2839698	1.5	9.0													
6862.2779	5.100800000000163	processed_trials			20.0	0.8610405107021291					False				Mixed					3.2839698		9.0	40.0	40.0	False	True	False			20.373136501193883	3.0578000000000003	-0.1317078619243322	Left	0.8277000000000005	
6862.2779	3.057799999999588	states																																	"       state_name
id               
3   wait_for_poke"
6865.3357	0.0430000000005748	states																																	"        state_name
id                
1   nose_in_center"
6865.3787	2.0	states																																	"          state_name
id                  
2   punish_violation"
6867.4254	3.367599999999584	trials	1.0	2.0	20.0	1.1867756003268417	0.0	0.15	True	260.0	False	False	26946.0	False	Mixed	True	True	0.025	0.0	1.6705864024996588	1.5	9.0													
6867.4254	3.367599999999584	processed_trials			20.0	1.1867756003268417					False				Mixed					1.6705864024996588		9.0	40.0	40.0	True	False	False	1.6705999999999999	1.6705999999999999	20.373136501193883	0.0237	-0.20603055254562855	Right	0.0237	
6867.4254	0.023699999999735155	states																																	"       state_name
id               
3   wait_for_poke"
6867.4491	1.186800000000403	states																																	"        state_name
id                
1   nose_in_center"
6868.6359	0.001999999999497959	states																																	"   state_name
id           
5      go_cue"
6868.6379	1.670600000000377	states																																	"            state_name
id                    
6   wait_for_side_poke"
6870.3085	0.3257999999996173	states																																	"         state_name
id                 
4   announce_reward"
6870.6343	0.15860000000066066	states																																	"   state_name
id           
8      reward"
6870.7929	9.999999929277692e-05	states																																	"    state_name
id            
7   stop_sound"
6870.8429	3.8506999999999607	trials	1.0	2.0	40.0	0.8377948917983515	0.0	0.15	True	280.0	False	False	26947.0	False	Mixed	True	False	0.025	0.0	1.3332421482960481	1.5	9.0													
6870.8429	3.8506999999999607	processed_trials			40.0	0.8377948917983515					False				Mixed					1.3332421482960481		9.0	40.0	40.0	False	True	False			20.373136501193883	1.8191	-0.16205080278738873	Right	0.8179999999999998	
6870.8429	1.8190999999997075	states																																	"       state_name
id               
3   wait_for_poke"
6872.661999999999	0.0316000000002532	states																																	"        state_name
id                
1   nose_in_center"
6872.6936	2.0	states																																	"          state_name
id                  
2   punish_violation"
6874.7424	2.1929000000000087	trials	1.0	2.0	40.0	0.8625301390612266	0.0	0.15	True	280.0	False	False	26948.0	False	Mixed	True	True	0.025	0.0	1.3332421	1.5	9.0													
6874.7424	2.1929000000000087	processed_trials			40.0	0.8625301390612266					False				Mixed					1.3332421		9.0	40.0	40.0	False	True	False			20.373136501193883	0.1458	-0.20303961601589643	Right	0.1458	
6874.7424	0.14580000000023574	states																																	"       state_name
id               
3   wait_for_poke"
6874.8882	0.04709999999977299	states																																	"        state_name
id                
1   nose_in_center"
6874.9353	2.0	states																																	"          state_name
id                  
2   punish_violation"
6876.9853	1.947400000000016	trials	1.0	2.0	40.0	1.0393613295400927	0.0	0.15	True	280.0	False	False	26949.0	False	Mixed	True	True	0.025	0.0	0.36442653385744317	1.5	9.0													
6876.9853	1.947400000000016	processed_trials			40.0	1.0393613295400927					False				Mixed					0.36442653385744317		9.0	40.0	40.0	True	False	False	0.36439999999999984	0.36439999999999984	20.373136501193883	0.0628	-0.2050727669738634	Left	0.0628	
6876.9853	0.06279999999969732	states																																	"       state_name
id               
3   wait_for_poke"
6877.0481	1.039400000000569	states																																	"        state_name
id                
1   nose_in_center"
6878.087500000001	0.001999999999497959	states																																	"   state_name
id           
5      go_cue"
6878.0895	0.3644000000003871	states																																	"            state_name
id                    
6   wait_for_side_poke"
6878.4539	0.20190000000002328	states																																	"         state_name
id                 
4   announce_reward"
6878.6558	0.2767999999996391	states																																	"   state_name
id           
8      reward"
6878.9326	0.00010000000020227162	states																																	"    state_name
id            
7   stop_sound"
6878.9839	4.9484999999995125	trials	1.0	2.0	10.0	0.8928069279583563	0.0	0.15	True	320.0	False	False	26950.0	False	Mixed	True	False	0.025	0.0	0.9267118628011541	1.5	9.0													
6878.9839	4.9484999999995125	processed_trials			10.0	0.8928069279583563					False				Mixed					0.9267118628011541		9.0	40.0	40.0	False	True	False			20.373136501193883	2.6342	-0.14208428054836608	Left	0.3102999999999998	
6878.9839	2.634200000000419	states																																	"       state_name
id               
3   wait_for_poke"
6881.618100000001	0.3143000000000029	states																																	"        state_name
id                
1   nose_in_center"
6881.932400000001	2.0	states																																	"          state_name
id                  
2   punish_violation"
6883.9828	2.7197000000005573	trials	1.0	2.0	10.0	0.8513591621188162	0.0	0.15	True	320.0	False	False	26951.0	False	Mixed	True	True	0.025	0.0	1.3205732337689582	1.5	9.0													
6883.9828	2.7197000000005573	processed_trials			10.0	0.8513591621188162					False				Mixed					1.3205732337689582		9.0	40.0	40.0	True	False	False	1.3205999999999998	1.3205999999999998	20.373136501193883	0.1222	-0.20361771677020993	Left	0.1222	
6883.9828	0.12219999999979336	states																																	"       state_name
id               
3   wait_for_poke"
6884.105	0.8514000000004671	states																																	"        state_name
id                
1   nose_in_center"
6884.9564	0.001999999999497959	states																																	"   state_name
id           
5      go_cue"
6884.9583999999995	1.320600000000013	states																																	"            state_name
id                    
6   wait_for_side_poke"
6886.2789999999995	0.33800000000064756	states																																	"         state_name
id                 
4   announce_reward"
6886.617	0.08539999999993597	states																																	"   state_name
id           
8      reward"
6886.7024	9.999999929277692e-05	states																																	"    state_name
id            
7   stop_sound"
6886.7621	3.6499000000003434	trials	1.0	2.0	20.0	0.805643498591563	0.0	0.15	True	330.0	False	False	26952.0	False	Mixed	True	False	0.025	0.0	0.9347651994486296	1.5	9.0													
6886.7621	3.6499000000003434	processed_trials			20.0	0.805643498591563					False				Mixed					0.9347651994486296		9.0	40.0	40.0	True	False	False	0.9347999999999996	0.9347999999999996	20.373136501193883	1.6302	-0.16667805840136415	Right	0.6439000000000001	
6886.7621	1.6301999999996042	states																																	"       state_name
id               
3   wait_for_poke"
6888.3922999999995	0.8056000000005952	states																																	"        state_name
id                
1   nose_in_center"
6889.1979	0.001999999999497959	states																																	"   state_name
id           
5      go_cue"
6889.1999	0.9347999999999956	states																																	"            state_name
id                    
6   wait_for_side_poke"
6890.1347	0.11860000000069704	states																																	"         state_name
id                 
4   announce_reward"
6890.2533	0.15859999999975116	states																																	"   state_name
id           
8      reward"
6890.4119	0.00010000000020227162	states																																	"    state_name
id            
7   stop_sound"
6890.4654	4.45889999999963	trials	1.0	2.0	20.0	1.1641666230606964	0.0	0.15	True	350.0	False	False	26953.0	False	Mixed	True	False	0.025	0.0	4.395270793292748	1.5	9.0													
6890.4654	4.45889999999963	processed_trials			20.0	1.1641666230606964					False				Mixed					4.395270793292748		9.0	40.0	40.0	False	True	False			20.373136501193883	2.4233000000000002	-0.14725044364517612	Left	0.3700000000000001	
6890.4654	2.4233000000003813	states																																	"       state_name
id               
3   wait_for_poke"
6892.8887	0.03559999999924912	states																																	"        state_name
id                
1   nose_in_center"
6892.9243	2.0	states																																	"          state_name
id                  
2   punish_violation"
6894.9805	3.4137000000000626	trials	1.0	2.0	20.0	0.9528170851856378	0.0	0.15	True	350.0	False	False	26954.0	False	Mixed	True	True	0.025	0.0	1.87394169654992	1.5	9.0													
6894.9805	3.4137000000000626	processed_trials			20.0	0.9528170851856378					False				Mixed					1.87394169654992		9.0	40.0	40.0	True	False	False	1.8739000000000001	1.8739000000000001	20.373136501193883	0.3382	-0.1983266251205609	Left	0.3382	
6894.9805	0.3382000000001426	states																																	"       state_name
id               
3   wait_for_poke"
6895.3187	0.9528000000000247	states																																	"        state_name
id                
1   nose_in_center"
6896.2715	0.001999999999497959	states																																	"   state_name
id           
5      go_cue"
6896.273499999999	1.8739000000005035	states																																	"            state_name
id                    
6   wait_for_side_poke"
6898.1474	0.0977999999995518	states																																	"         state_name
id                 
4   announce_reward"
6898.245199999999	0.1489000000001397	states																																	"   state_name
id           
8      reward"
6898.3940999999995	0.00010000000020227162	states																																	"    state_name
id            
7   stop_sound"
6898.4506	4.576600000000326	trials	1.0	2.0	40.0	1.0235842249382692	0.0	0.15	True	370.0	False	False	26955.0	False	Mixed	True	False	0.025	0.0	1.4212932692414324	1.5	9.0													
6898.4506	4.576600000000326	processed_trials			40.0	1.0235842249382692					False				Mixed					1.4212932692414324		9.0	40.0	40.0	True	False	False	1.4213000000000005	1.4213000000000005	20.373136501193883	1.7226	-0.16441464697345876	Right	0.7259999999999999	
6898.4506	1.7226000000000568	states																																	"       state_name
id               
3   wait_for_poke"
6900.1732	1.0235999999995329	states																																	"        state_name
id                
1   nose_in_center"
6901.1968	0.0020000000004074536	states																																	"   state_name
id           
5      go_cue"
6901.1988	1.4212999999999738	states																																	"            state_name
id                    
6   wait_for_side_poke"
6902.6201	0.11290000000008149	states																																	"         state_name
id                 
4   announce_reward"
6902.733	0.2941000000000713	states																																	"   state_name
id           
8      reward"
6903.0271	0.00010000000020227162	states																																	"    state_name
id            
7   stop_sound"
6903.0834	4.082499999999527	trials	1.0	2.0	10.0	0.9315979923025045	0.0	0.15	True	410.0	False	False	26956.0	False	Mixed	True	False	0.025	0.0	0.41641629048521067	1.5	9.0													
6903.0834	4.082499999999527	processed_trials			10.0	0.9315979923025045					False				Mixed					0.41641629048521067		9.0	40.0	40.0	False	True	False			20.373136501193883	2.0475	-0.15645596328377842	Left	1.1614	
6903.0834	2.0474999999996726	states																																	"       state_name
id               
3   wait_for_poke"
6905.1309	0.035000000000763976	states																																	"        state_name
id                
1   nose_in_center"
6905.165900000001	2.0	states																																	"          state_name
id                  
2   punish_violation"
6907.2229	1.7601000000004206	trials	1.0	2.0	10.0	0.969292969477775	0.0	0.15	True	410.0	True	False	26957.0	False	Mixed	True	True	0.025	0.0	100.0	1.5	9.0													
6907.2229	1.7601000000004206	processed_trials			10.0	0.969292969477775					True				Mixed					100.0		9.0	40.0	40.0	False	False	True	0.4847999999999999	0.4847999999999999	20.373136501193883	0.1039	-0.20406598981274962	Right	0.1039	
6907.2229	0.10390000000006694	states																																	"       state_name
id               
3   wait_for_poke"
6907.3268	0.9692999999997483	states																																	"        state_name
id                
1   nose_in_center"
6908.2961	0.0020000000004074536	states																																	"   state_name
id           
5      go_cue"
6908.2981	0.48480000000017753	states																																	"            state_name
id                    
6   wait_for_side_poke"
6908.7829	0.1999999999998181	states																																	"   state_name
id           
0     opt_out"
6908.9829	0.00010000000020227162	states																																	"    state_name
id            
7   stop_sound"
6909.0418	5.514799999999923	trials	1.0	2.0	40.0	1.044851651009893	0.0	0.15	True	410.0	False	False	26958.0	False	High	True	False	0.025	0.0	3.485779319245792	1.5	9.0													
6909.0418	5.514799999999923	processed_trials			40.0	1.044851651009893					False				High					3.485779319245792		9.0	40.0	40.0	True	False	False	3.4857999999999993	3.4857999999999993	20.373136501193883	0.1802	-0.20219696067910048	Right	0.1802	
6909.0418	0.1801999999997861	states																																	"       state_name
id               
3   wait_for_poke"
6909.222	1.0448999999998705	states																																	"        state_name
id                
1   nose_in_center"
6910.2669	0.0020000000004074536	states																																	"   state_name
id           
5      go_cue"
6910.2689	3.4858000000003813	states																																	"            state_name
id                    
6   wait_for_side_poke"
6913.7547	0.507699999999204	states																																	"         state_name
id                 
4   announce_reward"
6914.2624	0.2941000000000713	states																																	"   state_name
id           
8      reward"
6914.5565	0.00010000000020227162	states																																	"    state_name
id            
7   stop_sound"
6914.618	4.034200000000055	trials	1.0	2.0	20.0	1.199114137864209	0.0	0.15	True	450.0	False	False	26959.0	False	High	True	False	0.025	0.0	2.013042061523613	1.5	9.0													
6914.618	4.034200000000055	processed_trials			20.0	1.199114137864209					False				High					2.013042061523613		9.0	40.0	40.0	False	True	False			20.373136501193883	2.03	-0.1568846396905787	Right	1.1546999999999998	
6914.618	2.0299999999997453	states																																	"       state_name
id               
3   wait_for_poke"
6916.648	0.004200000000309956	states																																	"        state_name
id                
1   nose_in_center"
6916.6522	2.0	states																																	"          state_name
id                  
2   punish_violation"
6918.7098	3.501100000000406	trials	1.0	2.0	20.0	1.018900624774048	0.0	0.15	True	450.0	False	False	26960.0	False	High	True	True	0.025	0.0	2.0130421	1.5	9.0													
6918.7098	3.501100000000406	processed_trials			20.0	1.018900624774048					False				High					2.0130421		9.0	40.0	40.0	True	False	False	2.013	2.013	20.373136501193883	0.15830000000000002	-0.20273341858246763	Left	0.15830000000000002	
6918.7098	0.15830000000005384	states																																	"       state_name
id               
3   wait_for_poke"
6918.8681	1.0189000000000306	states																																	"        state_name
id                
1   nose_in_center"
6919.887	0.001999999999497959	states																																	"   state_name
id           
5      go_cue"
6919.888999999999	2.0130000000008295	states																																	"            state_name
id                    
6   wait_for_side_poke"
6921.902	0.1598999999996522	states																																	"         state_name
id                 
4   announce_reward"
6922.0619	0.1489000000001397	states																																	"   state_name
id           
8      reward"
6922.2108	0.00010000000020227162	states																																	"    state_name
id            
7   stop_sound"
6922.2715	4.157200000000557	trials	1.0	2.0	20.0	0.8972938721064492	0.0	0.15	True	470.0	False	False	26961.0	False	High	True	False	0.025	0.0	5.490433358656313	1.5	9.0													
6922.2715	4.157200000000557	processed_trials			20.0	0.8972938721064492					False				High					5.490433358656313		9.0	40.0	40.0	False	True	False			20.373136501193883	1.9334	-0.15925093345611616	Left	0.6979	
6922.2715	1.9333999999998923	states																																	"       state_name
id               
3   wait_for_poke"
6924.2049	0.22379999999975553	states																																	"        state_name
id                
1   nose_in_center"
6924.4286999999995	2.0	states																																	"          state_name
id                  
2   punish_violation"
6926.4885	2.3426999999992404	trials	1.0	2.0	20.0	0.9598393286023276	0.0	0.15	True	470.0	False	False	26962.0	False	High	True	True	0.025	0.0	1.0856191774134842	1.5	9.0													
6926.4885	2.3426999999992404	processed_trials			20.0	0.9598393286023276					False				High					1.0856191774134842		9.0	40.0	40.0	True	False	False	1.0856	1.0856	20.373136501193883	0.1173	-0.20373774616411397	Right	0.1173	
6926.4885	0.1172999999998865	states																																	"       state_name
id               
3   wait_for_poke"
6926.6058	0.9598000000005413	states																																	"        state_name
id                
1   nose_in_center"
6927.565600000001	0.001999999999497959	states																																	"   state_name
id           
5      go_cue"
6927.5676	1.0856000000003405	states																																	"            state_name
id                    
6   wait_for_side_poke"
6928.653200000001	0.01929999999993015	states																																	"         state_name
id                 
4   announce_reward"
6928.672500000001	0.15859999999975116	states																																	"   state_name
id           
8      reward"
6928.8311	0.00010000000020227162	states																																	"    state_name
id            
7   stop_sound"
6928.8937	3.6791000000002896	trials	1.0	2.0	40.0	1.025039339769646	0.0	0.15	True	490.0	False	False	26963.0	False	High	True	False	0.025	0.0	0.9679113021244796	1.5	9.0													
6928.8937	3.6791000000002896	processed_trials			40.0	1.025039339769646					False				High					0.9679113021244796		9.0	40.0	40.0	True	False	False	0.9679000000000002	0.9679000000000002	20.373136501193883	1.3742	-0.17294898183798518	Left	0.3539000000000001	
6928.8937	1.3742000000002008	states																																	"       state_name
id               
3   wait_for_poke"
6930.2679	1.0249999999996362	states																																	"        state_name
id                
1   nose_in_center"
6931.2928999999995	0.0020000000004074536	states																																	"   state_name
id           
5      go_cue"
6931.2949	0.9678999999996449	states																																	"            state_name
id                    
6   wait_for_side_poke"
6932.2627999999995	0.033100000000558794	states																																	"         state_name
id                 
4   announce_reward"
6932.2959	0.2767999999996391	states																																	"   state_name
id           
8      reward"
6932.5727	0.00010000000020227162	states																																	"    state_name
id            
7   stop_sound"
6932.6351	10.753999999999905	trials	1.0	2.0	80.0	1.0623874405460754	0.0	0.15	True	530.0	False	False	26964.0	False	High	True	False	0.025	0.0	6.598137364816409	1.5	9.0													
6932.6351	10.753999999999905	processed_trials			80.0	1.0623874405460754					False				High					6.598137364816409		9.0	40.0	40.0	True	False	False	6.5981	6.5981	20.373136501193883	2.4504	-0.14658660760950257	Right	0.31499999999999995	
6932.6351	2.4503999999997177	states																																	"       state_name
id               
3   wait_for_poke"
6935.0855	1.0624000000007072	states																																	"        state_name
id                
1   nose_in_center"
6936.147900000001	0.001999999999497959	states																																	"   state_name
id           
5      go_cue"
6936.1499	6.598100000000159	states																																	"            state_name
id                    
6   wait_for_side_poke"
6942.7480000000005	0.06959999999980937	states																																	"         state_name
id                 
4   announce_reward"
6942.8176	0.5713999999998123	states																																	"   state_name
id           
8      reward"
6943.389	0.00010000000020227162	states																																	"    state_name
id            
7   stop_sound"
6943.4532	5.364700000000084	trials	1.0	2.0	20.0	1.0623874	0.0	0.15	True	610.0	False	False	26965.0	False	High	True	False	0.025	0.0	1.133847089921055	1.5	9.0													
6943.4532	5.364700000000084	processed_trials			20.0	1.0623874					False				High					1.133847089921055		9.0	40.0	40.0	False	True	False			20.373136501193883	3.2792	-0.12628449298344202	Left	0.5908999999999995	
6943.4532	3.279199999999946	states																																	"       state_name
id               
3   wait_for_poke"
6946.7324	0.08550000000013824	states																																	"        state_name
id                
1   nose_in_center"
6946.8179	2.0	states																																	"          state_name
id                  
2   punish_violation"
6948.88	3.188799999999901	trials	1.0	2.0	20.0	1.0079913832345504	0.0	0.15	True	610.0	False	False	26966.0	False	High	True	True	0.025	0.0	1.6761419923156673	1.5	9.0													
6948.88	3.188799999999901	processed_trials			20.0	1.0079913832345504					False				High					1.6761419923156673		9.0	40.0	40.0	True	False	False	1.6761	1.6761	20.373136501193883	0.1711	-0.2024198724106366	Left	0.1711	
6948.88	0.17109999999956926	states																																	"       state_name
id               
3   wait_for_poke"
6949.0511	1.0080000000007203	states																																	"        state_name
id                
1   nose_in_center"
6950.0591	0.001999999999497959	states																																	"   state_name
id           
5      go_cue"
6950.0611	1.676100000000588	states																																	"            state_name
id                    
6   wait_for_side_poke"
6951.7372000000005	0.18259999999918364	states																																	"         state_name
id                 
4   announce_reward"
6951.9198	0.1489000000001397	states																																	"   state_name
id           
8      reward"
6952.0687	0.00010000000020227162	states																																	"    state_name
id            
7   stop_sound"
6952.1387	11.755899999999201	trials	1.0	2.0	40.0	0.8430980911182365	0.0	0.15	True	630.0	True	False	26967.0	False	High	True	False	0.025	0.0	100.0	1.5	9.0													
6952.1387	11.755899999999201	processed_trials			40.0	0.8430980911182365					True				High					100.0		9.0	40.0	40.0	False	False	True	8.9835	8.9835	20.373136501193883	1.7272	-0.164301966317957	Right	0.8144000000000001	
6952.1387	1.7272000000002663	states																																	"       state_name
id               
3   wait_for_poke"
6953.865900000001	0.8431000000000495	states																																	"        state_name
id                
1   nose_in_center"
6954.709000000001	0.001999999999497959	states																																	"   state_name
id           
5      go_cue"
6954.711	8.983500000000276	states																																	"            state_name
id                    
6   wait_for_side_poke"
6963.6945000000005	0.1999999999998181	states																																	"   state_name
id           
0     opt_out"
6963.8945	0.00010000000020227162	states																																	"    state_name
id            
7   stop_sound"
6963.9623	2.33849999999984	trials	1.0	2.0	80.0	0.871564087847268	0.0	0.15	True	630.0	False	False	26968.0	False	High	True	False	0.025	0.0	3.7602066161602616	1.5	9.0													
6963.9623	2.33849999999984	processed_trials			80.0	0.871564087847268					False				High					3.7602066161602616		9.0	40.0	40.0	False	True	False			20.373136501193883	0.31360000000000005	-0.19892922166954874	Right	0.31360000000000005	
6963.9623	0.313600000000406	states																																	"       state_name
id               
3   wait_for_poke"
6964.275900000001	0.02489999999943393	states																																	"        state_name
id                
1   nose_in_center"
6964.3008	2.0	states																																	"          state_name
id                  
2   punish_violation"
6966.3691	2.350000000000364	trials	1.0	2.0	80.0	1.0027918244092162	0.0	0.15	True	630.0	False	False	26969.0	False	High	True	True	0.025	0.0	0.05996752970121383	1.5	9.0													
6966.3691	2.350000000000364	processed_trials			80.0	1.0027918244092162					False				High					0.05996752970121383		9.0	40.0	40.0	True	False	False	0.06000000000000005	0.06000000000000005	20.373136501193883	0.1656	-0.20255459928134525	Left	0.1656	
6966.3691	0.16560000000026776	states																																	"       state_name
id               
3   wait_for_poke"
6966.5347	1.0027999999992971	states																																	"        state_name
id                
1   nose_in_center"
6967.537499999999	0.0020000000004074536	states																																	"   state_name
id           
5      go_cue"
6967.5395	0.06000000000040018	states																																	"            state_name
id                    
6   wait_for_side_poke"
6967.5995	0.5819999999994252	states																																	"         state_name
id                 
4   announce_reward"
6968.1815	0.5375000000003638	states																																	"   state_name
id           
8      reward"
6968.719	0.00010000000020227162	states																																	"    state_name
id            
7   stop_sound"
6968.7874	4.742799999999988	trials	1.0	2.0	80.0	1.0027918	0.0	0.15	True	710.0	False	False	26970.0	False	High	True	False	0.025	0.0	0.5154720613186272	1.5	9.0													
6968.7874	4.742799999999988	processed_trials			80.0	1.0027918					False				High					0.5154720613186272		9.0	40.0	40.0	True	False	False	0.5154999999999998	0.5154999999999998	20.373136501193883	2.5854	-0.14327967532847197	Left	0.5278999999999998	
6968.7874	2.585399999999936	states																																	"       state_name
id               
3   wait_for_poke"
6971.3728	1.0028000000002066	states																																	"        state_name
id                
1   nose_in_center"
6972.3756	0.001999999999497959	states																																	"   state_name
id           
5      go_cue"
6972.3776	0.5155000000004293	states																																	"            state_name
id                    
6   wait_for_side_poke"
6972.8931	0.09950000000026193	states																																	"         state_name
id                 
4   announce_reward"
6972.9926000000005	0.5374999999994543	states																																	"   state_name
id           
8      reward"
6973.5301	0.00010000000020227162	states																																	"    state_name
id            
7   stop_sound"
6973.5992	5.986700000000383	trials	1.0	2.0	20.0	1.168787937300983	0.0	0.15	True	790.0	False	False	26971.0	False	High	True	False	0.025	0.0	1.6936113927322296	1.5	9.0													
6973.5992	5.986700000000383	processed_trials			20.0	1.168787937300983					False				High					1.6936113927322296		9.0	40.0	40.0	True	False	False	1.6936	1.6936	20.373136501193883	2.9175999999999997	-0.1351421723376692	Right	0.5920999999999998	
6973.5992	2.9175999999997657	states																																	"       state_name
id               
3   wait_for_poke"
6976.516799999999	1.168800000000374	states																																	"        state_name
id                
1   nose_in_center"
6977.6856	0.001999999999497959	states																																	"   state_name
id           
5      go_cue"
6977.687599999999	1.6936000000005151	states																																	"            state_name
id                    
6   wait_for_side_poke"
6979.3812	0.046000000000276486	states																																	"         state_name
id                 
4   announce_reward"
6979.4272	0.15859999999975116	states																																	"   state_name
id           
8      reward"
6979.5858	0.00010000000020227162	states																																	"    state_name
id            
7   stop_sound"
6979.6583	5.337099999999737	trials	1.0	2.0	80.0	1.1880254948448121	0.0	0.15	True	810.0	False	False	26972.0	False	High	True	False	0.025	0.0	2.0874016636709	1.5	9.0													
6979.6583	5.337099999999737	processed_trials			80.0	1.1880254948448121					False				High					2.0874016636709		9.0	40.0	40.0	True	False	False	2.0873999999999997	2.0873999999999997	20.373136501193883	1.4174	-0.1718907635080554	Right	0.38260000000000005	
6979.6583	1.4174000000002707	states																																	"       state_name
id               
3   wait_for_poke"
6981.0757	1.1880000000001019	states																																	"        state_name
id                
1   nose_in_center"
6982.2637	0.001999999999497959	states																																	"   state_name
id           
5      go_cue"
6982.2657	2.0874000000003434	states																																	"            state_name
id                    
6   wait_for_side_poke"
6984.3531	0.07079999999950815	states																																	"         state_name
id                 
4   announce_reward"
6984.4239	0.5714000000007218	states																																	"   state_name
id           
8      reward"
6984.9953000000005	9.999999929277692e-05	states																																	"    state_name
id            
7   stop_sound"
6985.0663	5.07379999999921	trials	1.0	2.0	20.0	1.0966576662219458	0.0	0.15	True	890.0	False	False	26973.0	False	High	True	False	0.025	0.0	7.212269660231839	1.5	9.0													
6985.0663	5.07379999999921	processed_trials			20.0	1.0966576662219458					False				High					7.212269660231839		9.0	40.0	40.0	False	True	False			20.373136501193883	2.9547	-0.13423337835525265	Left	0.4146000000000001	
6985.0663	2.95470000000023	states																																	"       state_name
id               
3   wait_for_poke"
6988.021000000001	0.1190999999998894	states																																	"        state_name
id                
1   nose_in_center"
6988.1401000000005	2.0	states																																	"          state_name
id                  
2   punish_violation"
6990.2118	2.081199999999626	trials	1.0	2.0	20.0	1.0966577	0.0	0.15	True	890.0	True	False	26974.0	False	High	True	True	0.025	0.0	100.0	1.5	9.0													
6990.2118	2.081199999999626	processed_trials			20.0	1.0966577					True				High					100.0		9.0	40.0	40.0	False	True	False			20.373136501193883	0.048	-0.20543530473504304	Left	0.048	
6990.2118	0.047999999999774445	states																																	"       state_name
id               
3   wait_for_poke"
6990.2598	0.03319999999985157	states																																	"        state_name
id                
1   nose_in_center"
6990.293	2.0	states																																	"          state_name
id                  
2   punish_violation"
6992.3636	2.107600000000275	trials	1.0	2.0	20.0	1.1328453838167483	0.0	0.15	True	890.0	False	False	26975.0	False	High	True	True	0.025	0.0	0.1751429961818446	1.5	9.0													
6992.3636	2.107600000000275	processed_trials			20.0	1.1328453838167483					False				High					0.1751429961818446		9.0	40.0	40.0	True	False	False	0.17510000000000003	0.17510000000000003	20.373136501193883	0.3633	-0.19771178067423595	Left	0.3633	
6992.3636	0.3632999999999811	states																																	"       state_name
id               
3   wait_for_poke"
6992.7269	1.1328000000003158	states																																	"        state_name
id                
1   nose_in_center"
6993.8597	0.001999999999497959	states																																	"   state_name
id           
5      go_cue"
6993.8616999999995	0.17510000000038417	states																																	"            state_name
id                    
6   wait_for_side_poke"
6994.0368	0.2853999999997541	states																																	"         state_name
id                 
4   announce_reward"
6994.3222	0.1489000000001397	states																																	"   state_name
id           
8      reward"
6994.4711	0.00010000000020227162	states																																	"    state_name
id            
7   stop_sound"
6994.5436	3.6963999999998123	trials	1.0	2.0	20.0	1.0288404211218871	0.0	0.15	True	910.0	False	False	26976.0	False	High	True	False	0.025	0.0	0.3862039669165842	1.5	9.0													
6994.5436	3.6963999999998123	processed_trials			20.0	1.0288404211218871					False				High					0.3862039669165842		9.0	40.0	40.0	True	False	False	0.3862000000000001	0.3862000000000001	20.373136501193883	2.0313	-0.15685279515750208	Left	0.31020000000000003	
6994.5436	2.0312999999996464	states																																	"       state_name
id               
3   wait_for_poke"
6996.5749	1.0288000000000466	states																																	"        state_name
id                
1   nose_in_center"
6997.6037	0.0020000000004074536	states																																	"   state_name
id           
5      go_cue"
6997.6057	0.38619999999991705	states																																	"            state_name
id                    
6   wait_for_side_poke"
6997.9919	0.09910000000036234	states																																	"         state_name
id                 
4   announce_reward"
6998.091	0.1488999999992302	states																																	"   state_name
id           
8      reward"
6998.2399	0.00010000000020227162	states																																	"    state_name
id            
7   stop_sound"
6998.3124	3.9594000000006417	trials	1.0	2.0	20.0	0.8157906623621755	0.0	0.15	True	930.0	False	False	26977.0	False	High	True	False	0.025	0.0	1.6678717552698428	1.5	9.0													
6998.3124	3.9594000000006417	processed_trials			20.0	0.8157906623621755					False				High					1.6678717552698428		9.0	40.0	40.0	False	True	False			20.373136501193883	1.7789000000000001	-0.16303553373329563	Left	0.9323000000000001	
6998.3124	1.7789000000002488	states																																	"       state_name
id               
3   wait_for_poke"
7000.0913	0.1804999999994834	states																																	"        state_name
id                
1   nose_in_center"
7000.2717999999995	2.0	states																																	"          state_name
id                  
2   punish_violation"
7002.3461	3.2998999999999796	trials	1.0	2.0	20.0	1.115623076931144	0.0	0.15	True	930.0	False	False	26978.0	False	High	True	True	0.025	0.0	1.6678718	1.5	9.0													
7002.3461	3.2998999999999796	processed_trials			20.0	1.115623076931144					False				High					1.6678718		9.0	40.0	40.0	True	False	False	1.6679	1.6679	20.373136501193883	0.1316	-0.20338745630027147	Left	0.1316	
7002.3461	0.1315999999997075	states																																	"       state_name
id               
3   wait_for_poke"
7002.4776999999995	1.1156000000000859	states																																	"        state_name
id                
1   nose_in_center"
7003.5932999999995	0.0020000000004074536	states																																	"   state_name
id           
5      go_cue"
7003.5953	1.667899999999463	states																																	"            state_name
id                    
6   wait_for_side_poke"
7005.263199999999	0.2337999999999738	states																																	"         state_name
id                 
4   announce_reward"
7005.496999999999	0.1489000000001397	states																																	"   state_name
id           
8      reward"
7005.6458999999995	0.00010000000020227162	states																																	"    state_name
id            
7   stop_sound"
7005.7215	4.646300000000338	trials	1.0	2.0	80.0	0.8531429759423763	0.0	0.15	True	950.0	False	False	26979.0	False	High	True	False	0.025	0.0	0.3538766381165558	1.5	9.0													
7005.7215	4.646300000000338	processed_trials			80.0	0.8531429759423763					False				High					0.3538766381165558		9.0	40.0	40.0	True	False	False	0.3538999999999999	0.3538999999999999	20.373136501193883	2.5583	-0.14394351136414552	Right	0.27970000000000006	
7005.7215	2.55829999999969	states																																	"       state_name
id               
3   wait_for_poke"
7008.279799999999	0.8531000000002678	states																																	"        state_name
id                
1   nose_in_center"
7009.1329	0.0020000000004074536	states																																	"   state_name
id           
5      go_cue"
7009.1349	0.35390000000006694	states																																	"            state_name
id                    
6   wait_for_side_poke"
7009.4888	0.30749999999989086	states																																	"         state_name
id                 
4   announce_reward"
7009.7963	0.5713999999998123	states																																	"   state_name
id           
8      reward"
7010.3677	0.00010000000020227162	states																																	"    state_name
id            
7   stop_sound"
7010.4464	6.293400000000474	trials	1.0	2.0	40.0	0.9319070202916657	0.0	0.15	True	1030.0	False	False	26980.0	False	High	True	False	0.025	0.0	2.4298756377494306	1.5	9.0													
7010.4464	6.293400000000474	processed_trials			40.0	0.9319070202916657					False				High					2.4298756377494306		9.0	40.0	40.0	True	False	False	2.4299	2.4299	20.373136501193883	2.4079	-0.14762767888316036	Right	1.3175000000000001	
7010.4464	2.4079000000001543	states																																	"       state_name
id               
3   wait_for_poke"
7012.8543	0.9318999999995867	states																																	"        state_name
id                
1   nose_in_center"
7013.7862	0.0020000000004074536	states																																	"   state_name
id           
5      go_cue"
7013.7882	2.4299000000000888	states																																	"            state_name
id                    
6   wait_for_side_poke"
7016.2181	0.22749999999996362	states																																	"         state_name
id                 
4   announce_reward"
7016.4456	0.2941000000000713	states																																	"   state_name
id           
8      reward"
7016.7397	9.999999929277692e-05	states																																	"    state_name
id            
7   stop_sound"
7016.8164	4.110000000000582	trials	1.0	2.0	20.0	0.8093644148934964	0.0	0.15	True	1070.0	True	False	26981.0	False	High	True	False	0.025	0.0	100.0	1.5	9.0													
7016.8164	4.110000000000582	processed_trials			20.0	0.8093644148934964					True				High					100.0		9.0	40.0	40.0	False	True	False			20.373136501193883	1.9464000000000001	-0.1589324881253502	Right	1.2523	
7016.8164	1.9463999999998123	states																																	"       state_name
id               
3   wait_for_poke"
7018.7627999999995	0.1635999999998603	states																																	"        state_name
id                
1   nose_in_center"
7018.926399999999	2.0	states																																	"          state_name
id                  
2   punish_violation"
7021.0059	4.502400000000307	trials	1.0	2.0	20.0	1.1207717108939739	0.0	0.15	True	1070.0	False	False	26982.0	False	High	True	True	0.025	0.0	3.0756012740644896	1.5	9.0													
7021.0059	4.502400000000307	processed_trials			20.0	1.1207717108939739					False				High					3.0756012740644896		9.0	40.0	40.0	True	False	False	3.0755999999999997	3.0755999999999997	20.373136501193883	0.048600000000000004	-0.20542060725823844	Left	0.048600000000000004	
7021.0059	0.04860000000007858	states																																	"       state_name
id               
3   wait_for_poke"
7021.0545	1.12079999999969	states																																	"        state_name
id                
1   nose_in_center"
7022.1753	0.0020000000004074536	states																																	"   state_name
id           
5      go_cue"
7022.1773	3.0756000000001222	states																																	"            state_name
id                    
6   wait_for_side_poke"
7025.2529	0.10639999999966676	states																																	"         state_name
id                 
4   announce_reward"
7025.3593	0.1489000000001397	states																																	"   state_name
id           
8      reward"
7025.5082	0.00010000000020227162	states																																	"    state_name
id            
7   stop_sound"
7025.5882	12.563799999999901	trials	1.0	2.0	40.0	1.1207717	0.0	0.15	True	1090.0	True	False	26983.0	False	High	True	False	0.025	0.0	100.0	1.5	9.0													
7025.5882	12.563799999999901	processed_trials			40.0	1.1207717					True				High					100.0		9.0	40.0	40.0	False	False	True	9.5639	9.5639	20.373136501193883	1.677	-0.1655316552106069	Left	0.7668	
7025.5882	1.6769999999996799	states																																	"       state_name
id               
3   wait_for_poke"
7027.2652	1.1208000000005995	states																																	"        state_name
id                
1   nose_in_center"
7028.386	0.001999999999497959	states																																	"   state_name
id           
5      go_cue"
7028.388	9.563900000000103	states																																	"            state_name
id                    
6   wait_for_side_poke"
7037.9519	0.1999999999998181	states																																	"   state_name
id           
0     opt_out"
7038.1519	0.00010000000020227162	states																																	"    state_name
id            
7   stop_sound"
7038.2343	2.7861999999995533	trials	1.0	2.0	20.0	1.1311745465736398	0.0	0.15	True	1090.0	False	False	26984.0	False	High	True	False	0.025	0.0	1.2187889957041893	1.5	9.0													
7038.2343	2.7861999999995533	processed_trials			20.0	1.1311745465736398					False				High					1.2187889957041893		9.0	40.0	40.0	False	True	False			20.373136501193883	0.5542	-0.19303553347091193	Left	0.5542	
7038.2343	0.5541999999995824	states																																	"       state_name
id               
3   wait_for_poke"
7038.7885	0.2319999999999709	states																																	"        state_name
id                
1   nose_in_center"
7039.0205	2.0	states																																	"          state_name
id                  
2   punish_violation"
7041.0979	2.740600000000086	trials	1.0	2.0	20.0	1.1311745	0.0	0.15	True	1090.0	False	False	26985.0	False	High	True	True	0.025	0.0	1.3791838477917584	1.5	9.0													
7041.0979	2.740600000000086	processed_trials			20.0	1.1311745					False				High					1.3791838477917584		9.0	40.0	40.0	True	False	False	1.3791999999999998	1.3791999999999998	20.373136501193883	0.0347	-0.20576109880421123	Left	0.0347	
7041.0979	0.03470000000015716	states																																	"       state_name
id               
3   wait_for_poke"
7041.1326	1.131199999999808	states																																	"        state_name
id                
1   nose_in_center"
7042.2638	0.0020000000004074536	states																																	"   state_name
id           
5      go_cue"
7042.2658	1.3791999999994005	states																																	"            state_name
id                    
6   wait_for_side_poke"
7043.6449999999995	0.044499999999970896	states																																	"         state_name
id                 
4   announce_reward"
7043.6894999999995	0.1489000000001397	states																																	"   state_name
id           
8      reward"
7043.8384	0.00010000000020227162	states																																	"    state_name
id            
7   stop_sound"
7043.9185	5.235599999999977	trials	1.0	2.0	80.0	1.0350462192333139	0.0	0.15	True	1110.0	False	False	26986.0	False	High	True	False	0.025	0.0	1.3791838	1.5	9.0													
7043.9185	5.235599999999977	processed_trials			80.0	1.0350462192333139					False				High					1.3791838		9.0	40.0	40.0	True	False	False	1.3791999999999995	1.3791999999999995	20.373136501193883	1.664	-0.1658501005413728	Right	0.7692	
7043.9185	1.66399999999976	states																																	"       state_name
id               
3   wait_for_poke"
7045.5824999999995	1.0349999999998545	states																																	"        state_name
id                
1   nose_in_center"
7046.617499999999	0.0020000000004074536	states																																	"   state_name
id           
5      go_cue"
7046.6195	1.37920000000031	states																																	"            state_name
id                    
6   wait_for_side_poke"
7047.9987	0.5838999999996304	states																																	"         state_name
id                 
4   announce_reward"
7048.5826	0.5713999999998123	states																																	"   state_name
id           
8      reward"
7049.1539999999995	0.00010000000020227162	states																																	"    state_name
id            
7   stop_sound"
7049.2343	6.040299999999661	trials	1.0	2.0	80.0	0.9558014568330142	0.0	0.15	True	1190.0	False	False	26987.0	False	High	True	False	0.025	0.0	1.1796002038669031	1.5	9.0													
7049.2343	6.040299999999661	processed_trials			80.0	0.9558014568330142					False				High					1.1796002038669031		9.0	40.0	40.0	True	False	False	1.1795999999999998	1.1795999999999998	20.373136501193883	2.7285	-0.1397743271105795	Right	1.6829999999999998	
7049.2343	2.7285000000001673	states																																	"       state_name
id               
3   wait_for_poke"
7051.9628	0.9557999999997264	states																																	"        state_name
id                
1   nose_in_center"
7052.9186	0.0020000000004074536	states																																	"   state_name
id           
5      go_cue"
7052.9206	1.179599999999482	states																																	"            state_name
id                    
6   wait_for_side_poke"
7054.1002	0.6028999999998632	states																																	"         state_name
id                 
4   announce_reward"
7054.7031	0.5714000000007218	states																																	"   state_name
id           
8      reward"
7055.2745	9.999999929277692e-05	states																																	"    state_name
id            
7   stop_sound"
7055.355	4.710700000000543	trials	1.0	2.0	20.0	0.95580146	0.0	0.15	True	1270.0	False	False	26988.0	False	High	True	False	0.025	0.0	0.13550285467326545	1.5	9.0													
7055.355	4.710700000000543	processed_trials			20.0	0.95580146					False				High					0.13550285467326545		9.0	40.0	40.0	False	True	False			20.373136501193883	2.6265	-0.1422728981673582	Right	0.7252000000000001	
7055.355	2.6265000000003056	states																																	"       state_name
id               
3   wait_for_poke"
7057.9815	0.0841999999993277	states																																	"        state_name
id                
1   nose_in_center"
7058.065699999999	2.0	states																																	"          state_name
id                  
2   punish_violation"
7060.149	2.343699999999444	trials	1.0	2.0	20.0	0.8307769718302598	0.0	0.15	True	1270.0	True	False	26989.0	False	High	True	True	0.025	0.0	0.13550285	1.5	9.0													
7060.149	2.343699999999444	processed_trials			20.0	0.8307769718302598					False				High					0.13550285		9.0	40.0	40.0	False	True	False			20.373136501193883	0.3065	-0.19910314181173627	Right	0.3065	
7060.149	0.30649999999968713	states																																	"       state_name
id               
3   wait_for_poke"
7060.4555	0.03720000000066648	states																																	"        state_name
id                
1   nose_in_center"
7060.492700000001	2.0	states																																	"          state_name
id                  
2   punish_violation"
7062.5746	2.086699999999837	trials	1.0	2.0	20.0	1.050896513301216	0.0	0.15	True	1270.0	False	False	26990.0	False	High	True	True	0.025	0.0	18.622222911932354	1.5	9.0													
7062.5746	2.086699999999837	processed_trials			20.0	1.050896513301216					False				High					18.622222911932354		9.0	40.0	40.0	False	True	False			20.373136501193883	0.041299999999999996	-0.20559942655936086	Left	0.041299999999999996	
7062.5746	0.04129999999986467	states																																	"       state_name
id               
3   wait_for_poke"
7062.6159	0.04539999999997235	states																																	"        state_name
id                
1   nose_in_center"
7062.6613	2.0	states																																	"          state_name
id                  
2   punish_violation"
7064.7445	2.4853000000002794	trials	1.0	2.0	20.0	1.075697553814119	0.0	0.15	True	1270.0	False	False	26991.0	False	High	True	True	0.025	0.0	0.7819116670155745	1.5	9.0													
7064.7445	2.4853000000002794	processed_trials			20.0	1.075697553814119					False				High					0.7819116670155745		9.0	40.0	40.0	False	False	True	0.48019999999999974	0.48019999999999974	20.373136501193883	0.7273	-0.18879531141279046	Right	0.7273	
7064.7445	0.7272999999995591	states																																	"       state_name
id               
3   wait_for_poke"
7065.471799999999	1.0757000000003245	states																																	"        state_name
id                
1   nose_in_center"
7066.5475	0.0020000000004074536	states																																	"   state_name
id           
5      go_cue"
7066.5495	0.480199999999968	states																																	"            state_name
id                    
6   wait_for_side_poke"
7067.0297	0.1999999999998181	states																																	"   state_name
id           
0     opt_out"
7067.2297	0.00010000000020227162	states																																	"    state_name
id            
7   stop_sound"
7067.3165	2.3973000000005413	trials	1.0	2.0	20.0	1.123359666649339	0.0	0.15	True	1270.0	False	False	26992.0	False	High	True	False	0.025	0.0	0.5505691359752994	1.5	9.0													
7067.3165	2.3973000000005413	processed_trials			20.0	1.123359666649339					False				High					0.5505691359752994		9.0	40.0	40.0	False	True	False			20.373136501193883	0.19490000000000002	-0.20183687249738821	Right	0.19490000000000002	
7067.3165	0.19490000000041618	states																																	"       state_name
id               
3   wait_for_poke"
7067.5114	0.20239999999921565	states																																	"        state_name
id                
1   nose_in_center"
7067.7137999999995	2.0	states																																	"          state_name
id                  
2   punish_violation"
7069.7955	7.042099999999664	trials	1.0	2.0	20.0	1.074851989805235	0.0	0.15	True	1270.0	False	False	26993.0	False	High	True	True	0.025	0.0	5.726597334349709	1.5	9.0													
7069.7955	7.042099999999664	processed_trials			20.0	1.074851989805235					False				High					5.726597334349709		9.0	40.0	40.0	False	False	True	5.6292	5.6292	20.373136501193883	0.1359	-0.203282124383172	Right	0.1359	
7069.7955	0.13590000000021973	states																																	"       state_name
id               
3   wait_for_poke"
7069.9314	1.0748999999996158	states																																	"        state_name
id                
1   nose_in_center"
7071.0063	0.0020000000004074536	states																																	"   state_name
id           
5      go_cue"
7071.0083	5.6291999999994005	states																																	"            state_name
id                    
6   wait_for_side_poke"
7076.6375	0.2000000000007276	states																																	"   state_name
id           
0     opt_out"
7076.837500000001	9.999999929277692e-05	states																																	"    state_name
id            
7   stop_sound"
7076.9253	2.4135999999998603	trials	1.0	2.0	40.0	0.8797407700480525	0.0	0.15	True	1270.0	False	False	26994.0	False	High	True	False	0.025	0.0	1.8926297232142042	1.5	9.0													
7076.9253	2.4135999999998603	processed_trials			40.0	0.8797407700480525					False				High					1.8926297232142042		9.0	40.0	40.0	False	True	False			20.373136501193883	0.2135	-0.20138125071644625	Right	0.2135	
7076.9253	0.21349999999983993	states																																	"       state_name
id               
3   wait_for_poke"
7077.1388	0.20010000000002037	states																																	"        state_name
id                
1   nose_in_center"
7077.3389	2.0	states																																	"          state_name
id                  
2   punish_violation"
7079.4251	4.808199999999488	trials	1.0	2.0	40.0	1.132191375890252	0.0	0.15	True	1270.0	False	False	26995.0	False	High	True	True	0.025	0.0	3.24712224798546	1.5	9.0													
7079.4251	4.808199999999488	processed_trials			40.0	1.132191375890252					False				High					3.24712224798546		9.0	40.0	40.0	True	False	False	3.2471000000000005	3.2471000000000005	20.373136501193883	0.101	-0.20413702761730507	Right	0.101	
7079.4251	0.10099999999965803	states																																	"       state_name
id               
3   wait_for_poke"
7079.5261	1.1322000000000116	states																																	"        state_name
id                
1   nose_in_center"
7080.6583	0.0020000000004074536	states																																	"   state_name
id           
5      go_cue"
7080.6603000000005	3.247099999999591	states																																	"            state_name
id                    
6   wait_for_side_poke"
7083.9074	0.031700000000455475	states																																	"         state_name
id                 
4   announce_reward"
7083.9391000000005	0.2941000000000713	states																																	"   state_name
id           
8      reward"
7084.233200000001	0.00010000000020227162	states																																	"    state_name
id            
7   stop_sound"
7084.3249	4.353500000000167	trials	1.0	2.0	20.0	1.1264065142360074	0.0	0.15	True	1310.0	False	False	26996.0	False	High	True	False	0.025	0.0	1.0340383035767797	1.5	9.0													
7084.3249	4.353500000000167	processed_trials			20.0	1.1264065142360074					False				High					1.0340383035767797		9.0	40.0	40.0	False	True	False			20.373136501193883	2.3141	-0.14992538442360978	Left	1.3676	
7084.3249	2.3140999999995984	states																																	"       state_name
id               
3   wait_for_poke"
7086.638999999999	0.03940000000056898	states																																	"        state_name
id                
1   nose_in_center"
7086.6784	2.0	states																																	"          state_name
id                  
2   punish_violation"
7088.7675	2.99120000000039	trials	1.0	2.0	20.0	1.1431608765195058	0.0	0.15	True	1310.0	False	False	26997.0	False	High	True	True	0.025	0.0	0.4716555947066787	1.5	9.0													
7088.7675	2.99120000000039	processed_trials			20.0	1.1431608765195058					False				High					0.4716555947066787		9.0	40.0	40.0	False	True	False			20.373136501193883	0.0126	-0.20630245586651327	Left	0.0126	
7088.7675	0.012600000000020373	states																																	"       state_name
id               
3   wait_for_poke"
7088.7801	0.9786000000003696	states																																	"        state_name
id                
1   nose_in_center"
7089.7587	2.0	states																																	"          state_name
id                  
2   punish_violation"
7091.846	2.630000000000109	trials	1.0	2.0	20.0	1.1431609	0.0	0.15	True	1310.0	False	False	26998.0	False	High	True	True	0.025	0.0	0.47165559	1.5	9.0													
7091.846	2.630000000000109	processed_trials			20.0	1.1431609					False				High					0.47165559		9.0	40.0	40.0	True	False	False	0.4717	0.4717	20.373136501193883	0.5811000000000001	-0.19237659659417322	Right	0.5811000000000001	
7091.846	0.5811000000003332	states																																	"       state_name
id               
3   wait_for_poke"
7092.4271	1.1431999999995242	states																																	"        state_name
id                
1   nose_in_center"
7093.570299999999	0.0020000000004074536	states																																	"   state_name
id           
5      go_cue"
7093.5723	0.4717000000000553	states																																	"            state_name
id                    
6   wait_for_side_poke"
7094.044	0.27329999999983556	states																																	"         state_name
id                 
4   announce_reward"
7094.3173	0.15859999999975116	states																																	"   state_name
id           
8      reward"
7094.4758999999995	0.00010000000020227162	states																																	"    state_name
id            
7   stop_sound"
7094.5639	3.797700000000077	trials	1.0	2.0	20.0	1.0383083349606987	0.0	0.15	True	1330.0	False	False	26999.0	False	High	True	False	0.025	0.0	0.05877056929109062	1.5	9.0													
7094.5639	3.797700000000077	processed_trials			20.0	1.0383083349606987					False				High					0.05877056929109062		9.0	40.0	40.0	False	True	False			20.373136501193883	1.6542000000000001	-0.16609015932918095	Left	0.895	
7094.5639	1.6541999999999462	states																																	"       state_name
id               
3   wait_for_poke"
7096.2181	0.14350000000013097	states																																	"        state_name
id                
1   nose_in_center"
7096.3616	2.0	states																																	"          state_name
id                  
2   punish_violation"
7098.4502	1.8132999999997992	trials	1.0	2.0	20.0	1.0383083	0.0	0.15	True	1330.0	False	False	27000.0	False	High	True	True	0.025	0.0	0.058770569	1.5	9.0													
7098.4502	1.8132999999997992	processed_trials			20.0	1.0383083					False				High					0.058770569		9.0	40.0	40.0	True	False	False	0.05879999999999996	0.05879999999999996	20.373136501193883	0.022600000000000002	-0.20605749791977027	Right	0.022600000000000002	
7098.4502	0.02260000000023865	states																																	"       state_name
id               
3   wait_for_poke"
7098.4728000000005	1.038300000000163	states																																	"        state_name
id                
1   nose_in_center"
7099.511100000001	0.001999999999497959	states																																	"   state_name
id           
5      go_cue"
7099.5131	0.05879999999979191	states																																	"            state_name
id                    
6   wait_for_side_poke"
7099.5719	0.5329000000001543	states																																	"         state_name
id                 
4   announce_reward"
7100.1048	0.15859999999975116	states																																	"   state_name
id           
8      reward"
7100.2634	0.00010000000020227162	states																																	"    state_name
id            
7   stop_sound"
7100.3548	11.70259999999962	trials	1.0	2.0	80.0	0.9678645659156672	0.0	0.15	True	1350.0	True	False	27001.0	False	High	True	False	0.025	0.0	100.0	1.5	9.0													
7100.3548	11.70259999999962	processed_trials			80.0	0.9678645659156672					True				High					100.0		9.0	40.0	40.0	False	False	True	8.835799999999999	8.835799999999999	20.373136501193883	1.6967999999999999	-0.16504663847605575	Right	0.7887999999999998	
7100.3548	1.6967999999997119	states																																	"       state_name
id               
3   wait_for_poke"
7102.0516	0.9679000000005544	states																																	"        state_name
id                
1   nose_in_center"
7103.0195	0.001999999999497959	states																																	"   state_name
id           
5      go_cue"
7103.0215	8.835799999999836	states																																	"            state_name
id                    
6   wait_for_side_poke"
7111.8573	0.2000000000007276	states																																	"   state_name
id           
0     opt_out"
7112.0573	9.999999929277692e-05	states																																	"    state_name
id            
7   stop_sound"
7112.1505	2.361200000000281	trials	1.0	2.0	20.0	0.8169144085615433	0.0	0.15	True	1350.0	False	False	27002.0	False	High	True	False	0.025	0.0	2.0458504544855183	1.5	9.0													
7112.1505	2.361200000000281	processed_trials			20.0	0.8169144085615433					False				High					2.0458504544855183		9.0	40.0	40.0	False	True	False			20.373136501193883	0.2998	-0.1992672636360541	Right	0.2998	
7112.1505	0.29979999999977736	states																																	"       state_name
id               
3   wait_for_poke"
7112.4502999999995	0.061400000000503496	states																																	"        state_name
id                
1   nose_in_center"
7112.5117	2.0	states																																	"          state_name
id                  
2   punish_violation"
7114.6039	2.077299999999923	trials	1.0	2.0	20.0	0.81691441	0.0	0.15	True	1350.0	True	False	27003.0	False	High	True	True	0.025	0.0	100.0	1.5	9.0													
7114.6039	2.077299999999923	processed_trials			20.0	0.81691441					True				High					100.0		9.0	40.0	40.0	False	True	False			20.373136501193883	0.0261	-0.20597176263841024	Right	0.0261	
7114.6039	0.0261000000000422	states																																	"       state_name
id               
3   wait_for_poke"
7114.63	0.051199999999880674	states																																	"        state_name
id                
1   nose_in_center"
7114.6812	2.0	states																																	"          state_name
id                  
2   punish_violation"
7116.7732	6.520000000000437	trials	1.0	2.0	20.0	1.1706787976200481	0.0	0.15	True	1350.0	False	False	27004.0	False	High	True	True	0.025	0.0	4.701498772783385	1.5	9.0													
7116.7732	6.520000000000437	processed_trials			20.0	1.1706787976200481					False				High					4.701498772783385		9.0	40.0	40.0	True	False	False	4.7015	4.7015	20.373136501193883	0.24430000000000002	-0.20062678024047775	Right	0.24430000000000002	
7116.7732	0.24430000000029395	states																																	"       state_name
id               
3   wait_for_poke"
7117.0175	1.1706999999996697	states																																	"        state_name
id                
1   nose_in_center"
7118.1882	0.0020000000004074536	states																																	"   state_name
id           
5      go_cue"
7118.1902	4.701499999999214	states																																	"            state_name
id                    
6   wait_for_side_poke"
7122.891699999999	0.24279999999998836	states																																	"         state_name
id                 
4   announce_reward"
7123.134499999999	0.15860000000066066	states																																	"   state_name
id           
8      reward"
7123.2931	0.00010000000020227162	states																																	"    state_name
id            
7   stop_sound"
7123.3889	3.576000000000022	trials	1.0	2.0	80.0	1.04469376273525	0.0	0.15	True	1370.0	False	False	27005.0	False	High	True	False	0.025	0.0	0.2340351107696254	1.5	9.0													
7123.3889	3.576000000000022	processed_trials			80.0	1.04469376273525					False				High					0.2340351107696254		9.0	40.0	40.0	True	False	False	0.23399999999999999	0.23399999999999999	20.373136501193883	1.5009000000000001	-0.16984536465275127	Left	0.5986000000000001	
7123.3889	1.5009000000000015	states																																	"       state_name
id               
3   wait_for_poke"
7124.8898	1.0447000000003754	states																																	"        state_name
id                
1   nose_in_center"
7125.9345	0.001999999999497959	states																																	"   state_name
id           
5      go_cue"
7125.9365	0.23400000000037835	states																																	"            state_name
id                    
6   wait_for_side_poke"
7126.1705	0.25680000000011205	states																																	"         state_name
id                 
4   announce_reward"
7126.4273	0.5374999999994543	states																																	"   state_name
id           
8      reward"
7126.9648	0.00010000000020227162	states																																	"    state_name
id            
7   stop_sound"
7127.0579	4.552400000000489	trials	1.0	2.0	20.0	1.0446938	0.0	0.15	True	1450.0	False	False	27006.0	False	High	True	False	0.025	0.0	6.048557995943867	1.5	9.0													
7127.0579	4.552400000000489	processed_trials			20.0	1.0446938					False				High					6.048557995943867		9.0	40.0	40.0	False	True	False			20.373136501193883	2.3777	-0.14836745188232425	Left	0.6441000000000001	
7127.0579	2.3777000000000044	states																																	"       state_name
id               
3   wait_for_poke"
7129.4356	0.17469999999957508	states																																	"        state_name
id                
1   nose_in_center"
7129.610299999999	2.0	states																																	"          state_name
id                  
2   punish_violation"
7131.7109	7.365899999999783	trials	1.0	2.0	20.0	0.938106744131143	0.0	0.15	True	1450.0	False	False	27007.0	False	High	True	True	0.025	0.0	6.048558	1.5	9.0													
7131.7109	7.365899999999783	processed_trials			20.0	0.938106744131143					False				High					6.048558		9.0	40.0	40.0	True	False	False	6.0486	6.0486	20.373136501193883	0.1819	-0.20215531782815413	Left	0.1819	
7131.7109	0.18189999999958673	states																																	"       state_name
id               
3   wait_for_poke"
7131.8928	0.9381000000003041	states																																	"        state_name
id                
1   nose_in_center"
7132.8309	0.0020000000004074536	states																																	"   state_name
id           
5      go_cue"
7132.8329	6.048600000000079	states																																	"            state_name
id                    
6   wait_for_side_poke"
7138.8815	0.04629999999997381	states																																	"         state_name
id                 
4   announce_reward"
7138.9278	0.1488999999992302	states																																	"   state_name
id           
8      reward"
7139.0767	0.00010000000020227162	states																																	"    state_name
id            
7   stop_sound"
7139.1718	5.955399999999827	trials	1.0	2.0	40.0	0.8245362859362542	0.0	0.15	True	1470.0	False	False	27008.0	False	High	True	False	0.025	0.0	2.9753747663488967	1.5	9.0													
7139.1718	5.955399999999827	processed_trials			40.0	0.8245362859362542					False				High					2.9753747663488967		9.0	40.0	40.0	True	False	False	2.9754	2.9754	20.373136501193883	1.8565999999999998	-0.16113221048710244	Left	0.8200999999999998	
7139.1718	1.8566000000000713	states																																	"       state_name
id               
3   wait_for_poke"
7141.0284	0.8244999999997162	states																																	"        state_name
id                
1   nose_in_center"
7141.8529	0.0020000000004074536	states																																	"   state_name
id           
5      go_cue"
7141.8549	2.975399999999354	states																																	"            state_name
id                    
6   wait_for_side_poke"
7144.8303	0.020000000000436557	states																																	"         state_name
id                 
4   announce_reward"
7144.8503	0.2767999999996391	states																																	"   state_name
id           
8      reward"
7145.1271	0.00010000000020227162	states																																	"    state_name
id            
7   stop_sound"
7145.2252	8.645199999999932	trials	1.0	2.0	80.0	0.9361307577842881	0.0	0.15	True	1510.0	False	False	27009.0	False	High	True	False	0.025	0.0	4.089249851202228	1.5	9.0													
7145.2252	8.645199999999932	processed_trials			80.0	0.9361307577842881					False				High					4.089249851202228		9.0	40.0	40.0	True	False	False	4.0892	4.0892	20.373136501193883	2.8388	-0.1370724409580041	Right	0.6572	
7145.2252	2.8388000000004467	states																																	"       state_name
id               
3   wait_for_poke"
7148.064	0.9360999999998967	states																																	"        state_name
id                
1   nose_in_center"
7149.0001	0.001999999999497959	states																																	"   state_name
id           
5      go_cue"
7149.0021	4.089200000000346	states																																	"            state_name
id                    
6   wait_for_side_poke"
7153.0913	0.20759999999972933	states																																	"         state_name
id                 
4   announce_reward"
7153.2989	0.5713999999998123	states																																	"   state_name
id           
8      reward"
7153.8703	0.00010000000020227162	states																																	"    state_name
id            
7   stop_sound"
7153.9706	8.481800000000476	trials	1.0	2.0	40.0	0.9969921396747128	0.0	0.15	True	1590.0	False	False	27010.0	False	High	True	False	0.025	0.0	3.167250372215982	1.5	9.0													
7153.9706	8.481800000000476	processed_trials			40.0	0.9969921396747128					False				High					3.167250372215982		9.0	40.0	40.0	True	False	False	3.1673	3.1673	20.373136501193883	2.5437	-0.14430114996639032	Left	0.4101999999999997	
7153.9706	2.5437000000001717	states																																	"       state_name
id               
3   wait_for_poke"
7156.5143	0.9969999999993888	states																																	"        state_name
id                
1   nose_in_center"
7157.511299999999	0.0020000000004074536	states																																	"   state_name
id           
5      go_cue"
7157.5133	3.1673000000000684	states																																	"            state_name
id                    
6   wait_for_side_poke"
7160.6806	1.4948999999996886	states																																	"         state_name
id                 
4   announce_reward"
7162.175499999999	0.2768000000005486	states																																	"   state_name
id           
8      reward"
7162.4523	9.999999929277692e-05	states																																	"    state_name
id            
7   stop_sound"
7162.5544	4.470299999999952	trials	1.0	2.0	20.0	0.8740282830918633	0.0	0.15	True	1630.0	False	False	27011.0	False	High	True	False	0.025	0.0	0.49442585449941756	1.5	9.0													
7162.5544	4.470299999999952	processed_trials			20.0	0.8740282830918633					False				High					0.49442585449941756		9.0	40.0	40.0	False	True	False			20.373136501193883	2.3573000000000004	-0.14886716609367998	Left	0.5739000000000003	
7162.5544	2.357299999999668	states																																	"       state_name
id               
3   wait_for_poke"
7164.9117	0.11300000000028376	states																																	"        state_name
id                
1   nose_in_center"
7165.0247	2.0	states																																	"          state_name
id                  
2   punish_violation"
7167.1237	2.0059000000001106	trials	1.0	2.0	20.0	1.0299090094684704	0.0	0.15	True	1630.0	False	False	27012.0	False	High	True	True	0.025	0.0	0.5377039575554918	1.5	9.0													
7167.1237	2.0059000000001106	processed_trials			20.0	1.0299090094684704					False				High					0.5377039575554918		9.0	40.0	40.0	True	False	False	0.5377000000000001	0.5377000000000001	20.373136501193883	0.1347	-0.20331151933678113	Right	0.1347	
7167.1237	0.13469999999961146	states																																	"       state_name
id               
3   wait_for_poke"
7167.2584	1.0299000000004526	states																																	"        state_name
id                
1   nose_in_center"
7168.2883	0.001999999999497959	states																																	"   state_name
id           
5      go_cue"
7168.2903	0.5377000000007683	states																																	"            state_name
id                    
6   wait_for_side_poke"
7168.828	0.14289999999982683	states																																	"         state_name
id                 
4   announce_reward"
7168.9709	0.15859999999975116	states																																	"   state_name
id           
8      reward"
7169.1295	0.00010000000020227162	states																																	"    state_name
id            
7   stop_sound"
7169.2319	8.414800000000469	trials	1.0	2.0	80.0	1.0767112512756185	0.0	0.15	True	1650.0	False	False	27013.0	False	High	True	False	0.025	0.0	5.504351366227599	1.5	9.0													
7169.2319	8.414800000000469	processed_trials			80.0	1.0767112512756185					False				High					5.504351366227599		9.0	40.0	40.0	True	False	False	5.5044	5.5044	20.373136501193883	1.2412999999999998	-0.17620447295019978	Right	0.3074999999999999	
7169.2319	1.2412999999996828	states																																	"       state_name
id               
3   wait_for_poke"
7170.473199999999	1.0767000000005282	states																																	"        state_name
id                
1   nose_in_center"
7171.5499	0.001999999999497959	states																																	"   state_name
id           
5      go_cue"
7171.5518999999995	5.5044000000007145	states																																	"            state_name
id                    
6   wait_for_side_poke"
7177.0563	0.01890000000003056	states																																	"         state_name
id                 
4   announce_reward"
7177.0752	0.5713999999998123	states																																	"   state_name
id           
8      reward"
7177.6466	9.999999929277692e-05	states																																	"    state_name
id            
7   stop_sound"
7177.7483	10.030399999999645	trials	1.0	2.0	80.0	1.072841317712352	0.0	0.15	True	1730.0	False	False	27014.0	False	High	True	False	0.025	0.0	5.5043514	1.5	9.0													
7177.7483	10.030399999999645	processed_trials			80.0	1.072841317712352					False				High					5.5043514		9.0	40.0	40.0	True	False	False	5.5044	5.5044	20.373136501193883	2.787	-0.1383413231221329	Right	1.0134999999999998	
7177.7483	2.787000000000262	states																																	"       state_name
id               
3   wait_for_poke"
7180.5353000000005	1.0727999999999156	states																																	"        state_name
id                
1   nose_in_center"
7181.6081	0.001999999999497959	states																																	"   state_name
id           
5      go_cue"
7181.6101	5.5044000000007145	states																																	"            state_name
id                    
6   wait_for_side_poke"
7187.114500000001	0.09269999999924039	states																																	"         state_name
id                 
4   announce_reward"
7187.2072	0.5714000000007218	states																																	"   state_name
id           
8      reward"
7187.778600000001	9.999999929277692e-05	states																																	"    state_name
id            
7   stop_sound"
7187.881	5.210999999999331	trials	1.0	2.0	80.0	0.8094407534663131	0.0	0.15	True	1810.0	False	False	27015.0	False	High	True	False	0.025	0.0	4.583872948972909	1.5	9.0													
7187.881	5.210999999999331	processed_trials			80.0	0.8094407534663131					False				High					4.583872948972909		9.0	40.0	40.0	False	True	False			20.373136501193883	3.1895	-0.12848176576572679	Right	0.4120999999999997	
7187.881	3.1895000000004075	states																																	"       state_name
id               
3   wait_for_poke"
7191.070500000001	0.021499999999832653	states																																	"        state_name
id                
1   nose_in_center"
7191.092000000001	2.0	states																																	"          state_name
id                  
2   punish_violation"
7193.1944	2.160899999999856	trials	1.0	2.0	80.0	0.8685315372958253	0.0	0.15	True	1810.0	False	False	27016.0	False	High	True	True	0.025	0.0	1.8367071342901244	1.5	9.0													
7193.1944	2.160899999999856	processed_trials			80.0	0.8685315372958253					False				High					1.8367071342901244		9.0	40.0	40.0	False	True	False			20.373136501193883	0.1206	-0.20365691004168882	Left	0.1206	
7193.1944	0.120600000000195	states																																	"       state_name
id               
3   wait_for_poke"
7193.3150000000005	0.04029999999966094	states																																	"        state_name
id                
1   nose_in_center"
7193.3553	2.0	states																																	"          state_name
id                  
2   punish_violation"
7195.4588	3.476599999999962	trials	1.0	2.0	80.0	0.9835572088221539	0.0	0.15	True	1810.0	False	False	27017.0	False	High	True	True	0.025	0.0	1.7562558104391637	1.5	9.0													
7195.4588	3.476599999999962	processed_trials			80.0	0.9835572088221539					False				High					1.7562558104391637		9.0	40.0	40.0	True	False	False	1.7563	1.7563	20.373136501193883	0.1384	-0.2032208848964862	Right	0.1384	
7195.4588	0.13839999999981956	states																																	"       state_name
id               
3   wait_for_poke"
7195.5972	0.9836000000004788	states																																	"        state_name
id                
1   nose_in_center"
7196.580800000001	0.001999999999497959	states																																	"   state_name
id           
5      go_cue"
7196.5828	1.7563000000000102	states																																	"            state_name
id                    
6   wait_for_side_poke"
7198.3391	0.024800000000141154	states																																	"         state_name
id                 
4   announce_reward"
7198.3639	0.5713999999998123	states																																	"   state_name
id           
8      reward"
7198.9353	0.00010000000020227162	states																																	"    state_name
id            
7   stop_sound"
7199.0403	5.205300000000534	trials	1.0	2.0	80.0	0.8977776863880585	0.0	0.15	True	1890.0	False	False	27018.0	False	High	True	False	0.025	0.0	1.7562558	1.5	9.0													
7199.0403	5.205300000000534	processed_trials			80.0	0.8977776863880585					False				High					1.7562558		9.0	40.0	40.0	False	True	False			20.373136501193883	3.1711	-0.1289324883877339	Right	0.4064000000000001	
7199.0403	3.1710999999995693	states																																	"       state_name
id               
3   wait_for_poke"
7202.211399999999	0.0342000000000553	states																																	"        state_name
id                
1   nose_in_center"
7202.245599999999	2.0	states																																	"          state_name
id                  
2   punish_violation"
7204.3492	13.38590000000022	trials	1.0	2.0	80.0	0.9082735114149316	0.0	0.15	True	1890.0	True	False	27019.0	False	High	True	True	0.025	0.0	100.0	1.5	9.0													
7204.3492	13.38590000000022	processed_trials			80.0	0.9082735114149316					True				High					100.0		9.0	40.0	40.0	False	False	True	12.026699999999998	12.026699999999998	20.373136501193883	0.24880000000000002	-0.20051654916444345	Left	0.24880000000000002	
7204.3492	0.24880000000030122	states																																	"       state_name
id               
3   wait_for_poke"
7204.598	0.9083000000000538	states																																	"        state_name
id                
1   nose_in_center"
7205.5063	0.001999999999497959	states																																	"   state_name
id           
5      go_cue"
7205.5082999999995	12.026700000000346	states																																	"            state_name
id                    
6   wait_for_side_poke"
7217.535	0.1999999999998181	states																																	"   state_name
id           
0     opt_out"
7217.735	0.00010000000020227162	states																																	"    state_name
id            
7   stop_sound"
7217.8402	2.744400000000496	trials	1.0	2.0	80.0	0.8036464089827876	0.0	0.15	True	1890.0	False	False	27020.0	False	High	True	False	0.025	0.0	1.0372457243633595	1.5	9.0													
7217.8402	2.744400000000496	processed_trials			80.0	0.8036464089827876					False				High					1.0372457243633595		9.0	40.0	40.0	True	False	False	1.0372	1.0372	20.373136501193883	0.30989999999999995	-0.19901985610984363	Left	0.30989999999999995	
7217.8402	0.3099000000001979	states																																	"       state_name
id               
3   wait_for_poke"
7218.1501	0.8036000000001877	states																																	"        state_name
id                
1   nose_in_center"
7218.9537	0.001999999999497959	states																																	"   state_name
id           
5      go_cue"
7218.9556999999995	1.037199999999757	states																																	"            state_name
id                    
6   wait_for_side_poke"
7219.992899999999	0.05410000000028958	states																																	"         state_name
id                 
4   announce_reward"
7220.047	0.5375000000003638	states																																	"   state_name
id           
8      reward"
7220.5845	9.999999929277692e-05	states																																	"    state_name
id            
7   stop_sound"
7220.6916	5.172700000000077	trials	1.0	2.0	20.0	0.9408522373983326	0.0	0.15	True	1970.0	False	False	27021.0	False	High	True	False	0.025	0.0	2.953826599929936	1.5	9.0													
7220.6916	5.172700000000077	processed_trials			20.0	0.9408522373983326					False				High					2.953826599929936		9.0	40.0	40.0	False	True	False			20.373136501193883	3.0165	-0.13271953824438082	Left	0.6316000000000002	
7220.6916	3.0164999999997235	states																																	"       state_name
id               
3   wait_for_poke"
7223.7081	0.1562000000003536	states																																	"        state_name
id                
1   nose_in_center"
7223.8643	2.0	states																																	"          state_name
id                  
2   punish_violation"
7225.9721	3.5218000000004395	trials	1.0	2.0	20.0	0.8088614267900989	0.0	0.15	True	1970.0	False	False	27022.0	False	High	True	True	0.025	0.0	2.340227347886674	1.5	9.0													
7225.9721	3.5218000000004395	processed_trials			20.0	0.8088614267900989					False				High					2.340227347886674		9.0	40.0	40.0	True	False	False	2.3402	2.3402	20.373136501193883	0.011300000000000001	-0.20633430039958986	Left	0.011300000000000001	
7225.9721	0.011300000000119326	states																																	"       state_name
id               
3   wait_for_poke"
7225.9834	0.8088999999999942	states																																	"        state_name
id                
1   nose_in_center"
7226.7923	0.001999999999497959	states																																	"   state_name
id           
5      go_cue"
7226.7943	2.34020000000055	states																																	"            state_name
id                    
6   wait_for_side_poke"
7229.1345	0.21039999999993597	states																																	"         state_name
id                 
4   announce_reward"
7229.3449	0.1489000000001397	states																																	"   state_name
id           
8      reward"
7229.4938	0.00010000000020227162	states																																	"    state_name
id            
7   stop_sound"
7229.6076	13.725399999999354	trials	1.0	2.0	80.0	0.8368912089492224	0.0	0.15	True	1990.0	True	False	27023.0	False	High	True	False	0.025	0.0	100.0	1.5	9.0													
7229.6076	13.725399999999354	processed_trials			80.0	0.8368912089492224					True				High					100.0		9.0	40.0	40.0	False	False	True	10.820699999999999	10.820699999999999	20.373136501193883	1.8657000000000001	-0.1609092987555663	Right	0.6604000000000001	
7229.6076	1.8657000000002881	states																																	"       state_name
id               
3   wait_for_poke"
7231.473300000001	0.8368999999993321	states																																	"        state_name
id                
1   nose_in_center"
7232.3102	0.0020000000004074536	states																																	"   state_name
id           
5      go_cue"
7232.3122	10.820700000000215	states																																	"            state_name
id                    
6   wait_for_side_poke"
7243.1329000000005	0.1999999999998181	states																																	"   state_name
id           
0     opt_out"
7243.3329	0.00010000000020227162	states																																	"    state_name
id            
7   stop_sound"
7243.4458	2.578099999999722	trials	1.0	2.0	40.0	1.0795358625508606	0.0	0.15	True	1990.0	False	False	27024.0	False	High	True	False	0.025	0.0	0.6810412672090767	1.5	9.0													
7243.4458	2.578099999999722	processed_trials			40.0	1.0795358625508606					False				High					0.6810412672090767		9.0	40.0	40.0	True	False	False	0.6809999999999998	0.6809999999999998	20.373136501193883	0.16490000000000002	-0.20257174633761726	Left	0.16490000000000002	
7243.4458	0.16489999999976135	states																																	"       state_name
id               
3   wait_for_poke"
7243.6107	1.0794999999998254	states																																	"        state_name
id                
1   nose_in_center"
7244.6902	0.0020000000004074536	states																																	"   state_name
id           
5      go_cue"
7244.6922	0.6809999999995853	states																																	"            state_name
id                    
6   wait_for_side_poke"
7245.3732	0.3738000000003012	states																																	"         state_name
id                 
4   announce_reward"
7245.747	0.2768000000005486	states																																	"   state_name
id           
8      reward"
7246.023800000001	9.999999929277692e-05	states																																	"    state_name
id            
7   stop_sound"
7246.1361	3.808899999999994	trials	1.0	2.0	20.0	1.108729594849214	0.0	0.15	True	2030.0	False	False	27025.0	False	High	True	False	0.025	0.0	0.15263944289374065	1.5	9.0													
7246.1361	3.808899999999994	processed_trials			20.0	1.108729594849214					False				High					0.15263944289374065		9.0	40.0	40.0	True	False	False	0.15260000000000007	0.15260000000000007	20.373136501193883	2.1010999999999997	-0.15514298868923587	Left	0.4141999999999997	
7246.1361	2.1010999999998603	states																																	"       state_name
id               
3   wait_for_poke"
7248.2372	1.1086999999997715	states																																	"        state_name
id                
1   nose_in_center"
7249.345899999999	0.0020000000004074536	states																																	"   state_name
id           
5      go_cue"
7249.3479	0.1526000000003478	states																																	"            state_name
id                    
6   wait_for_side_poke"
7249.5005	0.29549999999926513	states																																	"         state_name
id                 
4   announce_reward"
7249.795999999999	0.1489000000001397	states																																	"   state_name
id           
8      reward"
7249.9448999999995	0.00010000000020227162	states																																	"    state_name
id            
7   stop_sound"
7250.0575	3.363199999999779	trials	1.0	2.0	40.0	0.8115120777880865	0.0	0.15	True	2050.0	False	False	27026.0	False	High	True	False	0.025	0.0	0.15263944	1.5	9.0													
7250.0575	3.363199999999779	processed_trials			40.0	0.8115120777880865					False				High					0.15263944		9.0	40.0	40.0	True	False	False	0.15259999999999962	0.15259999999999962	20.373136501193883	1.7483	-0.16378510505032923	Left	0.7966	
7250.0575	1.7483000000001994	states																																	"       state_name
id               
3   wait_for_poke"
7251.8058	0.8114999999997963	states																																	"        state_name
id                
1   nose_in_center"
7252.6173	0.0020000000004074536	states																																	"   state_name
id           
5      go_cue"
7252.6193	0.1525999999994383	states																																	"            state_name
id                    
6   wait_for_side_poke"
7252.7719	0.37190000000009604	states																																	"         state_name
id                 
4   announce_reward"
7253.1438	0.2767999999996391	states																																	"   state_name
id           
8      reward"
7253.4205999999995	0.00010000000020227162	states																																	"    state_name
id            
7   stop_sound"
7253.5319	13.469299999999748	trials	1.0	2.0	20.0	0.8553274386005865	0.0	0.15	True	2090.0	True	False	27027.0	False	High	True	False	0.025	0.0	100.0	1.5	9.0													
7253.5319	13.469299999999748	processed_trials			20.0	0.8553274386005865					True				High					100.0		9.0	40.0	40.0	False	False	True	9.769300000000001	9.769300000000001	20.373136501193883	2.6426	-0.14187851587310196	Left	0.47319999999999984	
7253.5319	2.6426000000001295	states																																	"       state_name
id               
3   wait_for_poke"
7256.1745	0.8553000000001703	states																																	"        state_name
id                
1   nose_in_center"
7257.0298	0.001999999999497959	states																																	"   state_name
id           
5      go_cue"
7257.0318	9.76929999999993	states																																	"            state_name
id                    
6   wait_for_side_poke"
7266.8011	0.1999999999998181	states																																	"   state_name
id           
0     opt_out"
7267.0010999999995	0.00010000000020227162	states																																	"    state_name
id            
7   stop_sound"
7267.1171	4.901499999999942	trials	1.0	2.0	40.0	0.9044035456701897	0.0	0.15	True	2090.0	False	False	27028.0	False	High	True	False	0.025	0.0	3.4435421176368686	1.5	9.0													
7267.1171	4.901499999999942	processed_trials			40.0	0.9044035456701897					False				High					3.4435421176368686		9.0	40.0	40.0	True	False	False	3.4434999999999993	3.4434999999999993	20.373136501193883	0.1598	-0.20269667489045617	Right	0.1598	
7267.1171	0.15980000000035943	states																																	"       state_name
id               
3   wait_for_poke"
7267.276900000001	0.9043999999994412	states																																	"        state_name
id                
1   nose_in_center"
7268.1813	0.0020000000004074536	states																																	"   state_name
id           
5      go_cue"
7268.183300000001	3.4434999999994034	states																																	"            state_name
id                    
6   wait_for_side_poke"
7271.6268	0.09760000000005675	states																																	"         state_name
id                 
4   announce_reward"
7271.7244	0.2941000000000713	states																																	"   state_name
id           
8      reward"
7272.0185	0.00010000000020227162	states																																	"    state_name
id            
7   stop_sound"
7272.1323	3.7417999999997846	trials	1.0	2.0	40.0	0.8243538397952435	0.0	0.15	True	2130.0	False	False	27029.0	False	High	True	False	0.025	0.0	5.41471121363537	1.5	9.0													
7272.1323	3.7417999999997846	processed_trials			40.0	0.8243538397952435					False				High					5.41471121363537		9.0	40.0	40.0	False	True	False			20.373136501193883	1.7138	-0.1646302099665926	Left	0.8249	
7272.1323	1.7138000000004467	states																																	"       state_name
id               
3   wait_for_poke"
7273.846100000001	0.027999999999337888	states																																	"        state_name
id                
1   nose_in_center"
7273.8741	2.0	states																																	"          state_name
id                  
2   punish_violation"
7275.9861	2.2151999999996406	trials	1.0	2.0	40.0	0.9369740090729808	0.0	0.15	True	2130.0	False	False	27030.0	False	High	True	True	0.025	0.0	0.16444057178033308	1.5	9.0													
7275.9861	2.2151999999996406	processed_trials			40.0	0.9369740090729808					False				High					0.16444057178033308		9.0	40.0	40.0	False	True	False			20.373136501193883	0.1785	-0.20223860353004677	Right	0.1785	
7275.9861	0.17849999999998545	states																																	"       state_name
id               
3   wait_for_poke"
7276.1646	0.03669999999965512	states																																	"        state_name
id                
1   nose_in_center"
7276.2013	2.0	states																																	"          state_name
id                  
2   punish_violation"
7278.3165	5.5832000000000335	trials	1.0	2.0	40.0	1.0679441945623607	0.0	0.15	True	2130.0	False	False	27031.0	False	High	True	True	0.025	0.0	3.916462169781312	1.5	9.0													
7278.3165	5.5832000000000335	processed_trials			40.0	1.0679441945623607					False				High					3.916462169781312		9.0	40.0	40.0	True	False	False	3.9164999999999996	3.9164999999999996	20.373136501193883	0.1258	-0.20352953190938242	Right	0.1258	
7278.3165	0.12579999999979918	states																																	"       state_name
id               
3   wait_for_poke"
7278.4423	1.0679000000000087	states																																	"        state_name
id                
1   nose_in_center"
7279.5102	0.0020000000004074536	states																																	"   state_name
id           
5      go_cue"
7279.5122	3.9164999999993597	states																																	"            state_name
id                    
6   wait_for_side_poke"
7283.4286999999995	0.1768000000001848	states																																	"         state_name
id                 
4   announce_reward"
7283.6055	0.2941000000000713	states																																	"   state_name
id           
8      reward"
7283.8996	0.00010000000020227162	states																																	"    state_name
id            
7   stop_sound"
7284.0193	3.986300000000483	trials	1.0	2.0	40.0	0.9235548678570842	0.0	0.15	True	2170.0	False	False	27032.0	False	High	True	False	0.025	0.0	0.9056059460352056	1.5	9.0													
7284.0193	3.986300000000483	processed_trials			40.0	0.9235548678570842					False				High					0.9056059460352056		9.0	40.0	40.0	False	True	False			20.373136501193883	1.9498	-0.1588492024234576	Left	1.1543	
7284.0193	1.949800000000323	states																																	"       state_name
id               
3   wait_for_poke"
7285.9691	0.036499999999250576	states																																	"        state_name
id                
1   nose_in_center"
7286.0055999999995	2.0	states																																	"          state_name
id                  
2   punish_violation"
7288.1206	2.081500000000233	trials	1.0	2.0	40.0	1.0337232969532872	0.0	0.15	True	2170.0	False	False	27033.0	False	High	True	True	0.025	0.0	0.708103290465961	1.5	9.0													
7288.1206	2.081500000000233	processed_trials			40.0	1.0337232969532872					False				High					0.708103290465961		9.0	40.0	40.0	True	False	False	0.7081	0.7081	20.373136501193883	0.0418	-0.2055871786620237	Right	0.0418	
7288.1206	0.04179999999996653	states																																	"       state_name
id               
3   wait_for_poke"
7288.1624	1.0336999999999534	states																																	"        state_name
id                
1   nose_in_center"
7289.1961	0.0020000000004074536	states																																	"   state_name
id           
5      go_cue"
7289.1981000000005	0.7080999999998312	states																																	"            state_name
id                    
6   wait_for_side_poke"
7289.9062	0.0016999999998006388	states																																	"         state_name
id                 
4   announce_reward"
7289.9079	0.2941000000000713	states																																	"   state_name
id           
8      reward"
7290.202	0.00010000000020227162	states																																	"    state_name
id            
7   stop_sound"
7290.3198	3.9813999999996668	trials	1.0	2.0	80.0	1.1611566704249794	0.0	0.15	True	2210.0	False	False	27034.0	False	High	True	False	0.025	0.0	0.4066696476078207	1.5	9.0													
7290.3198	3.9813999999996668	processed_trials			80.0	1.1611566704249794					False				High					0.4066696476078207		9.0	40.0	40.0	True	False	False	0.40669999999999984	0.40669999999999984	20.373136501193883	1.7532999999999999	-0.16366262607695775	Left	1.1035999999999997	
7290.3198	1.7533000000003085	states																																	"       state_name
id               
3   wait_for_poke"
7292.0731000000005	1.1611999999995533	states																																	"        state_name
id                
1   nose_in_center"
7293.2343	0.0020000000004074536	states																																	"   state_name
id           
5      go_cue"
7293.2363000000005	0.406699999999546	states																																	"            state_name
id                    
6   wait_for_side_poke"
7293.643	0.120600000000195	states																																	"         state_name
id                 
4   announce_reward"
7293.7636	0.5375000000003638	states																																	"   state_name
id           
8      reward"
7294.301100000001	9.999999929277692e-05	states																																	"    state_name
id            
7   stop_sound"
7294.4212	6.466400000000249	trials	1.0	2.0	80.0	1.027078395183943	0.0	0.15	True	2290.0	False	False	27035.0	False	High	True	False	0.025	0.0	1.8853705991860314	1.5	9.0													
7294.4212	6.466400000000249	processed_trials			80.0	1.027078395183943					False				High					1.8853705991860314		9.0	40.0	40.0	True	False	False	1.8854000000000002	1.8854000000000002	20.373136501193883	2.481	-0.14583703629246897	Left	0.5942999999999998	
7294.4212	2.480999999999767	states																																	"       state_name
id               
3   wait_for_poke"
7296.9021999999995	1.027100000000246	states																																	"        state_name
id                
1   nose_in_center"
7297.9293	0.0020000000004074536	states																																	"   state_name
id           
5      go_cue"
7297.9313	1.8853999999992084	states																																	"            state_name
id                    
6   wait_for_side_poke"
7299.816699999999	0.5333000000000538	states																																	"         state_name
id                 
4   announce_reward"
7300.349999999999	0.5375000000003638	states																																	"   state_name
id           
8      reward"
7300.8875	0.00010000000020227162	states																																	"    state_name
id            
7   stop_sound"
7301.0077	8.222099999999955	trials	1.0	2.0	80.0	0.9396966568957801	0.0	0.15	True	2370.0	False	False	27036.0	False	High	True	False	0.025	0.0	4.145503666304488	1.5	9.0													
7301.0077	8.222099999999955	processed_trials			80.0	0.9396966568957801					False				High					4.145503666304488		9.0	40.0	40.0	True	False	False	4.1455	4.1455	20.373136501193883	2.5724	-0.14359812065923785	Left	0.5213999999999999	
7301.0077	2.572400000000016	states																																	"       state_name
id               
3   wait_for_poke"
7303.5801	0.9396999999999025	states																																	"        state_name
id                
1   nose_in_center"
7304.5198	0.0020000000004074536	states																																	"   state_name
id           
5      go_cue"
7304.5218	4.145499999999629	states																																	"            state_name
id                    
6   wait_for_side_poke"
7308.6673	0.024900000000343425	states																																	"         state_name
id                 
4   announce_reward"
7308.6922	0.5374999999994543	states																																	"   state_name
id           
8      reward"
7309.2297	0.00010000000020227162	states																																	"    state_name
id            
7   stop_sound"
7309.3513	5.165299999999661	trials	1.0	2.0	20.0	1.0746069569597	0.0	0.15	True	2450.0	False	False	27037.0	False	High	True	False	0.025	0.0	0.17551307641070735	1.5	9.0													
7309.3513	5.165299999999661	processed_trials			20.0	1.0746069569597					False				High					0.17551307641070735		9.0	40.0	40.0	True	False	False	0.17549999999999955	0.17549999999999955	20.373136501193883	3.3403	-0.12478779992884222	Right	0.7401000000000004	
7309.3513	3.340299999999843	states																																	"       state_name
id               
3   wait_for_poke"
7312.6916	1.0745999999999185	states																																	"        state_name
id                
1   nose_in_center"
7313.7662	0.0020000000004074536	states																																	"   state_name
id           
5      go_cue"
7313.7682	0.17550000000028376	states																																	"            state_name
id                    
6   wait_for_side_poke"
7313.943700000001	0.41419999999925494	states																																	"         state_name
id                 
4   announce_reward"
7314.3579	0.15860000000066066	states																																	"   state_name
id           
8      reward"
7314.516500000001	9.999999929277692e-05	states																																	"    state_name
id            
7   stop_sound"
7314.6467	5.269800000000032	trials	1.0	2.0	10.0	0.9400787197588548	0.0	0.15	True	2470.0	False	False	27038.0	True	Mixed	True	False	0.025	0.0	2.482962187568625	1.5	9.0													
7314.6467	5.269800000000032	processed_trials			10.0	0.9400787197588548					False				Mixed					2.482962187568625		9.0	40.0	40.0	True	False	False	2.4830000000000005	2.4830000000000005	20.373136501193883	1.6876	-0.1652719997870593	Left	0.2971999999999999	
7314.6467	1.6876000000002023	states																																	"       state_name
id               
3   wait_for_poke"
7316.3343	0.9400999999998021	states																																	"        state_name
id                
1   nose_in_center"
7317.2744	0.0020000000004074536	states																																	"   state_name
id           
5      go_cue"
7317.276400000001	2.482999999999265	states																																	"            state_name
id                    
6   wait_for_side_poke"
7319.7594	0.07160000000021682	states																																	"         state_name
id                 
4   announce_reward"
7319.831	0.08539999999993597	states																																	"   state_name
id           
8      reward"
7319.9164	0.00010000000020227162	states																																	"    state_name
id            
7   stop_sound"
7320.0379	3.050999999999476	trials	1.0	2.0	40.0	0.8159331453741671	0.0	0.15	True	2480.0	False	False	27039.0	False	Mixed	True	False	0.025	0.0	0.012288103483331411	1.5	9.0													
7320.0379	3.050999999999476	processed_trials			40.0	0.8159331453741671					False				Mixed					0.012288103483331411		9.0	40.0	40.0	True	False	False	0.012299999999999756	0.012299999999999756	20.373136501193883	1.207	-0.1770446787075283	Right	0.4143	
7320.0379	1.2070000000003347	states																																	"       state_name
id               
3   wait_for_poke"
7321.244900000001	0.8158999999996013	states																																	"        state_name
id                
1   nose_in_center"
7322.0608	0.0020000000004074536	states																																	"   state_name
id           
5      go_cue"
7322.062800000001	0.012299999999413558	states																																	"            state_name
id                    
6   wait_for_side_poke"
7322.0751	0.7196000000003551	states																																	"         state_name
id                 
4   announce_reward"
7322.7947	0.2941000000000713	states																																	"   state_name
id           
8      reward"
7323.0888	0.00010000000020227162	states																																	"    state_name
id            
7   stop_sound"
7323.2088	4.268199999999524	trials	1.0	2.0	10.0	1.0546060086788163	0.0	0.15	True	2520.0	False	False	27040.0	False	Mixed	True	False	0.025	0.0	0.012288103	1.5	9.0													
7323.2088	4.268199999999524	processed_trials			10.0	1.0546060086788163					False				Mixed					0.012288103		9.0	40.0	40.0	False	True	False			20.373136501193883	2.1509	-0.1539230981144557	Left	1.3931	
7323.2088	2.1508999999996377	states																																	"       state_name
id               
3   wait_for_poke"
7325.3597	0.11730000000079599	states																																	"        state_name
id                
1   nose_in_center"
7325.477000000001	2.0	states																																	"          state_name
id                  
2   punish_violation"
7327.5982	4.365600000000086	trials	1.0	2.0	10.0	0.9054790281203536	0.0	0.15	True	2520.0	False	False	27041.0	False	Mixed	True	True	0.025	0.0	3.1498208634212705	1.5	9.0													
7327.5982	4.365600000000086	processed_trials			10.0	0.9054790281203536					False				Mixed					3.1498208634212705		9.0	40.0	40.0	True	False	False	3.1498000000000004	3.1498000000000004	20.373136501193883	0.1255	-0.2035368806477847	Left	0.1255	
7327.5982	0.12550000000010186	states																																	"       state_name
id               
3   wait_for_poke"
7327.7237000000005	0.9054999999998472	states																																	"        state_name
id                
1   nose_in_center"
7328.6292	0.0020000000004074536	states																																	"   state_name
id           
5      go_cue"
7328.631200000001	3.1497999999992317	states																																	"            state_name
id                    
6   wait_for_side_poke"
7331.781	0.09730000000035943	states																																	"         state_name
id                 
4   announce_reward"
7331.8783	0.08539999999993597	states																																	"   state_name
id           
8      reward"
7331.9637	0.00010000000020227162	states																																	"    state_name
id            
7   stop_sound"
7332.0871	3.4825000000000728	trials	1.0	2.0	40.0	0.818124322550249	0.0	0.15	True	2530.0	True	False	27042.0	False	Mixed	True	False	0.025	0.0	100.0	1.5	9.0													
7332.0871	3.4825000000000728	processed_trials			40.0	0.818124322550249					True				Mixed					100.0		9.0	40.0	40.0	False	True	False			20.373136501193883	1.2755999999999998	-0.17536426719287126	Right	0.3343999999999998	
7332.0871	1.2755999999999403	states																																	"       state_name
id               
3   wait_for_poke"
7333.3627	0.20690000000013242	states																																	"        state_name
id                
1   nose_in_center"
7333.5696	2.0	states																																	"          state_name
id                  
2   punish_violation"
7335.6936	2.1295000000000073	trials	1.0	2.0	40.0	0.8866611957197773	0.0	0.15	True	2530.0	False	False	27043.0	False	Mixed	True	True	0.025	0.0	2.1265116045522174	1.5	9.0													
7335.6936	2.1295000000000073	processed_trials			40.0	0.8866611957197773					False				Mixed					2.1265116045522174		9.0	40.0	40.0	False	True	False			20.373136501193883	0.09659999999999999	-0.204244809113872	Left	0.09659999999999999	
7335.6936	0.09659999999985303	states																																	"       state_name
id               
3   wait_for_poke"
7335.7901999999995	0.03290000000015425	states																																	"        state_name
id                
1   nose_in_center"
7335.8231	2.0	states																																	"          state_name
id                  
2   punish_violation"
7337.9464	4.409300000000258	trials	1.0	2.0	40.0	1.110708622265003	0.0	0.15	True	2530.0	False	False	27044.0	False	Mixed	True	True	0.025	0.0	1.9722601967129134	1.5	9.0													
7337.9464	4.409300000000258	processed_trials			40.0	1.110708622265003					False				Mixed					1.9722601967129134		9.0	40.0	40.0	True	False	False	1.9723000000000002	1.9723000000000002	20.373136501193883	0.1861	-0.2020524354905221	Left	0.1861	
7337.9464	0.18609999999989668	states																																	"       state_name
id               
3   wait_for_poke"
7338.1325	1.110700000000179	states																																	"        state_name
id                
1   nose_in_center"
7339.2432	0.001999999999497959	states																																	"   state_name
id           
5      go_cue"
7339.245199999999	1.9723000000003594	states																																	"            state_name
id                    
6   wait_for_side_poke"
7341.2175	0.8613000000004831	states																																	"         state_name
id                 
4   announce_reward"
7342.0788	0.2767999999996391	states																																	"   state_name
id           
8      reward"
7342.3556	0.00010000000020227162	states																																	"    state_name
id            
7   stop_sound"
7342.4897	10.22189999999955	trials	1.0	2.0	40.0	0.8227648962290036	0.0	0.15	True	2570.0	True	False	27045.0	False	Mixed	True	False	0.025	0.0	100.0	1.5	9.0													
7342.4897	10.22189999999955	processed_trials			40.0	0.8227648962290036					True				Mixed					100.0		9.0	40.0	40.0	False	False	True	7.040199999999999	7.040199999999999	20.373136501193883	2.1568	-0.1537785729258773	Right	0.31989999999999985	
7342.4897	2.1567999999997483	states																																	"       state_name
id               
3   wait_for_poke"
7344.6465	0.8227999999999156	states																																	"        state_name
id                
1   nose_in_center"
7345.4693	0.0020000000004074536	states																																	"   state_name
id           
5      go_cue"
7345.4713	7.040200000000368	states																																	"            state_name
id                    
6   wait_for_side_poke"
7352.5115000000005	0.1999999999998181	states																																	"   state_name
id           
0     opt_out"
7352.7115	9.999999929277692e-05	states																																	"    state_name
id            
7   stop_sound"
7352.8406	2.270999999999731	trials	1.0	2.0	80.0	0.9870245845255056	0.0	0.15	True	2570.0	False	False	27046.0	False	Mixed	True	False	0.025	0.0	0.48455035509297667	1.5	9.0													
7352.8406	2.270999999999731	processed_trials			80.0	0.9870245845255056					False				Mixed					0.48455035509297667		9.0	40.0	40.0	True	False	False	0.4845999999999999	0.4845999999999999	20.373136501193883	0.0945	-0.20429625028268805	Right	0.0945	
7352.8406	0.0945000000001528	states																																	"       state_name
id               
3   wait_for_poke"
7352.935100000001	0.98700000000008	states																																	"        state_name
id                
1   nose_in_center"
7353.922100000001	0.001999999999497959	states																																	"   state_name
id           
5      go_cue"
7353.9241	0.4846000000006825	states																																	"            state_name
id                    
6   wait_for_side_poke"
7354.408700000001	0.13139999999930296	states																																	"         state_name
id                 
4   announce_reward"
7354.5401	0.5714000000007218	states																																	"   state_name
id           
8      reward"
7355.111500000001	9.999999929277692e-05	states																																	"    state_name
id            
7   stop_sound"
7355.2402	4.873999999999796	trials	1.0	2.0	10.0	0.9406697661400305	0.0	0.15	True	2650.0	False	False	27047.0	False	Mixed	True	False	0.025	0.0	2.615931355589786	1.5	9.0													
7355.2402	4.873999999999796	processed_trials			10.0	0.9406697661400305					False				Mixed					2.615931355589786		9.0	40.0	40.0	False	True	False			20.373136501193883	2.1313	-0.154403215690072	Right	0.8475999999999999	
7355.2402	2.13130000000001	states																																	"       state_name
id               
3   wait_for_poke"
7357.3715	0.7426999999997861	states																																	"        state_name
id                
1   nose_in_center"
7358.1142	2.0	states																																	"          state_name
id                  
2   punish_violation"
7360.2398	3.8530000000000655	trials	1.0	2.0	10.0	0.9937502176719871	0.0	0.15	True	2650.0	False	False	27048.0	False	Mixed	True	True	0.025	0.0	2.6159314	1.5	9.0													
7360.2398	3.8530000000000655	processed_trials			10.0	0.9937502176719871					False				Mixed					2.6159314		9.0	40.0	40.0	True	False	False	2.6159	2.6159	20.373136501193883	0.10779999999999999	-0.20397045621351986	Left	0.10779999999999999	
7360.2398	0.10779999999977008	states																																	"       state_name
id               
3   wait_for_poke"
7360.3476	0.9938000000001921	states																																	"        state_name
id                
1   nose_in_center"
7361.3414	0.0020000000004074536	states																																	"   state_name
id           
5      go_cue"
7361.343400000001	2.615899999999783	states																																	"            state_name
id                    
6   wait_for_side_poke"
7363.9593	0.047999999999774445	states																																	"         state_name
id                 
4   announce_reward"
7364.0073	0.08539999999993597	states																																	"   state_name
id           
8      reward"
7364.0927	0.00010000000020227162	states																																	"    state_name
id            
7   stop_sound"
7364.2214	3.395599999999831	trials	1.0	2.0	5.0	0.8646128185358154	0.0	0.15	True	2660.0	False	False	27049.0	False	Mixed	True	False	0.025	0.0	0.16068790086042778	1.5	9.0													
7364.2214	3.395599999999831	processed_trials			5.0	0.8646128185358154					False				Mixed					0.16068790086042778		9.0	40.0	40.0	False	True	False			20.373136501193883	1.2986	-0.17480086391536234	Right	0.5228999999999999	
7364.2214	1.2986000000000786	states																																	"       state_name
id               
3   wait_for_poke"
7365.52	0.09699999999975262	states																																	"        state_name
id                
1   nose_in_center"
7365.617	2.0	states																																	"          state_name
id                  
2   punish_violation"
7367.748	2.9877000000005864	trials	1.0	2.0	5.0	0.9503162722118123	0.0	0.15	True	2660.0	False	False	27050.0	False	Mixed	True	True	0.025	0.0	1.25605771393255	1.5	9.0													
7367.748	2.9877000000005864	processed_trials			5.0	0.9503162722118123					False				Mixed					1.25605771393255		9.0	40.0	40.0	True	False	False	1.2561000000000002	1.2561000000000002	20.373136501193883	0.6804	-0.18994416418301516	Right	0.6804	
7367.748	0.6804000000001906	states																																	"       state_name
id               
3   wait_for_poke"
7368.4284	0.9502999999995154	states																																	"        state_name
id                
1   nose_in_center"
7369.378699999999	0.0020000000004074536	states																																	"   state_name
id           
5      go_cue"
7369.3807	1.2560999999996056	states																																	"            state_name
id                    
6   wait_for_side_poke"
7370.636799999999	0.04039999999986321	states																																	"         state_name
id                 
4   announce_reward"
7370.677199999999	0.05840000000080181	states																																	"   state_name
id           
8      reward"
7370.7356	9.999999929277692e-05	states																																	"    state_name
id            
7   stop_sound"
7370.8742	3.2973999999994703	trials	1.0	2.0	5.0	1.1922981238453603	0.0	0.15	True	2665.0	False	False	27051.0	False	Mixed	True	False	0.025	0.0	0.13379603314750033	1.5	9.0													
7370.8742	3.2973999999994703	processed_trials			5.0	1.1922981238453603					False				Mixed					0.13379603314750033		9.0	40.0	40.0	False	True	False			20.373136501193883	1.2519	-0.1759448175266522	Left	0.33510000000000006	
7370.8742	1.2519000000002052	states																																	"       state_name
id               
3   wait_for_poke"
7372.1261	0.04550000000017462	states																																	"        state_name
id                
1   nose_in_center"
7372.171600000001	2.0	states																																	"          state_name
id                  
2   punish_violation"
7374.2995	13.65309999999954	trials	1.0	2.0	5.0	1.1922981	0.0	0.15	True	2665.0	False	False	27052.0	False	Mixed	True	True	0.025	0.0	8.685053385904379	1.5	9.0													
7374.2995	13.65309999999954	processed_trials			5.0	1.1922981					False				Mixed					8.685053385904379		9.0	40.0	40.0	False	False	True	7.630899999999999	7.630899999999999	20.373136501193883	4.627800000000001	-0.0932494642856798	Left	4.627800000000001	
7374.2995	4.627800000000207	states																																	"       state_name
id               
3   wait_for_poke"
7378.9273	1.1922999999997046	states																																	"        state_name
id                
1   nose_in_center"
7380.1196	0.0020000000004074536	states																																	"   state_name
id           
5      go_cue"
7380.1216	7.630900000000111	states																																	"            state_name
id                    
6   wait_for_side_poke"
7387.7525000000005	0.1999999999998181	states																																	"   state_name
id           
0     opt_out"
7387.9525	0.00010000000020227162	states																																	"    state_name
id            
7   stop_sound"
7388.0839	7.087500000000546	trials	1.0	2.0	80.0	0.9777828189916858	0.0	0.15	True	2665.0	False	False	27053.0	False	Mixed	True	False	0.025	0.0	5.168306640877191	1.5	9.0													
7388.0839	7.087500000000546	processed_trials			80.0	0.9777828189916858					False				Mixed					5.168306640877191		9.0	40.0	40.0	True	False	False	5.1683	5.1683	20.373136501193883	0.3454	-0.19815025539890596	Right	0.3454	
7388.0839	0.34540000000015425	states																																	"       state_name
id               
3   wait_for_poke"
7388.4293	0.9777999999996609	states																																	"        state_name
id                
1   nose_in_center"
7389.407099999999	0.0020000000004074536	states																																	"   state_name
id           
5      go_cue"
7389.4091	5.168299999999363	states																																	"            state_name
id                    
6   wait_for_side_poke"
7394.577399999999	0.02250000000003638	states																																	"         state_name
id                 
4   announce_reward"
7394.599899999999	0.5714000000007218	states																																	"   state_name
id           
8      reward"
7395.1713	9.999999929277692e-05	states																																	"    state_name
id            
7   stop_sound"
7395.3058	5.898799999999937	trials	1.0	2.0	80.0	1.0831073654106098	0.0	0.15	True	2745.0	False	False	27054.0	False	Mixed	True	False	0.025	0.0	0.3464739589258229	1.5	9.0													
7395.3058	5.898799999999937	processed_trials			80.0	1.0831073654106098					False				Mixed					0.3464739589258229		9.0	40.0	40.0	False	True	False			20.373136501193883	3.8615	-0.1120205917445966	Right	0.5878999999999999	
7395.3058	3.861499999999978	states																																	"       state_name
id               
3   wait_for_poke"
7399.1673	0.037299999999959255	states																																	"        state_name
id                
1   nose_in_center"
7399.2046	2.0	states																																	"          state_name
id                  
2   punish_violation"
7401.3381	2.260699999999815	trials	1.0	2.0	80.0	1.150809230965534	0.0	0.15	True	2745.0	False	False	27055.0	False	Mixed	True	True	0.025	0.0	0.13000250849801848	1.5	9.0													
7401.3381	2.260699999999815	processed_trials			80.0	1.150809230965534					False				Mixed					0.13000250849801848		9.0	40.0	40.0	True	False	False	0.13000000000000012	0.13000000000000012	20.373136501193883	0.08	-0.2046514393054654	Left	0.08	
7401.3381	0.07999999999992724	states																																	"       state_name
id               
3   wait_for_poke"
7401.4181	1.1508000000003449	states																																	"        state_name
id                
1   nose_in_center"
7402.5689	0.001999999999497959	states																																	"   state_name
id           
5      go_cue"
7402.5709	0.13000000000010914	states																																	"            state_name
id                    
6   wait_for_side_poke"
7402.7009	0.3603000000002794	states																																	"         state_name
id                 
4   announce_reward"
7403.0612	0.5374999999994543	states																																	"   state_name
id           
8      reward"
7403.5987	0.00010000000020227162	states																																	"    state_name
id            
7   stop_sound"
7403.7332	6.402000000000044	trials	1.0	2.0	80.0	1.1508092	0.0	0.15	True	2825.0	False	False	27056.0	False	Mixed	True	False	0.025	0.0	2.001298749771781	1.5	9.0													
7403.7332	6.402000000000044	processed_trials			80.0	1.1508092					False				Mixed					2.001298749771781		9.0	40.0	40.0	True	False	False	2.0013	2.0013	20.373136501193883	2.6351999999999998	-0.1420597847536918	Right	0.7841999999999998	
7403.7332	2.6351999999997133	states																																	"       state_name
id               
3   wait_for_poke"
7406.368399999999	1.1508000000003449	states																																	"        state_name
id                
1   nose_in_center"
7407.5192	0.001999999999497959	states																																	"   state_name
id           
5      go_cue"
7407.521199999999	2.0013000000008105	states																																	"            state_name
id                    
6   wait_for_side_poke"
7409.5225	0.041199999999662396	states																																	"         state_name
id                 
4   announce_reward"
7409.5637	0.5713999999998123	states																																	"   state_name
id           
8      reward"
7410.1350999999995	0.00010000000020227162	states																																	"    state_name
id            
7   stop_sound"
7410.2713	5.875999999999294	trials	1.0	2.0	80.0	0.9099596235363	0.0	0.15	True	2905.0	False	False	27057.0	False	Mixed	True	False	0.025	0.0	0.06106237824856754	1.5	9.0													
7410.2713	5.875999999999294	processed_trials			80.0	0.9099596235363					False				Mixed					0.06106237824856754		9.0	40.0	40.0	True	False	False	0.0611000000000006	0.0611000000000006	20.373136501193883	3.9445	-0.10998744078662963	Left	0.5560999999999998	
7410.2713	3.944499999999607	states																																	"       state_name
id               
3   wait_for_poke"
7414.2158	0.910000000000764	states																																	"        state_name
id                
1   nose_in_center"
7415.125800000001	0.001999999999497959	states																																	"   state_name
id           
5      go_cue"
7415.1278	0.06109999999989668	states																																	"            state_name
id                    
6   wait_for_side_poke"
7415.1889	0.42079999999987194	states																																	"         state_name
id                 
4   announce_reward"
7415.6097	0.5375000000003638	states																																	"   state_name
id           
8      reward"
7416.1472	0.00010000000020227162	states																																	"    state_name
id            
7   stop_sound"
7416.2821	8.260299999999916	trials	1.0	2.0	80.0	1.054333325997896	0.0	0.15	True	2985.0	False	False	27058.0	False	Mixed	True	False	0.025	0.0	3.955177000709881	1.5	9.0													
7416.2821	8.260299999999916	processed_trials			80.0	1.054333325997896					False				Mixed					3.955177000709881		9.0	40.0	40.0	True	False	False	3.9551999999999996	3.9551999999999996	20.373136501193883	2.617	-0.14250560821676406	Left	0.6472	
7416.2821	2.617000000000189	states																																	"       state_name
id               
3   wait_for_poke"
7418.8991000000005	1.0542999999997846	states																																	"        state_name
id                
1   nose_in_center"
7419.9534	0.0020000000004074536	states																																	"   state_name
id           
5      go_cue"
7419.955400000001	3.9551999999994223	states																																	"            state_name
id                    
6   wait_for_side_poke"
7423.9106	0.09420000000045547	states																																	"         state_name
id                 
4   announce_reward"
7424.004800000001	0.5374999999994543	states																																	"   state_name
id           
8      reward"
7424.5423	0.00010000000020227162	states																																	"    state_name
id            
7   stop_sound"
7424.6804	5.398199999999633	trials	1.0	2.0	80.0	0.9056254887039266	0.0	0.15	True	3065.0	False	False	27059.0	False	Mixed	True	False	0.025	0.0	0.9361941046632081	1.5	9.0													
7424.6804	5.398199999999633	processed_trials			80.0	0.9056254887039266					False				Mixed					0.9361941046632081		9.0	40.0	40.0	True	False	False	0.9361999999999999	0.9361999999999999	20.373136501193883	2.9192	-0.13510297906619032	Right	0.7231000000000001	
7424.6804	2.9192000000002736	states																																	"       state_name
id               
3   wait_for_poke"
7427.5996000000005	0.9056000000000495	states																																	"        state_name
id                
1   nose_in_center"
7428.5052000000005	0.001999999999497959	states																																	"   state_name
id           
5      go_cue"
7428.5072	0.936200000000099	states																																	"            state_name
id                    
6   wait_for_side_poke"
7429.4434	0.06369999999969878	states																																	"         state_name
id                 
4   announce_reward"
7429.5071	0.5714000000007218	states																																	"   state_name
id           
8      reward"
7430.0785000000005	9.999999929277692e-05	states																																	"    state_name
id            
7   stop_sound"
7430.2156	5.723299999999654	trials	1.0	2.0	80.0	1.032786627340856	0.0	0.15	True	3145.0	False	False	27060.0	False	Mixed	True	False	0.025	0.0	0.9683991550414427	1.5	9.0													
7430.2156	5.723299999999654	processed_trials			80.0	1.032786627340856					False				Mixed					0.9683991550414427		9.0	40.0	40.0	True	False	False	0.9683999999999999	0.9683999999999999	20.373136501193883	3.1324	-0.12988047564162936	Left	0.9683999999999999	
7430.2156	3.132400000000416	states																																	"       state_name
id               
3   wait_for_poke"
7433.348000000001	1.032799999999952	states																																	"        state_name
id                
1   nose_in_center"
7434.380800000001	0.001999999999497959	states																																	"   state_name
id           
5      go_cue"
7434.3828	0.9683999999997468	states																																	"            state_name
id                    
6   wait_for_side_poke"
7435.3512	0.05010000000038417	states																																	"         state_name
id                 
4   announce_reward"
7435.4013	0.5375000000003638	states																																	"   state_name
id           
8      reward"
7435.938800000001	9.999999929277692e-05	states																																	"    state_name
id            
7   stop_sound"
7436.079	4.75800000000072	trials	1.0	2.0	5.0	0.8252911784348014	0.0	0.15	True	3225.0	False	False	27061.0	False	Mixed	True	False	0.025	0.0	2.470761930935705	1.5	9.0													
7436.079	4.75800000000072	processed_trials			5.0	0.8252911784348014					False				Mixed					2.470761930935705		9.0	40.0	40.0	False	True	False			20.373136501193883	2.6015	-0.1428852930342157	Right	0.5629000000000004	
7436.079	2.60149999999976	states																																	"       state_name
id               
3   wait_for_poke"
7438.6804999999995	0.15650000000005093	states																																	"        state_name
id                
1   nose_in_center"
7438.8369999999995	2.0	states																																	"          state_name
id                  
2   punish_violation"
7440.978	2.3005000000002838	trials	1.0	2.0	5.0	0.9152404777914896	0.0	0.15	True	3225.0	False	False	27062.0	False	Mixed	True	True	0.025	0.0	0.13868528462226754	1.5	9.0													
7440.978	2.3005000000002838	processed_trials			5.0	0.9152404777914896					False				Mixed					0.13868528462226754		9.0	40.0	40.0	False	True	False			20.373136501193883	0.0987	-0.204193367945056	Left	0.0987	
7440.978	0.09869999999955326	states																																	"       state_name
id               
3   wait_for_poke"
7441.0767	0.2018000000007305	states																																	"        state_name
id                
1   nose_in_center"
7441.2785	2.0	states																																	"          state_name
id                  
2   punish_violation"
7443.4164	2.89679999999953	trials	1.0	2.0	5.0	1.125522544321671	0.0	0.15	True	3225.0	False	False	27063.0	False	Mixed	True	True	0.025	0.0	0.1129313678745885	1.5	9.0													
7443.4164	2.89679999999953	processed_trials			5.0	1.125522544321671					False				Mixed					0.1129313678745885		9.0	40.0	40.0	False	True	False			20.373136501193883	0.6364	-0.19102197914868438	Left	0.6364	
7443.4164	0.6364000000003216	states																																	"       state_name
id               
3   wait_for_poke"
7444.0528	0.26040000000011787	states																																	"        state_name
id                
1   nose_in_center"
7444.3132000000005	2.0	states																																	"          state_name
id                  
2   punish_violation"
7446.4522	27.68170000000009	trials	1.0	2.0	5.0	1.165639272402336	0.0	0.15	True	3225.0	False	False	27064.0	False	Mixed	True	True	0.025	0.0	6.556108932156195	1.5	9.0													
7446.4522	27.68170000000009	processed_trials			5.0	1.165639272402336					False				Mixed					6.556108932156195		9.0	40.0	40.0	False	False	True	0.5826999999999991	0.5826999999999991	20.373136501193883	25.7313	0.42369753862342907	Left	25.7313	
7446.4522	25.731300000000374	states																																	"       state_name
id               
3   wait_for_poke"
7472.1835	1.1655999999993583	states																																	"        state_name
id                
1   nose_in_center"
7473.349099999999	0.0020000000004074536	states																																	"   state_name
id           
5      go_cue"
7473.3511	0.5826999999999316	states																																	"            state_name
id                    
6   wait_for_side_poke"
7473.9338	0.1999999999998181	states																																	"   state_name
id           
0     opt_out"
7474.1338	0.00010000000020227162	states																																	"    state_name
id            
7   stop_sound"
7474.2749	2.4924999999993815	trials	1.0	2.0	20.0	1.0599242967764486	0.0	0.15	True	3225.0	False	False	27065.0	False	Mixed	True	False	0.025	0.0	2.423453565435218	1.5	9.0													
7474.2749	2.4924999999993815	processed_trials			20.0	1.0599242967764486					False				Mixed					2.423453565435218		9.0	40.0	40.0	False	True	False			20.373136501193883	0.447	-0.19566148265999697	Left	0.447	
7474.2749	0.4470000000001164	states																																	"       state_name
id               
3   wait_for_poke"
7474.7219000000005	0.04550000000017462	states																																	"        state_name
id                
1   nose_in_center"
7474.767400000001	2.0	states																																	"          state_name
id                  
2   punish_violation"
7476.9101	2.725199999999859	trials	1.0	2.0	20.0	1.0116573871862087	0.0	0.15	True	3225.0	False	False	27066.0	False	Mixed	True	True	0.025	0.0	0.7076399761063406	1.5	9.0													
7476.9101	2.725199999999859	processed_trials			20.0	1.0116573871862087					False				Mixed					0.7076399761063406		9.0	40.0	40.0	False	True	False			20.373136501193883	0.6397999999999999	-0.19093869344679176	Left	0.6397999999999999	
7476.9101	0.6397999999999229	states																																	"       state_name
id               
3   wait_for_poke"
7477.5499	0.08539999999993597	states																																	"        state_name
id                
1   nose_in_center"
7477.6353	2.0	states																																	"          state_name
id                  
2   punish_violation"
7479.777	3.3927999999996246	trials	1.0	2.0	20.0	0.9732340657405829	0.0	0.15	True	3225.0	False	False	27067.0	False	Mixed	True	True	0.025	0.0	1.9506500463500542	1.5	9.0													
7479.777	3.3927999999996246	processed_trials			20.0	0.9732340657405829					False				Mixed					1.9506500463500542		9.0	40.0	40.0	True	False	False	1.9507	1.9507	20.373136501193883	0.1459	-0.203037166436429	Left	0.1459	
7479.777	0.145900000000438	states																																	"       state_name
id               
3   wait_for_poke"
7479.9229000000005	0.9731999999994514	states																																	"        state_name
id                
1   nose_in_center"
7480.8961	0.0020000000004074536	states																																	"   state_name
id           
5      go_cue"
7480.8981	1.950699999999415	states																																	"            state_name
id                    
6   wait_for_side_poke"
7482.8488	0.1720000000004802	states																																	"         state_name
id                 
4   announce_reward"
7483.0208	0.1489000000001397	states																																	"   state_name
id           
8      reward"
7483.1697	9.999999929277692e-05	states																																	"    state_name
id            
7   stop_sound"
7483.3164	9.748400000000402	trials	1.0	2.0	80.0	0.8667178356738257	0.0	0.15	True	3245.0	False	False	27068.0	False	Mixed	True	False	0.025	0.0	1.95065	1.5	9.0													
7483.3164	9.748400000000402	processed_trials			80.0	0.8667178356738257					False				Mixed					1.95065		9.0	40.0	40.0	True	False	False	1.9506999999999994	1.9506999999999994	20.373136501193883	6.3295	-0.051564970488421985	Left	3.6427	
7483.3164	6.329499999999825	states																																	"       state_name
id               
3   wait_for_poke"
7489.6458999999995	0.8667000000004919	states																																	"        state_name
id                
1   nose_in_center"
7490.5126	0.001999999999497959	states																																	"   state_name
id           
5      go_cue"
7490.5145999999995	1.9507000000003245	states																																	"            state_name
id                    
6   wait_for_side_poke"
7492.4653	0.061899999999695865	states																																	"         state_name
id                 
4   announce_reward"
7492.5271999999995	0.5375000000003638	states																																	"   state_name
id           
8      reward"
7493.0647	0.00010000000020227162	states																																	"    state_name
id            
7   stop_sound"
7493.2092	5.360700000000179	trials	1.0	2.0	20.0	0.9223653541278658	0.0	0.15	True	3325.0	False	False	27069.0	False	Mixed	True	False	0.025	0.0	2.474886466633397	1.5	9.0													
7493.2092	5.360700000000179	processed_trials			20.0	0.9223653541278658					False				Mixed					2.474886466633397		9.0	40.0	40.0	False	True	False			20.373136501193883	3.1969000000000003	-0.12830049688513695	Left	0.7474000000000003	
7493.2092	3.196899999999914	states																																	"       state_name
id               
3   wait_for_poke"
7496.4061	0.16380000000026484	states																																	"        state_name
id                
1   nose_in_center"
7496.5699	2.0	states																																	"          state_name
id                  
2   punish_violation"
7498.7146	7.053100000000086	trials	1.0	2.0	20.0	0.8555356331730366	0.0	0.15	True	3325.0	False	False	27070.0	False	Mixed	True	True	0.025	0.0	4.574634672700361	1.5	9.0													
7498.7146	7.053100000000086	processed_trials			20.0	0.8555356331730366					False				Mixed					4.574634672700361		9.0	40.0	40.0	True	False	False	4.5746	4.5746	20.373136501193883	1.3752	-0.1729244860433109	Right	1.3752	
7498.7146	1.3752000000004045	states																																	"       state_name
id               
3   wait_for_poke"
7500.089800000001	0.8554999999996653	states																																	"        state_name
id                
1   nose_in_center"
7500.9453	0.001999999999497959	states																																	"   state_name
id           
5      go_cue"
7500.9473	4.574600000000828	states																																	"            state_name
id                    
6   wait_for_side_poke"
7505.521900000001	0.08709999999973661	states																																	"         state_name
id                 
4   announce_reward"
7505.609	0.15859999999975116	states																																	"   state_name
id           
8      reward"
7505.7676	0.00010000000020227162	states																																	"    state_name
id            
7   stop_sound"
7505.9209	3.3759000000000015	trials	1.0	2.0	80.0	0.9635961299583253	0.0	0.15	True	3345.0	False	False	27071.0	False	Mixed	True	False	0.025	0.0	2.013631939496361	1.5	9.0													
7505.9209	3.3759000000000015	processed_trials			80.0	0.9635961299583253					False				Mixed					2.013631939496361		9.0	40.0	40.0	False	True	False			20.373136501193883	1.3257	-0.1741370278796888	Left	0.5145000000000001	
7505.9209	1.3257000000003245	states																																	"       state_name
id               
3   wait_for_poke"
7507.2466	0.05019999999967695	states																																	"        state_name
id                
1   nose_in_center"
7507.2968	2.0	states																																	"          state_name
id                  
2   punish_violation"
7509.4395	2.3838999999998123	trials	1.0	2.0	80.0	1.0800803330079365	0.0	0.15	True	3345.0	False	False	27072.0	False	Mixed	True	True	0.025	0.0	0.6668523467962852	1.5	9.0													
7509.4395	2.3838999999998123	processed_trials			80.0	1.0800803330079365					False				Mixed					0.6668523467962852		9.0	40.0	40.0	True	False	False	0.6669	0.6669	20.373136501193883	0.0357	-0.20573660300953692	Left	0.0357	
7509.4395	0.03570000000036089	states																																	"       state_name
id               
3   wait_for_poke"
7509.475200000001	1.08009999999922	states																																	"        state_name
id                
1   nose_in_center"
7510.5553	0.0020000000004074536	states																																	"   state_name
id           
5      go_cue"
7510.5573	0.6669000000001688	states																																	"            state_name
id                    
6   wait_for_side_poke"
7511.224200000001	0.061599999999998545	states																																	"         state_name
id                 
4   announce_reward"
7511.285800000001	0.5374999999994543	states																																	"   state_name
id           
8      reward"
7511.8233	0.00010000000020227162	states																																	"    state_name
id            
7   stop_sound"
7511.9693	6.0020000000004075	trials	1.0	2.0	20.0	1.0800803	0.0	0.15	True	3425.0	False	False	27073.0	False	Mixed	True	False	0.025	0.0	1.0622389124651934	1.5	9.0													
7511.9693	6.0020000000004075	processed_trials			20.0	1.0800803					False				Mixed					1.0622389124651934		9.0	40.0	40.0	False	True	False			20.373136501193883	3.7481	-0.1147984148606623	Left	0.6560000000000001	
7511.9693	3.748099999999795	states																																	"       state_name
id               
3   wait_for_poke"
7515.7173999999995	0.25390000000061264	states																																	"        state_name
id                
1   nose_in_center"
7515.9713	2.0	states																																	"          state_name
id                  
2   punish_violation"
7518.1213	8.984800000000178	trials	1.0	2.0	20.0	1.1181794509167924	0.0	0.15	True	3425.0	True	False	27074.0	False	Mixed	True	True	0.025	0.0	100.0	1.5	9.0													
7518.1213	8.984800000000178	processed_trials			20.0	1.1181794509167924					True				Mixed					100.0		9.0	40.0	40.0	False	False	True	7.551300000000001	7.551300000000001	20.373136501193883	0.11320000000000001	-0.2038381789222786	Right	0.11320000000000001	
7518.1213	0.11319999999977881	states																																	"       state_name
id               
3   wait_for_poke"
7518.2345	1.118199999999888	states																																	"        state_name
id                
1   nose_in_center"
7519.3526999999995	0.0020000000004074536	states																																	"   state_name
id           
5      go_cue"
7519.3547	7.551300000000083	states																																	"            state_name
id                    
6   wait_for_side_poke"
7526.906	0.1999999999998181	states																																	"   state_name
id           
0     opt_out"
7527.106	0.00010000000020227162	states																																	"    state_name
id            
7   stop_sound"
7527.2543	3.302400000000489	trials	1.0	2.0	80.0	1.1796916300838958	0.0	0.15	True	3425.0	True	False	27075.0	False	Mixed	True	False	0.025	0.0	100.0	1.5	9.0													
7527.2543	3.302400000000489	processed_trials			80.0	1.1796916300838958					True				Mixed					100.0		9.0	40.0	40.0	False	True	False			20.373136501193883	0.1271	-0.20349768737630583	Left	0.1271	
7527.2543	0.12709999999970023	states																																	"       state_name
id               
3   wait_for_poke"
7527.381399999999	1.1752999999998792	states																																	"        state_name
id                
1   nose_in_center"
7528.556699999999	2.0	states																																	"          state_name
id                  
2   punish_violation"
7530.7061	10.018799999999828	trials	1.0	2.0	80.0	1.1796916	0.0	0.15	True	3425.0	False	False	27076.0	False	Mixed	True	True	0.025	0.0	7.826833433740148	1.5	9.0													
7530.7061	10.018799999999828	processed_trials			80.0	1.1796916					False				Mixed					7.826833433740148		9.0	40.0	40.0	True	False	False	7.8268	7.8268	20.373136501193883	0.1032	-0.20408313686902166	Right	0.1032	
7530.7061	0.10319999999956053	states																																	"       state_name
id               
3   wait_for_poke"
7530.8093	1.1797000000005937	states																																	"        state_name
id                
1   nose_in_center"
7531.9890000000005	0.001999999999497959	states																																	"   state_name
id           
5      go_cue"
7531.991	7.8268000000007305	states																																	"            state_name
id                    
6   wait_for_side_poke"
7539.817800000001	0.335599999999431	states																																	"         state_name
id                 
4   announce_reward"
7540.1534	0.5713999999998123	states																																	"   state_name
id           
8      reward"
7540.7248	0.00010000000020227162	states																																	"    state_name
id            
7   stop_sound"
7540.8755	5.68119999999999	trials	1.0	2.0	40.0	0.8319050580710438	0.0	0.15	True	3505.0	False	False	27077.0	False	Mixed	True	False	0.025	0.0	0.3102306917304344	1.5	9.0													
7540.8755	5.68119999999999	processed_trials			40.0	0.8319050580710438					False				Mixed					0.3102306917304344		9.0	40.0	40.0	False	True	False			20.373136501193883	3.4057	-0.12318577495714295	Left	0.9359999999999999	
7540.8755	3.4057000000002517	states																																	"       state_name
id               
3   wait_for_poke"
7544.2812	0.27549999999973807	states																																	"        state_name
id                
1   nose_in_center"
7544.5567	2.0	states																																	"          state_name
id                  
2   punish_violation"
7546.706	13.658199999999852	trials	1.0	2.0	40.0	0.9420174422692136	0.0	0.15	True	3505.0	True	False	27078.0	False	Mixed	True	True	0.025	0.0	100.0	1.5	9.0													
7546.706	13.658199999999852	processed_trials			40.0	0.9420174422692136					True				Mixed					100.0		9.0	40.0	40.0	False	False	True	12.4366	12.4366	20.373136501193883	0.0775	-0.20471267879215116	Left	0.0775	
7546.706	0.07750000000032742	states																																	"       state_name
id               
3   wait_for_poke"
7546.7835000000005	0.9420000000000073	states																																	"        state_name
id                
1   nose_in_center"
7547.7255000000005	0.001999999999497959	states																																	"   state_name
id           
5      go_cue"
7547.7275	12.436599999999999	states																																	"            state_name
id                    
6   wait_for_side_poke"
7560.1641	0.1999999999998181	states																																	"   state_name
id           
0     opt_out"
7560.3641	0.00010000000020227162	states																																	"    state_name
id            
7   stop_sound"
7560.5157	2.665899999999965	trials	1.0	2.0	5.0	1.0209421933053626	0.0	0.15	True	3505.0	False	False	27079.0	False	Mixed	True	False	0.025	0.0	3.6647304239471916	1.5	9.0													
7560.5157	2.665899999999965	processed_trials			5.0	1.0209421933053626					False				Mixed					3.6647304239471916		9.0	40.0	40.0	False	True	False			20.373136501193883	0.6255	-0.1912889833106343	Left	0.6255	
7560.5157	0.6255000000001019	states																																	"       state_name
id               
3   wait_for_poke"
7561.1412	0.04039999999986321	states																																	"        state_name
id                
1   nose_in_center"
7561.1816	2.0	states																																	"          state_name
id                  
2   punish_violation"
7563.3301	2.0969999999997526	trials	1.0	2.0	5.0	1.1353798775714987	0.0	0.15	True	3505.0	False	False	27080.0	False	Mixed	True	True	0.025	0.0	0.7021339139972991	1.5	9.0													
7563.3301	2.0969999999997526	processed_trials			5.0	1.1353798775714987					False				Mixed					0.7021339139972991		9.0	40.0	40.0	False	True	False			20.373136501193883	0.0399	-0.20563372067190488	Left	0.0399	
7563.3301	0.03989999999976135	states																																	"       state_name
id               
3   wait_for_poke"
7563.37	0.05709999999999127	states																																	"        state_name
id                
1   nose_in_center"
7563.4271	2.0	states																																	"          state_name
id                  
2   punish_violation"
7565.5788	2.38799999999992	trials	1.0	2.0	5.0	1.0890268117452029	0.0	0.15	True	3505.0	False	False	27081.0	False	Mixed	True	True	0.025	0.0	3.7676624825838134	1.5	9.0													
7565.5788	2.38799999999992	processed_trials			5.0	1.0890268117452029					False				Mixed					3.7676624825838134		9.0	40.0	40.0	False	True	False			20.373136501193883	0.122	-0.20362261592914477	Right	0.122	
7565.5788	0.12200000000029831	states																																	"       state_name
id               
3   wait_for_poke"
7565.7008000000005	0.26599999999962165	states																																	"        state_name
id                
1   nose_in_center"
7565.9668	2.0	states																																	"          state_name
id                  
2   punish_violation"
7568.1215	4.03479999999945	trials	1.0	2.0	5.0	1.0590285222541973	0.0	0.15	True	3505.0	False	False	27082.0	False	Mixed	True	True	0.025	0.0	1.0872942152713532	1.5	9.0													
7568.1215	4.03479999999945	processed_trials			5.0	1.0590285222541973					False				Mixed					1.0872942152713532		9.0	40.0	40.0	False	True	False			20.373136501193883	1.3697000000000001	-0.17305921291401954	Right	1.3697000000000001	
7568.1215	1.3697000000001935	states																																	"       state_name
id               
3   wait_for_poke"
7569.4912	0.6651000000001659	states																																	"        state_name
id                
1   nose_in_center"
7570.156300000001	2.0	states																																	"          state_name
id                  
2   punish_violation"
7572.3227	13.902399999999943	trials	1.0	2.0	5.0	1.142215426727783	0.0	0.15	True	3505.0	True	False	27083.0	False	Mixed	True	True	0.025	0.0	100.0	1.5	9.0													
7572.3227	13.902399999999943	processed_trials			5.0	1.142215426727783					True				Mixed					100.0		9.0	40.0	40.0	False	False	True	7.654199999999999	7.654199999999999	20.373136501193883	4.903899999999999	-0.08648617537610535	Left	4.903899999999999	
7572.3227	4.903900000000249	states																																	"       state_name
id               
3   wait_for_poke"
7577.2266	1.1421999999993204	states																																	"        state_name
id                
1   nose_in_center"
7578.368799999999	0.0020000000004074536	states																																	"   state_name
id           
5      go_cue"
7578.3708	7.654199999999946	states																																	"            state_name
id                    
6   wait_for_side_poke"
7586.025	0.1999999999998181	states																																	"   state_name
id           
0     opt_out"
7586.224999999999	0.00010000000020227162	states																																	"    state_name
id            
7   stop_sound"
7586.381	2.407499999999345	trials	1.0	2.0	40.0	1.0814801049819525	0.0	0.15	True	3505.0	False	False	27084.0	False	Mixed	True	False	0.025	0.0	3.323800385892831	1.5	9.0													
7586.381	2.407499999999345	processed_trials			40.0	1.0814801049819525					False				Mixed					3.323800385892831		9.0	40.0	40.0	False	True	False			20.373136501193883	0.3599	-0.1977950663761286	Right	0.3599	
7586.381	0.3599000000003798	states																																	"       state_name
id               
3   wait_for_poke"
7586.740900000001	0.047599999999874854	states																																	"        state_name
id                
1   nose_in_center"
7586.788500000001	2.0	states																																	"          state_name
id                  
2   punish_violation"
7588.9471	5.183799999999792	trials	1.0	2.0	40.0	1.0463559461623302	0.0	0.15	True	3505.0	False	False	27085.0	False	Mixed	True	True	0.025	0.0	3.1956387209215014	1.5	9.0													
7588.9471	5.183799999999792	processed_trials			40.0	1.0463559461623302					False				Mixed					3.1956387209215014		9.0	40.0	40.0	True	False	False	3.1955999999999998	3.1955999999999998	20.373136501193883	0.1013	-0.2041296788789028	Left	0.1013	
7588.9471	0.10130000000026484	states																																	"       state_name
id               
3   wait_for_poke"
7589.048400000001	1.046400000000176	states																																	"        state_name
id                
1   nose_in_center"
7590.094800000001	0.001999999999497959	states																																	"   state_name
id           
5      go_cue"
7590.0968	3.195600000000013	states																																	"            state_name
id                    
6   wait_for_side_poke"
7593.2924	0.5615999999999985	states																																	"         state_name
id                 
4   announce_reward"
7593.854	0.2767999999996391	states																																	"   state_name
id           
8      reward"
7594.1308	0.00010000000020227162	states																																	"    state_name
id            
7   stop_sound"
7594.2936	10.215699999999742	trials	1.0	2.0	80.0	1.0463559	0.0	0.15	True	3545.0	False	False	27086.0	False	Mixed	True	False	0.025	0.0	5.516974133218412	1.5	9.0													
7594.2936	10.215699999999742	processed_trials			80.0	1.0463559					False				Mixed					5.516974133218412		9.0	40.0	40.0	True	False	False	5.517	5.517	20.373136501193883	2.9526999999999997	-0.13428236994460124	Left	0.34609999999999985	
7594.2936	2.9526999999998225	states																																	"       state_name
id               
3   wait_for_poke"
7597.2463	1.046400000000176	states																																	"        state_name
id                
1   nose_in_center"
7598.2927	0.0020000000004074536	states																																	"   state_name
id           
5      go_cue"
7598.2947	5.516999999999825	states																																	"            state_name
id                    
6   wait_for_side_poke"
7603.8117	0.15999999999985448	states																																	"         state_name
id                 
4   announce_reward"
7603.9717	0.5375000000003638	states																																	"   state_name
id           
8      reward"
7604.5092	9.999999929277692e-05	states																																	"    state_name
id            
7   stop_sound"
7604.6688	5.108999999999469	trials	1.0	2.0	80.0	0.9323095665366137	0.0	0.15	True	3625.0	False	False	27087.0	False	Mixed	True	False	0.025	0.0	0.09611432886000054	1.5	9.0													
7604.6688	5.108999999999469	processed_trials			80.0	0.9323095665366137					False				Mixed					0.09611432886000054		9.0	40.0	40.0	True	False	False	0.09610000000000074	0.09610000000000074	20.373136501193883	2.8069	-0.1378538568081143	Right	0.7960000000000003	
7604.6688	2.8068999999995867	states																																	"       state_name
id               
3   wait_for_poke"
7607.4757	0.9323000000003958	states																																	"        state_name
id                
1   nose_in_center"
7608.408	0.0020000000004074536	states																																	"   state_name
id           
5      go_cue"
7608.410000000001	0.09609999999975116	states																																	"            state_name
id                    
6   wait_for_side_poke"
7608.5061000000005	0.7002000000002226	states																																	"         state_name
id                 
4   announce_reward"
7609.206300000001	0.5713999999998123	states																																	"   state_name
id           
8      reward"
7609.777700000001	0.00010000000020227162	states																																	"    state_name
id            
7   stop_sound"
7609.9346	4.822000000000116	trials	1.0	2.0	10.0	0.8812798878158785	0.0	0.15	True	3705.0	False	False	27088.0	False	Mixed	True	False	0.025	0.0	1.994608145802343	1.5	9.0													
7609.9346	4.822000000000116	processed_trials			10.0	0.8812798878158785					False				Mixed					1.994608145802343		9.0	40.0	40.0	False	True	False			20.373136501193883	2.7484	-0.1392868607965609	Right	0.6627000000000005	
7609.9346	2.7484000000004016	states																																	"       state_name
id               
3   wait_for_poke"
7612.683	0.07359999999971478	states																																	"        state_name
id                
1   nose_in_center"
7612.7566	2.0	states																																	"          state_name
id                  
2   punish_violation"
7614.9139	2.1876000000002023	trials	1.0	2.0	10.0	0.8982100145341293	0.0	0.15	True	3705.0	True	False	27089.0	False	Mixed	True	True	0.025	0.0	1.9946081	1.5	9.0													
7614.9139	2.1876000000002023	processed_trials			10.0	0.8982100145341293					False				Mixed					1.9946081		9.0	40.0	40.0	False	True	False			20.373136501193883	0.0882	-0.20445057378913614	Left	0.0882	
7614.9139	0.08820000000014261	states																																	"       state_name
id               
3   wait_for_poke"
7615.0021	0.09940000000005966	states																																	"        state_name
id                
1   nose_in_center"
7615.1015	2.0	states																																	"          state_name
id                  
2   punish_violation"
7617.2647	1.56670000000031	trials	1.0	2.0	10.0	0.9150682149613648	0.0	0.15	True	3705.0	False	False	27090.0	False	Mixed	True	True	0.025	0.0	0.448753291891707	1.5	9.0													
7617.2647	1.56670000000031	processed_trials			10.0	0.9150682149613648					False				Mixed					0.448753291891707		9.0	40.0	40.0	True	False	False	0.4488000000000001	0.4488000000000001	20.373136501193883	0.0445	-0.20552104001640312	Left	0.0445	
7617.2647	0.044499999999970896	states																																	"       state_name
id               
3   wait_for_poke"
7617.3092	0.9151000000001659	states																																	"        state_name
id                
1   nose_in_center"
7618.2243	0.001999999999497959	states																																	"   state_name
id           
5      go_cue"
7618.226299999999	0.4488000000001193	states																																	"            state_name
id                    
6   wait_for_side_poke"
7618.6750999999995	0.07080000000041764	states																																	"         state_name
id                 
4   announce_reward"
7618.7459	0.08539999999993597	states																																	"   state_name
id           
8      reward"
7618.8313	0.00010000000020227162	states																																	"    state_name
id            
7   stop_sound"
7618.9908	3.4810000000006767	trials	1.0	2.0	80.0	1.1779851842113374	0.0	0.15	True	3715.0	False	False	27091.0	False	Mixed	True	False	0.025	0.0	0.09026302456053767	1.5	9.0													
7618.9908	3.4810000000006767	processed_trials			80.0	1.1779851842113374					False				Mixed					0.09026302456053767		9.0	40.0	40.0	True	False	False	0.09030000000000005	0.09030000000000005	20.373136501193883	1.1501	-0.17843848942449603	Right	0.5578999999999998	
7618.9908	1.1500999999998385	states																																	"       state_name
id               
3   wait_for_poke"
7620.140899999999	1.1779999999998836	states																																	"        state_name
id                
1   nose_in_center"
7621.318899999999	0.0020000000004074536	states																																	"   state_name
id           
5      go_cue"
7621.3209	0.09029999999984284	states																																	"            state_name
id                    
6   wait_for_side_poke"
7621.4112	0.48909999999978027	states																																	"         state_name
id                 
4   announce_reward"
7621.900299999999	0.5713999999998123	states																																	"   state_name
id           
8      reward"
7622.471699999999	0.00010000000020227162	states																																	"    state_name
id            
7   stop_sound"
7622.6381	5.055599999999686	trials	1.0	2.0	10.0	0.9128154907305052	0.0	0.15	True	3795.0	False	False	27092.0	False	Mixed	True	False	0.025	0.0	0.2739114984271086	1.5	9.0													
7622.6381	5.055599999999686	processed_trials			10.0	0.9128154907305052					False				Mixed					0.2739114984271086		9.0	40.0	40.0	False	True	False			20.373136501193883	3.0096	-0.1328885592276335	Right	0.6869000000000001	
7622.6381	3.0096000000003187	states																																	"       state_name
id               
3   wait_for_poke"
7625.6477	0.04599999999936699	states																																	"        state_name
id                
1   nose_in_center"
7625.6937	2.0	states																																	"          state_name
id                  
2   punish_violation"
7627.854	2.4281999999993786	trials	1.0	2.0	10.0	0.8437820967295175	0.0	0.15	True	3795.0	False	False	27093.0	False	Mixed	True	True	0.025	0.0	3.5005464594987714	1.5	9.0													
7627.854	2.4281999999993786	processed_trials			10.0	0.8437820967295175					False				Mixed					3.5005464594987714		9.0	40.0	40.0	False	True	False			20.373136501193883	0.11259999999999999	-0.2038528763990832	Left	0.11259999999999999	
7627.854	0.11260000000038417	states																																	"       state_name
id               
3   wait_for_poke"
7627.966600000001	0.31559999999990396	states																																	"        state_name
id                
1   nose_in_center"
7628.282200000001	2.0	states																																	"          state_name
id                  
2   punish_violation"
7630.4521	2.0458999999991647	trials	1.0	2.0	10.0	0.8437821	0.0	0.15	True	3795.0	False	False	27094.0	False	Mixed	True	True	0.025	0.0	2.672644878420134	1.5	9.0													
7630.4521	2.0458999999991647	processed_trials			10.0	0.8437821					False				Mixed					2.672644878420134		9.0	40.0	40.0	False	True	False			20.373136501193883	0.0081	-0.20641268694254764	Right	0.0081	
7630.4521	0.008100000000013097	states																																	"       state_name
id               
3   wait_for_poke"
7630.4602	0.03780000000006112	states																																	"        state_name
id                
1   nose_in_center"
7630.4980000000005	2.0	states																																	"          state_name
id                  
2   punish_violation"
7632.6581	1.727600000000166	trials	1.0	2.0	10.0	0.9464850586424199	0.0	0.15	True	3795.0	False	False	27095.0	False	Mixed	True	True	0.025	0.0	0.06378725518929365	1.5	9.0													
7632.6581	1.727600000000166	processed_trials			10.0	0.9464850586424199					False				Mixed					0.06378725518929365		9.0	40.0	40.0	True	False	False	0.06380000000000008	0.06380000000000008	20.373136501193883	0.2092	-0.20148658263354574	Left	0.2092	
7632.6581	0.2092000000002372	states																																	"       state_name
id               
3   wait_for_poke"
7632.8673	0.9465000000000146	states																																	"        state_name
id                
1   nose_in_center"
7633.8138	0.001999999999497959	states																																	"   state_name
id           
5      go_cue"
7633.815799999999	0.06379999999990105	states																																	"            state_name
id                    
6   wait_for_side_poke"
7633.879599999999	0.4206000000003769	states																																	"         state_name
id                 
4   announce_reward"
7634.3002	0.08539999999993597	states																																	"   state_name
id           
8      reward"
7634.3856	0.00010000000020227162	states																																	"    state_name
id            
7   stop_sound"
7634.5499	3.7911999999996624	trials	1.0	2.0	80.0	0.9781323608324543	0.0	0.15	True	3805.0	False	False	27096.0	False	Mixed	True	False	0.025	0.0	0.7787462144953949	1.5	9.0													
7634.5499	3.7911999999996624	processed_trials			80.0	0.9781323608324543					False				Mixed					0.7787462144953949		9.0	40.0	40.0	True	False	False	0.7787000000000002	0.7787000000000002	20.373136501193883	1.3625999999999998	-0.1732331330562071	Right	0.3557999999999999	
7634.5499	1.3626000000003842	states																																	"       state_name
id               
3   wait_for_poke"
7635.9125	0.9780999999993583	states																																	"        state_name
id                
1   nose_in_center"
7636.8906	0.0020000000004074536	states																																	"   state_name
id           
5      go_cue"
7636.8926	0.7786999999998443	states																																	"            state_name
id                    
6   wait_for_side_poke"
7637.6713	0.09829999999965366	states																																	"         state_name
id                 
4   announce_reward"
7637.7696	0.5714000000007218	states																																	"   state_name
id           
8      reward"
7638.341	9.999999929277692e-05	states																																	"    state_name
id            
7   stop_sound"
7638.5083	5.4266999999999825	trials	1.0	2.0	20.0	0.9564210264430446	0.0	0.15	True	3885.0	False	False	27097.0	False	Mixed	True	False	0.025	0.0	2.54871873048024	1.5	9.0													
7638.5083	5.4266999999999825	processed_trials			20.0	0.9564210264430446					False				Mixed					2.54871873048024		9.0	40.0	40.0	False	True	False			20.373136501193883	3.3436999999999997	-0.12470451422694959	Right	0.7450999999999999	
7638.5083	3.3437000000003536	states																																	"       state_name
id               
3   wait_for_poke"
7641.852000000001	0.08299999999962893	states																																	"        state_name
id                
1   nose_in_center"
7641.935	2.0	states																																	"          state_name
id                  
2   punish_violation"
7644.1005	2.6426000000001295	trials	1.0	2.0	20.0	1.1825838615254542	0.0	0.15	True	3885.0	False	False	27098.0	False	Mixed	True	True	0.025	0.0	1.607052193540591	1.5	9.0													
7644.1005	2.6426000000001295	processed_trials			20.0	1.1825838615254542					False				Mixed					1.607052193540591		9.0	40.0	40.0	False	True	False			20.373136501193883	0.5708	-0.19262890327931853	Left	0.5708	
7644.1005	0.5708000000004176	states																																	"       state_name
id               
3   wait_for_poke"
7644.6713	0.07179999999971187	states																																	"        state_name
id                
1   nose_in_center"
7644.7431	2.0	states																																	"          state_name
id                  
2   punish_violation"
7646.9125	6.301799999999275	trials	1.0	2.0	20.0	1.1825839	0.0	0.15	True	3885.0	False	False	27099.0	False	Mixed	True	True	0.025	0.0	4.215633546033103	1.5	9.0													
7646.9125	6.301799999999275	processed_trials			20.0	1.1825839					False				Mixed					4.215633546033103		9.0	40.0	40.0	True	False	False	4.2156	4.2156	20.373136501193883	0.16190000000000002	-0.20264523372164017	Right	0.16190000000000002	
7646.9125	0.16190000000005966	states																																	"       state_name
id               
3   wait_for_poke"
7647.0744	1.1826000000000931	states																																	"        state_name
id                
1   nose_in_center"
7648.2570000000005	0.001999999999497959	states																																	"   state_name
id           
5      go_cue"
7648.259	4.21560000000045	states																																	"            state_name
id                    
6   wait_for_side_poke"
7652.4746000000005	0.581000000000131	states																																	"         state_name
id                 
4   announce_reward"
7653.055600000001	0.15859999999975116	states																																	"   state_name
id           
8      reward"
7653.2142	0.00010000000020227162	states																																	"    state_name
id            
7   stop_sound"
7653.3856	3.783300000000054	trials	1.0	2.0	80.0	1.0516307790352202	0.0	0.15	True	3905.0	False	False	27100.0	False	Mixed	True	False	0.025	0.0	3.0908188762912694	1.5	9.0													
7653.3856	3.783300000000054	processed_trials			80.0	1.0516307790352202					False				Mixed					3.0908188762912694		9.0	40.0	40.0	False	True	False			20.373136501193883	1.7728	-0.16318495808080885	Left	1.0482	
7653.3856	1.7727999999997337	states																																	"       state_name
id               
3   wait_for_poke"
7655.158399999999	0.010500000000320142	states																																	"        state_name
id                
1   nose_in_center"
7655.1689	2.0	states																																	"          state_name
id                  
2   punish_violation"
7657.3379	2.0739999999996144	trials	1.0	2.0	80.0	1.0516308	0.0	0.15	True	3905.0	False	False	27101.0	False	Mixed	True	True	0.025	0.0	0.16529545971409715	1.5	9.0													
7657.3379	2.0739999999996144	processed_trials			80.0	1.0516308					False				Mixed					0.16529545971409715		9.0	40.0	40.0	False	True	False			20.373136501193883	0.0288	-0.2059056239927896	Right	0.0288	
7657.3379	0.028800000000046566	states																																	"       state_name
id               
3   wait_for_poke"
7657.3667000000005	0.04519999999956781	states																																	"        state_name
id                
1   nose_in_center"
7657.4119	2.0	states																																	"          state_name
id                  
2   punish_violation"
7659.5812	3.9581000000007407	trials	1.0	2.0	80.0	0.9879162393431882	0.0	0.15	True	3905.0	False	False	27102.0	False	Mixed	True	True	0.025	0.0	2.288445266072972	1.5	9.0													
7659.5812	3.9581000000007407	processed_trials			80.0	0.9879162393431882					False				Mixed					2.288445266072972		9.0	40.0	40.0	True	False	False	2.2884	2.2884	20.373136501193883	0.09440000000000001	-0.20429869986215546	Right	0.09440000000000001	
7659.5812	0.09439999999995052	states																																	"       state_name
id               
3   wait_for_poke"
7659.6756	0.9879000000000815	states																																	"        state_name
id                
1   nose_in_center"
7660.6635	0.0020000000004074536	states																																	"   state_name
id           
5      go_cue"
7660.6655	2.2883999999994558	states																																	"            state_name
id                    
6   wait_for_side_poke"
7662.9538999999995	0.01389999999992142	states																																	"         state_name
id                 
4   announce_reward"
7662.967799999999	0.5713999999998123	states																																	"   state_name
id           
8      reward"
7663.539199999999	0.00010000000020227162	states																																	"    state_name
id            
7   stop_sound"
7663.7117	5.77390000000014	trials	1.0	2.0	20.0	0.945742516258386	0.0	0.15	True	3985.0	False	False	27103.0	False	Mixed	True	False	0.025	0.0	6.315398765798409	1.5	9.0													
7663.7117	5.77390000000014	processed_trials			20.0	0.945742516258386					False				Mixed					6.315398765798409		9.0	40.0	40.0	False	True	False			20.373136501193883	3.7157	-0.11559207860810966	Left	0.8477999999999999	
7663.7117	3.7156999999997424	states																																	"       state_name
id               
3   wait_for_poke"
7667.4274	0.05820000000039727	states																																	"        state_name
id                
1   nose_in_center"
7667.4856	2.0	states																																	"          state_name
id                  
2   punish_violation"
7669.6616	2.1865999999999985	trials	1.0	2.0	20.0	0.94574252	0.0	0.15	True	3985.0	True	False	27104.0	False	Mixed	True	True	0.025	0.0	100.0	1.5	9.0													
7669.6616	2.1865999999999985	processed_trials			20.0	0.94574252					True				Mixed					100.0		9.0	40.0	40.0	False	True	False			20.373136501193883	0.1361	-0.2032772252242371	Left	0.1361	
7669.6616	0.13609999999971478	states																																	"       state_name
id               
3   wait_for_poke"
7669.7977	0.05050000000028376	states																																	"        state_name
id                
1   nose_in_center"
7669.8482	2.0	states																																	"          state_name
id                  
2   punish_violation"
7672.0227	4.364799999999377	trials	1.0	2.0	20.0	1.1127393794771108	0.0	0.15	True	3985.0	False	False	27105.0	False	Mixed	True	True	0.025	0.0	2.909680680939768	1.5	9.0													
7672.0227	4.364799999999377	processed_trials			20.0	1.1127393794771108					False				Mixed					2.909680680939768		9.0	40.0	40.0	True	False	False	2.9097	2.9097	20.373136501193883	0.1348	-0.20330906975731372	Left	0.1348	
7672.0227	0.13479999999981374	states																																	"       state_name
id               
3   wait_for_poke"
7672.1575	1.1127000000005864	states																																	"        state_name
id                
1   nose_in_center"
7673.270200000001	0.001999999999497959	states																																	"   state_name
id           
5      go_cue"
7673.2722	2.909700000000157	states																																	"            state_name
id                    
6   wait_for_side_poke"
7676.1819000000005	0.056599999999889405	states																																	"         state_name
id                 
4   announce_reward"
7676.2385	0.1489000000001397	states																																	"   state_name
id           
8      reward"
7676.3874000000005	0.00010000000020227162	states																																	"    state_name
id            
7   stop_sound"
7676.5628	4.283699999999953	trials	1.0	2.0	5.0	1.1127394	0.0	0.15	True	4005.0	False	False	27106.0	False	Mixed	True	False	0.025	0.0	1.406340895493653	1.5	9.0													
7676.5628	4.283699999999953	processed_trials			5.0	1.1127394					False				Mixed					1.406340895493653		9.0	40.0	40.0	False	True	False			20.373136501193883	2.1700999999999997	-0.15345277885670913	Right	0.6387999999999998	
7676.5628	2.170100000000275	states																																	"       state_name
id               
3   wait_for_poke"
7678.7329	0.1135999999996784	states																																	"        state_name
id                
1   nose_in_center"
7678.8465	2.0	states																																	"          state_name
id                  
2   punish_violation"
7681.0235	3.499499999999898	trials	1.0	2.0	5.0	1.111941956067883	0.0	0.15	True	4005.0	False	False	27107.0	False	Mixed	True	True	0.025	0.0	1.4063409	1.5	9.0													
7681.0235	3.499499999999898	processed_trials			5.0	1.111941956067883					False				Mixed					1.4063409		9.0	40.0	40.0	False	True	False			20.373136501193883	0.3958	-0.1969156673473212	Right	0.3958	
7681.0235	0.39580000000023574	states																																	"       state_name
id               
3   wait_for_poke"
7681.4193000000005	1.1036999999996624	states																																	"        state_name
id                
1   nose_in_center"
7682.523	2.0	states																																	"          state_name
id                  
2   punish_violation"
7684.7049	2.0880999999999403	trials	1.0	2.0	5.0	1.111942	0.0	0.15	True	4005.0	False	False	27108.0	False	Mixed	True	True	0.025	0.0	2.9196946772123775	1.5	9.0													
7684.7049	2.0880999999999403	processed_trials			5.0	1.111942					False				Mixed					2.9196946772123775		9.0	40.0	40.0	False	True	False			20.373136501193883	0.0565	-0.20522709048031149	Left	0.0565	
7684.7049	0.056499999999687134	states																																	"       state_name
id               
3   wait_for_poke"
7684.761399999999	0.0316000000002532	states																																	"        state_name
id                
1   nose_in_center"
7684.793	2.0	states																																	"          state_name
id                  
2   punish_violation"
7686.9689	13.610000000000582	trials	1.0	2.0	5.0	1.194080365462787	0.0	0.15	True	4005.0	False	False	27109.0	False	Mixed	True	True	0.025	0.0	1.2654110376574568	1.5	9.0													
7686.9689	13.610000000000582	processed_trials			5.0	1.194080365462787					False				Mixed					1.2654110376574568		9.0	40.0	40.0	True	False	False	1.2653999999999996	1.2653999999999996	20.373136501193883	11.0238	0.06342563845114867	Left	11.0238	
7686.9689	11.023799999999937	states																																	"       state_name
id               
3   wait_for_poke"
7697.9927	1.1940999999997075	states																																	"        state_name
id                
1   nose_in_center"
7699.1867999999995	0.0020000000004074536	states																																	"   state_name
id           
5      go_cue"
7699.1888	1.265400000000227	states																																	"            state_name
id                    
6   wait_for_side_poke"
7700.4542	0.07069999999930587	states																																	"         state_name
id                 
4   announce_reward"
7700.524899999999	0.053900000000794535	states																																	"   state_name
id           
8      reward"
7700.5788	9.999999929277692e-05	states																																	"    state_name
id            
7   stop_sound"
7700.7556	7.096499999999651	trials	1.0	2.0	5.0	1.050269304568066	0.0	0.15	True	4010.0	False	False	27110.0	False	Mixed	True	False	0.025	0.0	4.227677431084238	1.5	9.0													
7700.7556	7.096499999999651	processed_trials			5.0	1.050269304568066					False				Mixed					4.227677431084238		9.0	40.0	40.0	True	False	False	4.2277000000000005	4.2277000000000005	20.373136501193883	1.6970999999999998	-0.16503928973765344	Left	0.36109999999999975	
7700.7556	1.6971000000003187	states																																	"       state_name
id               
3   wait_for_poke"
7702.452700000001	1.0502999999998792	states																																	"        state_name
id                
1   nose_in_center"
7703.503000000001	0.001999999999497959	states																																	"   state_name
id           
5      go_cue"
7703.505	4.227700000000368	states																																	"            state_name
id                    
6   wait_for_side_poke"
7707.7327000000005	0.06539999999949941	states																																	"         state_name
id                 
4   announce_reward"
7707.7981	0.053900000000794535	states																																	"   state_name
id           
8      reward"
7707.852000000001	9.999999929277692e-05	states																																	"    state_name
id            
7   stop_sound"
7708.0269	3.973200000000361	trials	1.0	2.0	20.0	1.0442609432669094	0.0	0.15	True	4015.0	True	False	27111.0	False	Mixed	True	False	0.025	0.0	100.0	1.5	9.0													
7708.0269	3.973200000000361	processed_trials			20.0	1.0442609432669094					True				Mixed					100.0		9.0	40.0	40.0	False	True	False			20.373136501193883	1.5686	-0.16818699935330111	Right	0.5988	
7708.0269	1.5685999999996056	states																																	"       state_name
id               
3   wait_for_poke"
7709.595499999999	0.40460000000075524	states																																	"        state_name
id                
1   nose_in_center"
7710.0001	2.0	states																																	"          state_name
id                  
2   punish_violation"
7712.1758	3.8924999999999272	trials	1.0	2.0	20.0	1.0442609	0.0	0.15	True	4015.0	False	False	27112.0	False	Mixed	True	True	0.025	0.0	2.07000695197973	1.5	9.0													
7712.1758	3.8924999999999272	processed_trials			20.0	1.0442609					False				Mixed					2.07000695197973		9.0	40.0	40.0	True	False	False	2.0700000000000003	2.0700000000000003	20.373136501193883	0.041299999999999996	-0.20559942655936086	Right	0.041299999999999996	
7712.1758	0.04129999999986467	states																																	"       state_name
id               
3   wait_for_poke"
7712.2171	1.0443000000004758	states																																	"        state_name
id                
1   nose_in_center"
7713.2614	0.001999999999497959	states																																	"   state_name
id           
5      go_cue"
7713.2634	2.069999999999709	states																																	"            state_name
id                    
6   wait_for_side_poke"
7715.3333999999995	0.5762000000004264	states																																	"         state_name
id                 
4   announce_reward"
7715.9096	0.15859999999975116	states																																	"   state_name
id           
8      reward"
7716.0682	0.00010000000020227162	states																																	"    state_name
id            
7   stop_sound"
7716.2485	4.138100000000122	trials	1.0	2.0	5.0	0.98752499114023	0.0	0.15	True	4035.0	False	False	27113.0	False	Mixed	True	False	0.025	0.0	2.070007	1.5	9.0													
7716.2485	4.138100000000122	processed_trials			5.0	0.98752499114023					False				Mixed					2.070007		9.0	40.0	40.0	False	True	False			20.373136501193883	2.1037	-0.1550792996230827	Right	0.9436	
7716.2485	2.1036999999996624	states																																	"       state_name
id               
3   wait_for_poke"
7718.352199999999	0.03440000000045984	states																																	"        state_name
id                
1   nose_in_center"
7718.3866	2.0	states																																	"          state_name
id                  
2   punish_violation"
7720.5661	2.137399999999616	trials	1.0	2.0	5.0	1.1081924473094307	0.0	0.15	True	4035.0	False	False	27114.0	False	Mixed	True	True	0.025	0.0	0.29611968944095696	1.5	9.0													
7720.5661	2.137399999999616	processed_trials			5.0	1.1081924473094307					False				Mixed					0.29611968944095696		9.0	40.0	40.0	False	True	False			20.373136501193883	0.0996	-0.2041713217298491	Right	0.0996	
7720.5661	0.09959999999955471	states																																	"       state_name
id               
3   wait_for_poke"
7720.6657	0.03780000000006112	states																																	"        state_name
id                
1   nose_in_center"
7720.7035	2.0	states																																	"          state_name
id                  
2   punish_violation"
7722.8826	9.779099999999744	trials	1.0	2.0	5.0	0.9798785446691187	0.0	0.15	True	4035.0	False	False	27115.0	False	Mixed	True	True	0.025	0.0	8.082643420835318	1.5	9.0													
7722.8826	9.779099999999744	processed_trials			5.0	0.9798785446691187					False				Mixed					8.082643420835318		9.0	40.0	40.0	True	False	False	8.0826	8.0826	20.373136501193883	0.6347999999999999	-0.19106117242016327	Right	0.6347999999999999	
7722.8826	0.6347999999998137	states																																	"       state_name
id               
3   wait_for_poke"
7723.5174	0.9799000000002707	states																																	"        state_name
id                
1   nose_in_center"
7724.4973	0.001999999999497959	states																																	"   state_name
id           
5      go_cue"
7724.4992999999995	8.082600000000639	states																																	"            state_name
id                    
6   wait_for_side_poke"
7732.5819	0.02129999999942811	states																																	"         state_name
id                 
4   announce_reward"
7732.6032	0.05840000000080181	states																																	"   state_name
id           
8      reward"
7732.6616	9.999999929277692e-05	states																																	"    state_name
id            
7   stop_sound"
7732.8437	3.4633999999996377	trials	1.0	2.0	5.0	1.1943182349508208	0.0	0.15	True	4040.0	False	False	27116.0	False	Mixed	True	False	0.025	0.0	1.9322273041676823	1.5	9.0													
7732.8437	3.4633999999996377	processed_trials			5.0	1.1943182349508208					False				Mixed					1.9322273041676823		9.0	40.0	40.0	False	True	False			20.373136501193883	1.4079000000000002	-0.17212347355746127	Right	0.8577000000000001	
7732.8437	1.4079000000001543	states																																	"       state_name
id               
3   wait_for_poke"
7734.2516000000005	0.05549999999948341	states																																	"        state_name
id                
1   nose_in_center"
7734.3071	2.0	states																																	"          state_name
id                  
2   punish_violation"
7736.4878	2.3553000000001703	trials	1.0	2.0	5.0	1.1943182	0.0	0.15	True	4040.0	True	False	27117.0	False	Mixed	True	True	0.025	0.0	100.0	1.5	9.0													
7736.4878	2.3553000000001703	processed_trials			5.0	1.1943182					True				Mixed					100.0		9.0	40.0	40.0	False	True	False			20.373136501193883	0.046799999999999994	-0.20546469968865222	Right	0.046799999999999994	
7736.4878	0.04680000000007567	states																																	"       state_name
id               
3   wait_for_poke"
7736.5346	0.3085000000000946	states																																	"        state_name
id                
1   nose_in_center"
7736.8431	2.0	states																																	"          state_name
id                  
2   punish_violation"
7739.0289	2.7078999999994267	trials	1.0	2.0	5.0	0.8081706437746164	0.0	0.15	True	4040.0	False	False	27118.0	False	Mixed	True	True	0.025	0.0	2.2402451428168164	1.5	9.0													
7739.0289	2.7078999999994267	processed_trials			5.0	0.8081706437746164					False				Mixed					2.2402451428168164		9.0	40.0	40.0	False	True	False			20.373136501193883	0.4615	-0.19530629363721963	Right	0.4615	
7739.0289	0.46150000000034197	states																																	"       state_name
id               
3   wait_for_poke"
7739.490400000001	0.24639999999999418	states																																	"        state_name
id                
1   nose_in_center"
7739.736800000001	2.0	states																																	"          state_name
id                  
2   punish_violation"
7741.9202	8.596800000000258	trials	1.0	2.0	5.0	1.1755288403003208	0.0	0.15	True	4040.0	False	False	27119.0	False	Mixed	True	True	0.025	0.0	2.2213272416034955	1.5	9.0													
7741.9202	8.596800000000258	processed_trials			5.0	1.1755288403003208					False				Mixed					2.2213272416034955		9.0	40.0	40.0	True	False	False	2.221300000000001	2.221300000000001	20.373136501193883	4.676399999999999	-0.09205896866450881	Left	4.676399999999999	
7741.9202	4.676400000000285	states																																	"       state_name
id               
3   wait_for_poke"
7746.5966	1.1754999999993743	states																																	"        state_name
id                
1   nose_in_center"
7747.772099999999	0.0020000000004074536	states																																	"   state_name
id           
5      go_cue"
7747.7741	2.2213000000001557	states																																	"            state_name
id                    
6   wait_for_side_poke"
7749.9954	0.4675999999999476	states																																	"         state_name
id                 
4   announce_reward"
7750.463	0.05389999999988504	states																																	"   state_name
id           
8      reward"
7750.5169	0.00010000000020227162	states																																	"    state_name
id            
7   stop_sound"
7750.7066	7.39299999999912	trials	1.0	2.0	40.0	1.1755288	0.0	0.15	True	4045.0	False	False	27120.0	False	Mixed	True	False	0.025	0.0	4.193057135156236	1.5	9.0													
7750.7066	7.39299999999912	processed_trials			40.0	1.1755288					False				Mixed					4.193057135156236		9.0	40.0	40.0	True	False	False	4.193099999999999	4.193099999999999	20.373136501193883	1.4244	-0.17171929294533528	Right	0.5624000000000001	
7750.7066	1.4243999999998778	states																																	"       state_name
id               
3   wait_for_poke"
7752.131	1.1755000000002838	states																																	"        state_name
id                
1   nose_in_center"
7753.306500000001	0.001999999999497959	states																																	"   state_name
id           
5      go_cue"
7753.3085	4.193100000000413	states																																	"            state_name
id                    
6   wait_for_side_poke"
7757.5016000000005	0.30379999999968277	states																																	"         state_name
id                 
4   announce_reward"
7757.8054	0.2941000000000713	states																																	"   state_name
id           
8      reward"
7758.0995	0.00010000000020227162	states																																	"    state_name
id            
7   stop_sound"
7758.28	5.035899999999856	trials	1.0	2.0	10.0	1.035166050120723	0.0	0.15	True	4085.0	False	False	27121.0	False	Mixed	True	False	0.025	0.0	0.2441853498853376	1.5	9.0													
7758.28	5.035899999999856	processed_trials			10.0	1.035166050120723					False				Mixed					0.2441853498853376		9.0	40.0	40.0	False	True	False			20.373136501193883	2.8784	-0.1361024074889018	Right	0.9661000000000002	
7758.28	2.8783999999996013	states																																	"       state_name
id               
3   wait_for_poke"
7761.158399999999	0.15750000000025466	states																																	"        state_name
id                
1   nose_in_center"
7761.3159	2.0	states																																	"          state_name
id                  
2   punish_violation"
7763.5034	2.1753000000007887	trials	1.0	2.0	10.0	1.0351661	0.0	0.15	True	4085.0	False	False	27122.0	False	Mixed	True	True	0.025	0.0	1.6533914728704469	1.5	9.0													
7763.5034	2.1753000000007887	processed_trials			10.0	1.0351661					False				Mixed					1.6533914728704469		9.0	40.0	40.0	False	True	False			20.373136501193883	0.0127	-0.20630000628704584	Left	0.0127	
7763.5034	0.012700000000222644	states																																	"       state_name
id               
3   wait_for_poke"
7763.5161	0.16259999999965657	states																																	"        state_name
id                
1   nose_in_center"
7763.6786999999995	2.0	states																																	"          state_name
id                  
2   punish_violation"
7765.8652	1.517399999999725	trials	1.0	2.0	10.0	0.8709964079725523	0.0	0.15	True	4085.0	False	False	27123.0	False	Mixed	True	True	0.025	0.0	0.36975273181153634	1.5	9.0													
7765.8652	1.517399999999725	processed_trials			10.0	0.8709964079725523					False				Mixed					0.36975273181153634		9.0	40.0	40.0	True	False	False	0.3698	0.3698	20.373136501193883	0.006900000000000001	-0.20644208189615681	Left	0.006900000000000001	
7765.8652	0.006900000000314321	states																																	"       state_name
id               
3   wait_for_poke"
7765.8721000000005	0.8710000000000946	states																																	"        state_name
id                
1   nose_in_center"
7766.743100000001	0.001999999999497959	states																																	"   state_name
id           
5      go_cue"
7766.7451	0.3698000000003958	states																																	"            state_name
id                    
6   wait_for_side_poke"
7767.1149000000005	0.18219999999928405	states																																	"         state_name
id                 
4   announce_reward"
7767.2971	0.08540000000084547	states																																	"   state_name
id           
8      reward"
7767.382500000001	9.999999929277692e-05	states																																	"    state_name
id            
7   stop_sound"
7767.5706	3.824899999999616	trials	1.0	2.0	40.0	1.1627121201105972	0.0	0.15	True	4095.0	False	False	27124.0	False	Mixed	True	False	0.025	0.0	0.9873355934114643	1.5	9.0													
7767.5706	3.824899999999616	processed_trials			40.0	1.1627121201105972					False				Mixed					0.9873355934114643		9.0	40.0	40.0	True	False	False	0.9872999999999994	0.9872999999999994	20.373136501193883	1.2030999999999998	-0.17714021230675808	Left	0.6643999999999998	
7767.5706	1.203099999999722	states																																	"       state_name
id               
3   wait_for_poke"
7768.7737	1.1626999999998588	states																																	"        state_name
id                
1   nose_in_center"
7769.9364	0.0020000000004074536	states																																	"   state_name
id           
5      go_cue"
7769.9384	0.9872999999997774	states																																	"            state_name
id                    
6   wait_for_side_poke"
7770.9257	0.19290000000000873	states																																	"         state_name
id                 
4   announce_reward"
7771.1186	0.2768000000005486	states																																	"   state_name
id           
8      reward"
7771.3954	9.999999929277692e-05	states																																	"    state_name
id            
7   stop_sound"
7771.5836	4.759700000000521	trials	1.0	2.0	40.0	0.841006777887675	0.0	0.15	True	4135.0	False	False	27125.0	False	Mixed	True	False	0.025	0.0	0.98733559	1.5	9.0													
7771.5836	4.759700000000521	processed_trials			40.0	0.841006777887675					False				Mixed					0.98733559		9.0	40.0	40.0	True	False	False	0.9872999999999998	0.9872999999999998	20.373136501193883	2.5841	-0.14331151986154855	Right	0.3676999999999997	
7771.5836	2.584100000000035	states																																	"       state_name
id               
3   wait_for_poke"
7774.1677	0.8410000000003492	states																																	"        state_name
id                
1   nose_in_center"
7775.0087	0.001999999999497959	states																																	"   state_name
id           
5      go_cue"
7775.0107	0.9872999999997774	states																																	"            state_name
id                    
6   wait_for_side_poke"
7775.998	0.0511000000005879	states																																	"         state_name
id                 
4   announce_reward"
7776.0491	0.2941000000000713	states																																	"   state_name
id           
8      reward"
7776.3432	9.999999929277692e-05	states																																	"    state_name
id            
7   stop_sound"
7776.5407	6.145400000000336	trials	1.0	2.0	5.0	1.0320251219912324	0.0	0.15	True	4175.0	False	False	27126.0	False	Mixed	True	False	0.025	0.0	2.732672964331224	1.5	9.0													
7776.5407	6.145400000000336	processed_trials			5.0	1.0320251219912324					False				Mixed					2.732672964331224		9.0	40.0	40.0	False	True	False			20.373136501193883	4.1143	-0.10582805485093333	Right	3.3844000000000003	
7776.5407	4.114300000000185	states																																	"       state_name
id               
3   wait_for_poke"
7780.655	0.03110000000015134	states																																	"        state_name
id                
1   nose_in_center"
7780.6861	2.0	states																																	"          state_name
id                  
2   punish_violation"
7782.873	2.416900000000169	trials	1.0	2.0	5.0	0.9455637194964062	0.0	0.15	True	4175.0	True	False	27127.0	False	Mixed	True	True	0.025	0.0	100.0	1.5	9.0													
7782.873	2.416900000000169	processed_trials			5.0	0.9455637194964062					True				Mixed					100.0		9.0	40.0	40.0	False	True	False			20.373136501193883	0.148	-0.20298572526761297	Right	0.148	
7782.873	0.14800000000013824	states																																	"       state_name
id               
3   wait_for_poke"
7783.021	0.26890000000003056	states																																	"        state_name
id                
1   nose_in_center"
7783.2899	2.0	states																																	"          state_name
id                  
2   punish_violation"
7785.4835	4.097600000000057	trials	1.0	2.0	5.0	1.0307698414469635	0.0	0.15	True	4175.0	False	False	27128.0	False	Mixed	True	True	0.025	0.0	2.7013696174917516	1.5	9.0													
7785.4835	4.097600000000057	processed_trials			5.0	1.0307698414469635					False				Mixed					2.7013696174917516		9.0	40.0	40.0	True	False	False	2.7014000000000005	2.7014000000000005	20.373136501193883	0.0831	-0.20457550234197508	Left	0.0831	
7785.4835	0.0830999999998312	states																																	"       state_name
id               
3   wait_for_poke"
7785.5666	1.030800000000454	states																																	"        state_name
id                
1   nose_in_center"
7786.597400000001	0.001999999999497959	states																																	"   state_name
id           
5      go_cue"
7786.5994	2.7013999999999214	states																																	"            state_name
id                    
6   wait_for_side_poke"
7789.3008	0.22630000000026484	states																																	"         state_name
id                 
4   announce_reward"
7789.5271	0.05389999999988504	states																																	"   state_name
id           
8      reward"
7789.581	0.00010000000020227162	states																																	"    state_name
id            
7   stop_sound"
7789.7743	15.441499999999905	trials	1.0	2.0	80.0	1.1179697369698534	0.0	0.15	True	4180.0	True	False	27129.0	False	Mixed	True	False	0.025	0.0	100.0	1.5	9.0													
7789.7743	15.441499999999905	processed_trials			80.0	1.1179697369698534					True				Mixed					100.0		9.0	40.0	40.0	False	False	True	12.7883	12.7883	20.373136501193883	1.3331	-0.17395575899909896	Left	0.5198999999999999	
7789.7743	1.3330999999998312	states																																	"       state_name
id               
3   wait_for_poke"
7791.1074	1.118000000000393	states																																	"        state_name
id                
1   nose_in_center"
7792.2254	0.001999999999497959	states																																	"   state_name
id           
5      go_cue"
7792.2274	12.788300000000163	states																																	"            state_name
id                    
6   wait_for_side_poke"
7805.0157	0.1999999999998181	states																																	"   state_name
id           
0     opt_out"
7805.2157	0.00010000000020227162	states																																	"    state_name
id            
7   stop_sound"
7805.408	2.3997999999992317	trials	1.0	2.0	5.0	0.9178973347483009	0.0	0.15	True	4180.0	False	False	27130.0	False	Mixed	True	False	0.025	0.0	0.9843635369383713	1.5	9.0													
7805.408	2.3997999999992317	processed_trials			5.0	0.9178973347483009					False				Mixed					0.9843635369383713		9.0	40.0	40.0	False	True	False			20.373136501193883	0.3421	-0.19823109152133114	Right	0.3421	
7805.408	0.34209999999984575	states																																	"       state_name
id               
3   wait_for_poke"
7805.7501	0.057700000000295404	states																																	"        state_name
id                
1   nose_in_center"
7805.8078000000005	2.0	states																																	"          state_name
id                  
2   punish_violation"
7807.9999	2.5268999999998414	trials	1.0	2.0	5.0	0.840092709107389	0.0	0.15	True	4180.0	False	False	27131.0	False	Mixed	True	True	0.025	0.0	2.9544861042761434	1.5	9.0													
7807.9999	2.5268999999998414	processed_trials			5.0	0.840092709107389					False				Mixed					2.9544861042761434		9.0	40.0	40.0	False	True	False			20.373136501193883	0.2364	-0.20082029701840476	Left	0.2364	
7807.9999	0.2363999999997759	states																																	"       state_name
id               
3   wait_for_poke"
7808.2363	0.2905000000000655	states																																	"        state_name
id                
1   nose_in_center"
7808.5268	2.0	states																																	"          state_name
id                  
2   punish_violation"
7810.7183	2.035399999999754	trials	1.0	2.0	5.0	1.057725557121633	0.0	0.15	True	4180.0	False	False	27132.0	False	Mixed	True	True	0.025	0.0	4.333728430515622	1.5	9.0													
7810.7183	2.035399999999754	processed_trials			5.0	1.057725557121633					False				Mixed					4.333728430515622		9.0	40.0	40.0	False	True	False			20.373136501193883	0.0245	-0.2060109559098891	Right	0.0245	
7810.7183	0.024500000000443833	states																																	"       state_name
id               
3   wait_for_poke"
7810.742800000001	0.01089999999931024	states																																	"        state_name
id                
1   nose_in_center"
7810.7537	2.0	states																																	"          state_name
id                  
2   punish_violation"
7812.9469	3.363100000000486	trials	1.0	2.0	5.0	1.1328998529748566	0.0	0.15	True	4180.0	False	False	27133.0	False	Mixed	True	True	0.025	0.0	1.9986465521329075	1.5	9.0													
7812.9469	3.363100000000486	processed_trials			5.0	1.1328998529748566					False				Mixed					1.9986465521329075		9.0	40.0	40.0	True	False	False	1.9986000000000002	1.9986000000000002	20.373136501193883	0.1238	-0.20357852349873104	Left	0.1238	
7812.9469	0.12380000000030122	states																																	"       state_name
id               
3   wait_for_poke"
7813.0707	1.1328999999996086	states																																	"        state_name
id                
1   nose_in_center"
7814.2036	0.0020000000004074536	states																																	"   state_name
id           
5      go_cue"
7814.2056	1.9985999999998967	states																																	"            state_name
id                    
6   wait_for_side_poke"
7816.2042	0.05180000000018481	states																																	"         state_name
id                 
4   announce_reward"
7816.256	0.05389999999988504	states																																	"   state_name
id           
8      reward"
7816.3099	9.999999929277692e-05	states																																	"    state_name
id            
7   stop_sound"
7816.5062	4.775000000000546	trials	1.0	2.0	80.0	0.9267267910506258	0.0	0.15	True	4185.0	False	False	27134.0	False	Mixed	True	False	0.025	0.0	1.9986466	1.5	9.0													
7816.5062	4.775000000000546	processed_trials			80.0	0.9267267910506258					False				Mixed					1.9986466		9.0	40.0	40.0	True	False	False	1.9986000000000002	1.9986000000000002	20.373136501193883	1.1874	-0.1775247962831446	Right	0.492	
7816.5062	1.1873999999997977	states																																	"       state_name
id               
3   wait_for_poke"
7817.6936	0.9266999999999825	states																																	"        state_name
id                
1   nose_in_center"
7818.6203	0.0020000000004074536	states																																	"   state_name
id           
5      go_cue"
7818.6223	1.9985999999998967	states																																	"            state_name
id                    
6   wait_for_side_poke"
7820.6209	0.08879999999953725	states																																	"         state_name
id                 
4   announce_reward"
7820.709699999999	0.5714000000007218	states																																	"   state_name
id           
8      reward"
7821.2811	9.999999929277692e-05	states																																	"    state_name
id            
7   stop_sound"
7821.4766	5.096999999999753	trials	1.0	2.0	40.0	0.8214746747692777	0.0	0.15	True	4265.0	False	False	27135.0	False	Mixed	True	False	0.025	0.0	4.699936391039968	1.5	9.0													
7821.4766	5.096999999999753	processed_trials			40.0	0.8214746747692777					False				Mixed					4.699936391039968		9.0	40.0	40.0	False	True	False			20.373136501193883	3.0544000000000002	-0.13179114762622482	Right	1.4558000000000004	
7821.4766	3.054399999999987	states																																	"       state_name
id               
3   wait_for_poke"
7824.531	0.042599999999765714	states																																	"        state_name
id                
1   nose_in_center"
7824.5736	2.0	states																																	"          state_name
id                  
2   punish_violation"
7826.7667	4.097700000000259	trials	1.0	2.0	40.0	1.159622934479184	0.0	0.15	True	4265.0	False	False	27136.0	False	Mixed	True	True	0.025	0.0	1.9462366599344314	1.5	9.0													
7826.7667	4.097700000000259	processed_trials			40.0	1.159622934479184					False				Mixed					1.9462366599344314		9.0	40.0	40.0	True	False	False	1.9462000000000002	1.9462000000000002	20.373136501193883	0.08059999999999999	-0.20463674182866082	Right	0.08059999999999999	
7826.7667	0.08060000000023138	states																																	"       state_name
id               
3   wait_for_poke"
7826.8473	1.159599999999955	states																																	"        state_name
id                
1   nose_in_center"
7828.0069	0.001999999999497959	states																																	"   state_name
id           
5      go_cue"
7828.0089	1.9462000000003172	states																																	"            state_name
id                    
6   wait_for_side_poke"
7829.9551	0.615099999999984	states																																	"         state_name
id                 
4   announce_reward"
7830.5702	0.2941000000000713	states																																	"   state_name
id           
8      reward"
7830.8643	0.00010000000020227162	states																																	"    state_name
id            
7   stop_sound"
7831.0691	4.816100000000006	trials	1.0	2.0	40.0	1.033190415110368	0.0	0.15	True	4305.0	False	False	27137.0	False	Mixed	True	False	0.025	0.0	1.9462367	1.5	9.0													
7831.0691	4.816100000000006	processed_trials			40.0	1.033190415110368					False				Mixed					1.9462367		9.0	40.0	40.0	False	True	False			20.373136501193883	2.7876	-0.13832662564532833	Left	0.6376	
7831.0691	2.7875999999996566	states																																	"       state_name
id               
3   wait_for_poke"
7833.856699999999	0.028500000000349246	states																																	"        state_name
id                
1   nose_in_center"
7833.8852	2.0	states																																	"          state_name
id                  
2   punish_violation"
7836.0812	3.7730000000001382	trials	1.0	2.0	40.0	1.1085899716004133	0.0	0.15	True	4305.0	False	False	27138.0	False	Mixed	True	True	0.025	0.0	2.235052495418273	1.5	9.0													
7836.0812	3.7730000000001382	processed_trials			40.0	1.1085899716004133					False				Mixed					2.235052495418273		9.0	40.0	40.0	True	False	False	2.2351	2.2351	20.373136501193883	0.09090000000000001	-0.20438443514351554	Left	0.09090000000000001	
7836.0812	0.09090000000014697	states																																	"       state_name
id               
3   wait_for_poke"
7836.1721	1.1085999999995693	states																																	"        state_name
id                
1   nose_in_center"
7837.280699999999	0.0020000000004074536	states																																	"   state_name
id           
5      go_cue"
7837.2827	2.235099999999875	states																																	"            state_name
id                    
6   wait_for_side_poke"
7839.5178	0.059500000000298314	states																																	"         state_name
id                 
4   announce_reward"
7839.5773	0.2767999999996391	states																																	"   state_name
id           
8      reward"
7839.8541	0.00010000000020227162	states																																	"    state_name
id            
7   stop_sound"
7840.0604	12.542999999999665	trials	1.0	2.0	40.0	1.1308810536837377	0.0	0.15	True	4345.0	True	False	27139.0	False	Mixed	True	False	0.025	0.0	100.0	1.5	9.0													
7840.0604	12.542999999999665	processed_trials			40.0	1.1308810536837377					True				Mixed					100.0		9.0	40.0	40.0	False	False	True	8.7963	8.7963	20.373136501193883	2.4137	-0.14748560327404941	Right	1.3407999999999998	
7840.0604	2.4137000000000626	states																																	"       state_name
id               
3   wait_for_poke"
7842.4741	1.1309000000001106	states																																	"        state_name
id                
1   nose_in_center"
7843.6050000000005	0.001999999999497959	states																																	"   state_name
id           
5      go_cue"
7843.607	8.796299999999974	states																																	"            state_name
id                    
6   wait_for_side_poke"
7852.4033	0.2000000000007276	states																																	"   state_name
id           
0     opt_out"
7852.603300000001	9.999999929277692e-05	states																																	"    state_name
id            
7   stop_sound"
7852.8134	2.1273000000001048	trials	1.0	2.0	80.0	0.8549450253385312	0.0	0.15	True	4345.0	True	False	27140.0	False	Mixed	True	False	0.025	0.0	100.0	1.5	9.0													
7852.8134	2.1273000000001048	processed_trials			80.0	0.8549450253385312					True				Mixed					100.0		9.0	40.0	40.0	False	True	False			20.373136501193883	0.10529999999999999	-0.2040316957002056	Right	0.10529999999999999	
7852.8134	0.10530000000017026	states																																	"       state_name
id               
3   wait_for_poke"
7852.9187	0.021999999999934516	states																																	"        state_name
id                
1   nose_in_center"
7852.9407	2.0	states																																	"          state_name
id                  
2   punish_violation"
7855.15	12.284300000000258	trials	1.0	2.0	80.0	1.0939377201107618	0.0	0.15	True	4345.0	True	False	27141.0	False	Mixed	True	True	0.025	0.0	100.0	1.5	9.0													
7855.15	12.284300000000258	processed_trials			80.0	1.0939377201107618					True				Mixed					100.0		9.0	40.0	40.0	False	False	True	10.860500000000002	10.860500000000002	20.373136501193883	0.1278	-0.20348054032003382	Right	0.1278	
7855.15	0.12780000000020664	states																																	"       state_name
id               
3   wait_for_poke"
7855.2778	1.0938999999998487	states																																	"        state_name
id                
1   nose_in_center"
7856.3717	0.001999999999497959	states																																	"   state_name
id           
5      go_cue"
7856.373699999999	10.860500000000684	states																																	"            state_name
id                    
6   wait_for_side_poke"
7867.2342	0.1999999999998181	states																																	"   state_name
id           
0     opt_out"
7867.4342	0.00010000000020227162	states																																	"    state_name
id            
7   stop_sound"
7867.634	2.1815999999998894	trials	1.0	2.0	10.0	1.0047715032558129	0.0	0.15	True	4345.0	False	False	27142.0	False	Mixed	True	False	0.025	0.0	4.807279387243858	1.5	9.0													
7867.634	2.1815999999998894	processed_trials			10.0	1.0047715032558129					False				Mixed					4.807279387243858		9.0	40.0	40.0	False	True	False			20.373136501193883	0.1384	-0.2032208848964862	Left	0.1384	
7867.634	0.13839999999981956	states																																	"       state_name
id               
3   wait_for_poke"
7867.7724	0.04320000000006985	states																																	"        state_name
id                
1   nose_in_center"
7867.8156	2.0	states																																	"          state_name
id                  
2   punish_violation"
7870.017	2.229500000000371	trials	1.0	2.0	10.0	1.17438663885997	0.0	0.15	True	4345.0	False	False	27143.0	False	Mixed	True	True	0.025	0.0	1.5537730288638674	1.5	9.0													
7870.017	2.229500000000371	processed_trials			10.0	1.17438663885997					False				Mixed					1.5537730288638674		9.0	40.0	40.0	False	True	False			20.373136501193883	0.1391	-0.2032037378402142	Left	0.1391	
7870.017	0.13910000000032596	states																																	"       state_name
id               
3   wait_for_poke"
7870.1561	0.09040000000004511	states																																	"        state_name
id                
1   nose_in_center"
7870.2465	2.0	states																																	"          state_name
id                  
2   punish_violation"
7872.4492	2.0868000000000393	trials	1.0	2.0	10.0	0.9981501129296068	0.0	0.15	True	4345.0	False	False	27144.0	False	Mixed	True	True	0.025	0.0	0.6447187622841237	1.5	9.0													
7872.4492	2.0868000000000393	processed_trials			10.0	0.9981501129296068					False				Mixed					0.6447187622841237		9.0	40.0	40.0	True	False	False	0.6446999999999998	0.6446999999999998	20.373136501193883	0.24880000000000002	-0.20051654916444345	Left	0.24880000000000002	
7872.4492	0.24880000000030122	states																																	"       state_name
id               
3   wait_for_poke"
7872.698	0.9981999999999971	states																																	"        state_name
id                
1   nose_in_center"
7873.6962	0.001999999999497959	states																																	"   state_name
id           
5      go_cue"
7873.6982	0.6446999999998297	states																																	"            state_name
id                    
6   wait_for_side_poke"
7874.3429	0.10760000000027503	states																																	"         state_name
id                 
4   announce_reward"
7874.4505	0.08539999999993597	states																																	"   state_name
id           
8      reward"
7874.5359	0.00010000000020227162	states																																	"    state_name
id            
7   stop_sound"
7874.7414	3.0695000000005166	trials	1.0	2.0	20.0	0.8408189770404897	0.0	0.15	True	4355.0	False	False	27145.0	False	Mixed	True	False	0.025	0.0	0.6621251719562165	1.5	9.0													
7874.7414	3.0695000000005166	processed_trials			20.0	0.8408189770404897					False				Mixed					0.6621251719562165		9.0	40.0	40.0	True	False	False	0.6621000000000001	0.6621000000000001	20.373136501193883	1.3702999999999999	-0.17304451543721497	Left	0.5327999999999998	
7874.7414	1.3702999999995882	states																																	"       state_name
id               
3   wait_for_poke"
7876.1116999999995	0.8408000000008542	states																																	"        state_name
id                
1   nose_in_center"
7876.9525	0.001999999999497959	states																																	"   state_name
id           
5      go_cue"
7876.9545	0.6621000000004642	states																																	"            state_name
id                    
6   wait_for_side_poke"
7877.6166	0.04529999999977008	states																																	"         state_name
id                 
4   announce_reward"
7877.6619	0.1489000000001397	states																																	"   state_name
id           
8      reward"
7877.8108	9.999999929277692e-05	states																																	"    state_name
id            
7   stop_sound"
7878.0159	3.8047999999998865	trials	1.0	2.0	5.0	1.0722641381798153	0.0	0.15	True	4375.0	False	False	27146.0	False	Mixed	True	False	0.025	0.0	0.3492523765899141	1.5	9.0													
7878.0159	3.8047999999998865	processed_trials			5.0	1.0722641381798153					False				Mixed					0.3492523765899141		9.0	40.0	40.0	True	False	False	0.34929999999999994	0.34929999999999994	20.373136501193883	2.0961	-0.15526546766260738	Left	0.8308999999999997	
7878.0159	2.096099999999751	states																																	"       state_name
id               
3   wait_for_poke"
7880.112	1.0722999999998137	states																																	"        state_name
id                
1   nose_in_center"
7881.1843	0.0020000000004074536	states																																	"   state_name
id           
5      go_cue"
7881.1863	0.3492999999998574	states																																	"            state_name
id                    
6   wait_for_side_poke"
7881.5356	0.23109999999996944	states																																	"         state_name
id                 
4   announce_reward"
7881.7667	0.05389999999988504	states																																	"   state_name
id           
8      reward"
7881.8206	0.00010000000020227162	states																																	"    state_name
id            
7   stop_sound"
7882.0262	12.355499999999665	trials	1.0	2.0	5.0	1.0722641	0.0	0.15	True	4380.0	True	False	27147.0	False	Mixed	True	False	0.025	0.0	100.0	1.5	9.0													
7882.0262	12.355499999999665	processed_trials			5.0	1.0722641					True				Mixed					100.0		9.0	40.0	40.0	False	False	True	9.3442	9.3442	20.373136501193883	1.7369	-0.16406435710961625	Left	0.8696000000000002	
7882.0262	1.7368999999998778	states																																	"       state_name
id               
3   wait_for_poke"
7883.7631	1.0722999999998137	states																																	"        state_name
id                
1   nose_in_center"
7884.8354	0.0020000000004074536	states																																	"   state_name
id           
5      go_cue"
7884.8374	9.344199999999546	states																																	"            state_name
id                    
6   wait_for_side_poke"
7894.1816	0.2000000000007276	states																																	"   state_name
id           
0     opt_out"
7894.381600000001	9.999999929277692e-05	states																																	"    state_name
id            
7   stop_sound"
7894.5917	5.209200000000237	trials	1.0	2.0	80.0	0.8922119949586976	0.0	0.15	True	4380.0	False	False	27148.0	False	Mixed	True	False	0.025	0.0	2.5929443485789196	1.5	9.0													
7894.5917	5.209200000000237	processed_trials			80.0	0.8922119949586976					False				Mixed					2.5929443485789196		9.0	40.0	40.0	True	False	False	2.5929	2.5929	20.373136501193883	0.4611	-0.19531609195508934	Left	0.4611	
7894.5917	0.4611000000004424	states																																	"       state_name
id               
3   wait_for_poke"
7895.0528	0.8921999999993204	states																																	"        state_name
id                
1   nose_in_center"
7895.945	0.0020000000004074536	states																																	"   state_name
id           
5      go_cue"
7895.947	2.592899999999645	states																																	"            state_name
id                    
6   wait_for_side_poke"
7898.5399	0.7233999999998559	states																																	"         state_name
id                 
4   announce_reward"
7899.2633	0.5375000000003638	states																																	"   state_name
id           
8      reward"
7899.8008	0.00010000000020227162	states																																	"    state_name
id            
7   stop_sound"
7900.0435	5.153500000000349	trials	1.0	2.0	5.0	0.8084761816477043	0.0	0.15	True	4460.0	False	False	27149.0	False	Mixed	True	False	0.025	0.0	0.07802615158083426	1.5	9.0													
7900.0435	5.153500000000349	processed_trials			5.0	0.8084761816477043					False				Mixed					0.07802615158083426		9.0	40.0	40.0	False	True	False			20.373136501193883	3.002	-0.13307472726715822	Right	0.6906999999999996	
7900.0435	3.0020000000004075	states																																	"       state_name
id               
3   wait_for_poke"
7903.0455	0.1514999999999418	states																																	"        state_name
id                
1   nose_in_center"
7903.197	2.0	states																																	"          state_name
id                  
2   punish_violation"
7905.4021	2.373899999999594	trials	1.0	2.0	5.0	1.1874722901457029	0.0	0.15	True	4460.0	False	False	27150.0	False	Mixed	True	True	0.025	0.0	0.25465518272315457	1.5	9.0													
7905.4021	2.373899999999594	processed_trials			5.0	1.1874722901457029					False				Mixed					0.25465518272315457		9.0	40.0	40.0	False	True	False			20.373136501193883	0.11370000000000001	-0.20382593102494148	Right	0.11370000000000001	
7905.4021	0.11369999999988067	states																																	"       state_name
id               
3   wait_for_poke"
7905.5158	0.2601999999997133	states																																	"        state_name
id                
1   nose_in_center"
7905.776	2.0	states																																	"          state_name
id                  
2   punish_violation"
7907.9867	10.623199999999997	trials	1.0	2.0	5.0	0.9400949273423951	0.0	0.15	True	4460.0	True	False	27151.0	False	Mixed	True	True	0.025	0.0	100.0	1.5	9.0													
7907.9867	10.623199999999997	processed_trials			5.0	0.9400949273423951					True				Mixed					100.0		9.0	40.0	40.0	False	False	True	9.2682	9.2682	20.373136501193883	0.21280000000000002	-0.20139839777271826	Left	0.21280000000000002	
7907.9867	0.21280000000024302	states																																	"       state_name
id               
3   wait_for_poke"
7908.199500000001	0.9400999999998021	states																																	"        state_name
id                
1   nose_in_center"
7909.1396	0.0020000000004074536	states																																	"   state_name
id           
5      go_cue"
7909.141600000001	9.268199999999524	states																																	"            state_name
id                    
6   wait_for_side_poke"
7918.4098	0.1999999999998181	states																																	"   state_name
id           
0     opt_out"
7918.6098	0.00010000000020227162	states																																	"    state_name
id            
7   stop_sound"
7918.8267	2.153400000000147	trials	1.0	2.0	5.0	0.8822307334505595	0.0	0.15	True	4460.0	False	False	27152.0	False	Mixed	True	False	0.025	0.0	3.582593777427001	1.5	9.0													
7918.8267	2.153400000000147	processed_trials			5.0	0.8822307334505595					False				Mixed					3.582593777427001		9.0	40.0	40.0	False	True	False			20.373136501193883	0.10890000000000001	-0.20394351083937812	Left	0.10890000000000001	
7918.8267	0.10890000000017608	states																																	"       state_name
id               
3   wait_for_poke"
7918.9356	0.044499999999970896	states																																	"        state_name
id                
1   nose_in_center"
7918.9801	2.0	states																																	"          state_name
id                  
2   punish_violation"
7921.1893	5.231200000000172	trials	1.0	2.0	5.0	1.0115481689629668	0.0	0.15	True	4460.0	False	False	27153.0	False	Mixed	True	True	0.025	0.0	3.5825938	1.5	9.0													
7921.1893	5.231200000000172	processed_trials			5.0	1.0115481689629668					False				Mixed					3.5825938		9.0	40.0	40.0	True	False	False	3.5825999999999993	3.5825999999999993	20.373136501193883	0.3019	-0.19921582246723804	Left	0.3019	
7921.1893	0.3019000000003871	states																																	"       state_name
id               
3   wait_for_poke"
7921.4912	1.0114999999996144	states																																	"        state_name
id                
1   nose_in_center"
7922.5027	0.0020000000004074536	states																																	"   state_name
id           
5      go_cue"
7922.5047	3.5825999999997293	states																																	"            state_name
id                    
6   wait_for_side_poke"
7926.0873	0.27919999999994616	states																																	"         state_name
id                 
4   announce_reward"
7926.3665	0.05389999999988504	states																																	"   state_name
id           
8      reward"
7926.4204	0.00010000000020227162	states																																	"    state_name
id            
7   stop_sound"
7926.6317	3.2080000000005384	trials	1.0	2.0	5.0	1.0679748328760967	0.0	0.15	True	4465.0	False	False	27154.0	False	Mixed	True	False	0.025	0.0	0.018870783404701375	1.5	9.0													
7926.6317	3.2080000000005384	processed_trials			5.0	1.0679748328760967					False				Mixed					0.018870783404701375		9.0	40.0	40.0	True	False	False	0.018899999999999917	0.018899999999999917	20.373136501193883	1.4875999999999998	-0.17017115872191949	Right	0.37149999999999994	
7926.6317	1.4876000000003842	states																																	"       state_name
id               
3   wait_for_poke"
7928.1193	1.0679999999993015	states																																	"        state_name
id                
1   nose_in_center"
7929.1873	0.0020000000004074536	states																																	"   state_name
id           
5      go_cue"
7929.1893	0.01890000000003056	states																																	"            state_name
id                    
6   wait_for_side_poke"
7929.2082	0.5730000000003201	states																																	"         state_name
id                 
4   announce_reward"
7929.7812	0.058399999999892316	states																																	"   state_name
id           
8      reward"
7929.8396	9.999999929277692e-05	states																																	"    state_name
id            
7   stop_sound"
7930.0526	3.4191000000000713	trials	1.0	2.0	10.0	1.1112817606372882	0.0	0.15	True	4470.0	False	False	27155.0	False	Mixed	True	False	0.025	0.0	0.018870783	1.5	9.0													
7930.0526	3.4191000000000713	processed_trials			10.0	1.1112817606372882					False				Mixed					0.018870783		9.0	40.0	40.0	False	True	False			20.373136501193883	1.3177999999999999	-0.17433054465761577	Right	0.7498999999999999	
7930.0526	1.3177999999998065	states																																	"       state_name
id               
3   wait_for_poke"
7931.3704	0.10130000000026484	states																																	"        state_name
id                
1   nose_in_center"
7931.4717	2.0	states																																	"          state_name
id                  
2   punish_violation"
7933.6835	2.2429999999994834	trials	1.0	2.0	10.0	0.8920157980813225	0.0	0.15	True	4470.0	True	False	27156.0	False	Mixed	True	True	0.025	0.0	100.0	1.5	9.0													
7933.6835	2.2429999999994834	processed_trials			10.0	0.8920157980813225					True				Mixed					100.0		9.0	40.0	40.0	False	True	False			20.373136501193883	0.196	-0.20180992712324652	Left	0.196	
7933.6835	0.1959999999999127	states																																	"       state_name
id               
3   wait_for_poke"
7933.8795	0.04700000000048021	states																																	"        state_name
id                
1   nose_in_center"
7933.9265000000005	2.0	states																																	"          state_name
id                  
2   punish_violation"
7936.1378	2.295199999999568	trials	1.0	2.0	10.0	0.8613305432520132	0.0	0.15	True	4470.0	False	False	27157.0	False	Mixed	True	True	0.025	0.0	9.472605213068828	1.5	9.0													
7936.1378	2.295199999999568	processed_trials			10.0	0.8613305432520132					False				Mixed					9.472605213068828		9.0	40.0	40.0	False	True	False			20.373136501193883	0.248	-0.20053614580018286	Right	0.248	
7936.1378	0.24799999999959255	states																																	"       state_name
id               
3   wait_for_poke"
7936.3858	0.04719999999997526	states																																	"        state_name
id                
1   nose_in_center"
7936.433	2.0	states																																	"          state_name
id                  
2   punish_violation"
7938.6473	25.70589999999993	trials	1.0	2.0	10.0	0.8265415159281535	0.0	0.15	True	4470.0	False	False	27158.0	False	Mixed	True	True	0.025	0.0	0.323946993466718	1.5	9.0													
7938.6473	25.70589999999993	processed_trials			10.0	0.8265415159281535					False				Mixed					0.323946993466718		9.0	40.0	40.0	False	True	False			20.373136501193883	23.681099999999997	0.3734762603821773	Left	23.681099999999997	
7938.6473	23.681099999999788	states																																	"       state_name
id               
3   wait_for_poke"
7962.328399999999	0.024800000000141154	states																																	"        state_name
id                
1   nose_in_center"
7962.3532	2.0	states																																	"          state_name
id                  
2   punish_violation"
7964.5704	21.06670000000031	trials	1.0	2.0	10.0	0.8570414442929971	0.0	0.15	True	4470.0	False	False	27159.0	False	Mixed	True	True	0.025	0.0	0.2903578040703977	1.5	9.0													
7964.5704	21.06670000000031	processed_trials			10.0	0.8570414442929971					False				Mixed					0.2903578040703977		9.0	40.0	40.0	True	False	False	0.2903999999999982	0.2903999999999982	20.373136501193883	19.594900000000003	0.2733815441840491	Right	19.594900000000003	
7964.5704	19.594900000000052	states																																	"       state_name
id               
3   wait_for_poke"
7984.1653	0.8569999999999709	states																																	"        state_name
id                
1   nose_in_center"
7985.0223	0.0020000000004074536	states																																	"   state_name
id           
5      go_cue"
7985.0243	0.2903999999998632	states																																	"            state_name
id                    
6   wait_for_side_poke"
7985.3147	0.23059999999986758	states																																	"         state_name
id                 
4   announce_reward"
7985.5453	0.09169999999994616	states																																	"   state_name
id           
8      reward"
7985.637	0.00010000000020227162	states																																	"    state_name
id            
7   stop_sound"
7985.8523	3.5096000000003187	trials	1.0	2.0	10.0	0.9740167680726943	0.0	0.15	True	4480.0	False	False	27160.0	False	Mixed	True	False	0.025	0.0	3.2999157307407656	1.5	9.0													
7985.8523	3.5096000000003187	processed_trials			10.0	0.9740167680726943					False				Mixed					3.2999157307407656		9.0	40.0	40.0	False	True	False			20.373136501193883	1.4532	-0.17101381405871544	Right	0.6099000000000001	
7985.8523	1.4531999999999243	states																																	"       state_name
id               
3   wait_for_poke"
7987.3054999999995	0.05640000000039436	states																																	"        state_name
id                
1   nose_in_center"
7987.3619	2.0	states																																	"          state_name
id                  
2   punish_violation"
7989.5796	3.5199000000002343	trials	1.0	2.0	10.0	1.1335067744724243	0.0	0.15	True	4480.0	False	False	27161.0	False	Mixed	True	True	0.025	0.0	1.1342389217292093	1.5	9.0													
7989.5796	3.5199000000002343	processed_trials			10.0	1.1335067744724243					False				Mixed					1.1342389217292093		9.0	40.0	40.0	True	False	False	1.1341999999999999	1.1341999999999999	20.373136501193883	0.5817	-0.19236189911736867	Right	0.5817	
7989.5796	0.5816999999997279	states																																	"       state_name
id               
3   wait_for_poke"
7990.1613	1.1334999999999127	states																																	"        state_name
id                
1   nose_in_center"
7991.2948	0.0020000000004074536	states																																	"   state_name
id           
5      go_cue"
7991.2968	1.1341999999995096	states																																	"            state_name
id                    
6   wait_for_side_poke"
7992.431	0.5767000000005282	states																																	"         state_name
id                 
4   announce_reward"
7993.0077	0.09169999999994616	states																																	"   state_name
id           
8      reward"
7993.0994	0.00010000000020227162	states																																	"    state_name
id            
7   stop_sound"
7993.3139	3.1612999999997555	trials	1.0	2.0	5.0	0.992080074556241	0.0	0.15	True	4490.0	False	False	27162.0	False	Mixed	True	False	0.025	0.0	0.21540935787448567	1.5	9.0													
7993.3139	3.1612999999997555	processed_trials			5.0	0.992080074556241					False				Mixed					0.21540935787448567		9.0	40.0	40.0	False	True	False			20.373136501193883	1.1371	-0.17875693475526194	Left	0.6359	
7993.3139	1.1370999999999185	states																																	"       state_name
id               
3   wait_for_poke"
7994.451	0.02419999999983702	states																																	"        state_name
id                
1   nose_in_center"
7994.4752	2.0	states																																	"          state_name
id                  
2   punish_violation"
7996.6919	8.63209999999981	trials	1.0	2.0	5.0	1.001612133671969	0.0	0.15	True	4490.0	False	False	27163.0	False	Mixed	True	True	0.025	0.0	5.602859776012885	1.5	9.0													
7996.6919	8.63209999999981	processed_trials			5.0	1.001612133671969					False				Mixed					5.602859776012885		9.0	40.0	40.0	True	False	False	5.6029	5.6029	20.373136501193883	1.1009	-0.17964368252247162	Right	1.1009	
7996.6919	1.1009000000003653	states																																	"       state_name
id               
3   wait_for_poke"
7997.7928	1.0015999999995984	states																																	"        state_name
id                
1   nose_in_center"
7998.7944	0.0020000000004074536	states																																	"   state_name
id           
5      go_cue"
7998.7964	5.602899999999863	states																																	"            state_name
id                    
6   wait_for_side_poke"
8004.3993	0.8661999999994805	states																																	"         state_name
id                 
4   announce_reward"
8005.2654999999995	0.058399999999892316	states																																	"   state_name
id           
8      reward"
8005.323899999999	0.00010000000020227162	states																																	"    state_name
id            
7   stop_sound"
8005.5411	2.9495999999999185	trials	1.0	2.0	10.0	1.0016121	0.0	0.15	True	4495.0	False	False	27164.0	False	Mixed	True	False	0.025	0.0	2.75758966567126	1.5	9.0													
8005.5411	2.9495999999999185	processed_trials			10.0	1.0016121					False				Mixed					2.75758966567126		9.0	40.0	40.0	False	True	False			20.373136501193883	0.8867	-0.18489068174170686	Left	0.6232	
8005.5411	0.8867000000000189	states																																	"       state_name
id               
3   wait_for_poke"
8006.4278	0.06289999999989959	states																																	"        state_name
id                
1   nose_in_center"
8006.4907	2.0	states																																	"          state_name
id                  
2   punish_violation"
8008.7076	6.0603000000000975	trials	1.0	2.0	10.0	1.0932121407819804	0.0	0.15	True	4495.0	True	False	27165.0	False	Mixed	True	True	0.025	0.0	2.7575897	1.5	9.0													
8008.7076	6.0603000000000975	processed_trials			10.0	1.0932121407819804					False				Mixed					2.7575897		9.0	40.0	40.0	False	False	False	2.7576	2.7576	20.373136501193883	2.2075	-0.15253663613589027	Left	2.2075	
8008.7076	2.2075000000004366	states																																	"       state_name
id               
3   wait_for_poke"
8010.9151	1.0931999999993423	states																																	"        state_name
id                
1   nose_in_center"
8012.0082999999995	0.0020000000004074536	states																																	"   state_name
id           
5      go_cue"
8012.0103	2.7575999999999112	states																																	"            state_name
id                    
6   wait_for_side_poke"
8014.9866	7.871299999999792	trials	1.0	2.0	10.0	0.8159441507074382	0.0	0.15	True	4495.0	False	False	27166.0	False	Mixed	True	False	0.025	0.0	0.4850499560900541	1.5	9.0													
8014.9866	7.871299999999792	processed_trials			10.0	0.8159441507074382					False				Mixed					0.4850499560900541		9.0	40.0	40.0	False	True	False			20.373136501193883	5.8375	-0.06361690146817803	Right	5.8375	
8014.9866	5.837499999999636	states																																	"       state_name
id               
3   wait_for_poke"
8020.8241	0.033800000000155705	states																																	"        state_name
id                
1   nose_in_center"
8020.8579	2.0	states																																	"          state_name
id                  
2   punish_violation"
8023.0791	97.5600000000004	trials	1.0	2.0	10.0	1.1158940752307684	0.0	0.15	True	4495.0	False	False	27167.0	False	Mixed	True	True	0.025	0.0	2.98354154970026	1.5	9.0													
8023.0791	97.5600000000004	processed_trials			10.0	1.1158940752307684					False				Mixed					2.98354154970026		9.0	40.0	40.0	False	True	False			20.373136501193883	95.31	2.1280830875282084	Left	95.31	
8023.0791	95.3100000000004	states																																	"       state_name
id               
3   wait_for_poke"
8118.3891	0.25	states																																	"        state_name
id                
1   nose_in_center"
8118.6391	2.0	states																																	"          state_name
id                  
2   punish_violation"
8120.8607	3.4695999999994456	trials	1.0	2.0	10.0	1.143448336857311	0.0	0.15	True	4495.0	False	False	27168.0	False	Mixed	True	True	0.025	0.0	0.07134219113683872	1.5	9.0													
8120.8607	3.4695999999994456	processed_trials			10.0	1.143448336857311					False				Mixed					0.07134219113683872		9.0	40.0	40.0	True	False	False	0.07129999999999992	0.07129999999999992	20.373136501193883	1.1884000000000001	-0.17750030048847032	Right	1.1884000000000001	
8120.8607	1.1884000000000015	states																																	"       state_name
id               
3   wait_for_poke"
8122.0491	1.1433999999999287	states																																	"        state_name
id                
1   nose_in_center"
8123.1925	0.0020000000004074536	states																																	"   state_name
id           
5      go_cue"
8123.1945000000005	0.07129999999961001	states																																	"            state_name
id                    
6   wait_for_side_poke"
8123.2658	0.972700000000259	states																																	"         state_name
id                 
4   announce_reward"
8124.2385	0.09169999999994616	states																																	"   state_name
id           
8      reward"
8124.3302	0.00010000000020227162	states																																	"    state_name
id            
7   stop_sound"
8124.5542	8.587500000000546	trials	1.0	2.0	80.0	0.8474620372589003	0.0	0.15	True	4505.0	False	False	27169.0	False	Mixed	True	False	0.025	0.0	0.8868889924860479	1.5	9.0													
8124.5542	8.587500000000546	processed_trials			80.0	0.8474620372589003					False				Mixed					0.8868889924860479		9.0	40.0	40.0	True	False	False	0.8868999999999998	0.8868999999999998	20.373136501193883	6.157	-0.0557904950697389	Right	4.2301	
8124.5542	6.157000000000153	states																																	"       state_name
id               
3   wait_for_poke"
8130.7112	0.8474999999998545	states																																	"        state_name
id                
1   nose_in_center"
8131.5587	0.0020000000004074536	states																																	"   state_name
id           
5      go_cue"
8131.5607	0.886899999999514	states																																	"            state_name
id                    
6   wait_for_side_poke"
8132.4475999999995	0.12259999999969295	states																																	"         state_name
id                 
4   announce_reward"
8132.570199999999	0.5714000000007218	states																																	"   state_name
id           
8      reward"
8133.1416	9.999999929277692e-05	states																																	"    state_name
id            
7   stop_sound"
8133.3654	14.655300000000352	trials	1.0	2.0	80.0	1.0207380292720647	0.0	0.15	True	4585.0	False	False	27170.0	False	Mixed	True	False	0.025	0.0	7.14504537794653	1.5	9.0													
8133.3654	14.655300000000352	processed_trials			80.0	1.0207380292720647					False				Mixed					7.14504537794653		9.0	40.0	40.0	True	False	False	7.144999999999999	7.144999999999999	20.373136501193883	5.1291	-0.08096972241545278	Right	1.1098	
8133.3654	5.129100000000108	states																																	"       state_name
id               
3   wait_for_poke"
8138.4945	1.0207000000000335	states																																	"        state_name
id                
1   nose_in_center"
8139.5152	0.001999999999497959	states																																	"   state_name
id           
5      go_cue"
8139.517199999999	7.145000000000437	states																																	"            state_name
id                    
6   wait_for_side_poke"
8146.6622	0.7870000000002619	states																																	"         state_name
id                 
4   announce_reward"
8147.4492	0.5713999999998123	states																																	"   state_name
id           
8      reward"
8148.0206	0.00010000000020227162	states																																	"    state_name
id            
7   stop_sound"
8148.2459	5.680699999999888	trials	1.0	2.0	10.0	0.8579685203655323	0.0	0.15	True	4665.0	True	False	27171.0	False	Mixed	True	False	0.025	0.0	100.0	1.5	9.0													
8148.2459	5.680699999999888	processed_trials			10.0	0.8579685203655323					True				Mixed					100.0		9.0	40.0	40.0	False	True	False			20.373136501193883	3.5850999999999997	-0.11879122939257336	Right	0.8172999999999995	
8148.2459	3.5851000000002387	states																																	"       state_name
id               
3   wait_for_poke"
8151.831	0.0955999999996493	states																																	"        state_name
id                
1   nose_in_center"
8151.9266	2.0	states																																	"          state_name
id                  
2   punish_violation"
8154.1532	3.61830000000009	trials	1.0	2.0	10.0	1.0350729412567472	0.0	0.15	True	4665.0	False	False	27172.0	False	Mixed	True	True	0.025	0.0	1.9795556483669334	1.5	9.0													
8154.1532	3.61830000000009	processed_trials			10.0	1.0350729412567472					False				Mixed					1.9795556483669334		9.0	40.0	40.0	True	False	False	1.9795999999999998	1.9795999999999998	20.373136501193883	0.508	-0.19416723918486462	Left	0.508	
8154.1532	0.5079999999998108	states																																	"       state_name
id               
3   wait_for_poke"
8154.6612	1.0351000000000568	states																																	"        state_name
id                
1   nose_in_center"
8155.6963	0.0020000000004074536	states																																	"   state_name
id           
5      go_cue"
8155.6983	1.9795999999996639	states																																	"            state_name
id                    
6   wait_for_side_poke"
8157.6779	0.008100000000013097	states																																	"         state_name
id                 
4   announce_reward"
8157.686	0.08539999999993597	states																																	"   state_name
id           
8      reward"
8157.7714	0.00010000000020227162	states																																	"    state_name
id            
7   stop_sound"
8158.0025	5.405300000000352	trials	1.0	2.0	40.0	0.8488008558543478	0.0	0.15	True	4675.0	False	False	27173.0	False	Mixed	True	False	0.025	0.0	2.4061878001903074	1.5	9.0													
8158.0025	5.405300000000352	processed_trials			40.0	0.8488008558543478					False				Mixed					2.4061878001903074		9.0	40.0	40.0	True	False	False	2.4062	2.4062	20.373136501193883	1.3115	-0.17448486816406386	Left	0.4183000000000001	
8158.0025	1.3114999999997963	states																																	"       state_name
id               
3   wait_for_poke"
8159.313999999999	0.8487999999997555	states																																	"        state_name
id                
1   nose_in_center"
8160.162799999999	0.0020000000004074536	states																																	"   state_name
id           
5      go_cue"
8160.1648	2.4062000000003536	states																																	"            state_name
id                    
6   wait_for_side_poke"
8162.571	0.5598999999992884	states																																	"         state_name
id                 
4   announce_reward"
8163.130899999999	0.2768000000005486	states																																	"   state_name
id           
8      reward"
8163.4077	0.00010000000020227162	states																																	"    state_name
id            
7   stop_sound"
8163.6384	5.063700000000608	trials	1.0	2.0	10.0	0.8718789350063972	0.0	0.15	True	4715.0	False	False	27174.0	False	Mixed	True	False	0.025	0.0	0.8767017439412976	1.5	9.0													
8163.6384	5.063700000000608	processed_trials			10.0	0.8718789350063972					False				Mixed					0.8767017439412976		9.0	40.0	40.0	False	True	False			20.373136501193883	2.7497	-0.13925501626348433	Right	0.7049999999999996	
8163.6384	2.7497000000003027	states																																	"       state_name
id               
3   wait_for_poke"
8166.3881	0.3139999999993961	states																																	"        state_name
id                
1   nose_in_center"
8166.7020999999995	2.0	states																																	"          state_name
id                  
2   punish_violation"
8168.9344	2.6026999999994587	trials	1.0	2.0	10.0	1.0893649367349951	0.0	0.15	True	4715.0	False	False	27175.0	False	Mixed	True	True	0.025	0.0	0.87670174	1.5	9.0													
8168.9344	2.6026999999994587	processed_trials			10.0	1.0893649367349951					False				Mixed					0.87670174		9.0	40.0	40.0	True	False	False	0.8766999999999998	0.8766999999999998	20.373136501193883	0.507	-0.19419173497953893	Right	0.507	
8168.9344	0.5069999999996071	states																																	"       state_name
id               
3   wait_for_poke"
8169.4414	1.0894000000007509	states																																	"        state_name
id                
1   nose_in_center"
8170.5308	0.001999999999497959	states																																	"   state_name
id           
5      go_cue"
8170.5328	0.8766999999998006	states																																	"            state_name
id                    
6   wait_for_side_poke"
8171.4095	0.03580000000056316	states																																	"         state_name
id                 
4   announce_reward"
8171.4453	0.09169999999994616	states																																	"   state_name
id           
8      reward"
8171.537	0.00010000000020227162	states																																	"    state_name
id            
7   stop_sound"
8171.7667	3.3164999999999054	trials	1.0	2.0	80.0	1.1400127524062174	0.0	0.15	True	4725.0	False	False	27176.0	False	Mixed	True	False	0.025	0.0	5.355602102997849	1.5	9.0													
8171.7667	3.3164999999999054	processed_trials			80.0	1.1400127524062174					False				Mixed					5.355602102997849		9.0	40.0	40.0	False	True	False			20.373136501193883	1.2954	-0.17487925045832012	Left	0.7494000000000001	
8171.7667	1.2953999999999724	states																																	"       state_name
id               
3   wait_for_poke"
8173.0621	0.02109999999993306	states																																	"        state_name
id                
1   nose_in_center"
8173.0832	2.0	states																																	"          state_name
id                  
2   punish_violation"
8175.3125	2.1809999999995853	trials	1.0	2.0	80.0	0.8051349309527455	0.0	0.15	True	4725.0	False	False	27177.0	False	Mixed	True	True	0.025	0.0	2.062522720640461	1.5	9.0													
8175.3125	2.1809999999995853	processed_trials			80.0	0.8051349309527455					False				Mixed					2.062522720640461		9.0	40.0	40.0	False	True	False			20.373136501193883	0.1348	-0.20330906975731372	Left	0.1348	
8175.3125	0.13479999999981374	states																																	"       state_name
id               
3   wait_for_poke"
8175.4473	0.046199999999771535	states																																	"        state_name
id                
1   nose_in_center"
8175.4935	2.0	states																																	"          state_name
id                  
2   punish_violation"
8177.7254	3.9695999999994456	trials	1.0	2.0	80.0	0.8196420877648729	0.0	0.15	True	4725.0	False	False	27178.0	False	Mixed	True	True	0.025	0.0	2.5374284552642075	1.5	9.0													
8177.7254	3.9695999999994456	processed_trials			80.0	0.8196420877648729					False				Mixed					2.5374284552642075		9.0	40.0	40.0	True	False	False	2.5374	2.5374	20.373136501193883	0.0076	-0.2064249348398848	Right	0.0076	
8177.7254	0.007599999999911233	states																																	"       state_name
id               
3   wait_for_poke"
8177.733	0.8195999999998094	states																																	"        state_name
id                
1   nose_in_center"
8178.5526	0.0020000000004074536	states																																	"   state_name
id           
5      go_cue"
8178.5546	2.5374000000001615	states																																	"            state_name
id                    
6   wait_for_side_poke"
8181.092000000001	0.03150000000005093	states																																	"         state_name
id                 
4   announce_reward"
8181.123500000001	0.5713999999998123	states																																	"   state_name
id           
8      reward"
8181.6949	0.00010000000020227162	states																																	"    state_name
id            
7   stop_sound"
8181.9258	5.562200000000303	trials	1.0	2.0	80.0	1.166323627521389	0.0	0.15	True	4805.0	True	False	27179.0	False	Mixed	True	False	0.025	0.0	2.5374285	1.5	9.0													
8181.9258	5.562200000000303	processed_trials			80.0	1.166323627521389					False				Mixed					2.5374285		9.0	40.0	40.0	False	True	False			20.373136501193883	3.53	-0.12014094767912735	Left	0.7200999999999995	
8181.9258	3.5299999999997453	states																																	"       state_name
id               
3   wait_for_poke"
8185.4558	0.03220000000055734	states																																	"        state_name
id                
1   nose_in_center"
8185.488	2.0	states																																	"          state_name
id                  
2   punish_violation"
8187.7169	2.5708999999997104	trials	1.0	2.0	80.0	1.1663236	0.0	0.15	True	4805.0	False	False	27180.0	False	Mixed	True	True	0.025	0.0	0.15124058015557895	1.5	9.0													
8187.7169	2.5708999999997104	processed_trials			80.0	1.1663236					False				Mixed					0.15124058015557895		9.0	40.0	40.0	True	False	False	0.15119999999999978	0.15119999999999978	20.373136501193883	0.1036	-0.2040733385511519	Left	0.1036	
8187.7169	0.10360000000036962	states																																	"       state_name
id               
3   wait_for_poke"
8187.820500000001	1.1662999999998647	states																																	"        state_name
id                
1   nose_in_center"
8188.986800000001	0.001999999999497959	states																																	"   state_name
id           
5      go_cue"
8188.9888	0.15120000000024447	states																																	"            state_name
id                    
6   wait_for_side_poke"
8189.14	0.6102000000000771	states																																	"         state_name
id                 
4   announce_reward"
8189.7502	0.5375000000003638	states																																	"   state_name
id           
8      reward"
8190.287700000001	9.999999929277692e-05	states																																	"    state_name
id            
7   stop_sound"
8190.5211	6.662700000000768	trials	1.0	2.0	80.0	1.0710012363537593	0.0	0.15	True	4885.0	False	False	27181.0	False	Mixed	True	False	0.025	0.0	1.9673113136171887	1.5	9.0													
8190.5211	6.662700000000768	processed_trials			80.0	1.0710012363537593					False				Mixed					1.9673113136171887		9.0	40.0	40.0	True	False	False	1.9672999999999998	1.9672999999999998	20.373136501193883	2.5585	-0.14393861220521065	Left	0.6975	
8190.5211	2.558499999999185	states																																	"       state_name
id               
3   wait_for_poke"
8193.0796	1.0709999999999127	states																																	"        state_name
id                
1   nose_in_center"
8194.150599999999	0.0020000000004074536	states																																	"   state_name
id           
5      go_cue"
8194.1526	1.9673000000002503	states																																	"            state_name
id                    
6   wait_for_side_poke"
8196.1199	0.5262999999995372	states																																	"         state_name
id                 
4   announce_reward"
8196.6462	0.5375000000003638	states																																	"   state_name
id           
8      reward"
8197.1837	0.00010000000111176632	states																																	"    state_name
id            
7   stop_sound"
8197.4167	5.63760000000002	trials	1.0	2.0	20.0	1.0710012	0.0	0.15	True	4965.0	False	False	27182.0	False	Mixed	True	False	0.025	0.0	1.5073714788658679	1.5	9.0													
8197.4167	5.63760000000002	processed_trials			20.0	1.0710012					False				Mixed					1.5073714788658679		9.0	40.0	40.0	True	False	False	1.5073999999999996	1.5073999999999996	20.373136501193883	2.8114	-0.13774362573207996	Left	0.8853	
8197.4167	2.8114000000005035	states																																	"       state_name
id               
3   wait_for_poke"
8200.2281	1.0709999999999127	states																																	"        state_name
id                
1   nose_in_center"
8201.2991	0.0020000000004074536	states																																	"   state_name
id           
5      go_cue"
8201.3011	1.5073999999985972	states																																	"            state_name
id                    
6   wait_for_side_poke"
8202.8085	0.09680000000116706	states																																	"         state_name
id                 
4   announce_reward"
8202.9053	0.1489000000001397	states																																	"   state_name
id           
8      reward"
8203.0542	9.999999929277692e-05	states																																	"    state_name
id            
7   stop_sound"
8203.2894	4.524699999999939	trials	1.0	2.0	20.0	0.8681567032983446	0.0	0.15	True	4985.0	False	False	27183.0	False	Mixed	True	False	0.025	0.0	1.5073715	1.5	9.0													
8203.2894	4.524699999999939	processed_trials			20.0	0.8681567032983446					False				Mixed					1.5073715		9.0	40.0	40.0	True	False	False	1.5073999999999996	1.5073999999999996	20.373136501193883	1.8765999999999998	-0.16064229459361642	Right	0.9626999999999999	
8203.2894	1.8765999999995984	states																																	"       state_name
id               
3   wait_for_poke"
8205.166	0.8682000000007974	states																																	"        state_name
id                
1   nose_in_center"
8206.0342	0.0020000000004074536	states																																	"   state_name
id           
5      go_cue"
8206.0362	1.5073999999985972	states																																	"            state_name
id                    
6   wait_for_side_poke"
8207.543599999999	0.11180000000058499	states																																	"         state_name
id                 
4   announce_reward"
8207.6554	0.15860000000066066	states																																	"   state_name
id           
8      reward"
8207.814	9.999999929277692e-05	states																																	"    state_name
id            
7   stop_sound"
8208.0503	13.823599999999715	trials	1.0	2.0	40.0	0.8681567	0.0	0.15	True	5005.0	False	False	27184.0	False	Mixed	True	False	0.025	0.0	10.333410411817972	1.5	9.0													
8208.0503	13.823599999999715	processed_trials			40.0	0.8681567					False				Mixed					10.333410411817972		9.0	40.0	40.0	True	False	False	10.333400000000001	10.333400000000001	20.373136501193883	1.7429000000000001	-0.16391738234157044	Right	0.8806000000000002	
8208.0503	1.7428999999992811	states																																	"       state_name
id               
3   wait_for_poke"
8209.7932	0.8682000000007974	states																																	"        state_name
id                
1   nose_in_center"
8210.6614	0.0020000000004074536	states																																	"   state_name
id           
5      go_cue"
8210.663400000001	10.333399999999529	states																																	"            state_name
id                    
6   wait_for_side_poke"
8220.9968	0.5828999999994267	states																																	"         state_name
id                 
4   announce_reward"
8221.5797	0.2941000000009808	states																																	"   state_name
id           
8      reward"
8221.873800000001	9.999999929277692e-05	states																																	"    state_name
id            
7   stop_sound"
8222.1053	15.609000000000378	trials	1.0	2.0	40.0	0.8524019918590695	0.0	0.15	True	5045.0	True	False	27185.0	False	Mixed	True	False	0.025	0.0	100.0	1.5	9.0													
8222.1053	15.609000000000378	processed_trials			40.0	0.8524019918590695					True				Mixed					100.0		9.0	40.0	40.0	False	False	True	12.245099999999999	12.245099999999999	20.373136501193883	2.3094	-0.150040514658579	Left	0.736	
8222.1053	2.309400000000096	states																																	"       state_name
id               
3   wait_for_poke"
8224.4147	0.8523999999997613	states																																	"        state_name
id                
1   nose_in_center"
8225.2671	0.0020000000004074536	states																																	"   state_name
id           
5      go_cue"
8225.2691	12.245100000000093	states																																	"            state_name
id                    
6   wait_for_side_poke"
8237.5142	0.1999999999989086	states																																	"   state_name
id           
0     opt_out"
8237.714199999999	0.00010000000111176632	states																																	"    state_name
id            
7   stop_sound"
8237.9501	2.936999999999898	trials	1.0	2.0	20.0	0.8116166895405275	0.0	0.15	True	5045.0	True	False	27186.0	False	Mixed	True	False	0.025	0.0	100.0	1.5	9.0													
8237.9501	2.936999999999898	processed_trials			20.0	0.8116166895405275					True				Mixed					100.0		9.0	40.0	40.0	False	True	False			20.373136501193883	0.8937	-0.18471921117898676	Left	0.8937	
8237.9501	0.8937000000005355	states																																	"       state_name
id               
3   wait_for_poke"
8238.8438	0.043299999999362626	states																																	"        state_name
id                
1   nose_in_center"
8238.8871	2.0	states																																	"          state_name
id                  
2   punish_violation"
8241.1229	2.789999999999054	trials	1.0	2.0	20.0	0.9956354650508624	0.0	0.15	True	5045.0	False	False	27187.0	False	Mixed	True	True	0.025	0.0	0.6785945415298077	1.5	9.0													
8241.1229	2.789999999999054	processed_trials			20.0	0.9956354650508624					False				Mixed					0.6785945415298077		9.0	40.0	40.0	True	False	False	0.6786000000000003	0.6786000000000003	20.373136501193883	0.8631	-0.18546878249602036	Left	0.8631	
8241.1229	0.863100000000486	states																																	"       state_name
id               
3   wait_for_poke"
8241.986	0.995600000000195	states																																	"        state_name
id                
1   nose_in_center"
8242.981600000001	0.0019999999985884642	states																																	"   state_name
id           
5      go_cue"
8242.9836	0.6786000000010972	states																																	"            state_name
id                    
6   wait_for_side_poke"
8243.6622	0.10169999999925494	states																																	"         state_name
id                 
4   announce_reward"
8243.7639	0.1489000000001397	states																																	"   state_name
id           
8      reward"
8243.9128	0.00010000000111176632	states																																	"    state_name
id            
7   stop_sound"
8244.1514	5.560899999998583	trials	1.0	2.0	10.0	1.0789091587297912	0.0	0.15	True	5065.0	False	False	27188.0	False	Mixed	True	False	0.025	0.0	2.4103267283292595	1.5	9.0													
8244.1514	5.560899999998583	processed_trials			10.0	1.0789091587297912					False				Mixed					2.4103267283292595		9.0	40.0	40.0	True	False	False	2.4103000000000008	2.4103000000000008	20.373136501193883	1.8549	-0.16117385333804876	Right	0.8488	
8244.1514	1.8549000000002707	states																																	"       state_name
id               
3   wait_for_poke"
8246.006300000001	1.0789000000004307	states																																	"        state_name
id                
1   nose_in_center"
8247.085200000001	0.0019999999985884642	states																																	"   state_name
id           
5      go_cue"
8247.0872	2.410300000001371	states																																	"            state_name
id                    
6   wait_for_side_poke"
8249.497500000001	0.12299999999959255	states																																	"         state_name
id                 
4   announce_reward"
8249.6205	0.09169999999903666	states																																	"   state_name
id           
8      reward"
8249.7122	0.00010000000111176632	states																																	"    state_name
id            
7   stop_sound"
8249.9495	4.591199999998935	trials	1.0	2.0	20.0	0.994521818592653	0.0	0.15	True	5075.0	False	False	27189.0	False	Mixed	True	False	0.025	0.0	2.490444109763425	1.5	9.0													
8249.9495	4.591199999998935	processed_trials			20.0	0.994521818592653					False				Mixed					2.490444109763425		9.0	40.0	40.0	False	True	False			20.373136501193883	2.5601	-0.14389941893373176	Right	0.9313999999999998	
8249.9495	2.5601000000006024	states																																	"       state_name
id               
3   wait_for_poke"
8252.509600000001	0.03110000000015134	states																																	"        state_name
id                
1   nose_in_center"
8252.540700000001	2.0	states																																	"          state_name
id                  
2   punish_violation"
8254.7776	3.0733000000000175	trials	1.0	2.0	20.0	0.8121220431919105	0.0	0.15	True	5075.0	True	False	27190.0	False	Mixed	True	True	0.025	0.0	100.0	1.5	9.0													
8254.7776	3.0733000000000175	processed_trials			20.0	0.8121220431919105					True				Mixed					100.0		9.0	40.0	40.0	False	True	False			20.373136501193883	0.9936	-0.18227208129102412	Right	0.9936	
8254.7776	0.9935999999997875	states																																	"       state_name
id               
3   wait_for_poke"
8255.7712	0.07970000000022992	states																																	"        state_name
id                
1   nose_in_center"
8255.8509	2.0	states																																	"          state_name
id                  
2   punish_violation"
8258.0908	6.014400000000023	trials	1.0	2.0	20.0	1.1006056971328055	0.0	0.15	True	5075.0	False	False	27191.0	False	Mixed	True	True	0.025	0.0	0.09446344423994654	1.5	9.0													
8258.0908	6.014400000000023	processed_trials			20.0	1.1006056971328055					False				Mixed					0.09446344423994654		9.0	40.0	40.0	True	False	False	0.09450000000000003	0.09450000000000003	20.373136501193883	4.273899999999999	-0.10191852602091492	Left	4.273899999999999	
8258.0908	4.27390000000014	states																																	"       state_name
id               
3   wait_for_poke"
8262.3647	1.1005999999997584	states																																	"        state_name
id                
1   nose_in_center"
8263.4653	0.0020000000004074536	states																																	"   state_name
id           
5      go_cue"
8263.4673	0.0944999999992433	states																																	"            state_name
id                    
6   wait_for_side_poke"
8263.5618	0.3944000000010419	states																																	"         state_name
id                 
4   announce_reward"
8263.9562	0.1489000000001397	states																																	"   state_name
id           
8      reward"
8264.1051	9.999999929277692e-05	states																																	"    state_name
id            
7   stop_sound"
8264.3444	4.987699999999677	trials	1.0	2.0	40.0	0.891581248210511	0.0	0.15	True	5095.0	False	False	27192.0	False	Mixed	True	False	0.025	0.0	1.40186369011295	1.5	9.0													
8264.3444	4.987699999999677	processed_trials			40.0	0.891581248210511					False				Mixed					1.40186369011295		9.0	40.0	40.0	True	False	False	1.4019000000000004	1.4019000000000004	20.373136501193883	2.1641	-0.15359975362475495	Right	0.4501999999999997	
8264.3444	2.164099999999962	states																																	"       state_name
id               
3   wait_for_poke"
8266.5085	0.8916000000008353	states																																	"        state_name
id                
1   nose_in_center"
8267.4001	0.0019999999985884642	states																																	"   state_name
id           
5      go_cue"
8267.4021	1.4019000000007509	states																																	"            state_name
id                    
6   wait_for_side_poke"
8268.804	0.23389999999926658	states																																	"         state_name
id                 
4   announce_reward"
8269.0379	0.2941000000009808	states																																	"   state_name
id           
8      reward"
8269.332	9.999999929277692e-05	states																																	"    state_name
id            
7   stop_sound"
8269.5753	4.267899999998917	trials	1.0	2.0	80.0	0.9285661791786315	0.0	0.15	True	5135.0	False	False	27193.0	False	Mixed	True	False	0.025	0.0	3.326038054977025	1.5	9.0													
8269.5753	4.267899999998917	processed_trials			80.0	0.9285661791786315					False				Mixed					3.326038054977025		9.0	40.0	40.0	False	True	False			20.373136501193883	2.2424	-0.15168173290175715	Left	0.6172	
8269.5753	2.2423999999991793	states																																	"       state_name
id               
3   wait_for_poke"
8271.8177	0.025500000001557055	states																																	"        state_name
id                
1   nose_in_center"
8271.843200000001	2.0	states																																	"          state_name
id                  
2   punish_violation"
8274.0819	16.15689999999995	trials	1.0	2.0	80.0	0.9824841813600294	0.0	0.15	True	5135.0	True	False	27194.0	False	Mixed	True	True	0.025	0.0	100.0	1.5	9.0													
8274.0819	16.15689999999995	processed_trials			80.0	0.9824841813600294					True				Mixed					100.0		9.0	40.0	40.0	False	False	True	14.820699999999999	14.820699999999999	20.373136501193883	0.15159999999999998	-0.20289754040678545	Right	0.15159999999999998	
8274.0819	0.15159999999923457	states																																	"       state_name
id               
3   wait_for_poke"
8274.233499999998	0.9825000000000728	states																																	"        state_name
id                
1   nose_in_center"
8275.215999999999	0.0020000000004074536	states																																	"   state_name
id           
5      go_cue"
8275.217999999999	14.820700000000215	states																																	"            state_name
id                    
6   wait_for_side_poke"
8290.0387	0.2000000000007276	states																																	"   state_name
id           
0     opt_out"
8290.2387	9.999999929277692e-05	states																																	"    state_name
id            
7   stop_sound"
8290.4861	2.2980999999999767	trials	1.0	2.0	40.0	0.8800159860670652	0.0	0.15	True	5135.0	False	False	27195.0	False	Mixed	True	False	0.025	0.0	0.5735868751398723	1.5	9.0													
8290.4861	2.2980999999999767	processed_trials			40.0	0.8800159860670652					False				Mixed					0.5735868751398723		9.0	40.0	40.0	False	True	False			20.373136501193883	0.2562	-0.20033528028385358	Left	0.2562	
8290.4861	0.2561999999998079	states																																	"       state_name
id               
3   wait_for_poke"
8290.7423	0.0419000000001688	states																																	"        state_name
id                
1   nose_in_center"
8290.7842	2.0	states																																	"          state_name
id                  
2   punish_violation"
8293.0274	15.433499999999185	trials	1.0	2.0	40.0	0.8815851056729871	0.0	0.15	True	5135.0	True	False	27196.0	False	Mixed	True	True	0.025	0.0	100.0	1.5	9.0													
8293.0274	15.433499999999185	processed_trials			40.0	0.8815851056729871					True				Mixed					100.0		9.0	40.0	40.0	False	False	True	14.246599999999999	14.246599999999999	20.373136501193883	0.1032	-0.20408313686902166	Left	0.1032	
8293.0274	0.10319999999956053	states																																	"       state_name
id               
3   wait_for_poke"
8293.1306	0.881600000000617	states																																	"        state_name
id                
1   nose_in_center"
8294.012200000001	0.0020000000004074536	states																																	"   state_name
id           
5      go_cue"
8294.014200000001	14.24659999999858	states																																	"            state_name
id                    
6   wait_for_side_poke"
8308.2608	0.2000000000007276	states																																	"   state_name
id           
0     opt_out"
8308.4608	9.999999929277692e-05	states																																	"    state_name
id            
7   stop_sound"
8308.7063	2.6118999999998778	trials	1.0	2.0	10.0	0.9070229132944321	0.0	0.15	True	5135.0	False	False	27197.0	False	Mixed	True	False	0.025	0.0	0.03987553593901644	1.5	9.0													
8308.7063	2.6118999999998778	processed_trials			10.0	0.9070229132944321					False				Mixed					0.03987553593901644		9.0	40.0	40.0	False	True	False			20.373136501193883	0.3589	-0.19781956217080288	Right	0.3589	
8308.7063	0.3588999999992666	states																																	"       state_name
id               
3   wait_for_poke"
8309.0652	0.2530000000006112	states																																	"        state_name
id                
1   nose_in_center"
8309.3182	2.0	states																																	"          state_name
id                  
2   punish_violation"
8311.5625	5.436299999999392	trials	1.0	2.0	10.0	0.8445989368550785	0.0	0.15	True	5135.0	False	False	27198.0	False	Mixed	True	True	0.025	0.0	4.203155104107237	1.5	9.0													
8311.5625	5.436299999999392	processed_trials			10.0	0.8445989368550785					False				Mixed					4.203155104107237		9.0	40.0	40.0	True	False	False	4.2032	4.2032	20.373136501193883	0.106	-0.2040145486439336	Left	0.106	
8311.5625	0.10599999999976717	states																																	"       state_name
id               
3   wait_for_poke"
8311.6685	0.8446000000003551	states																																	"        state_name
id                
1   nose_in_center"
8312.5131	0.0020000000004074536	states																																	"   state_name
id           
5      go_cue"
8312.5151	4.203199999999924	states																																	"            state_name
id                    
6   wait_for_side_poke"
8316.7183	0.19499999999970896	states																																	"         state_name
id                 
4   announce_reward"
8316.9133	0.08539999999993597	states																																	"   state_name
id           
8      reward"
8316.9987	9.999999929277692e-05	states																																	"    state_name
id            
7   stop_sound"
8317.2449	6.0755000000008295	trials	1.0	2.0	40.0	0.9702219166737832	0.0	0.15	True	5145.0	False	False	27199.0	False	Mixed	True	False	0.025	0.0	3.2858630039463472	1.5	9.0													
8317.2449	6.0755000000008295	processed_trials			40.0	0.9702219166737832					False				Mixed					3.2858630039463472		9.0	40.0	40.0	True	False	False	3.2859000000000007	3.2859000000000007	20.373136501193883	1.212	-0.1769221997341568	Left	0.45509999999999995	
8317.2449	1.2119999999995343	states																																	"       state_name
id               
3   wait_for_poke"
8318.4569	0.9701999999997497	states																																	"        state_name
id                
1   nose_in_center"
8319.427099999999	0.0020000000004074536	states																																	"   state_name
id           
5      go_cue"
8319.4291	3.2859000000007654	states																																	"            state_name
id                    
6   wait_for_side_poke"
8322.715	0.32849999999962165	states																																	"         state_name
id                 
4   announce_reward"
8323.0435	0.2767999999996391	states																																	"   state_name
id           
8      reward"
8323.3203	0.00010000000111176632	states																																	"    state_name
id            
7   stop_sound"
8323.5643	5.473700000000463	trials	1.0	2.0	40.0	0.8421740508582312	0.0	0.15	True	5185.0	False	False	27200.0	False	Mixed	True	False	0.025	0.0	1.6144971376872013	1.5	9.0													
8323.5643	5.473700000000463	processed_trials			40.0	0.8421740508582312					False				Mixed					1.6144971376872013		9.0	40.0	40.0	True	False	False	1.6145000000000005	1.6145000000000005	20.373136501193883	2.7039	-0.1403769236595673	Right	1.4286	
8323.5643	2.7039000000004307	states																																	"       state_name
id               
3   wait_for_poke"
8326.2682	0.8421999999991385	states																																	"        state_name
id                
1   nose_in_center"
8327.1104	0.0020000000004074536	states																																	"   state_name
id           
5      go_cue"
8327.1124	1.6144999999996799	states																																	"            state_name
id                    
6   wait_for_side_poke"
8328.7269	0.0169000000005326	states																																	"         state_name
id                 
4   announce_reward"
8328.7438	0.2940999999991618	states																																	"   state_name
id           
8      reward"
8329.0379	0.00010000000111176632	states																																	"    state_name
id            
7   stop_sound"
8329.286	4.533900000000358	trials	1.0	2.0	5.0	0.941704635330661	0.0	0.15	True	5225.0	False	False	27201.0	False	Mixed	True	False	0.025	0.0	1.6144971	1.5	9.0													
8329.286	4.533900000000358	processed_trials			5.0	0.941704635330661					False				Mixed					1.6144971		9.0	40.0	40.0	False	True	False			20.373136501193883	2.4765	-0.14594726736850333	Right	1.3765	
8329.286	2.4765000000006694	states																																	"       state_name
id               
3   wait_for_poke"
8331.7625	0.05739999999968859	states																																	"        state_name
id                
1   nose_in_center"
8331.8199	2.0	states																																	"          state_name
id                  
2   punish_violation"
8334.064	2.441899999999805	trials	1.0	2.0	5.0	1.1824549600789303	0.0	0.15	True	5225.0	False	False	27202.0	False	Mixed	True	True	0.025	0.0	1.5943314206515813	1.5	9.0													
8334.064	2.441899999999805	processed_trials			5.0	1.1824549600789303					False				Mixed					1.5943314206515813		9.0	40.0	40.0	False	True	False			20.373136501193883	0.192	-0.20190791030194372	Left	0.192	
8334.064	0.19199999999909778	states																																	"       state_name
id               
3   wait_for_poke"
8334.256	0.24990000000070722	states																																	"        state_name
id                
1   nose_in_center"
8334.5059	2.0	states																																	"          state_name
id                  
2   punish_violation"
8336.7503	2.071799999999712	trials	1.0	2.0	5.0	0.9234619967437236	0.0	0.15	True	5225.0	False	False	27203.0	False	Mixed	True	True	0.025	0.0	1.2689899549161532	1.5	9.0													
8336.7503	2.071799999999712	processed_trials			5.0	0.9234619967437236					False				Mixed					1.2689899549161532		9.0	40.0	40.0	False	True	False			20.373136501193883	0.01	-0.20636614493266647	Right	0.01	
8336.7503	0.010000000000218279	states																																	"       state_name
id               
3   wait_for_poke"
8336.7603	0.06179999999949359	states																																	"        state_name
id                
1   nose_in_center"
8336.8221	2.0	states																																	"          state_name
id                  
2   punish_violation"
8339.083	2.8091999999996915	trials	1.0	2.0	5.0	1.0961615434741905	0.0	0.15	True	5225.0	False	False	27204.0	False	Mixed	True	True	0.025	0.0	1.26899	1.5	9.0													
8339.083	2.8091999999996915	processed_trials			5.0	1.0961615434741905					False				Mixed					1.26899		9.0	40.0	40.0	True	False	False	1.2689999999999997	1.2689999999999997	20.373136501193883	0.0895	-0.20441872925605956	Left	0.0895	
8339.083	0.08950000000004366	states																																	"       state_name
id               
3   wait_for_poke"
8339.1725	1.0961999999999534	states																																	"        state_name
id                
1   nose_in_center"
8340.2687	0.0020000000004074536	states																																	"   state_name
id           
5      go_cue"
8340.270700000001	1.2690000000002328	states																																	"            state_name
id                    
6   wait_for_side_poke"
8341.539700000001	0.2984999999989668	states																																	"         state_name
id                 
4   announce_reward"
8341.8382	0.053900000000794535	states																																	"   state_name
id           
8      reward"
8341.892100000001	9.999999929277692e-05	states																																	"    state_name
id            
7   stop_sound"
8342.1414	3.7084999999988213	trials	1.0	2.0	10.0	1.1195896720312142	0.0	0.15	True	5230.0	False	False	27205.0	False	Mixed	True	False	0.025	0.0	1.2724987652263497	1.5	9.0													
8342.1414	3.7084999999988213	processed_trials			10.0	1.1195896720312142					False				Mixed					1.2724987652263497		9.0	40.0	40.0	True	False	False	1.2725	1.2725	20.373136501193883	1.113	-0.1793472834069126	Left	0.3762000000000001	
8342.1414	1.1129999999993743	states																																	"       state_name
id               
3   wait_for_poke"
8343.2544	1.1195999999999913	states																																	"        state_name
id                
1   nose_in_center"
8344.374	0.0020000000004074536	states																																	"   state_name
id           
5      go_cue"
8344.376	1.2725000000009459	states																																	"            state_name
id                    
6   wait_for_side_poke"
8345.648500000001	0.11589999999887368	states																																	"         state_name
id                 
4   announce_reward"
8345.7644	0.08539999999993597	states																																	"   state_name
id           
8      reward"
8345.8498	0.00010000000111176632	states																																	"    state_name
id            
7   stop_sound"
8346.1045	3.793600000000879	trials	1.0	2.0	40.0	0.9381636879705113	0.0	0.15	True	5240.0	False	False	27206.0	False	Mixed	True	False	0.025	0.0	1.2724988	1.5	9.0													
8346.1045	3.793600000000879	processed_trials			40.0	0.9381636879705113					False				Mixed					1.2724988		9.0	40.0	40.0	True	False	False	1.2725	1.2725	20.373136501193883	1.2007999999999999	-0.17719655263450898	Left	0.5499999999999999	
8346.1045	1.2008000000005268	states																																	"       state_name
id               
3   wait_for_poke"
8347.3053	0.9381999999986874	states																																	"        state_name
id                
1   nose_in_center"
8348.243499999999	0.0020000000004074536	states																																	"   state_name
id           
5      go_cue"
8348.245499999999	1.2725000000009459	states																																	"            state_name
id                    
6   wait_for_side_poke"
8349.518	0.10319999999956053	states																																	"         state_name
id                 
4   announce_reward"
8349.6212	0.2767999999996391	states																																	"   state_name
id           
8      reward"
8349.898	0.00010000000111176632	states																																	"    state_name
id            
7   stop_sound"
8350.1486	5.381499999999505	trials	1.0	2.0	20.0	1.0523502405700782	0.0	0.15	True	5280.0	False	False	27207.0	False	Mixed	True	False	0.025	0.0	0.9686028985340105	1.5	9.0													
8350.1486	5.381499999999505	processed_trials			20.0	1.0523502405700782					False				Mixed					0.9686028985340105		9.0	40.0	40.0	True	False	False	0.9686000000000003	0.9686000000000003	20.373136501193883	3.074	-0.13131103005060854	Left	1.5815999999999997	
8350.1486	3.074000000000524	states																																	"       state_name
id               
3   wait_for_poke"
8353.222600000001	1.05239999999867	states																																	"        state_name
id                
1   nose_in_center"
8354.275	0.0020000000004074536	states																																	"   state_name
id           
5      go_cue"
8354.277	0.9686000000001513	states																																	"            state_name
id                    
6   wait_for_side_poke"
8355.2456	0.13550000000032014	states																																	"         state_name
id                 
4   announce_reward"
8355.3811	0.1489000000001397	states																																	"   state_name
id           
8      reward"
8355.53	9.999999929277692e-05	states																																	"    state_name
id            
7   stop_sound"
8355.782	6.875	trials	1.0	2.0	20.0	1.0523502	0.0	0.15	True	5300.0	False	False	27208.0	False	Mixed	True	False	0.025	0.0	3.2870876305458414	1.5	9.0													
8355.782	6.875	processed_trials			20.0	1.0523502					False				Mixed					3.2870876305458414		9.0	40.0	40.0	True	False	False	3.2870999999999997	3.2870999999999997	20.373136501193883	1.9617	-0.1585577024668334	Left	0.8621000000000001	
8355.782	1.961699999999837	states																																	"       state_name
id               
3   wait_for_poke"
8357.743699999999	1.052400000000489	states																																	"        state_name
id                
1   nose_in_center"
8358.7961	0.0020000000004074536	states																																	"   state_name
id           
5      go_cue"
8358.7981	3.2870999999995547	states																																	"            state_name
id                    
6   wait_for_side_poke"
8362.0852	0.4228000000002794	states																																	"         state_name
id                 
4   announce_reward"
8362.508	0.1489000000001397	states																																	"   state_name
id           
8      reward"
8362.6569	9.999999929277692e-05	states																																	"    state_name
id            
7   stop_sound"
8362.9135	13.70929999999862	trials	1.0	2.0	80.0	1.1868762927028722	0.0	0.15	True	5320.0	True	False	27209.0	False	Mixed	True	False	0.025	0.0	100.0	1.5	9.0													
8362.9135	13.70929999999862	processed_trials			80.0	1.1868762927028722					True				Mixed					100.0		9.0	40.0	40.0	False	False	True	10.5541	10.5541	20.373136501193883	1.7662	-0.16334663032565927	Right	1.0191	
8362.9135	1.7662000000000262	states																																	"       state_name
id               
3   wait_for_poke"
8364.6797	1.1869000000006054	states																																	"        state_name
id                
1   nose_in_center"
8365.866600000001	0.0019999999985884642	states																																	"   state_name
id           
5      go_cue"
8365.8686	10.554100000001199	states																																	"            state_name
id                    
6   wait_for_side_poke"
8376.422700000001	0.1999999999989086	states																																	"   state_name
id           
0     opt_out"
8376.6227	0.00010000000111176632	states																																	"    state_name
id            
7   stop_sound"
8376.8812	3.955599999999322	trials	1.0	2.0	80.0	1.033120403053688	0.0	0.15	True	5320.0	False	False	27210.0	False	Mixed	True	False	0.025	0.0	2.4716110625147913	1.5	9.0													
8376.8812	3.955599999999322	processed_trials			80.0	1.033120403053688					False				Mixed					2.4716110625147913		9.0	40.0	40.0	False	True	False			20.373136501193883	1.9169	-0.1596551140682421	Right	1.9169	
8376.8812	1.9169000000001688	states																																	"       state_name
id               
3   wait_for_poke"
8378.7981	0.03869999999915308	states																																	"        state_name
id                
1   nose_in_center"
8378.8368	2.0	states																																	"          state_name
id                  
2   punish_violation"
8381.092	14.778699999998935	trials	1.0	2.0	80.0	0.8588606552789365	0.0	0.15	True	5320.0	True	False	27211.0	False	Mixed	True	True	0.025	0.0	100.0	1.5	9.0													
8381.092	14.778699999998935	processed_trials			80.0	0.8588606552789365					True				Mixed					100.0		9.0	40.0	40.0	False	False	True	13.5727	13.5727	20.373136501193883	0.145	-0.20305921265163587	Left	0.145	
8381.092	0.14500000000043656	states																																	"       state_name
id               
3   wait_for_poke"
8381.237000000001	0.8588999999992666	states																																	"        state_name
id                
1   nose_in_center"
8382.0959	0.0020000000004074536	states																																	"   state_name
id           
5      go_cue"
8382.0979	13.572700000000623	states																																	"            state_name
id                    
6   wait_for_side_poke"
8395.670600000001	0.1999999999989086	states																																	"   state_name
id           
0     opt_out"
8395.8706	0.00010000000111176632	states																																	"    state_name
id            
7   stop_sound"
8396.1264	2.1141000000006898	trials	1.0	2.0	20.0	1.0447442987337723	0.0	0.15	True	5320.0	False	False	27212.0	False	Mixed	True	False	0.025	0.0	2.5078388750525544	1.5	9.0													
8396.1264	2.1141000000006898	processed_trials			20.0	1.0447442987337723					False				Mixed					2.5078388750525544		9.0	40.0	40.0	False	True	False			20.373136501193883	0.0626	-0.20507766613279824	Right	0.0626	
8396.1264	0.06259999999929278	states																																	"       state_name
id               
3   wait_for_poke"
8396.188999999998	0.051500000001396984	states																																	"        state_name
id                
1   nose_in_center"
8396.2405	2.0	states																																	"          state_name
id                  
2   punish_violation"
8398.4951	3.3718000000008033	trials	1.0	2.0	20.0	0.9682617343576623	0.0	0.15	True	5320.0	False	False	27213.0	False	Mixed	True	True	0.025	0.0	1.4627047461381362	1.5	9.0													
8398.4951	3.3718000000008033	processed_trials			20.0	0.9682617343576623					False				Mixed					1.4627047461381362		9.0	40.0	40.0	True	False	False	1.4627000000000003	1.4627000000000003	20.373136501193883	0.2538	-0.20039407019107192	Left	0.2538	
8398.4951	0.25380000000041036	states																																	"       state_name
id               
3   wait_for_poke"
8398.7489	0.968300000000454	states																																	"        state_name
id                
1   nose_in_center"
8399.717200000001	0.0019999999985884642	states																																	"   state_name
id           
5      go_cue"
8399.7192	1.4627000000000407	states																																	"            state_name
id                    
6   wait_for_side_poke"
8401.1819	0.5360000000000582	states																																	"         state_name
id                 
4   announce_reward"
8401.7179	0.1489000000001397	states																																	"   state_name
id           
8      reward"
8401.8668	0.00010000000111176632	states																																	"    state_name
id            
7   stop_sound"
8402.1239	4.905399999999645	trials	1.0	2.0	10.0	1.0851204448849376	0.0	0.15	True	5340.0	False	False	27214.0	False	Mixed	True	False	0.025	0.0	1.4627047	1.5	9.0													
8402.1239	4.905399999999645	processed_trials			10.0	1.0851204448849376					False				Mixed					1.4627047		9.0	40.0	40.0	True	False	False	1.4627	1.4627	20.373136501193883	2.0761	-0.1557553835560934	Left	0.847	
8402.1239	2.076100000000224	states																																	"       state_name
id               
3   wait_for_poke"
8404.2	1.0851000000002387	states																																	"        state_name
id                
1   nose_in_center"
8405.285100000001	0.0020000000004074536	states																																	"   state_name
id           
5      go_cue"
8405.287100000001	1.4626999999982218	states																																	"            state_name
id                    
6   wait_for_side_poke"
8406.7498	0.19400000000132422	states																																	"         state_name
id                 
4   announce_reward"
8406.943800000001	0.08539999999993597	states																																	"   state_name
id           
8      reward"
8407.0292	9.999999929277692e-05	states																																	"    state_name
id            
7   stop_sound"
8407.3031	3.970100000000457	trials	1.0	2.0	5.0	0.9479903882833655	0.0	0.15	True	5350.0	False	False	27215.0	False	Mixed	True	False	0.025	0.0	1.4650309772075403	1.5	9.0													
8407.3031	3.970100000000457	processed_trials			5.0	0.9479903882833655					False				Mixed					1.4650309772075403		9.0	40.0	40.0	True	False	False	1.4649999999999999	1.4649999999999999	20.373136501193883	1.4699	-0.1706047342876546	Left	0.4554	
8407.3031	1.4699000000000524	states																																	"       state_name
id               
3   wait_for_poke"
8408.773	0.9480000000003201	states																																	"        state_name
id                
1   nose_in_center"
8409.721	0.0020000000004074536	states																																	"   state_name
id           
5      go_cue"
8409.723	1.4649999999983265	states																																	"            state_name
id                    
6   wait_for_side_poke"
8411.187999999998	0.031200000001263106	states																																	"         state_name
id                 
4   announce_reward"
8411.2192	0.053899999998975545	states																																	"   state_name
id           
8      reward"
8411.273099999999	0.00010000000111176632	states																																	"    state_name
id            
7   stop_sound"
8411.531	3.8774999999986903	trials	1.0	2.0	5.0	0.8418902027182863	0.0	0.15	True	5355.0	False	False	27216.0	False	Mixed	True	False	0.025	0.0	1.5602335403254062	1.5	9.0													
8411.531	3.8774999999986903	processed_trials			5.0	0.8418902027182863					False				Mixed					1.5602335403254062		9.0	40.0	40.0	True	False	False	1.5601999999999996	1.5601999999999996	20.373136501193883	1.3491	-0.17356382628431014	Left	0.6352	
8411.531	1.3490999999994528	states																																	"       state_name
id               
3   wait_for_poke"
8412.8801	0.8419000000012602	states																																	"        state_name
id                
1   nose_in_center"
8413.722000000002	0.0019999999985884642	states																																	"   state_name
id           
5      go_cue"
8413.724	1.5601999999998952	states																																	"            state_name
id                    
6   wait_for_side_poke"
8415.2842	0.07030000000122527	states																																	"         state_name
id                 
4   announce_reward"
8415.354500000001	0.053899999998975545	states																																	"   state_name
id           
8      reward"
8415.4084	0.00010000000111176632	states																																	"    state_name
id            
7   stop_sound"
8415.6706	4.6141999999999825	trials	1.0	2.0	80.0	0.8954970807169572	0.0	0.15	True	5360.0	False	False	27217.0	False	Mixed	True	False	0.025	0.0	1.5602335	1.5	9.0													
8415.6706	4.6141999999999825	processed_trials			80.0	0.8954970807169572					False				Mixed					1.5602335		9.0	40.0	40.0	True	False	False	1.5601999999999996	1.5601999999999996	20.373136501193883	1.4313	-0.1715502719620826	Left	0.4889	
8415.6706	1.431300000000192	states																																	"       state_name
id               
3   wait_for_poke"
8417.1019	0.8955000000005384	states																																	"        state_name
id                
1   nose_in_center"
8417.9974	0.0019999999985884642	states																																	"   state_name
id           
5      go_cue"
8417.999399999999	1.5601999999998952	states																																	"            state_name
id                    
6   wait_for_side_poke"
8419.559599999999	0.18760000000111177	states																																	"         state_name
id                 
4   announce_reward"
8419.7472	0.5375000000003638	states																																	"   state_name
id           
8      reward"
8420.2847	9.999999929277692e-05	states																																	"    state_name
id            
7   stop_sound"
8420.5461	11.523600000000442	trials	1.0	2.0	40.0	1.0746178276102394	0.0	0.15	True	5440.0	False	False	27218.0	False	Mixed	True	False	0.025	0.0	5.6018144325148	1.5	9.0													
8420.5461	11.523600000000442	processed_trials			40.0	1.0746178276102394					False				Mixed					5.6018144325148		9.0	40.0	40.0	True	False	False	5.601800000000001	5.601800000000001	20.373136501193883	3.8952	-0.11119508346407266	Right	0.8481000000000001	
8420.5461	3.895200000000841	states																																	"       state_name
id               
3   wait_for_poke"
8424.4413	1.0745999999999185	states																																	"        state_name
id                
1   nose_in_center"
8425.5159	0.0019999999985884642	states																																	"   state_name
id           
5      go_cue"
8425.517899999999	5.601800000000367	states																																	"            state_name
id                    
6   wait_for_side_poke"
8431.1197	0.655800000000454	states																																	"         state_name
id                 
4   announce_reward"
8431.7755	0.2940999999991618	states																																	"   state_name
id           
8      reward"
8432.069599999999	0.00010000000111176632	states																																	"    state_name
id            
7   stop_sound"
8432.3308	12.148699999999735	trials	1.0	2.0	40.0	1.0746178	0.0	0.15	True	5480.0	False	False	27219.0	False	Mixed	True	False	0.025	0.0	8.836542592084992	1.5	9.0													
8432.3308	12.148699999999735	processed_trials			40.0	1.0746178					False				Mixed					8.836542592084992		9.0	40.0	40.0	True	False	False	8.8365	8.8365	20.373136501193883	1.8708	-0.16078437020272737	Right	1.1495000000000002	
8432.3308	1.8708000000005995	states																																	"       state_name
id               
3   wait_for_poke"
8434.2016	1.0745999999999185	states																																	"        state_name
id                
1   nose_in_center"
8435.2762	0.0019999999985884642	states																																	"   state_name
id           
5      go_cue"
8435.278199999999	8.836500000001251	states																																	"            state_name
id                    
6   wait_for_side_poke"
8444.1147	0.0705999999991036	states																																	"         state_name
id                 
4   announce_reward"
8444.1853	0.2941000000009808	states																																	"   state_name
id           
8      reward"
8444.4794	9.999999929277692e-05	states																																	"    state_name
id            
7   stop_sound"
8444.7413	4.17410000000018	trials	1.0	2.0	10.0	1.1908211014557213	0.0	0.15	True	5520.0	False	False	27220.0	False	Mixed	True	False	0.025	0.0	0.24170415406899512	1.5	9.0													
8444.7413	4.17410000000018	processed_trials			10.0	1.1908211014557213					False				Mixed					0.24170415406899512		9.0	40.0	40.0	False	True	False			20.373136501193883	2.1564	-0.15378837124374706	Right	0.5397000000000001	
8444.7413	2.1563999999998487	states																																	"       state_name
id               
3   wait_for_poke"
8446.8977	0.017700000000331784	states																																	"        state_name
id                
1   nose_in_center"
8446.9154	2.0	states																																	"          state_name
id                  
2   punish_violation"
8449.1773	3.011500000000524	trials	1.0	2.0	10.0	0.8322255786550177	0.0	0.15	True	5520.0	False	False	27221.0	False	Mixed	True	True	0.025	0.0	2.280471275570261	1.5	9.0													
8449.1773	3.011500000000524	processed_trials			10.0	0.8322255786550177					False				Mixed					2.280471275570261		9.0	40.0	40.0	False	True	False			20.373136501193883	0.758	-0.1880432905162894	Left	0.758	
8449.1773	0.7579999999998108	states																																	"       state_name
id               
3   wait_for_poke"
8449.9353	0.25350000000071304	states																																	"        state_name
id                
1   nose_in_center"
8450.1888	2.0	states																																	"          state_name
id                  
2   punish_violation"
8452.4502	6.572700000000623	trials	1.0	2.0	10.0	1.1585806914177421	0.0	0.15	True	5520.0	False	False	27222.0	False	Mixed	True	True	0.025	0.0	3.0363626354317494	1.5	9.0													
8452.4502	6.572700000000623	processed_trials			10.0	1.1585806914177421					False				Mixed					3.0363626354317494		9.0	40.0	40.0	True	False	False	3.0363999999999995	3.0363999999999995	20.373136501193883	2.2422	-0.15168663206069202	Left	2.2422	
8452.4502	2.2422000000005937	states																																	"       state_name
id               
3   wait_for_poke"
8454.6924	1.1585999999988417	states																																	"        state_name
id                
1   nose_in_center"
8455.850999999999	0.0020000000004074536	states																																	"   state_name
id           
5      go_cue"
8455.853	3.0364000000008673	states																																	"            state_name
id                    
6   wait_for_side_poke"
8458.8894	0.04799999999886495	states																																	"         state_name
id                 
4   announce_reward"
8458.937399999999	0.08539999999993597	states																																	"   state_name
id           
8      reward"
8459.022799999999	0.00010000000111176632	states																																	"    state_name
id            
7   stop_sound"
8459.286	3.8655999999991764	trials	1.0	2.0	5.0	0.8820479059232921	0.0	0.15	True	5530.0	False	False	27223.0	False	Mixed	True	False	0.025	0.0	2.502129744310995	1.5	9.0													
8459.286	3.8655999999991764	processed_trials			5.0	0.8820479059232921					False				Mixed					2.502129744310995		9.0	40.0	40.0	False	True	False			20.373136501193883	1.3059	-0.17462204461423994	Left	0.5795000000000001	
8459.286	1.305899999999383	states																																	"       state_name
id               
3   wait_for_poke"
8460.5919	0.5596999999997934	states																																	"        state_name
id                
1   nose_in_center"
8461.1516	2.0	states																																	"          state_name
id                  
2   punish_violation"
8463.4185	4.826699999999619	trials	1.0	2.0	5.0	0.8406474794555163	0.0	0.15	True	5530.0	False	False	27224.0	False	Mixed	True	True	0.025	0.0	2.0274293973690916	1.5	9.0													
8463.4185	4.826699999999619	processed_trials			5.0	0.8406474794555163					False				Mixed					2.0274293973690916		9.0	40.0	40.0	False	True	False			20.373136501193883	2.5279000000000003	-0.14468818352224425	Right	2.5279000000000003	
8463.4185	2.5278999999991356	states																																	"       state_name
id               
3   wait_for_poke"
8465.946399999999	0.2988000000004831	states																																	"        state_name
id                
1   nose_in_center"
8466.2452	2.0	states																																	"          state_name
id                  
2   punish_violation"
8468.5113	90.1263999999992	trials	1.0	2.0	5.0	1.1391136245722542	0.0	0.15	True	5530.0	False	False	27225.0	False	Mixed	True	True	0.025	0.0	2.9266776940632355	1.5	9.0													
8468.5113	90.1263999999992	processed_trials			5.0	1.1391136245722542					False				Mixed					2.9266776940632355		9.0	40.0	40.0	False	True	False			20.373136501193883	88.0783	1.9509368491820667	Right	88.0783	
8468.5113	88.07829999999922	states																																	"       state_name
id               
3   wait_for_poke"
8556.5896	0.04809999999997672	states																																	"        state_name
id                
1   nose_in_center"
8556.6377	2.0	states																																	"          state_name
id                  
2   punish_violation"
8558.9081	84.17259999999987	trials	1.0	2.0	5.0	1.1391136	0.0	0.15	True	5530.0	True	False	27226.0	False	Mixed	True	True	0.025	0.0	100.0	1.5	9.0													
8558.9081	84.17259999999987	processed_trials			5.0	1.1391136					True				Mixed					100.0		9.0	40.0	40.0	False	True	False			20.373136501193883	81.2291	1.783160252298845	Right	81.2291	
8558.9081	81.22910000000047	states																																	"       state_name
id               
3   wait_for_poke"
8640.137200000001	0.9434999999994034	states																																	"        state_name
id                
1   nose_in_center"
8641.0807	2.0	states																																	"          state_name
id                  
2   punish_violation"
8643.3509	2.394400000001042	trials	1.0	2.0	5.0	1.1937321234653149	0.0	0.15	True	5530.0	False	False	27227.0	False	Mixed	True	True	0.025	0.0	0.7358748596537324	1.5	9.0													
8643.3509	2.394400000001042	processed_trials			5.0	1.1937321234653149					False				Mixed					0.7358748596537324		9.0	40.0	40.0	False	True	False			20.373136501193883	0.042	-0.20558227950308886	Right	0.042	
8643.3509	0.04199999999946158	states																																	"       state_name
id               
3   wait_for_poke"
8643.392899999999	0.35239999999976135	states																																	"        state_name
id                
1   nose_in_center"
8643.745299999999	2.0	states																																	"          state_name
id                  
2   punish_violation"
8646.014	61.34600000000137	trials	1.0	2.0	5.0	1.1165616950288653	0.0	0.15	True	5530.0	False	False	27228.0	False	Mixed	True	True	0.025	0.0	0.526815918839299	1.5	9.0													
8646.014	61.34600000000137	processed_trials			5.0	1.1165616950288653					False				Mixed					0.526815918839299		9.0	40.0	40.0	True	False	False	0.5268000000000015	0.5268000000000015	20.373136501193883	59.512	1.2511826297775852	Right	59.512	
8646.014	59.512000000000626	states																																	"       state_name
id               
3   wait_for_poke"
8705.526	1.11659999999938	states																																	"        state_name
id                
1   nose_in_center"
8706.6426	0.0020000000004074536	states																																	"   state_name
id           
5      go_cue"
8706.6446	0.5267999999996391	states																																	"            state_name
id                    
6   wait_for_side_poke"
8707.1714	0.1301000000003114	states																																	"         state_name
id                 
4   announce_reward"
8707.3015	0.058399999999892316	states																																	"   state_name
id           
8      reward"
8707.3599	9.999999929277692e-05	states																																	"    state_name
id            
7   stop_sound"
8707.6323	4.603800000000774	trials	1.0	2.0	10.0	1.1193234242650691	0.0	0.15	True	5535.0	False	False	27229.0	False	Mixed	True	False	0.025	0.0	1.2268251952329021	1.5	9.0													
8707.6323	4.603800000000774	processed_trials			10.0	1.1193234242650691					False				Mixed					1.2268251952329021		9.0	40.0	40.0	False	True	False			20.373136501193883	2.5549	-0.14402679706603813	Left	0.9063000000000001	
8707.6323	2.5548999999991793	states																																	"       state_name
id               
3   wait_for_poke"
8710.187199999998	0.04890000000159489	states																																	"        state_name
id                
1   nose_in_center"
8710.2361	2.0	states																																	"          state_name
id                  
2   punish_violation"
8712.5076	2.339399999998932	trials	1.0	2.0	10.0	1.1115184416468147	0.0	0.15	True	5535.0	False	False	27230.0	False	Mixed	True	True	0.025	0.0	0.4286982941826538	1.5	9.0													
8712.5076	2.339399999998932	processed_trials			10.0	1.1115184416468147					False				Mixed					0.4286982941826538		9.0	40.0	40.0	True	False	False	0.4287000000000001	0.4287000000000001	20.373136501193883	0.5805	-0.19239129407097783	Left	0.5805	
8712.5076	0.5805000000000291	states																																	"       state_name
id               
3   wait_for_poke"
8713.0881	1.1114999999990687	states																																	"        state_name
id                
1   nose_in_center"
8714.1996	0.0020000000004074536	states																																	"   state_name
id           
5      go_cue"
8714.2016	0.42870000000039	states																																	"            state_name
id                    
6   wait_for_side_poke"
8714.6303	0.13119999999980791	states																																	"         state_name
id                 
4   announce_reward"
8714.7615	0.08539999999993597	states																																	"   state_name
id           
8      reward"
8714.8469	0.00010000000111176632	states																																	"    state_name
id            
7   stop_sound"
8715.1162	14.737299999998868	trials	1.0	2.0	10.0	0.9717229487381827	0.0	0.15	True	5545.0	False	False	27231.0	False	Mixed	True	False	0.025	0.0	10.890059470109554	1.5	9.0													
8715.1162	14.737299999998868	processed_trials			10.0	0.9717229487381827					False				Mixed					10.890059470109554		9.0	40.0	40.0	True	False	False	10.8901	10.8901	20.373136501193883	1.5359	-0.16898801183915074	Left	0.6169	
8715.1162	1.5359000000007654	states																																	"       state_name
id               
3   wait_for_poke"
8716.652100000001	0.9717000000000553	states																																	"        state_name
id                
1   nose_in_center"
8717.623800000001	0.0019999999985884642	states																																	"   state_name
id           
5      go_cue"
8717.6258	10.89010000000053	states																																	"            state_name
id                    
6   wait_for_side_poke"
8728.5159	1.2520999999997002	states																																	"         state_name
id                 
4   announce_reward"
8729.768	0.08539999999993597	states																																	"   state_name
id           
8      reward"
8729.8534	0.00010000000111176632	states																																	"    state_name
id            
7   stop_sound"
8730.1273	5.417100000000573	trials	1.0	2.0	40.0	1.1137625389351973	0.0	0.15	True	5555.0	False	False	27232.0	False	Mixed	True	False	0.025	0.0	1.9275988762905425	1.5	9.0													
8730.1273	5.417100000000573	processed_trials			40.0	1.1137625389351973					False				Mixed					1.9275988762905425		9.0	40.0	40.0	True	False	False	1.9276	1.9276	20.373136501193883	2.0653	-0.15601993813857584	Right	1.1807	
8730.1273	2.0653000000002066	states																																	"       state_name
id               
3   wait_for_poke"
8732.1926	1.1137999999991735	states																																	"        state_name
id                
1   nose_in_center"
8733.3064	0.0020000000004074536	states																																	"   state_name
id           
5      go_cue"
8733.3084	1.9276000000008935	states																																	"            state_name
id                    
6   wait_for_side_poke"
8735.236	0.01419999999961874	states																																	"         state_name
id                 
4   announce_reward"
8735.2502	0.2940999999991618	states																																	"   state_name
id           
8      reward"
8735.5443	0.00010000000111176632	states																																	"    state_name
id            
7   stop_sound"
8735.8155	6.0723999999991065	trials	1.0	2.0	40.0	1.048871035057519	0.0	0.15	True	5595.0	False	False	27233.0	False	Mixed	True	False	0.025	0.0	1.9275989	1.5	9.0													
8735.8155	6.0723999999991065	processed_trials			40.0	1.048871035057519					False				Mixed					1.9275989		9.0	40.0	40.0	True	False	False	1.9275999999999995	1.9275999999999995	20.373136501193883	2.7804	-0.13850299536698327	Right	0.5994000000000002	
8735.8155	2.780399999999645	states																																	"       state_name
id               
3   wait_for_poke"
8738.5959	1.048899999999776	states																																	"        state_name
id                
1   nose_in_center"
8739.6448	0.0020000000004074536	states																																	"   state_name
id           
5      go_cue"
8739.6468	1.9276000000008935	states																																	"            state_name
id                    
6   wait_for_side_poke"
8741.574400000001	0.01929999999993015	states																																	"         state_name
id                 
4   announce_reward"
8741.593700000001	0.2940999999991618	states																																	"   state_name
id           
8      reward"
8741.8878	9.999999929277692e-05	states																																	"    state_name
id            
7   stop_sound"
8742.1584	5.447200000000521	trials	1.0	2.0	10.0	0.9527207051483904	0.0	0.15	True	5635.0	False	False	27234.0	False	Mixed	True	False	0.025	0.0	1.5269644795944455	1.5	9.0													
8742.1584	5.447200000000521	processed_trials			10.0	0.9527207051483904					False				Mixed					1.5269644795944455		9.0	40.0	40.0	False	True	False			20.373136501193883	3.4129	-0.12300940523548795	Left	0.8325999999999998	
8742.1584	3.412899999999354	states																																	"       state_name
id               
3   wait_for_poke"
8745.5713	0.034300000001167064	states																																	"        state_name
id                
1   nose_in_center"
8745.6056	2.0	states																																	"          state_name
id                  
2   punish_violation"
8747.8748	3.297599999999875	trials	1.0	2.0	10.0	0.9835142717138843	0.0	0.15	True	5635.0	False	False	27235.0	False	Mixed	True	True	0.025	0.0	1.5269645	1.5	9.0													
8747.8748	3.297599999999875	processed_trials			10.0	0.9835142717138843					False				Mixed					1.5269645		9.0	40.0	40.0	True	False	False	1.527	1.527	20.373136501193883	0.5575	-0.19295469734848672	Left	0.5575	
8747.8748	0.5575000000008004	states																																	"       state_name
id               
3   wait_for_poke"
8748.4323	0.9834999999984575	states																																	"        state_name
id                
1   nose_in_center"
8749.415799999999	0.0020000000004074536	states																																	"   state_name
id           
5      go_cue"
8749.4178	1.5270000000000437	states																																	"            state_name
id                    
6   wait_for_side_poke"
8750.9448	0.14210000000093714	states																																	"         state_name
id                 
4   announce_reward"
8751.0869	0.08539999999993597	states																																	"   state_name
id           
8      reward"
8751.1723	9.999999929277692e-05	states																																	"    state_name
id            
7   stop_sound"
8751.4439	4.708099999999831	trials	1.0	2.0	5.0	0.8689869064602329	0.0	0.15	True	5645.0	True	False	27236.0	False	Mixed	True	False	0.025	0.0	100.0	1.5	9.0													
8751.4439	4.708099999999831	processed_trials			5.0	0.8689869064602329					True				Mixed					100.0		9.0	40.0	40.0	False	True	False			20.373136501193883	1.883	-0.1604855215077009	Left	0.6085999999999998	
8751.4439	1.8829999999998108	states																																	"       state_name
id               
3   wait_for_poke"
8753.3269	0.8251000000000204	states																																	"        state_name
id                
1   nose_in_center"
8754.152	2.0	states																																	"          state_name
id                  
2   punish_violation"
8756.4287	2.9755000000004657	trials	1.0	2.0	5.0	0.8837800647337994	0.0	0.15	True	5645.0	False	False	27237.0	False	Mixed	True	True	0.025	0.0	2.0486137581481616	1.5	9.0													
8756.4287	2.9755000000004657	processed_trials			5.0	0.8837800647337994					False				Mixed					2.0486137581481616		9.0	40.0	40.0	False	True	False			20.373136501193883	0.8101	-0.18676705961375833	Left	0.8101	
8756.4287	0.8101000000006024	states																																	"       state_name
id               
3   wait_for_poke"
8757.238800000001	0.1653999999998632	states																																	"        state_name
id                
1   nose_in_center"
8757.4042	2.0	states																																	"          state_name
id                  
2   punish_violation"
8759.6797	16.93369999999959	trials	1.0	2.0	5.0	1.1006356373435622	0.0	0.15	True	5645.0	False	False	27238.0	False	Mixed	True	True	0.025	0.0	2.0214879543634683	1.5	9.0													
8759.6797	16.93369999999959	processed_trials			5.0	1.1006356373435622					False				Mixed					2.0214879543634683		9.0	40.0	40.0	True	False	False	2.021499999999996	2.021499999999996	20.373136501193883	13.6545	0.12786672550083206	Right	13.6545	
8759.6797	13.654500000000553	states																																	"       state_name
id               
3   wait_for_poke"
8773.334200000001	1.1005999999997584	states																																	"        state_name
id                
1   nose_in_center"
8774.4348	0.0020000000004074536	states																																	"   state_name
id           
5      go_cue"
8774.436800000001	2.021499999998923	states																																	"            state_name
id                    
6   wait_for_side_poke"
8776.4583	0.09660000000076252	states																																	"         state_name
id                 
4   announce_reward"
8776.554900000001	0.058399999999892316	states																																	"   state_name
id           
8      reward"
8776.6133	9.999999929277692e-05	states																																	"    state_name
id            
7   stop_sound"
8776.894	3.641700000000128	trials	1.0	2.0	5.0	1.1605833754782342	0.0	0.15	True	5650.0	False	False	27239.0	False	Mixed	True	False	0.025	0.0	2.5207381929907893	1.5	9.0													
8776.894	3.641700000000128	processed_trials			5.0	1.1605833754782342					False				Mixed					2.5207381929907893		9.0	40.0	40.0	False	True	False			20.373136501193883	1.5428	-0.16881899085589808	Left	0.7935	
8776.894	1.5427999999992608	states																																	"       state_name
id               
3   wait_for_poke"
8778.4368	0.0989000000008673	states																																	"        state_name
id                
1   nose_in_center"
8778.5357	2.0	states																																	"          state_name
id                  
2   punish_violation"
8780.8083	15.039299999998548	trials	1.0	2.0	5.0	1.1894135366314726	0.0	0.15	True	5650.0	False	False	27240.0	False	Mixed	True	True	0.025	0.0	0.04024894177109055	1.5	9.0													
8780.8083	15.039299999998548	processed_trials			5.0	1.1894135366314726					False				Mixed					0.04024894177109055		9.0	40.0	40.0	False	True	False			20.373136501193883	12.9745	0.11120958512230744	Left	12.9745	
8780.8083	12.974500000000262	states																																	"       state_name
id               
3   wait_for_poke"
8793.7828	0.06480000000010477	states																																	"        state_name
id                
1   nose_in_center"
8793.847600000001	2.0	states																																	"          state_name
id                  
2   punish_violation"
8796.1245	19.937599999999293	trials	1.0	2.0	5.0	1.1788442032933484	0.0	0.15	True	5650.0	True	False	27241.0	False	Mixed	True	True	0.025	0.0	100.0	1.5	9.0													
8796.1245	19.937599999999293	processed_trials			5.0	1.1788442032933484					True				Mixed					100.0		9.0	40.0	40.0	False	False	True	17.7603	17.7603	20.373136501193883	0.7964	-0.18710265200079623	Right	0.7964	
8796.1245	0.7963999999992666	states																																	"       state_name
id               
3   wait_for_poke"
8796.9209	1.1788000000015018	states																																	"        state_name
id                
1   nose_in_center"
8798.0997	0.0019999999985884642	states																																	"   state_name
id           
5      go_cue"
8798.1017	17.760299999999916	states																																	"            state_name
id                    
6   wait_for_side_poke"
8815.862	0.2000000000007276	states																																	"   state_name
id           
0     opt_out"
8816.062	9.999999929277692e-05	states																																	"    state_name
id            
7   stop_sound"
8816.3405	2.036000000000058	trials	1.0	2.0	40.0	1.073074443907702	0.0	0.15	True	5650.0	False	False	27242.0	False	Mixed	True	False	0.025	0.0	0.9272224055609655	1.5	9.0													
8816.3405	2.036000000000058	processed_trials			40.0	1.073074443907702					False				Mixed					0.9272224055609655		9.0	40.0	40.0	False	True	False			20.373136501193883	0.0167	-0.20620202310834865	Left	0.0167	
8816.3405	0.016700000000128057	states																																	"       state_name
id               
3   wait_for_poke"
8816.3572	0.01929999999993015	states																																	"        state_name
id                
1   nose_in_center"
8816.3765	2.0	states																																	"          state_name
id                  
2   punish_violation"
8818.6551	6.55869999999959	trials	1.0	2.0	40.0	1.0730744	0.0	0.15	True	5650.0	False	False	27243.0	False	Mixed	True	True	0.025	0.0	4.0468564586479765	1.5	9.0													
8818.6551	6.55869999999959	processed_trials			40.0	1.0730744					False				Mixed					4.0468564586479765		9.0	40.0	40.0	True	False	False	4.0469	4.0469	20.373136501193883	0.4466	-0.1956712809778667	Right	0.4466	
8818.6551	0.44659999999930733	states																																	"       state_name
id               
3   wait_for_poke"
8819.1017	1.073100000001432	states																																	"        state_name
id                
1   nose_in_center"
8820.1748	0.0019999999985884642	states																																	"   state_name
id           
5      go_cue"
8820.1768	4.046900000001187	states																																	"            state_name
id                    
6   wait_for_side_poke"
8824.2237	0.6958999999988009	states																																	"         state_name
id                 
4   announce_reward"
8824.9196	0.2941000000009808	states																																	"   state_name
id           
8      reward"
8825.2137	9.999999929277692e-05	states																																	"    state_name
id            
7   stop_sound"
8825.4928	7.314800000000105	trials	1.0	2.0	80.0	1.1722686318617637	0.0	0.15	True	5690.0	False	False	27244.0	False	Mixed	True	False	0.025	0.0	1.8113311254001156	1.5	9.0													
8825.4928	7.314800000000105	processed_trials			80.0	1.1722686318617637					False				Mixed					1.8113311254001156		9.0	40.0	40.0	True	False	False	1.8113000000000001	1.8113000000000001	20.373136501193883	3.2495	-0.12701201808526874	Left	0.7201	
8825.4928	3.249499999999898	states																																	"       state_name
id               
3   wait_for_poke"
8828.7423	1.1723000000001775	states																																	"        state_name
id                
1   nose_in_center"
8829.9146	0.0020000000004074536	states																																	"   state_name
id           
5      go_cue"
8829.9166	1.8112999999993917	states																																	"            state_name
id                    
6   wait_for_side_poke"
8831.7279	0.5421000000005733	states																																	"         state_name
id                 
4   announce_reward"
8832.27	0.5375000000003638	states																																	"   state_name
id           
8      reward"
8832.8075	9.999999929277692e-05	states																																	"    state_name
id            
7   stop_sound"
8833.0887	8.113199999999779	trials	1.0	2.0	20.0	0.9775133812542296	0.0	0.15	True	5770.0	False	False	27245.0	False	Mixed	True	False	0.025	0.0	2.306359433636292	1.5	9.0													
8833.0887	8.113199999999779	processed_trials			20.0	0.9775133812542296					False				Mixed					2.306359433636292		9.0	40.0	40.0	True	False	False	2.3064	2.3064	20.373136501193883	4.4363	-0.09794040896580844	Left	0.44689999999999985	
8833.0887	4.436299999999392	states																																	"       state_name
id               
3   wait_for_poke"
8837.525	0.9775000000008731	states																																	"        state_name
id                
1   nose_in_center"
8838.5025	0.0020000000004074536	states																																	"   state_name
id           
5      go_cue"
8838.504500000001	2.306399999999485	states																																	"            state_name
id                    
6   wait_for_side_poke"
8840.8109	0.24200000000018917	states																																	"         state_name
id                 
4   announce_reward"
8841.0529	0.1489000000001397	states																																	"   state_name
id           
8      reward"
8841.2018	9.999999929277692e-05	states																																	"    state_name
id            
7   stop_sound"
8841.4806	5.742799999999988	trials	1.0	2.0	40.0	1.0306998818221058	0.0	0.15	True	5790.0	False	False	27246.0	False	Mixed	True	False	0.025	0.0	2.3063594	1.5	9.0													
8841.4806	5.742799999999988	processed_trials			40.0	1.0306998818221058					False				Mixed					2.3063594		9.0	40.0	40.0	True	False	False	2.3064000000000004	2.3064000000000004	20.373136501193883	1.888	-0.1603630425343294	Right	0.9339999999999999	
8841.4806	1.8880000000008295	states																																	"       state_name
id               
3   wait_for_poke"
8843.368600000002	1.0306999999993423	states																																	"        state_name
id                
1   nose_in_center"
8844.399300000001	0.0020000000004074536	states																																	"   state_name
id           
5      go_cue"
8844.401300000001	2.306399999999485	states																																	"            state_name
id                    
6   wait_for_side_poke"
8846.7077	0.22149999999965075	states																																	"         state_name
id                 
4   announce_reward"
8846.9292	0.2941000000009808	states																																	"   state_name
id           
8      reward"
8847.223300000001	9.999999929277692e-05	states																																	"    state_name
id            
7   stop_sound"
8847.5038	4.53650000000016	trials	1.0	2.0	20.0	1.1090613459498186	0.0	0.15	True	5830.0	False	False	27247.0	False	Mixed	True	False	0.025	0.0	1.7673432666879598	1.5	9.0													
8847.5038	4.53650000000016	processed_trials			20.0	1.1090613459498186					False				Mixed					1.7673432666879598		9.0	40.0	40.0	False	True	False			20.373136501193883	2.4821999999999997	-0.14580764133885982	Left	0.6285999999999998	
8847.5038	2.4822000000003754	states																																	"       state_name
id               
3   wait_for_poke"
8849.986	0.05429999999978463	states																																	"        state_name
id                
1   nose_in_center"
8850.0403	2.0	states																																	"          state_name
id                  
2   punish_violation"
8852.3238	2.58179999999993	trials	1.0	2.0	20.0	1.1090613	0.0	0.15	True	5830.0	False	False	27248.0	False	Mixed	True	True	0.025	0.0	3.118991236598445	1.5	9.0													
8852.3238	2.58179999999993	processed_trials			20.0	1.1090613					False				Mixed					3.118991236598445		9.0	40.0	40.0	False	True	False			20.373136501193883	0.1345	-0.20331641849571602	Right	0.1345	
8852.3238	0.13450000000011642	states																																	"       state_name
id               
3   wait_for_poke"
8852.4583	0.44729999999981374	states																																	"        state_name
id                
1   nose_in_center"
8852.9056	2.0	states																																	"          state_name
id                  
2   punish_violation"
8855.1877	5.08009999999922	trials	1.0	2.0	20.0	1.1997475613666497	0.0	0.15	True	5830.0	False	False	27249.0	False	Mixed	True	True	0.025	0.0	2.3713051984845506	1.5	9.0													
8855.1877	5.08009999999922	processed_trials			20.0	1.1997475613666497					False				Mixed					2.3713051984845506		9.0	40.0	40.0	True	False	False	2.3712999999999997	2.3712999999999997	20.373136501193883	1.2134	-0.17688790562161277	Right	1.2134	
8855.1877	1.2134000000005472	states																																	"       state_name
id               
3   wait_for_poke"
8856.401100000001	1.1996999999992113	states																																	"        state_name
id                
1   nose_in_center"
8857.6008	0.0020000000004074536	states																																	"   state_name
id           
5      go_cue"
8857.6028	2.3713000000007014	states																																	"            state_name
id                    
6   wait_for_side_poke"
8859.974100000001	0.1349999999983993	states																																	"         state_name
id                 
4   announce_reward"
8860.1091	0.15860000000066066	states																																	"   state_name
id           
8      reward"
8860.2677	9.999999929277692e-05	states																																	"    state_name
id            
7   stop_sound"
8860.5505	4.489900000000489	trials	1.0	2.0	40.0	1.1284414672908667	0.0	0.15	True	5850.0	False	False	27250.0	False	Mixed	True	False	0.025	0.0	5.0808869504620455	1.5	9.0													
8860.5505	4.489900000000489	processed_trials			40.0	1.1284414672908667					False				Mixed					5.0808869504620455		9.0	40.0	40.0	False	True	False			20.373136501193883	1.8607	-0.1610317777289378	Right	1.1952	
8860.5505	1.8606999999992695	states																																	"       state_name
id               
3   wait_for_poke"
8862.411199999999	0.6292000000012195	states																																	"        state_name
id                
1   nose_in_center"
8863.0404	2.0	states																																	"          state_name
id                  
2   punish_violation"
8865.3285	2.044400000000678	trials	1.0	2.0	40.0	0.867031524214565	0.0	0.15	True	5850.0	False	False	27251.0	False	Mixed	True	True	0.025	0.0	0.3945652002668314	1.5	9.0													
8865.3285	2.044400000000678	processed_trials			40.0	0.867031524214565					False				Mixed					0.3945652002668314		9.0	40.0	40.0	False	True	False			20.373136501193883	0.0088	-0.20639553988627563	Left	0.0088	
8865.3285	0.008799999999610009	states																																	"       state_name
id               
3   wait_for_poke"
8865.3373	0.03560000000106811	states																																	"        state_name
id                
1   nose_in_center"
8865.3729	2.0	states																																	"          state_name
id                  
2   punish_violation"
8867.656	13.993599999999788	trials	1.0	2.0	40.0	0.8947122320805618	0.0	0.15	True	5850.0	True	False	27252.0	False	Mixed	True	True	0.025	0.0	100.0	1.5	9.0													
8867.656	13.993599999999788	processed_trials			40.0	0.8947122320805618					True				Mixed					100.0		9.0	40.0	40.0	False	False	True	12.7394	12.7394	20.373136501193883	0.1574	-0.2027554647976745	Left	0.1574	
8867.656	0.1574000000000524	states																																	"       state_name
id               
3   wait_for_poke"
8867.813400000001	0.8947000000007392	states																																	"        state_name
id                
1   nose_in_center"
8868.708100000002	0.0019999999985884642	states																																	"   state_name
id           
5      go_cue"
8868.7101	12.739400000000387	states																																	"            state_name
id                    
6   wait_for_side_poke"
8881.4495	0.2000000000007276	states																																	"   state_name
id           
0     opt_out"
8881.649500000001	9.999999929277692e-05	states																																	"    state_name
id            
7   stop_sound"
8881.9422	2.7030000000013388	trials	1.0	2.0	20.0	0.8964908676212198	0.0	0.15	True	5850.0	False	False	27253.0	False	Mixed	True	False	0.025	0.0	5.593567068269174	1.5	9.0													
8881.9422	2.7030000000013388	processed_trials			20.0	0.8964908676212198					False				Mixed					5.593567068269174		9.0	40.0	40.0	False	True	False			20.373136501193883	0.645	-0.19081131531448542	Left	0.645	
8881.9422	0.6450000000004366	states																																	"       state_name
id               
3   wait_for_poke"
8882.5872	0.05799999999908323	states																																	"        state_name
id                
1   nose_in_center"
8882.645199999999	2.0	states																																	"          state_name
id                  
2   punish_violation"
8884.9326	8.976800000000367	trials	1.0	2.0	20.0	1.1464026985202216	0.0	0.15	True	5850.0	False	False	27254.0	False	Mixed	True	True	0.025	0.0	6.659000840530988	1.5	9.0													
8884.9326	8.976800000000367	processed_trials			20.0	1.1464026985202216					False				Mixed					6.659000840530988		9.0	40.0	40.0	True	False	False	6.659	6.659	20.373136501193883	0.0291	-0.20589827525438734	Right	0.0291	
8884.9326	0.029099999999743886	states																																	"       state_name
id               
3   wait_for_poke"
8884.9617	1.1463999999996304	states																																	"        state_name
id                
1   nose_in_center"
8886.1081	0.0020000000004074536	states																																	"   state_name
id           
5      go_cue"
8886.1101	6.658999999999651	states																																	"            state_name
id                    
6   wait_for_side_poke"
8892.7691	0.9816000000009808	states																																	"         state_name
id                 
4   announce_reward"
8893.7507	0.15859999999884167	states																																	"   state_name
id           
8      reward"
8893.9093	0.00010000000111176632	states																																	"    state_name
id            
7   stop_sound"
8894.1995	3.922999999998865	trials	1.0	2.0	10.0	1.158666596733951	0.0	0.15	True	5870.0	False	False	27255.0	False	Mixed	True	False	0.025	0.0	0.37288302805695445	1.5	9.0													
8894.1995	3.922999999998865	processed_trials			10.0	1.158666596733951					False				Mixed					0.37288302805695445		9.0	40.0	40.0	False	True	False			20.373136501193883	1.8873	-0.1603801895906014	Right	0.7277	
8894.1995	1.887300000000323	states																																	"       state_name
id               
3   wait_for_poke"
8896.086800000001	0.03570000000036089	states																																	"        state_name
id                
1   nose_in_center"
8896.122500000001	2.0	states																																	"          state_name
id                  
2   punish_violation"
8898.4107	3.2937999999994645	trials	1.0	2.0	10.0	1.0972129349707733	0.0	0.15	True	5870.0	False	False	27256.0	False	Mixed	True	True	0.025	0.0	3.6350527898048886	1.5	9.0													
8898.4107	3.2937999999994645	processed_trials			10.0	1.0972129349707733					False				Mixed					3.6350527898048886		9.0	40.0	40.0	False	True	False			20.373136501193883	1.1963	-0.17730678371054331	Left	1.1963	
8898.4107	1.19629999999961	states																																	"       state_name
id               
3   wait_for_poke"
8899.607	0.09749999999985448	states																																	"        state_name
id                
1   nose_in_center"
8899.7045	2.0	states																																	"          state_name
id                  
2   punish_violation"
8901.9968	3.4983999999985826	trials	1.0	2.0	10.0	0.8141858913997494	0.0	0.15	True	5870.0	False	False	27257.0	False	Mixed	True	True	0.025	0.0	2.475297525942125	1.5	9.0													
8901.9968	3.4983999999985826	processed_trials			10.0	0.8141858913997494					False				Mixed					2.475297525942125		9.0	40.0	40.0	False	True	False			20.373136501193883	1.0054	-0.18198303091386736	Right	1.0054	
8901.9968	1.0054000000000087	states																																	"       state_name
id               
3   wait_for_poke"
8903.0022	0.4930000000003929	states																																	"        state_name
id                
1   nose_in_center"
8903.495200000001	2.0	states																																	"          state_name
id                  
2   punish_violation"
8905.7838	3.266200000000026	trials	1.0	2.0	10.0	0.9160808077331497	0.0	0.15	True	5870.0	False	False	27258.0	False	Mixed	True	True	0.025	0.0	1.9993671326730262	1.5	9.0													
8905.7838	3.266200000000026	processed_trials			10.0	0.9160808077331497					False				Mixed					1.9993671326730262		9.0	40.0	40.0	True	False	False	1.9994	1.9994	20.373136501193883	0.028	-0.20592522062852905	Right	0.028	
8905.7838	0.028000000000247383	states																																	"       state_name
id               
3   wait_for_poke"
8905.8118	0.9161000000003696	states																																	"        state_name
id                
1   nose_in_center"
8906.7279	0.0019999999985884642	states																																	"   state_name
id           
5      go_cue"
8906.729899999998	1.9994000000006054	states																																	"            state_name
id                    
6   wait_for_side_poke"
8908.729299999999	0.22890000000006694	states																																	"         state_name
id                 
4   announce_reward"
8908.9582	0.09170000000085565	states																																	"   state_name
id           
8      reward"
8909.0499	9.999999929277692e-05	states																																	"    state_name
id            
7   stop_sound"
8909.3415	3.889999999999418	trials	1.0	2.0	5.0	0.9249849602671152	0.0	0.15	True	5880.0	False	False	27259.0	False	Mixed	True	False	0.025	0.0	2.5867151791311627	1.5	9.0													
8909.3415	3.889999999999418	processed_trials			5.0	0.9249849602671152					False				Mixed					2.5867151791311627		9.0	40.0	40.0	False	True	False			20.373136501193883	1.8446	-0.16142616002319407	Right	0.8320000000000001	
8909.3415	1.844600000000355	states																																	"       state_name
id               
3   wait_for_poke"
8911.1861	0.04539999999906286	states																																	"        state_name
id                
1   nose_in_center"
8911.2315	2.0	states																																	"          state_name
id                  
2   punish_violation"
8913.5243	6.677000000001499	trials	1.0	2.0	5.0	0.8524151607030315	0.0	0.15	True	5880.0	False	False	27260.0	False	Mixed	True	True	0.025	0.0	4.521978824289239	1.5	9.0													
8913.5243	6.677000000001499	processed_trials			5.0	0.8524151607030315					False				Mixed					4.521978824289239		9.0	40.0	40.0	True	False	False	4.522	4.522	20.373136501193883	0.4527	-0.19552185663035346	Left	0.4527	
8913.5243	0.45269999999982247	states																																	"       state_name
id               
3   wait_for_poke"
8913.976999999999	0.8523999999997613	states																																	"        state_name
id                
1   nose_in_center"
8914.829399999999	0.0020000000004074536	states																																	"   state_name
id           
5      go_cue"
8914.8314	4.522000000000844	states																																	"            state_name
id                    
6   wait_for_side_poke"
8919.3534	0.7938999999987573	states																																	"         state_name
id                 
4   announce_reward"
8920.147299999999	0.053900000000794535	states																																	"   state_name
id           
8      reward"
8920.2012	9.999999929277692e-05	states																																	"    state_name
id            
7   stop_sound"
8920.4975	3.4764000000013766	trials	1.0	2.0	40.0	0.9203809074702741	0.0	0.15	True	5885.0	False	False	27261.0	False	Mixed	True	False	0.025	0.0	0.24269204715286108	1.5	9.0													
8920.4975	3.4764000000013766	processed_trials			40.0	0.9203809074702741					False				Mixed					0.24269204715286108		9.0	40.0	40.0	False	True	False			20.373136501193883	1.2655	-0.1756116747190817	Right	0.647	
8920.4975	1.2654999999995198	states																																	"       state_name
id               
3   wait_for_poke"
8921.762999999999	0.21090000000003783	states																																	"        state_name
id                
1   nose_in_center"
8921.973899999999	2.0	states																																	"          state_name
id                  
2   punish_violation"
8924.2666	2.003099999999904	trials	1.0	2.0	40.0	1.0758891007048488	0.0	0.15	True	5885.0	False	False	27262.0	False	Mixed	True	True	0.025	0.0	0.06842522282141063	1.5	9.0													
8924.2666	2.003099999999904	processed_trials			40.0	1.0758891007048488					False				Mixed					0.06842522282141063		9.0	40.0	40.0	True	False	False	0.06840000000000002	0.06840000000000002	20.373136501193883	0.1259	-0.203527082329915	Left	0.1259	
8924.2666	0.12589999999909196	states																																	"       state_name
id               
3   wait_for_poke"
8924.3925	1.0759000000016385	states																																	"        state_name
id                
1   nose_in_center"
8925.468400000002	0.0019999999985884642	states																																	"   state_name
id           
5      go_cue"
8925.4704	0.0684000000001106	states																																	"            state_name
id                    
6   wait_for_side_poke"
8925.5388	0.4539999999997235	states																																	"         state_name
id                 
4   announce_reward"
8925.9928	0.2768000000014581	states																																	"   state_name
id           
8      reward"
8926.269600000001	9.999999929277692e-05	states																																	"    state_name
id            
7   stop_sound"
8926.5734	10.078000000001339	trials	1.0	2.0	5.0	0.9450254376440377	0.0	0.15	True	5925.0	True	False	27263.0	False	Mixed	True	False	0.025	0.0	100.0	1.5	9.0													
8926.5734	10.078000000001339	processed_trials			5.0	0.9450254376440377					True				Mixed					100.0		9.0	40.0	40.0	False	False	True	6.1411	6.1411	20.373136501193883	2.7898	-0.13827273489704486	Right	0.45210000000000017	
8926.5734	2.7898000000004686	states																																	"       state_name
id               
3   wait_for_poke"
8929.3632	0.944999999999709	states																																	"        state_name
id                
1   nose_in_center"
8930.3082	0.0020000000004074536	states																																	"   state_name
id           
5      go_cue"
8930.3102	6.141099999998914	states																																	"            state_name
id                    
6   wait_for_side_poke"
8936.451299999999	0.2000000000007276	states																																	"   state_name
id           
0     opt_out"
8936.6513	9.999999929277692e-05	states																																	"    state_name
id            
7   stop_sound"
8936.9472	2.2849999999998545	trials	1.0	2.0	40.0	0.8569932573923479	0.0	0.15	True	5925.0	False	False	27264.0	False	Mixed	True	False	0.025	0.0	0.16796064487318624	1.5	9.0													
8936.9472	2.2849999999998545	processed_trials			40.0	0.8569932573923479					False				Mixed					0.16796064487318624		9.0	40.0	40.0	False	True	False			20.373136501193883	0.2553	-0.20035732649906046	Left	0.2553	
8936.9472	0.25530000000071595	states																																	"       state_name
id               
3   wait_for_poke"
8937.202500000001	0.029699999999138527	states																																	"        state_name
id                
1   nose_in_center"
8937.2322	2.0	states																																	"          state_name
id                  
2   punish_violation"
8939.5313	3.1612999999997555	trials	1.0	2.0	40.0	0.9624191962346842	0.0	0.15	True	5925.0	False	False	27265.0	False	Mixed	True	True	0.025	0.0	1.2022030016245513	1.5	9.0													
8939.5313	3.1612999999997555	processed_trials			40.0	0.9624191962346842					False				Mixed					1.2022030016245513		9.0	40.0	40.0	True	False	False	1.2021999999999995	1.2021999999999995	20.373136501193883	0.09709999999999999	-0.20423256121653488	Left	0.09709999999999999	
8939.5313	0.09710000000086438	states																																	"       state_name
id               
3   wait_for_poke"
8939.628400000001	0.9623999999985244	states																																	"        state_name
id                
1   nose_in_center"
8940.5908	0.0020000000004074536	states																																	"   state_name
id           
5      go_cue"
8940.5928	1.2021999999997206	states																																	"            state_name
id                    
6   wait_for_side_poke"
8941.795	0.6207000000013068	states																																	"         state_name
id                 
4   announce_reward"
8942.415700000001	0.2767999999996391	states																																	"   state_name
id           
8      reward"
8942.692500000001	9.999999929277692e-05	states																																	"    state_name
id            
7   stop_sound"
8942.9856	4.602699999999459	trials	1.0	2.0	40.0	0.8631232292639179	0.0	0.15	True	5965.0	False	False	27266.0	False	Mixed	True	False	0.025	0.0	0.7070725844429382	1.5	9.0													
8942.9856	4.602699999999459	processed_trials			40.0	0.8631232292639179					False				Mixed					0.7070725844429382		9.0	40.0	40.0	True	False	False	0.7070999999999996	0.7070999999999996	20.373136501193883	2.6452	-0.14181482680694876	Left	0.6779999999999999	
8942.9856	2.645200000000841	states																																	"       state_name
id               
3   wait_for_poke"
8945.6308	0.863099999998667	states																																	"        state_name
id                
1   nose_in_center"
8946.4939	0.0020000000004074536	states																																	"   state_name
id           
5      go_cue"
8946.4959	0.7070999999996275	states																																	"            state_name
id                    
6   wait_for_side_poke"
8947.203	0.10840000000098371	states																																	"         state_name
id                 
4   announce_reward"
8947.3114	0.2767999999996391	states																																	"   state_name
id           
8      reward"
8947.5882	9.999999929277692e-05	states																																	"    state_name
id            
7   stop_sound"
8947.8916	3.8158999999996013	trials	1.0	2.0	5.0	0.9225184144964335	0.0	0.15	True	6005.0	False	False	27267.0	False	Mixed	True	False	0.025	0.0	0.4296333361218818	1.5	9.0													
8947.8916	3.8158999999996013	processed_trials			5.0	0.9225184144964335					False				Mixed					0.4296333361218818		9.0	40.0	40.0	True	False	False	0.4296000000000002	0.4296000000000002	20.373136501193883	2.2733000000000003	-0.15092481284632125	Left	0.5850000000000004	
8947.8916	2.273300000000745	states																																	"       state_name
id               
3   wait_for_poke"
8950.164900000002	0.9224999999987631	states																																	"        state_name
id                
1   nose_in_center"
8951.0874	0.0020000000004074536	states																																	"   state_name
id           
5      go_cue"
8951.0894	0.42959999999948195	states																																	"            state_name
id                    
6   wait_for_side_poke"
8951.519	0.13450000000011642	states																																	"         state_name
id                 
4   announce_reward"
8951.6535	0.053900000000794535	states																																	"   state_name
id           
8      reward"
8951.707400000001	9.999999929277692e-05	states																																	"    state_name
id            
7   stop_sound"
8952.0078	5.176400000000285	trials	1.0	2.0	80.0	0.87172539201846	0.0	0.15	True	6010.0	False	False	27268.0	False	Mixed	True	False	0.025	0.0	1.9639161358654058	1.5	9.0													
8952.0078	5.176400000000285	processed_trials			80.0	0.87172539201846					False				Mixed					1.9639161358654058		9.0	40.0	40.0	True	False	False	1.9638999999999998	1.9638999999999998	20.373136501193883	1.5687	-0.16818454977383368	Right	0.7261	
8952.0078	1.568699999999808	states																																	"       state_name
id               
3   wait_for_poke"
8953.5765	0.8716999999996915	states																																	"        state_name
id                
1   nose_in_center"
8954.448199999999	0.0020000000004074536	states																																	"   state_name
id           
5      go_cue"
8954.4502	1.963900000000649	states																																	"            state_name
id                    
6   wait_for_side_poke"
8956.4141	0.19859999999971478	states																																	"         state_name
id                 
4   announce_reward"
8956.6127	0.5713999999989028	states																																	"   state_name
id           
8      reward"
8957.184099999999	0.00010000000111176632	states																																	"    state_name
id            
7   stop_sound"
8957.4843	6.535799999999654	trials	1.0	2.0	40.0	1.046028149603194	0.0	0.15	True	6090.0	False	False	27269.0	False	Mixed	True	False	0.025	0.0	1.9639161	1.5	9.0													
8957.4843	6.535799999999654	processed_trials			40.0	1.046028149603194					False				Mixed					1.9639161		9.0	40.0	40.0	True	False	False	1.9639000000000002	1.9639000000000002	20.373136501193883	2.8097	-0.13778526858302628	Left	0.8378999999999999	
8957.4843	2.8096999999997934	states																																	"       state_name
id               
3   wait_for_poke"
8960.294	1.0460000000002765	states																																	"        state_name
id                
1   nose_in_center"
8961.34	0.0020000000004074536	states																																	"   state_name
id           
5      go_cue"
8961.342	1.96389999999883	states																																	"            state_name
id                    
6   wait_for_side_poke"
8963.3059	0.43730000000141445	states																																	"         state_name
id                 
4   announce_reward"
8963.7432	0.2767999999996391	states																																	"   state_name
id           
8      reward"
8964.02	9.999999929277692e-05	states																																	"    state_name
id            
7   stop_sound"
8964.3193	6.865200000000186	trials	1.0	2.0	20.0	1.0622250631652566	0.0	0.15	True	6130.0	False	False	27270.0	False	Mixed	True	False	0.025	0.0	3.040081858474151	1.5	9.0													
8964.3193	6.865200000000186	processed_trials			20.0	1.0622250631652566					False				Mixed					3.040081858474151		9.0	40.0	40.0	True	False	False	3.0401000000000002	3.0401000000000002	20.373136501193883	2.3374	-0.14935463240769856	Left	1.5124000000000002	
8964.3193	2.3374000000003434	states																																	"       state_name
id               
3   wait_for_poke"
8966.6567	1.0622000000003027	states																																	"        state_name
id                
1   nose_in_center"
8967.7189	0.0019999999985884642	states																																	"   state_name
id           
5      go_cue"
8967.720899999998	3.040100000000166	states																																	"            state_name
id                    
6   wait_for_side_poke"
8970.760999999999	0.27450000000135333	states																																	"         state_name
id                 
4   announce_reward"
8971.0355	0.1489000000001397	states																																	"   state_name
id           
8      reward"
8971.1844	9.999999929277692e-05	states																																	"    state_name
id            
7   stop_sound"
8971.49	6.08469999999943	trials	1.0	2.0	20.0	0.8538557154980434	0.0	0.15	True	6150.0	False	False	27271.0	False	Mixed	True	False	0.025	0.0	3.0400819	1.5	9.0													
8971.49	6.08469999999943	processed_trials			20.0	0.8538557154980434					False				Mixed					3.0400819		9.0	40.0	40.0	True	False	False	3.0401000000000007	3.0401000000000007	20.373136501193883	1.9586	-0.15863363943032377	Left	0.8982999999999999	
8971.49	1.958599999999933	states																																	"       state_name
id               
3   wait_for_poke"
8973.4486	0.8539000000000669	states																																	"        state_name
id                
1   nose_in_center"
8974.3025	0.0020000000004074536	states																																	"   state_name
id           
5      go_cue"
8974.3045	3.040100000000166	states																																	"            state_name
id                    
6   wait_for_side_poke"
8977.3446	0.08109999999942374	states																																	"         state_name
id                 
4   announce_reward"
8977.4257	0.1489000000001397	states																																	"   state_name
id           
8      reward"
8977.5746	9.999999929277692e-05	states																																	"    state_name
id            
7   stop_sound"
8977.8783	4.5525999999990745	trials	1.0	2.0	5.0	1.0187782270667398	0.0	0.15	True	6170.0	False	False	27272.0	False	Mixed	True	False	0.025	0.0	3.5003902165073946	1.5	9.0													
8977.8783	4.5525999999990745	processed_trials			5.0	1.0187782270667398					False				Mixed					3.5003902165073946		9.0	40.0	40.0	False	True	False			20.373136501193883	1.9422000000000001	-0.1590353704629823	Right	0.9357000000000002	
8977.8783	1.9421999999995023	states																																	"       state_name
id               
3   wait_for_poke"
8979.8205	0.6104000000013912	states																																	"        state_name
id                
1   nose_in_center"
8980.430900000001	2.0	states																																	"          state_name
id                  
2   punish_violation"
8982.7333	2.468399999999747	trials	1.0	2.0	5.0	1.0230230353307999	0.0	0.15	True	6170.0	False	False	27273.0	False	Mixed	True	True	0.025	0.0	3.6332022708728706	1.5	9.0													
8982.7333	2.468399999999747	processed_trials			5.0	1.0230230353307999					False				Mixed					3.6332022708728706		9.0	40.0	40.0	False	True	False			20.373136501193883	0.2013	-0.20168009941147272	Left	0.2013	
8982.7333	0.20130000000062864	states																																	"       state_name
id               
3   wait_for_poke"
8982.9346	0.26709999999911815	states																																	"        state_name
id                
1   nose_in_center"
8983.2017	2.0	states																																	"          state_name
id                  
2   punish_violation"
8985.5052	2.3365000000012515	trials	1.0	2.0	5.0	0.9400101078304426	0.0	0.15	True	6170.0	False	False	27274.0	False	Mixed	True	True	0.025	0.0	0.7519141941199767	1.5	9.0													
8985.5052	2.3365000000012515	processed_trials			5.0	0.9400101078304426					False				Mixed					0.7519141941199767		9.0	40.0	40.0	True	False	False	0.7518999999999998	0.7518999999999998	20.373136501193883	0.5312	-0.19359893674842085	Left	0.5312	
8985.5052	0.5311999999994441	states																																	"       state_name
id               
3   wait_for_poke"
8986.036399999999	0.9400000000005093	states																																	"        state_name
id                
1   nose_in_center"
8986.9764	0.0020000000004074536	states																																	"   state_name
id           
5      go_cue"
8986.9784	0.7518999999992957	states																																	"            state_name
id                    
6   wait_for_side_poke"
8987.7303	0.05739999999968859	states																																	"         state_name
id                 
4   announce_reward"
8987.787699999999	0.053900000000794535	states																																	"   state_name
id           
8      reward"
8987.8416	9.999999929277692e-05	states																																	"    state_name
id            
7   stop_sound"
8988.1465	14.936200000000099	trials	1.0	2.0	40.0	0.8275082777168346	0.0	0.15	True	6175.0	True	False	27275.0	False	Mixed	True	False	0.025	0.0	100.0	1.5	9.0													
8988.1465	14.936200000000099	processed_trials			40.0	0.8275082777168346					True				Mixed					100.0		9.0	40.0	40.0	False	False	True	13.0715	13.0715	20.373136501193883	0.8351000000000001	-0.18615466474690082	Right	0.5745	
8988.1465	0.8351000000002387	states																																	"       state_name
id               
3   wait_for_poke"
8988.981600000001	0.8274999999994179	states																																	"        state_name
id                
1   nose_in_center"
8989.8091	0.0020000000004074536	states																																	"   state_name
id           
5      go_cue"
8989.8111	13.071500000000015	states																																	"            state_name
id                    
6   wait_for_side_poke"
9002.8826	0.2000000000007276	states																																	"   state_name
id           
0     opt_out"
9003.082600000002	9.999999929277692e-05	states																																	"    state_name
id            
7   stop_sound"
9003.3897	2.287400000001071	trials	1.0	2.0	5.0	0.9057739219688051	0.0	0.15	True	6175.0	False	False	27276.0	False	Mixed	True	False	0.025	0.0	2.5477133313473335	1.5	9.0													
9003.3897	2.287400000001071	processed_trials			5.0	0.9057739219688051					False				Mixed					2.5477133313473335		9.0	40.0	40.0	False	True	False			20.373136501193883	0.16490000000000002	-0.20257174633761726	Left	0.16490000000000002	
9003.3897	0.16489999999976135	states																																	"       state_name
id               
3   wait_for_poke"
9003.5546	0.12249999999949068	states																																	"        state_name
id                
1   nose_in_center"
9003.677099999999	2.0	states																																	"          state_name
id                  
2   punish_violation"
9005.982	2.1200000000008004	trials	1.0	2.0	5.0	1.1877159710925913	0.0	0.15	True	6175.0	False	False	27277.0	False	Mixed	True	True	0.025	0.0	0.7839759399847451	1.5	9.0													
9005.982	2.1200000000008004	processed_trials			5.0	1.1877159710925913					False				Mixed					0.7839759399847451		9.0	40.0	40.0	False	True	False			20.373136501193883	0.1145	-0.20380633438920204	Left	0.1145	
9005.982	0.11449999999967986	states																																	"       state_name
id               
3   wait_for_poke"
9006.0965	0.0055000000011204975	states																																	"        state_name
id                
1   nose_in_center"
9006.102	2.0	states																																	"          state_name
id                  
2   punish_violation"
9008.4059	3.0917000000008557	trials	1.0	2.0	5.0	1.02774422500491	0.0	0.15	True	6175.0	False	False	27278.0	False	Mixed	True	True	0.025	0.0	0.29290185160252563	1.5	9.0													
9008.4059	3.0917000000008557	processed_trials			5.0	1.02774422500491					False				Mixed					0.29290185160252563		9.0	40.0	40.0	True	False	False	0.29289999999999994	0.29289999999999994	20.373136501193883	1.4383	-0.1713788013993625	Left	1.4383	
9008.4059	1.4382999999997992	states																																	"       state_name
id               
3   wait_for_poke"
9009.8442	1.02770000000055	states																																	"        state_name
id                
1   nose_in_center"
9010.8719	0.0020000000004074536	states																																	"   state_name
id           
5      go_cue"
9010.8739	0.29289999999855354	states																																	"            state_name
id                    
6   wait_for_side_poke"
9011.166799999999	0.2768000000014581	states																																	"         state_name
id                 
4   announce_reward"
9011.4436	0.053899999998975545	states																																	"   state_name
id           
8      reward"
9011.4975	0.00010000000111176632	states																																	"    state_name
id            
7   stop_sound"
9011.8084	4.205599999999322	trials	1.0	2.0	10.0	1.0919414237418321	0.0	0.15	True	6180.0	False	False	27279.0	False	Mixed	True	False	0.025	0.0	0.6489181472944274	1.5	9.0													
9011.8084	4.205599999999322	processed_trials			10.0	1.0919414237418321					False				Mixed					0.6489181472944274		9.0	40.0	40.0	False	True	False			20.373136501193883	1.2244000000000002	-0.17661845188019545	Right	0.5827000000000001	
9011.8084	1.2243999999991502	states																																	"       state_name
id               
3   wait_for_poke"
9013.032799999999	0.9812000000001717	states																																	"        state_name
id                
1   nose_in_center"
9014.014	2.0	states																																	"          state_name
id                  
2   punish_violation"
9016.321	8.690599999999904	trials	1.0	2.0	10.0	1.0919414	0.0	0.15	True	6180.0	True	False	27280.0	False	Mixed	True	True	0.025	0.0	100.0	1.5	9.0													
9016.321	8.690599999999904	processed_trials			10.0	1.0919414					True				Mixed					100.0		9.0	40.0	40.0	False	False	True	6.333200000000001	6.333200000000001	20.373136501193883	1.0634000000000001	-0.1805622748227579	Right	1.0634000000000001	
9016.321	1.063399999999092	states																																	"       state_name
id               
3   wait_for_poke"
9017.384399999999	1.0919000000012602	states																																	"        state_name
id                
1   nose_in_center"
9018.4763	0.0020000000004074536	states																																	"   state_name
id           
5      go_cue"
9018.4783	6.333199999999124	states																																	"            state_name
id                    
6   wait_for_side_poke"
9024.8115	0.2000000000007276	states																																	"   state_name
id           
0     opt_out"
9025.0115	9.999999929277692e-05	states																																	"    state_name
id            
7   stop_sound"
9025.3208	2.5666000000001077	trials	1.0	2.0	5.0	0.9738144171607458	0.0	0.15	True	6180.0	False	False	27281.0	False	Mixed	True	False	0.025	0.0	0.619534684067571	1.5	9.0													
9025.3208	2.5666000000001077	processed_trials			5.0	0.9738144171607458					False				Mixed					0.619534684067571		9.0	40.0	40.0	False	True	False			20.373136501193883	0.2022	-0.20165805319626584	Left	0.2022	
9025.3208	0.2021999999997206	states																																	"       state_name
id               
3   wait_for_poke"
9025.523	0.3644000000003871	states																																	"        state_name
id                
1   nose_in_center"
9025.8874	2.0	states																																	"          state_name
id                  
2   punish_violation"
9028.1931	7.7523999999993976	trials	1.0	2.0	5.0	0.9669259339306174	0.0	0.15	True	6180.0	False	False	27282.0	False	Mixed	True	True	0.025	0.0	0.19116083932454714	1.5	9.0													
9028.1931	7.7523999999993976	processed_trials			5.0	0.9669259339306174					False				Mixed					0.19116083932454714		9.0	40.0	40.0	True	False	False	0.19120000000000026	0.19120000000000026	20.373136501193883	5.834899999999999	-0.06368059053433123	Right	5.834899999999999	
9028.1931	5.834899999999834	states																																	"       state_name
id               
3   wait_for_poke"
9034.028	0.9668999999994412	states																																	"        state_name
id                
1   nose_in_center"
9034.9949	0.0020000000004074536	states																																	"   state_name
id           
5      go_cue"
9034.9969	0.1912000000011176	states																																	"            state_name
id                    
6   wait_for_side_poke"
9035.188100000001	0.6988999999994121	states																																	"         state_name
id                 
4   announce_reward"
9035.887	0.058399999999892316	states																																	"   state_name
id           
8      reward"
9035.9454	9.999999929277692e-05	states																																	"    state_name
id            
7   stop_sound"
9036.2541	3.1391999999996187	trials	1.0	2.0	20.0	1.133040177709434	0.0	0.15	True	6185.0	False	False	27283.0	False	Mixed	True	False	0.025	0.0	2.0866834106552794	1.5	9.0													
9036.2541	3.1391999999996187	processed_trials			20.0	1.133040177709434					False				Mixed					2.0866834106552794		9.0	40.0	40.0	False	True	False			20.373136501193883	1.0700999999999998	-0.1803981529984401	Left	0.7621999999999999	
9036.2541	1.0701000000008207	states																																	"       state_name
id               
3   wait_for_poke"
9037.324200000001	0.06909999999879801	states																																	"        state_name
id                
1   nose_in_center"
9037.3933	2.0	states																																	"          state_name
id                  
2   punish_violation"
9039.7006	13.285200000000259	trials	1.0	2.0	20.0	1.1274429366754937	0.0	0.15	True	6185.0	True	False	27284.0	False	Mixed	True	True	0.025	0.0	100.0	1.5	9.0													
9039.7006	13.285200000000259	processed_trials			20.0	1.1274429366754937					True				Mixed					100.0		9.0	40.0	40.0	False	False	True	11.875	11.875	20.373136501193883	0.08070000000000001	-0.20463429224919338	Left	0.08070000000000001	
9039.7006	0.08070000000043365	states																																	"       state_name
id               
3   wait_for_poke"
9039.7813	1.1273999999993976	states																																	"        state_name
id                
1   nose_in_center"
9040.9087	0.0020000000004074536	states																																	"   state_name
id           
5      go_cue"
9040.9107	11.875	states																																	"            state_name
id                    
6   wait_for_side_poke"
9052.7857	0.1999999999989086	states																																	"   state_name
id           
0     opt_out"
9052.9857	0.00010000000111176632	states																																	"    state_name
id            
7   stop_sound"
9053.3015	2.4227000000009866	trials	1.0	2.0	10.0	1.0945185210436597	0.0	0.15	True	6185.0	False	False	27285.0	False	Mixed	True	False	0.025	0.0	1.6746076958273595	1.5	9.0													
9053.3015	2.4227000000009866	processed_trials			10.0	1.0945185210436597					False				Mixed					1.6746076958273595		9.0	40.0	40.0	False	True	False			20.373136501193883	0.37339999999999995	-0.19746437314802553	Right	0.37339999999999995	
9053.3015	0.37340000000040163	states																																	"       state_name
id               
3   wait_for_poke"
9053.6749	0.049299999998766	states																																	"        state_name
id                
1   nose_in_center"
9053.724199999999	2.0	states																																	"          state_name
id                  
2   punish_violation"
9056.0394	4.858799999999974	trials	1.0	2.0	10.0	1.0884686314833025	0.0	0.15	True	6185.0	False	False	27286.0	False	Mixed	True	True	0.025	0.0	3.026735135805068	1.5	9.0													
9056.0394	4.858799999999974	processed_trials			10.0	1.0884686314833025					False				Mixed					3.026735135805068		9.0	40.0	40.0	True	False	False	3.0267000000000004	3.0267000000000004	20.373136501193883	0.5618	-0.19284936543138725	Left	0.5618	
9056.0394	0.5617999999994936	states																																	"       state_name
id               
3   wait_for_poke"
9056.6012	1.08849999999984	states																																	"        state_name
id                
1   nose_in_center"
9057.689699999999	0.0020000000004074536	states																																	"   state_name
id           
5      go_cue"
9057.6917	3.0267000000003463	states																																	"            state_name
id                    
6   wait_for_side_poke"
9060.7184	0.09430000000065775	states																																	"         state_name
id                 
4   announce_reward"
9060.8127	0.08539999999993597	states																																	"   state_name
id           
8      reward"
9060.8981	9.999999929277692e-05	states																																	"    state_name
id            
7   stop_sound"
9061.2128	6.599500000000262	trials	1.0	2.0	40.0	1.0884686	0.0	0.15	True	6195.0	False	False	27287.0	False	Mixed	True	False	0.025	0.0	3.2510313175443595	1.5	9.0													
9061.2128	6.599500000000262	processed_trials			40.0	1.0884686					False				Mixed					3.2510313175443595		9.0	40.0	40.0	True	False	False	3.2510000000000003	3.2510000000000003	20.373136501193883	1.94	-0.15908926121126576	Right	0.7477	
9061.2128	1.9400000000005093	states																																	"       state_name
id               
3   wait_for_poke"
9063.1528	1.08849999999984	states																																	"        state_name
id                
1   nose_in_center"
9064.2413	0.0020000000004074536	states																																	"   state_name
id           
5      go_cue"
9064.2433	3.2509999999983847	states																																	"            state_name
id                    
6   wait_for_side_poke"
9067.494299999998	0.02380000000084692	states																																	"         state_name
id                 
4   announce_reward"
9067.5181	0.2940999999991618	states																																	"   state_name
id           
8      reward"
9067.812199999998	0.00010000000111176632	states																																	"    state_name
id            
7   stop_sound"
9068.1286	5.113999999999578	trials	1.0	2.0	40.0	1.0375494565162635	0.0	0.15	True	6235.0	False	False	27288.0	False	Mixed	True	False	0.025	0.0	1.14949822691127	1.5	9.0													
9068.1286	5.113999999999578	processed_trials			40.0	1.0375494565162635					False				Mixed					1.14949822691127		9.0	40.0	40.0	True	False	False	1.1495000000000002	1.1495000000000002	20.373136501193883	2.6151999999999997	-0.14254970064717778	Left	0.8411999999999997	
9068.1286	2.6152000000001863	states																																	"       state_name
id               
3   wait_for_poke"
9070.7438	1.0375000000003638	states																																	"        state_name
id                
1   nose_in_center"
9071.7813	0.0019999999985884642	states																																	"   state_name
id           
5      go_cue"
9071.7833	1.1495000000013533	states																																	"            state_name
id                    
6   wait_for_side_poke"
9072.9328	0.03290000000015425	states																																	"         state_name
id                 
4   announce_reward"
9072.9657	0.2767999999996391	states																																	"   state_name
id           
8      reward"
9073.2425	9.999999929277692e-05	states																																	"    state_name
id            
7   stop_sound"
9073.5557	7.105899999998655	trials	1.0	2.0	10.0	1.1481836635395297	0.0	0.15	True	6275.0	True	False	27289.0	False	Mixed	True	False	0.025	0.0	100.0	1.5	9.0													
9073.5557	7.105899999998655	processed_trials			10.0	1.1481836635395297					True				Mixed					100.0		9.0	40.0	40.0	False	True	False			20.373136501193883	4.8293	-0.08831356165880819	Left	1.5149999999999997	
9073.5557	4.829299999999421	states																																	"       state_name
id               
3   wait_for_poke"
9078.385	0.27660000000105356	states																																	"        state_name
id                
1   nose_in_center"
9078.661600000001	2.0	states																																	"          state_name
id                  
2   punish_violation"
9080.9796	6.687200000000303	trials	1.0	2.0	10.0	1.1351692356500505	0.0	0.15	True	6275.0	False	False	27290.0	False	Mixed	True	True	0.025	0.0	4.8275930651630725	1.5	9.0													
9080.9796	6.687200000000303	processed_trials			10.0	1.1351692356500505					False				Mixed					4.8275930651630725		9.0	40.0	40.0	True	False	False	4.8276	4.8276	20.373136501193883	0.478	-0.19490211302509367	Left	0.478	
9080.9796	0.477999999999156	states																																	"       state_name
id               
3   wait_for_poke"
9081.4576	1.1352000000006228	states																																	"        state_name
id                
1   nose_in_center"
9082.5928	0.0020000000004074536	states																																	"   state_name
id           
5      go_cue"
9082.5948	4.82760000000053	states																																	"            state_name
id                    
6   wait_for_side_poke"
9087.422400000001	0.158899999998539	states																																	"         state_name
id                 
4   announce_reward"
9087.5813	0.08539999999993597	states																																	"   state_name
id           
8      reward"
9087.6667	0.00010000000111176632	states																																	"    state_name
id            
7   stop_sound"
9087.9886	7.885399999999208	trials	1.0	2.0	80.0	1.1351692	0.0	0.15	True	6285.0	False	False	27291.0	False	Mixed	True	False	0.025	0.0	4.8275931	1.5	9.0													
9087.9886	7.885399999999208	processed_trials			80.0	1.1351692					False				Mixed					4.8275931		9.0	40.0	40.0	True	False	False	4.8276	4.8276	20.373136501193883	1.2444000000000002	-0.17612853598670944	Right	0.5884000000000001	
9087.9886	1.2443999999995867	states																																	"       state_name
id               
3   wait_for_poke"
9089.233	1.1352000000006228	states																																	"        state_name
id                
1   nose_in_center"
9090.3682	0.0020000000004074536	states																																	"   state_name
id           
5      go_cue"
9090.370200000001	4.827599999998711	states																																	"            state_name
id                    
6   wait_for_side_poke"
9095.1978	0.10469999999986612	states																																	"         state_name
id                 
4   announce_reward"
9095.3025	0.5714000000007218	states																																	"   state_name
id           
8      reward"
9095.8739	9.999999929277692e-05	states																																	"    state_name
id            
7   stop_sound"
9096.1939	5.136699999999109	trials	1.0	2.0	10.0	0.9744313221897055	0.0	0.15	True	6365.0	False	False	27292.0	False	Mixed	True	False	0.025	0.0	2.832808585509605	1.5	9.0													
9096.1939	5.136699999999109	processed_trials			10.0	0.9744313221897055					False				Mixed					2.832808585509605		9.0	40.0	40.0	False	True	False			20.373136501193883	3.0309	-0.1323667988010709	Left	0.6823000000000001	
9096.1939	3.030899999999747	states																																	"       state_name
id               
3   wait_for_poke"
9099.2248	0.10579999999936263	states																																	"        state_name
id                
1   nose_in_center"
9099.3306	2.0	states																																	"          state_name
id                  
2   punish_violation"
9101.6518	2.4848999999994703	trials	1.0	2.0	10.0	1.1786652262733137	0.0	0.15	True	6365.0	False	False	27293.0	False	Mixed	True	True	0.025	0.0	1.8941790608496654	1.5	9.0													
9101.6518	2.4848999999994703	processed_trials			10.0	1.1786652262733137					False				Mixed					1.8941790608496654		9.0	40.0	40.0	False	True	False			20.373136501193883	0.16290000000000002	-0.20262073792696586	Left	0.16290000000000002	
9101.6518	0.1628999999993539	states																																	"       state_name
id               
3   wait_for_poke"
9101.814699999999	0.3220000000001164	states																																	"        state_name
id                
1   nose_in_center"
9102.1367	2.0	states																																	"          state_name
id                  
2   punish_violation"
9104.4517	6.866100000001097	trials	1.0	2.0	10.0	1.1786652	0.0	0.15	True	6365.0	False	False	27294.0	False	Mixed	True	True	0.025	0.0	4.22320523980006	1.5	9.0													
9104.4517	6.866100000001097	processed_trials			10.0	1.1786652					False				Mixed					4.22320523980006		9.0	40.0	40.0	True	False	False	4.2232	4.2232	20.373136501193883	0.7762	-0.18759746705321712	Right	0.7762	
9104.4517	0.7762000000002445	states																																	"       state_name
id               
3   wait_for_poke"
9105.2279	1.17870000000039	states																																	"        state_name
id                
1   nose_in_center"
9106.4066	0.0019999999985884642	states																																	"   state_name
id           
5      go_cue"
9106.408599999999	4.223200000000361	states																																	"            state_name
id                    
6   wait_for_side_poke"
9110.6318	0.594199999999546	states																																	"         state_name
id                 
4   announce_reward"
9111.225999999999	0.09170000000085565	states																																	"   state_name
id           
8      reward"
9111.3177	9.999999929277692e-05	states																																	"    state_name
id            
7   stop_sound"
9111.6419	3.161000000000058	trials	1.0	2.0	80.0	1.1319700070560301	0.0	0.15	True	6375.0	False	False	27295.0	False	Mixed	True	False	0.025	0.0	1.195310006548537	1.5	9.0													
9111.6419	3.161000000000058	processed_trials			80.0	1.1319700070560301					False				Mixed					1.195310006548537		9.0	40.0	40.0	False	True	False			20.373136501193883	1.1365	-0.17877163223206652	Right	0.7192000000000001	
9111.6419	1.1365000000005239	states																																	"       state_name
id               
3   wait_for_poke"
9112.778400000001	0.02449999999953434	states																																	"        state_name
id                
1   nose_in_center"
9112.8029	2.0	states																																	"          state_name
id                  
2   punish_violation"
9115.1275	2.1842999999989843	trials	1.0	2.0	80.0	1.0914867027440889	0.0	0.15	True	6375.0	False	False	27296.0	False	Mixed	True	True	0.025	0.0	3.7999303613718642	1.5	9.0													
9115.1275	2.1842999999989843	processed_trials			80.0	1.0914867027440889					False				Mixed					3.7999303613718642		9.0	40.0	40.0	False	True	False			20.373136501193883	0.0079	-0.20641758610148253	Right	0.0079	
9115.1275	0.007900000000518048	states																																	"       state_name
id               
3   wait_for_poke"
9115.135400000001	0.17640000000028522	states																																	"        state_name
id                
1   nose_in_center"
9115.311800000001	2.0	states																																	"          state_name
id                  
2   punish_violation"
9117.6295	3.0076000000008207	trials	1.0	2.0	80.0	0.8990305574480465	0.0	0.15	True	6375.0	False	False	27297.0	False	Mixed	True	True	0.025	0.0	1.152584416220117	1.5	9.0													
9117.6295	3.0076000000008207	processed_trials			80.0	0.8990305574480465					False				Mixed					1.152584416220117		9.0	40.0	40.0	True	False	False	1.1525999999999996	1.1525999999999996	20.373136501193883	0.017	-0.20619467436994637	Left	0.017	
9117.6295	0.016999999999825377	states																																	"       state_name
id               
3   wait_for_poke"
9117.646499999999	0.8989999999994325	states																																	"        state_name
id                
1   nose_in_center"
9118.545499999998	0.0020000000004074536	states																																	"   state_name
id           
5      go_cue"
9118.547499999999	1.1525999999994383	states																																	"            state_name
id                    
6   wait_for_side_poke"
9119.700099999998	0.39940000000024156	states																																	"         state_name
id                 
4   announce_reward"
9120.099499999998	0.5375000000003638	states																																	"   state_name
id           
8      reward"
9120.636999999999	0.00010000000111176632	states																																	"    state_name
id            
7   stop_sound"
9120.9645	7.690199999999095	trials	1.0	2.0	20.0	0.8974709027099986	0.0	0.15	True	6455.0	False	False	27298.0	False	Mixed	True	False	0.025	0.0	2.969670692629292	1.5	9.0													
9120.9645	7.690199999999095	processed_trials			20.0	0.8974709027099986					False				Mixed					2.969670692629292		9.0	40.0	40.0	False	True	False			20.373136501193883	5.3807	-0.07480658047539868	Right	0.8863000000000003	
9120.9645	5.380699999999706	states																																	"       state_name
id               
3   wait_for_poke"
9126.3452	0.3094999999993888	states																																	"        state_name
id                
1   nose_in_center"
9126.6547	2.0	states																																	"          state_name
id                  
2   punish_violation"
9128.9784	3.656199999999444	trials	1.0	2.0	20.0	0.8744709706425795	0.0	0.15	True	6455.0	False	False	27299.0	False	Mixed	True	True	0.025	0.0	2.056194326235696	1.5	9.0													
9128.9784	3.656199999999444	processed_trials			20.0	0.8744709706425795					False				Mixed					2.056194326235696		9.0	40.0	40.0	True	False	False	2.0562000000000005	2.0562000000000005	20.373136501193883	0.0386	-0.20566556520498144	Left	0.0386	
9128.9784	0.0385999999998603	states																																	"       state_name
id               
3   wait_for_poke"
9129.017	0.8744999999998981	states																																	"        state_name
id                
1   nose_in_center"
9129.8915	0.0020000000004074536	states																																	"   state_name
id           
5      go_cue"
9129.8935	2.0561999999990803	states																																	"            state_name
id                    
6   wait_for_side_poke"
9131.9497	0.5359000000007654	states																																	"         state_name
id                 
4   announce_reward"
9132.4856	0.1489000000001397	states																																	"   state_name
id           
8      reward"
9132.6345	9.999999929277692e-05	states																																	"    state_name
id            
7   stop_sound"
9132.9665	18.13969999999972	trials	1.0	2.0	80.0	0.8739869285415292	0.0	0.15	True	6475.0	True	False	27300.0	False	Mixed	True	False	0.025	0.0	100.0	1.5	9.0													
9132.9665	18.13969999999972	processed_trials			80.0	0.8739869285415292					True				Mixed					100.0		9.0	40.0	40.0	False	False	True	15.28	15.28	20.373136501193883	1.7835999999999999	-0.16292040349832643	Right	0.9377999999999999	
9132.9665	1.7836000000006607	states																																	"       state_name
id               
3   wait_for_poke"
9134.750100000001	0.8739999999997963	states																																	"        state_name
id                
1   nose_in_center"
9135.6241	0.0020000000004074536	states																																	"   state_name
id           
5      go_cue"
9135.626100000001	15.279999999998836	states																																	"            state_name
id                    
6   wait_for_side_poke"
9150.9061	0.2000000000007276	states																																	"   state_name
id           
0     opt_out"
9151.1061	9.999999929277692e-05	states																																	"    state_name
id            
7   stop_sound"
9151.4296	19.646899999999732	trials	1.0	2.0	80.0	0.87398693	0.0	0.15	True	6475.0	True	False	27301.0	False	Mixed	True	False	0.025	0.0	100.0	1.5	9.0													
9151.4296	19.646899999999732	processed_trials			80.0	0.87398693					True				Mixed					100.0		9.0	40.0	40.0	False	False	True	18.4311	18.4311	20.373136501193883	0.1397	-0.20318904036340965	Left	0.1397	
9151.4296	0.1396999999997206	states																																	"       state_name
id               
3   wait_for_poke"
9151.5693	0.8739999999997963	states																																	"        state_name
id                
1   nose_in_center"
9152.443299999999	0.0020000000004074536	states																																	"   state_name
id           
5      go_cue"
9152.4453	18.431099999999788	states																																	"            state_name
id                    
6   wait_for_side_poke"
9170.8764	0.2000000000007276	states																																	"   state_name
id           
0     opt_out"
9171.0764	9.999999929277692e-05	states																																	"    state_name
id            
7   stop_sound"
9171.401	2.453700000000026	trials	1.0	2.0	40.0	1.1332360203450045	0.0	0.15	True	6475.0	False	False	27302.0	False	Mixed	True	False	0.025	0.0	1.9248048489623795	1.5	9.0													
9171.401	2.453700000000026	processed_trials			40.0	1.1332360203450045					False				Mixed					1.9248048489623795		9.0	40.0	40.0	False	True	False			20.373136501193883	0.42760000000000004	-0.1961367010766784	Right	0.42760000000000004	
9171.401	0.4276000000008935	states																																	"       state_name
id               
3   wait_for_poke"
9171.8286	0.026099999999132706	states																																	"        state_name
id                
1   nose_in_center"
9171.8547	2.0	states																																	"          state_name
id                  
2   punish_violation"
9174.1852	2.0697999999993044	trials	1.0	2.0	40.0	1.0699412354010522	0.0	0.15	True	6475.0	False	False	27303.0	False	Mixed	True	True	0.025	0.0	0.22821576856335377	1.5	9.0													
9174.1852	2.0697999999993044	processed_trials			40.0	1.0699412354010522					False				Mixed					0.22821576856335377		9.0	40.0	40.0	True	False	False	0.22820000000000018	0.22820000000000018	20.373136501193883	0.0664	-0.2049845821130359	Left	0.0664	
9174.1852	0.06639999999970314	states																																	"       state_name
id               
3   wait_for_poke"
9174.2516	1.0699000000004162	states																																	"        state_name
id                
1   nose_in_center"
9175.3215	0.0020000000004074536	states																																	"   state_name
id           
5      go_cue"
9175.3235	0.22819999999956053	states																																	"            state_name
id                    
6   wait_for_side_poke"
9175.5517	0.4264000000002852	states																																	"         state_name
id                 
4   announce_reward"
9175.9781	0.2767999999996391	states																																	"   state_name
id           
8      reward"
9176.2549	9.999999929277692e-05	states																																	"    state_name
id            
7   stop_sound"
9176.5851	12.040999999999258	trials	1.0	2.0	20.0	1.0699412	0.0	0.15	True	6515.0	True	False	27304.0	False	Mixed	True	False	0.025	0.0	100.0	1.5	9.0													
9176.5851	12.040999999999258	processed_trials			20.0	1.0699412					True				Mixed					100.0		9.0	40.0	40.0	False	False	True	8.5277	8.5277	20.373136501193883	2.2413000000000003	-0.15170867827589887	Right	0.8161000000000003	
9176.5851	2.2412999999996828	states																																	"       state_name
id               
3   wait_for_poke"
9178.8264	1.0699000000004162	states																																	"        state_name
id                
1   nose_in_center"
9179.8963	0.0020000000004074536	states																																	"   state_name
id           
5      go_cue"
9179.8983	8.527699999998731	states																																	"            state_name
id                    
6   wait_for_side_poke"
9188.426	0.2000000000007276	states																																	"   state_name
id           
0     opt_out"
9188.626	9.999999929277692e-05	states																																	"    state_name
id            
7   stop_sound"
9188.96	4.934900000000198	trials	1.0	2.0	80.0	1.0149946599939978	0.0	0.15	True	6515.0	False	False	27305.0	False	Mixed	True	False	0.025	0.0	3.1078573107135146	1.5	9.0													
9188.96	4.934900000000198	processed_trials			80.0	1.0149946599939978					False				Mixed					3.1078573107135146		9.0	40.0	40.0	True	False	False	3.1079000000000003	3.1079000000000003	20.373136501193883	0.18059999999999998	-0.20218716236123074	Left	0.18059999999999998	
9188.96	0.18059999999968568	states																																	"       state_name
id               
3   wait_for_poke"
9189.140599999999	1.014999999999418	states																																	"        state_name
id                
1   nose_in_center"
9190.155599999998	0.0020000000004074536	states																																	"   state_name
id           
5      go_cue"
9190.157599999999	3.107900000000882	states																																	"            state_name
id                    
6   wait_for_side_poke"
9193.2655	0.09180000000014843	states																																	"         state_name
id                 
4   announce_reward"
9193.3573	0.5375000000003638	states																																	"   state_name
id           
8      reward"
9193.8948	9.999999929277692e-05	states																																	"    state_name
id            
7   stop_sound"
9194.2329	7.54189999999835	trials	1.0	2.0	20.0	1.0149947	0.0	0.15	True	6595.0	False	False	27306.0	False	Mixed	True	False	0.025	0.0	0.20845342097986902	1.5	9.0													
9194.2329	7.54189999999835	processed_trials			20.0	1.0149947					False				Mixed					0.20845342097986902		9.0	40.0	40.0	False	True	False			20.373136501193883	5.2427	-0.0781870001404522	Right	0.6498999999999997	
9194.2329	5.242700000000696	states																																	"       state_name
id               
3   wait_for_poke"
9199.475600000002	0.2991999999994732	states																																	"        state_name
id                
1   nose_in_center"
9199.774800000001	2.0	states																																	"          state_name
id                  
2   punish_violation"
9202.1066	19.144200000000637	trials	1.0	2.0	20.0	0.9807433234665869	0.0	0.15	True	6595.0	True	False	27307.0	False	Mixed	True	True	0.025	0.0	100.0	1.5	9.0													
9202.1066	19.144200000000637	processed_trials			20.0	0.9807433234665869					True				Mixed					100.0		9.0	40.0	40.0	False	False	True	14.781299999999998	14.781299999999998	20.373136501193883	3.1801	-0.12871202623566522	Left	3.1801	
9202.1066	3.180099999999584	states																																	"       state_name
id               
3   wait_for_poke"
9205.286699999999	0.9807000000000698	states																																	"        state_name
id                
1   nose_in_center"
9206.267399999999	0.0020000000004074536	states																																	"   state_name
id           
5      go_cue"
9206.2694	14.781300000000556	states																																	"            state_name
id                    
6   wait_for_side_poke"
9221.0507	0.1999999999989086	states																																	"   state_name
id           
0     opt_out"
9221.250699999999	0.00010000000111176632	states																																	"    state_name
id            
7   stop_sound"
9221.5812	2.3166999999994005	trials	1.0	2.0	5.0	1.0127603354754653	0.0	0.15	True	6595.0	False	False	27308.0	False	Mixed	True	False	0.025	0.0	6.810668208476379	1.5	9.0													
9221.5812	2.3166999999994005	processed_trials			5.0	1.0127603354754653					False				Mixed					6.810668208476379		9.0	40.0	40.0	False	True	False			20.373136501193883	0.2612	-0.20021280131048208	Right	0.2612	
9221.5812	0.26120000000082655	states																																	"       state_name
id               
3   wait_for_poke"
9221.842400000001	0.05549999999857391	states																																	"        state_name
id                
1   nose_in_center"
9221.8979	2.0	states																																	"          state_name
id                  
2   punish_violation"
9224.2379	2.5023000000001048	trials	1.0	2.0	5.0	0.8193466062022876	0.0	0.15	True	6595.0	False	False	27309.0	False	Mixed	True	True	0.025	0.0	0.41471062979175	1.5	9.0													
9224.2379	2.5023000000001048	processed_trials			5.0	0.8193466062022876					False				Mixed					0.41471062979175		9.0	40.0	40.0	False	True	False			20.373136501193883	0.4655	-0.1952083104585224	Left	0.4655	
9224.2379	0.4655000000002474	states																																	"       state_name
id               
3   wait_for_poke"
9224.7034	0.03679999999985739	states																																	"        state_name
id                
1   nose_in_center"
9224.7402	2.0	states																																	"          state_name
id                  
2   punish_violation"
9227.0812	113.17969999999877	trials	1.0	2.0	5.0	0.9801480971470972	0.0	0.15	True	6595.0	False	False	27310.0	False	Mixed	True	True	0.025	0.0	4.284929694745841	1.5	9.0													
9227.0812	113.17969999999877	processed_trials			5.0	0.9801480971470972					False				Mixed					4.284929694745841		9.0	40.0	40.0	False	True	False			20.373136501193883	111.1423	2.5159078575501423	Left	111.1423	
9227.0812	111.14229999999952	states																																	"       state_name
id               
3   wait_for_poke"
9338.2235	0.03740000000107102	states																																	"        state_name
id                
1   nose_in_center"
9338.260900000001	2.0	states																																	"          state_name
id                  
2   punish_violation"
9340.5964	19.415499999999156	trials	1.0	2.0	5.0	1.0313629400884436	0.0	0.15	True	6595.0	False	False	27311.0	False	Mixed	True	True	0.025	0.0	0.34875480040326623	1.5	9.0													
9340.5964	19.415499999999156	processed_trials			5.0	1.0313629400884436					False				Mixed					0.34875480040326623		9.0	40.0	40.0	True	False	False	0.34880000000000067	0.34880000000000067	20.373136501193883	17.6847	0.22658967719719947	Left	17.6847	
9340.5964	17.684699999999793	states																																	"       state_name
id               
3   wait_for_poke"
9358.2811	1.0313999999998487	states																																	"        state_name
id                
1   nose_in_center"
9359.3125	0.0020000000004074536	states																																	"   state_name
id           
5      go_cue"
9359.3145	0.34879999999975553	states																																	"            state_name
id                    
6   wait_for_side_poke"
9359.6633	0.29460000000108266	states																																	"         state_name
id                 
4   announce_reward"
9359.957900000001	0.053899999998975545	states																																	"   state_name
id           
8      reward"
9360.0118	9.999999929277692e-05	states																																	"    state_name
id            
7   stop_sound"
9360.3502	4.187799999999697	trials	1.0	2.0	20.0	0.9258583977135257	0.0	0.15	True	6600.0	False	False	27312.0	False	Mixed	True	False	0.025	0.0	1.4806003097895664	1.5	9.0													
9360.3502	4.187799999999697	processed_trials			20.0	0.9258583977135257					False				Mixed					1.4806003097895664		9.0	40.0	40.0	False	True	False			20.373136501193883	1.8979000000000001	-0.16012053416705382	Right	0.69	
9360.3502	1.897899999999936	states																																	"       state_name
id               
3   wait_for_poke"
9362.2481	0.28989999999976135	states																																	"        state_name
id                
1   nose_in_center"
9362.538	2.0	states																																	"          state_name
id                  
2   punish_violation"
9364.8766	124.14270000000033	trials	1.0	2.0	20.0	0.9316221192255039	0.0	0.15	True	6600.0	False	False	27313.0	False	Mixed	True	True	0.025	0.0	0.17568085301504152	1.5	9.0													
9364.8766	124.14270000000033	processed_trials			20.0	0.9316221192255039					False				Mixed					0.17568085301504152		9.0	40.0	40.0	True	False	False	0.17570000000000618	0.17570000000000618	20.373136501193883	122.1237	2.78490597718651	Right	122.1237	
9364.8766	122.1237000000001	states																																	"       state_name
id               
3   wait_for_poke"
9487.0003	0.9315999999998894	states																																	"        state_name
id                
1   nose_in_center"
9487.9319	0.0020000000004074536	states																																	"   state_name
id           
5      go_cue"
9487.9339	0.1756999999997788	states																																	"            state_name
id                    
6   wait_for_side_poke"
9488.1096	0.7510000000002037	states																																	"         state_name
id                 
4   announce_reward"
9488.8606	0.15859999999884167	states																																	"   state_name
id           
8      reward"
9489.019199999999	0.00010000000111176632	states																																	"    state_name
id            
7   stop_sound"
9489.3529	3.8968000000004395	trials	1.0	2.0	80.0	0.882621773210621	0.0	0.15	True	6620.0	False	False	27314.0	False	Mixed	True	False	0.025	0.0	0.16779316667880337	1.5	9.0													
9489.3529	3.8968000000004395	processed_trials			80.0	0.882621773210621					False				Mixed					0.16779316667880337		9.0	40.0	40.0	True	False	False	0.16780000000000017	0.16780000000000017	20.373136501193883	1.7329	-0.16416234028831347	Left	0.7946000000000002	
9489.3529	1.7329000000008818	states																																	"       state_name
id               
3   wait_for_poke"
9491.0858	0.8825999999990017	states																																	"        state_name
id                
1   nose_in_center"
9491.9684	0.0020000000004074536	states																																	"   state_name
id           
5      go_cue"
9491.9704	0.16779999999926076	states																																	"            state_name
id                    
6   wait_for_side_poke"
9492.1382	0.5739000000012311	states																																	"         state_name
id                 
4   announce_reward"
9492.7121	0.5374999999985448	states																																	"   state_name
id           
8      reward"
9493.2496	0.00010000000111176632	states																																	"    state_name
id            
7   stop_sound"
9493.5897	8.303599999999278	trials	1.0	2.0	40.0	0.9417486052449905	0.0	0.15	True	6700.0	False	False	27315.0	False	Mixed	True	False	0.025	0.0	3.6957358068853745	1.5	9.0													
9493.5897	8.303599999999278	processed_trials			40.0	0.9417486052449905					False				Mixed					3.6957358068853745		9.0	40.0	40.0	True	False	False	3.6957000000000004	3.6957000000000004	20.373136501193883	3.3636999999999997	-0.12421459833346359	Left	0.7518999999999996	
9493.5897	3.3636999999998807	states																																	"       state_name
id               
3   wait_for_poke"
9496.9534	0.9416999999994005	states																																	"        state_name
id                
1   nose_in_center"
9497.8951	0.0020000000004074536	states																																	"   state_name
id           
5      go_cue"
9497.8971	3.6957000000002154	states																																	"            state_name
id                    
6   wait_for_side_poke"
9501.5928	0.023600000000442378	states																																	"         state_name
id                 
4   announce_reward"
9501.6164	0.2767999999996391	states																																	"   state_name
id           
8      reward"
9501.8932	9.999999929277692e-05	states																																	"    state_name
id            
7   stop_sound"
9502.2362	5.362700000001496	trials	1.0	2.0	80.0	0.9256794436483613	0.0	0.15	True	6740.0	False	False	27316.0	False	Mixed	True	False	0.025	0.0	0.6443373198260729	1.5	9.0													
9502.2362	5.362700000001496	processed_trials			80.0	0.9256794436483613					False				Mixed					0.6443373198260729		9.0	40.0	40.0	True	False	False	0.6443000000000003	0.6443000000000003	20.373136501193883	3.1546999999999996	-0.12933421942039247	Left	0.4803999999999995	
9502.2362	3.1546999999991385	states																																	"       state_name
id               
3   wait_for_poke"
9505.390899999999	0.9257000000015978	states																																	"        state_name
id                
1   nose_in_center"
9506.3166	0.0019999999985884642	states																																	"   state_name
id           
5      go_cue"
9506.318599999999	0.6442999999999302	states																																	"            state_name
id                    
6   wait_for_side_poke"
9506.962899999999	0.09840000000076543	states																																	"         state_name
id                 
4   announce_reward"
9507.0613	0.5375000000003638	states																																	"   state_name
id           
8      reward"
9507.5988	9.999999929277692e-05	states																																	"    state_name
id            
7   stop_sound"
9507.9476	13.539099999999962	trials	1.0	2.0	40.0	1.1371981475502213	0.0	0.15	True	6820.0	True	False	27317.0	False	Mixed	True	False	0.025	0.0	100.0	1.5	9.0													
9507.9476	13.539099999999962	processed_trials			40.0	1.1371981475502213					True				Mixed					100.0		9.0	40.0	40.0	False	False	True	9.0947	9.0947	20.373136501193883	3.1050999999999997	-0.13054921083623777	Right	1.033	
9507.9476	3.105100000000675	states																																	"       state_name
id               
3   wait_for_poke"
9511.0527	1.1371999999992113	states																																	"        state_name
id                
1   nose_in_center"
9512.1899	0.0020000000004074536	states																																	"   state_name
id           
5      go_cue"
9512.1919	9.094699999999648	states																																	"            state_name
id                    
6   wait_for_side_poke"
9521.2866	0.2000000000007276	states																																	"   state_name
id           
0     opt_out"
9521.4866	9.999999929277692e-05	states																																	"    state_name
id            
7   stop_sound"
9521.8289	2.3536000000003696	trials	1.0	2.0	10.0	1.0357977486267835	0.0	0.15	True	6820.0	False	False	27318.0	False	Low	True	False	0.025	0.0	2.2422750568632805	1.5	9.0													
9521.8289	2.3536000000003696	processed_trials			10.0	1.0357977486267835					False				Low					2.2422750568632805		9.0	40.0	40.0	False	True	False			20.373136501193883	0.3195	-0.19878469648097036	Left	0.3195	
9521.8289	0.3194999999996071	states																																	"       state_name
id               
3   wait_for_poke"
9522.1484	0.03410000000076252	states																																	"        state_name
id                
1   nose_in_center"
9522.1825	2.0	states																																	"          state_name
id                  
2   punish_violation"
9524.5194	2.4368000000013126	trials	1.0	2.0	10.0	1.0169408098194233	0.0	0.15	True	6820.0	False	False	27319.0	False	Low	True	True	0.025	0.0	0.4595068163117051	1.5	9.0													
9524.5194	2.4368000000013126	processed_trials			10.0	1.0169408098194233					False				Low					0.4595068163117051		9.0	40.0	40.0	True	False	False	0.4595	0.4595	20.373136501193883	0.7421	-0.1884327736516108	Left	0.7421	
9524.5194	0.742099999999482	states																																	"       state_name
id               
3   wait_for_poke"
9525.261499999999	1.0169000000005326	states																																	"        state_name
id                
1   nose_in_center"
9526.2784	0.0020000000004074536	states																																	"   state_name
id           
5      go_cue"
9526.2804	0.459499999999025	states																																	"            state_name
id                    
6   wait_for_side_poke"
9526.739899999999	0.13080000000081782	states																																	"         state_name
id                 
4   announce_reward"
9526.8707	0.08539999999993597	states																																	"   state_name
id           
8      reward"
9526.9561	9.999999929277692e-05	states																																	"    state_name
id            
7   stop_sound"
9527.3087	10.69549999999981	trials	1.0	2.0	5.0	0.8228674027417171	0.0	0.15	True	6830.0	False	False	27320.0	False	Low	True	False	0.025	0.0	7.5597599807526965	1.5	9.0													
9527.3087	10.69549999999981	processed_trials			5.0	0.8228674027417171					False				Low					7.5597599807526965		9.0	40.0	40.0	True	False	False	7.559800000000001	7.559800000000001	20.373136501193883	1.1935	-0.17737537193563135	Left	0.4789	
9527.3087	1.1934999999994034	states																																	"       state_name
id               
3   wait_for_poke"
9528.502199999999	0.8229000000010274	states																																	"        state_name
id                
1   nose_in_center"
9529.3251	0.0020000000004074536	states																																	"   state_name
id           
5      go_cue"
9529.3271	7.559799999999086	states																																	"            state_name
id                    
6   wait_for_side_poke"
9536.8869	1.0632999999997992	states																																	"         state_name
id                 
4   announce_reward"
9537.9502	0.053900000000794535	states																																	"   state_name
id           
8      reward"
9538.0041	9.999999929277692e-05	states																																	"    state_name
id            
7   stop_sound"
9538.3533	7.736899999999878	trials	1.0	2.0	20.0	1.0305255264478614	0.0	0.15	True	6835.0	False	False	27321.0	False	Low	True	False	0.025	0.0	8.12931876364791	1.5	9.0													
9538.3533	7.736899999999878	processed_trials			20.0	1.0305255264478614					False				Low					8.12931876364791		9.0	40.0	40.0	False	False	True	5.61	5.61	20.373136501193883	0.8943	-0.1847045137021822	Right	0.5565	
9538.3533	0.8942999999999302	states																																	"       state_name
id               
3   wait_for_poke"
9539.2476	1.0305000000007567	states																																	"        state_name
id                
1   nose_in_center"
9540.278100000001	0.0019999999985884642	states																																	"   state_name
id           
5      go_cue"
9540.2801	5.610000000000582	states																																	"            state_name
id                    
6   wait_for_side_poke"
9545.8901	0.2000000000007276	states																																	"   state_name
id           
0     opt_out"
9546.090100000001	9.999999929277692e-05	states																																	"    state_name
id            
7   stop_sound"
9546.4354	2.3680999999996857	trials	1.0	2.0	20.0	1.0305255	0.0	0.15	True	6835.0	False	False	27322.0	False	Low	True	False	0.025	0.0	2.0239015652861045	1.5	9.0													
9546.4354	2.3680999999996857	processed_trials			20.0	1.0305255					False				Low					2.0239015652861045		9.0	40.0	40.0	False	True	False			20.373136501193883	0.2432	-0.2006537256146195	Right	0.2432	
9546.4354	0.24320000000079744	states																																	"       state_name
id               
3   wait_for_poke"
9546.678600000001	0.12489999999888823	states																																	"        state_name
id                
1   nose_in_center"
9546.8035	2.0	states																																	"          state_name
id                  
2   punish_violation"
9549.1475	13.77690000000075	trials	1.0	2.0	20.0	0.8953804738905887	0.0	0.15	True	6835.0	False	False	27323.0	False	Low	True	True	0.025	0.0	2.0239016	1.5	9.0													
9549.1475	13.77690000000075	processed_trials			20.0	0.8953804738905887					False				Low					2.0239016		9.0	40.0	40.0	False	True	False			20.373136501193883	11.505799999999999	0.07523261148416169	Right	11.505799999999999	
9549.1475	11.505800000000818	states																																	"       state_name
id               
3   wait_for_poke"
9560.6533	0.27109999999993306	states																																	"        state_name
id                
1   nose_in_center"
9560.9244	2.0	states																																	"          state_name
id                  
2   punish_violation"
9563.2711	4.324200000000928	trials	1.0	2.0	20.0	0.8470128097537071	0.0	0.15	True	6835.0	False	False	27324.0	False	Low	True	True	0.025	0.0	2.700564410811799	1.5	9.0													
9563.2711	4.324200000000928	processed_trials			20.0	0.8470128097537071					False				Low					2.700564410811799		9.0	40.0	40.0	True	False	False	2.7006000000000006	2.7006000000000006	20.373136501193883	0.3487	-0.19806941927648078	Left	0.3487	
9563.2711	0.34870000000046275	states																																	"       state_name
id               
3   wait_for_poke"
9563.6198	0.8469999999997526	states																																	"        state_name
id                
1   nose_in_center"
9564.4668	0.0020000000004074536	states																																	"   state_name
id           
5      go_cue"
9564.4688	2.7006000000001222	states																																	"            state_name
id                    
6   wait_for_side_poke"
9567.1694	0.2768999999989319	states																																	"         state_name
id                 
4   announce_reward"
9567.4463	0.1489000000001397	states																																	"   state_name
id           
8      reward"
9567.5952	9.999999929277692e-05	states																																	"    state_name
id            
7   stop_sound"
9567.9391	12.628700000001118	trials	1.0	2.0	20.0	0.8403642474206793	0.0	0.15	True	6855.0	True	False	27325.0	False	Low	True	False	0.025	0.0	100.0	1.5	9.0													
9567.9391	12.628700000001118	processed_trials			20.0	0.8403642474206793					True				Low					100.0		9.0	40.0	40.0	False	False	True	9.5227	9.5227	20.373136501193883	2.0635	-0.1560640305689896	Left	0.5714999999999999	
9567.9391	2.0635000000002037	states																																	"       state_name
id               
3   wait_for_poke"
9570.0026	0.8403999999991356	states																																	"        state_name
id                
1   nose_in_center"
9570.842999999999	0.0020000000004074536	states																																	"   state_name
id           
5      go_cue"
9570.845	9.522699999999531	states																																	"            state_name
id                    
6   wait_for_side_poke"
9580.367699999999	0.2000000000007276	states																																	"   state_name
id           
0     opt_out"
9580.5677	9.999999929277692e-05	states																																	"    state_name
id            
7   stop_sound"
9580.9219	2.8681000000015047	trials	1.0	2.0	20.0	0.84036425	0.0	0.15	True	6855.0	True	False	27326.0	False	Low	True	False	0.025	0.0	100.0	1.5	9.0													
9580.9219	2.8681000000015047	processed_trials			20.0	0.84036425					True				Low					100.0		9.0	40.0	40.0	False	True	False			20.373136501193883	0.7935	-0.18717368980535173	Left	0.7935	
9580.9219	0.7934999999997672	states																																	"       state_name
id               
3   wait_for_poke"
9581.7154	0.07459999999991851	states																																	"        state_name
id                
1   nose_in_center"
9581.789999999999	2.0	states																																	"          state_name
id                  
2   punish_violation"
9584.1363	3.8765000000003056	trials	1.0	2.0	20.0	0.8735067584490301	0.0	0.15	True	6855.0	False	False	27327.0	False	Low	True	True	0.025	0.0	1.7096072826442876	1.5	9.0													
9584.1363	3.8765000000003056	processed_trials			20.0	0.8735067584490301					False				Low					1.7096072826442876		9.0	40.0	40.0	True	False	False	1.7096000000000002	1.7096000000000002	20.373136501193883	0.7917000000000001	-0.18721778223576546	Right	0.7917000000000001	
9584.1363	0.7916999999997643	states																																	"       state_name
id               
3   wait_for_poke"
9584.928	0.8734999999996944	states																																	"        state_name
id                
1   nose_in_center"
9585.8015	0.0020000000004074536	states																																	"   state_name
id           
5      go_cue"
9585.8035	1.7096000000001368	states																																	"            state_name
id                    
6   wait_for_side_poke"
9587.5131	0.34100000000034925	states																																	"         state_name
id                 
4   announce_reward"
9587.8541	0.15859999999884167	states																																	"   state_name
id           
8      reward"
9588.0127	0.00010000000111176632	states																																	"    state_name
id            
7   stop_sound"
9588.3567	4.309699999999793	trials	1.0	2.0	20.0	1.1283536127794291	0.0	0.15	True	6875.0	False	False	27328.0	False	Low	True	False	0.025	0.0	4.471223061416801	1.5	9.0													
9588.3567	4.309699999999793	processed_trials			20.0	1.1283536127794291					False				Low					4.471223061416801		9.0	40.0	40.0	False	True	False			20.373136501193883	2.2425	-0.15167928332228975	Left	1.4231000000000003	
9588.3567	2.242500000000291	states																																	"       state_name
id               
3   wait_for_poke"
9590.5992	0.06719999999950232	states																																	"        state_name
id                
1   nose_in_center"
9590.6664	2.0	states																																	"          state_name
id                  
2   punish_violation"
9593.0124	4.108700000000681	trials	1.0	2.0	20.0	1.0314530682035157	0.0	0.15	True	6875.0	False	False	27329.0	False	Low	True	True	0.025	0.0	1.7930743530882611	1.5	9.0													
9593.0124	4.108700000000681	processed_trials			20.0	1.0314530682035157					False				Low					1.7930743530882611		9.0	40.0	40.0	True	False	False	1.7931000000000004	1.7931000000000004	20.373136501193883	1.1072	-0.17948935901602353	Right	1.1072	
9593.0124	1.1072000000003754	states																																	"       state_name
id               
3   wait_for_poke"
9594.1196	1.0314999999991414	states																																	"        state_name
id                
1   nose_in_center"
9595.1511	0.0020000000004074536	states																																	"   state_name
id           
5      go_cue"
9595.1531	1.793100000000777	states																																	"            state_name
id                    
6   wait_for_side_poke"
9596.9462	0.016200000000026193	states																																	"         state_name
id                 
4   announce_reward"
9596.9624	0.15859999999884167	states																																	"   state_name
id           
8      reward"
9597.121	0.00010000000111176632	states																																	"    state_name
id            
7   stop_sound"
9597.4794	4.84059999999954	trials	1.0	2.0	5.0	1.0314531	0.0	0.15	True	6895.0	True	False	27330.0	False	Low	True	False	0.025	0.0	100.0	1.5	9.0													
9597.4794	4.84059999999954	processed_trials			5.0	1.0314531					True				Low					100.0		9.0	40.0	40.0	False	True	False			20.373136501193883	2.7743	-0.13865241971449652	Right	1.5771000000000002	
9597.4794	2.77429999999913	states																																	"       state_name
id               
3   wait_for_poke"
9600.2537	0.06630000000041036	states																																	"        state_name
id                
1   nose_in_center"
9600.32	2.0	states																																	"          state_name
id                  
2   punish_violation"
9602.6701	7.852200000001176	trials	1.0	2.0	5.0	1.010558992249229	0.0	0.15	True	6895.0	True	False	27331.0	False	Low	True	True	0.025	0.0	100.0	1.5	9.0													
9602.6701	7.852200000001176	processed_trials			5.0	1.010558992249229					True				Low					100.0		9.0	40.0	40.0	False	True	False			20.373136501193883	5.6789	-0.06750193450352215	Right	5.6789	
9602.6701	5.6789000000007945	states																																	"       state_name
id               
3   wait_for_poke"
9608.349	0.17329999999856227	states																																	"        state_name
id                
1   nose_in_center"
9608.522299999999	2.0	states																																	"          state_name
id                  
2   punish_violation"
9610.8741	15.723799999999756	trials	1.0	2.0	5.0	1.0822769031924948	0.0	0.15	True	6895.0	False	False	27332.0	False	Low	True	True	0.025	0.0	4.100778561375592	1.5	9.0													
9610.8741	15.723799999999756	processed_trials			5.0	1.0822769031924948					False				Low					4.100778561375592		9.0	40.0	40.0	True	False	False	4.100799999999998	4.100799999999998	20.373136501193883	10.4207	0.04865222468307782	Right	10.4207	
9610.8741	10.42070000000058	states																																	"       state_name
id               
3   wait_for_poke"
9621.294800000001	1.082300000000032	states																																	"        state_name
id                
1   nose_in_center"
9622.377100000002	0.0019999999985884642	states																																	"   state_name
id           
5      go_cue"
9622.3791	4.100800000000163	states																																	"            state_name
id                    
6   wait_for_side_poke"
9626.4799	0.05950000000120781	states																																	"         state_name
id                 
4   announce_reward"
9626.539400000001	0.058399999999892316	states																																	"   state_name
id           
8      reward"
9626.597800000001	9.999999929277692e-05	states																																	"    state_name
id            
7   stop_sound"
9626.9505	3.2950000000000728	trials	1.0	2.0	20.0	1.1911455298893583	0.0	0.15	True	6900.0	False	False	27333.0	False	Low	True	False	0.025	0.0	4.512970940830026	1.5	9.0													
9626.9505	3.2950000000000728	processed_trials			20.0	1.1911455298893583					False				Low					4.512970940830026		9.0	40.0	40.0	False	True	False			20.373136501193883	1.2299	-0.1764837250094868	Left	0.7487	
9626.9505	1.2299000000002707	states																																	"       state_name
id               
3   wait_for_poke"
9628.180400000001	0.0650999999998021	states																																	"        state_name
id                
1   nose_in_center"
9628.2455	2.0	states																																	"          state_name
id                  
2   punish_violation"
9630.5989	4.557799999998679	trials	1.0	2.0	20.0	1.1143222580656105	0.0	0.15	True	6900.0	False	False	27334.0	False	Low	True	True	0.025	0.0	0.9327627294112811	1.5	9.0													
9630.5989	4.557799999998679	processed_trials			20.0	1.1143222580656105					False				Low					0.9327627294112811		9.0	40.0	40.0	True	False	False	0.9328000000000003	0.9328000000000003	20.373136501193883	2.1101	-0.15492252653716718	Right	2.1101	
9630.5989	2.110099999999875	states																																	"       state_name
id               
3   wait_for_poke"
9632.709	1.1142999999992753	states																																	"        state_name
id                
1   nose_in_center"
9633.8233	0.0020000000004074536	states																																	"   state_name
id           
5      go_cue"
9633.8253	0.9328000000004977	states																																	"            state_name
id                    
6   wait_for_side_poke"
9634.758100000001	0.23990000000048894	states																																	"         state_name
id                 
4   announce_reward"
9634.998000000001	0.15859999999884167	states																																	"   state_name
id           
8      reward"
9635.1566	0.00010000000111176632	states																																	"    state_name
id            
7   stop_sound"
9635.5118	4.505799999998999	trials	1.0	2.0	20.0	0.9794844480012108	0.0	0.15	True	6920.0	False	False	27335.0	False	Low	True	False	0.025	0.0	0.2307390435729881	1.5	9.0													
9635.5118	4.505799999998999	processed_trials			20.0	0.9794844480012108					False				Low					0.2307390435729881		9.0	40.0	40.0	False	True	False			20.373136501193883	2.3983000000000003	-0.14786283851203363	Left	0.8073000000000004	
9635.5118	2.398300000000745	states																																	"       state_name
id               
3   wait_for_poke"
9637.910100000001	0.10750000000007276	states																																	"        state_name
id                
1   nose_in_center"
9638.017600000001	2.0	states																																	"          state_name
id                  
2   punish_violation"
9640.3678	10.697000000000116	trials	1.0	2.0	20.0	0.9097354125698742	0.0	0.15	True	6920.0	True	False	27336.0	False	Low	True	True	0.025	0.0	100.0	1.5	9.0													
9640.3678	10.697000000000116	processed_trials			20.0	0.9097354125698742					True				Low					100.0		9.0	40.0	40.0	False	False	True	6.2462	6.2462	20.373136501193883	3.339	-0.12481964446191879	Left	3.339	
9640.3678	3.338999999999942	states																																	"       state_name
id               
3   wait_for_poke"
9643.7068	0.9097000000001572	states																																	"        state_name
id                
1   nose_in_center"
9644.6165	0.0020000000004074536	states																																	"   state_name
id           
5      go_cue"
9644.6185	6.24619999999959	states																																	"            state_name
id                    
6   wait_for_side_poke"
9650.8647	0.2000000000007276	states																																	"   state_name
id           
0     opt_out"
9651.0647	9.999999929277692e-05	states																																	"    state_name
id            
7   stop_sound"
9651.4261	2.334499999999025	trials	1.0	2.0	20.0	0.90973541	0.0	0.15	True	6920.0	False	False	27337.0	False	Low	True	False	0.025	0.0	0.8419827295013091	1.5	9.0													
9651.4261	2.334499999999025	processed_trials			20.0	0.90973541					False				Low					0.8419827295013091		9.0	40.0	40.0	False	True	False			20.373136501193883	0.2998	-0.1992672636360541	Left	0.2998	
9651.4261	0.29980000000068685	states																																	"       state_name
id               
3   wait_for_poke"
9651.725900000001	0.03470000000015716	states																																	"        state_name
id                
1   nose_in_center"
9651.760600000001	2.0	states																																	"          state_name
id                  
2   punish_violation"
9654.1174	3.0046000000002095	trials	1.0	2.0	20.0	1.1557808231777627	0.0	0.15	True	6920.0	False	False	27338.0	False	Low	True	True	0.025	0.0	0.5987172800115894	1.5	9.0													
9654.1174	3.0046000000002095	processed_trials			20.0	1.1557808231777627					False				Low					0.5987172800115894		9.0	40.0	40.0	True	False	False	0.5987000000000002	0.5987000000000002	20.373136501193883	0.4123	-0.19651148673519522	Right	0.4123	
9654.1174	0.41229999999995925	states																																	"       state_name
id               
3   wait_for_poke"
9654.5297	1.155800000000454	states																																	"        state_name
id                
1   nose_in_center"
9655.6855	0.0020000000004074536	states																																	"   state_name
id           
5      go_cue"
9655.6875	0.5986999999986438	states																																	"            state_name
id                    
6   wait_for_side_poke"
9656.286199999999	0.6771000000007916	states																																	"         state_name
id                 
4   announce_reward"
9656.9633	0.15859999999884167	states																																	"   state_name
id           
8      reward"
9657.121899999998	0.00010000000111176632	states																																	"    state_name
id            
7   stop_sound"
9657.4797	4.610899999999674	trials	1.0	2.0	5.0	1.092037156196552	0.0	0.15	True	6940.0	False	False	27339.0	False	Low	True	False	0.025	0.0	1.2092655465806912	1.5	9.0													
9657.4797	4.610899999999674	processed_trials			5.0	1.092037156196552					False				Low					1.2092655465806912		9.0	40.0	40.0	False	True	False			20.373136501193883	2.5331	-0.1445608053899379	Right	1.1550000000000002	
9657.4797	2.533100000000559	states																																	"       state_name
id               
3   wait_for_poke"
9660.0128	0.07779999999911524	states																																	"        state_name
id                
1   nose_in_center"
9660.0906	2.0	states																																	"          state_name
id                  
2   punish_violation"
9662.4452	6.753899999999703	trials	1.0	2.0	5.0	1.1988188992805608	0.0	0.15	True	6940.0	True	False	27340.0	False	Low	True	True	0.025	0.0	1.2092655	1.5	9.0													
9662.4452	6.753899999999703	processed_trials			5.0	1.1988188992805608					False				Low					1.2092655		9.0	40.0	40.0	False	False	False	1.2092999999999998	1.2092999999999998	20.373136501193883	4.3438	-0.10020626997318127	Left	4.3438	
9662.4452	4.343800000000556	states																																	"       state_name
id               
3   wait_for_poke"
9666.789	1.1988000000001193	states																																	"        state_name
id                
1   nose_in_center"
9667.9878	0.0019999999985884642	states																																	"   state_name
id           
5      go_cue"
9667.9898	1.2093000000004395	states																																	"            state_name
id                    
6   wait_for_side_poke"
9669.5535	12.969199999999546	trials	1.0	2.0	5.0	0.9391647669250861	0.0	0.15	True	6940.0	False	False	27341.0	False	Low	True	False	0.025	0.0	9.888924313104393	1.5	9.0													
9669.5535	12.969199999999546	processed_trials			5.0	0.9391647669250861					False				Low					9.888924313104393		9.0	40.0	40.0	False	False	True	6.5254	6.5254	20.373136501193883	5.3025	-0.07672215161892901	Right	5.3025	
9669.5535	5.302499999999782	states																																	"       state_name
id               
3   wait_for_poke"
9674.856	0.9392000000007101	states																																	"        state_name
id                
1   nose_in_center"
9675.7952	0.0020000000004074536	states																																	"   state_name
id           
5      go_cue"
9675.7972	6.525399999998626	states																																	"            state_name
id                    
6   wait_for_side_poke"
9682.3226	0.2000000000007276	states																																	"   state_name
id           
0     opt_out"
9682.5226	9.999999929277692e-05	states																																	"    state_name
id            
7   stop_sound"
9682.8826	2.388599999998405	trials	1.0	2.0	10.0	1.1674207639367544	0.0	0.15	True	6940.0	False	False	27342.0	False	Low	True	False	0.025	0.0	0.6054447818539849	1.5	9.0													
9682.8826	2.388599999998405	processed_trials			10.0	1.1674207639367544					False				Low					0.6054447818539849		9.0	40.0	40.0	True	False	False	0.6054000000000002	0.6054000000000002	20.373136501193883	0.21559999999999999	-0.2013298095476302	Right	0.21559999999999999	
9682.8826	0.21559999999954016	states																																	"       state_name
id               
3   wait_for_poke"
9683.0982	1.1674000000002707	states																																	"        state_name
id                
1   nose_in_center"
9684.2656	0.0020000000004074536	states																																	"   state_name
id           
5      go_cue"
9684.267600000001	0.6054000000003725	states																																	"            state_name
id                    
6   wait_for_side_poke"
9684.873000000001	0.30639999999948486	states																																	"         state_name
id                 
4   announce_reward"
9685.1794	0.09169999999903666	states																																	"   state_name
id           
8      reward"
9685.2711	0.00010000000111176632	states																																	"    state_name
id            
7   stop_sound"
9685.6289	3.9649000000008527	trials	1.0	2.0	10.0	0.9233518955746802	0.0	0.15	True	6950.0	False	False	27343.0	False	Low	True	False	0.025	0.0	4.039722319792153	1.5	9.0													
9685.6289	3.9649000000008527	processed_trials			10.0	0.9233518955746802					False				Low					4.039722319792153		9.0	40.0	40.0	False	True	False			20.373136501193883	1.8807	-0.1605418618354518	Left	0.7766000000000002	
9685.6289	1.880699999999706	states																																	"       state_name
id               
3   wait_for_poke"
9687.5096	0.08420000000114669	states																																	"        state_name
id                
1   nose_in_center"
9687.5938	2.0	states																																	"          state_name
id                  
2   punish_violation"
9689.9577	87.73219999999856	trials	1.0	2.0	10.0	0.8918378574667684	0.0	0.15	True	6950.0	False	False	27344.0	False	Low	True	True	0.025	0.0	3.727409070632077	1.5	9.0													
9689.9577	87.73219999999856	processed_trials			10.0	0.8918378574667684					False				Low					3.727409070632077		9.0	40.0	40.0	True	False	False	3.7273999999999887	3.7273999999999887	20.373136501193883	82.94369999999999	1.8251607418474012	Left	82.94369999999999	
9689.9577	82.94369999999981	states																																	"       state_name
id               
3   wait_for_poke"
9772.9014	0.8917999999994208	states																																	"        state_name
id                
1   nose_in_center"
9773.7932	0.0020000000004074536	states																																	"   state_name
id           
5      go_cue"
9773.7952	3.7273999999997613	states																																	"            state_name
id                    
6   wait_for_side_poke"
9777.5226	0.08179999999993015	states																																	"         state_name
id                 
4   announce_reward"
9777.6044	0.08539999999993597	states																																	"   state_name
id           
8      reward"
9777.6898	0.00010000000111176632	states																																	"    state_name
id            
7   stop_sound"
9778.0491	7.019099999999526	trials	1.0	2.0	20.0	1.0662835100185584	0.0	0.15	True	6960.0	False	False	27345.0	False	Low	True	False	0.025	0.0	4.2122119302263386	1.5	9.0													
9778.0491	7.019099999999526	processed_trials			20.0	1.0662835100185584					False				Low					4.2122119302263386		9.0	40.0	40.0	True	False	False	4.212200000000001	4.212200000000001	20.373136501193883	1.4808	-0.17033773012570472	Left	0.8675999999999998	
9778.0491	1.4807999999993626	states																																	"       state_name
id               
3   wait_for_poke"
9779.5299	1.0663000000004104	states																																	"        state_name
id                
1   nose_in_center"
9780.5962	0.0020000000004074536	states																																	"   state_name
id           
5      go_cue"
9780.5982	4.212199999999939	states																																	"            state_name
id                    
6   wait_for_side_poke"
9784.8104	0.1087999999999738	states																																	"         state_name
id                 
4   announce_reward"
9784.9192	0.1489000000001397	states																																	"   state_name
id           
8      reward"
9785.0681	9.999999929277692e-05	states																																	"    state_name
id            
7   stop_sound"
9785.4322	6.757800000001225	trials	1.0	2.0	5.0	0.9880962116001206	0.0	0.15	True	6980.0	False	False	27346.0	False	Low	True	False	0.025	0.0	3.2824156866019747	1.5	9.0													
9785.4322	6.757800000001225	processed_trials			5.0	0.9880962116001206					False				Low					3.2824156866019747		9.0	40.0	40.0	True	False	False	3.2824	3.2824	20.373136501193883	2.1955	-0.15283058567198188	Left	1.1282	
9785.4322	2.195499999999811	states																																	"       state_name
id               
3   wait_for_poke"
9787.6277	0.988100000000486	states																																	"        state_name
id                
1   nose_in_center"
9788.6158	0.0020000000004074536	states																																	"   state_name
id           
5      go_cue"
9788.6178	3.2824000000000524	states																																	"            state_name
id                    
6   wait_for_side_poke"
9791.9002	0.23579999999856227	states																																	"         state_name
id                 
4   announce_reward"
9792.135999999999	0.053900000000794535	states																																	"   state_name
id           
8      reward"
9792.1899	9.999999929277692e-05	states																																	"    state_name
id            
7   stop_sound"
9792.5559	3.875900000000911	trials	1.0	2.0	5.0	0.8660027875351638	0.0	0.15	True	6985.0	False	False	27347.0	False	Low	True	False	0.025	0.0	2.3304013932990126	1.5	9.0													
9792.5559	3.875900000000911	processed_trials			5.0	0.8660027875351638					False				Low					2.3304013932990126		9.0	40.0	40.0	False	True	False			20.373136501193883	1.5024000000000002	-0.16980862096073981	Right	0.7042000000000002	
9792.5559	1.5023999999993976	states																																	"       state_name
id               
3   wait_for_poke"
9794.058299999999	0.3734999999996944	states																																	"        state_name
id                
1   nose_in_center"
9794.431799999998	2.0	states																																	"          state_name
id                  
2   punish_violation"
9796.7947	7.094699999999648	trials	1.0	2.0	5.0	0.9172247036652237	0.0	0.15	True	6985.0	False	False	27348.0	False	Low	True	True	0.025	0.0	3.801086091347949	1.5	9.0													
9796.7947	7.094699999999648	processed_trials			5.0	0.9172247036652237					False				Low					3.801086091347949		9.0	40.0	40.0	True	False	False	3.8011	3.8011	20.373136501193883	2.0884	-0.15545408528159949	Left	2.0884	
9796.7947	2.088400000000547	states																																	"       state_name
id               
3   wait_for_poke"
9798.883100000001	0.9171999999998661	states																																	"        state_name
id                
1   nose_in_center"
9799.8003	0.0020000000004074536	states																																	"   state_name
id           
5      go_cue"
9799.802300000001	3.801099999998769	states																																	"            state_name
id                    
6   wait_for_side_poke"
9803.6034	0.2319999999999709	states																																	"         state_name
id                 
4   announce_reward"
9803.8354	0.053900000000794535	states																																	"   state_name
id           
8      reward"
9803.8893	9.999999929277692e-05	states																																	"    state_name
id            
7   stop_sound"
9804.2618	4.232899999999063	trials	1.0	2.0	5.0	1.1333073164291207	0.0	0.15	True	6990.0	False	False	27349.0	False	Low	True	False	0.025	0.0	0.11526736432903867	1.5	9.0													
9804.2618	4.232899999999063	processed_trials			5.0	1.1333073164291207					False				Low					0.11526736432903867		9.0	40.0	40.0	False	True	False			20.373136501193883	2.0	-0.1576195135308077	Right	1.0579	
9804.2618	2.0	states																																	"       state_name
id               
3   wait_for_poke"
9806.2618	0.23290000000088185	states																																	"        state_name
id                
1   nose_in_center"
9806.494700000001	2.0	states																																	"          state_name
id                  
2   punish_violation"
9808.8562	2.1982000000007247	trials	1.0	2.0	5.0	0.9438996372251888	0.0	0.15	True	6990.0	False	False	27350.0	False	Low	True	True	0.025	0.0	0.11526736	1.5	9.0													
9808.8562	2.1982000000007247	processed_trials			5.0	0.9438996372251888					False				Low					0.11526736		9.0	40.0	40.0	True	False	False	0.11529999999999996	0.11529999999999996	20.373136501193883	0.5383	-0.19342501660623332	Left	0.5383	
9808.8562	0.538300000000163	states																																	"       state_name
id               
3   wait_for_poke"
9809.3945	0.9439000000002125	states																																	"        state_name
id                
1   nose_in_center"
9810.3384	0.0020000000004074536	states																																	"   state_name
id           
5      go_cue"
9810.340400000001	0.11529999999947904	states																																	"            state_name
id                    
6   wait_for_side_poke"
9810.4557	0.5447000000003754	states																																	"         state_name
id                 
4   announce_reward"
9811.0004	0.053899999998975545	states																																	"   state_name
id           
8      reward"
9811.0543	0.00010000000111176632	states																																	"    state_name
id            
7   stop_sound"
9811.4153	3.6670999999987544	trials	1.0	2.0	20.0	1.1322766648816	0.0	0.15	True	6995.0	False	False	27351.0	False	Low	True	False	0.025	0.0	4.345752573507319	1.5	9.0													
9811.4153	3.6670999999987544	processed_trials			20.0	1.1322766648816					False				Low					4.345752573507319		9.0	40.0	40.0	False	True	False			20.373136501193883	1.3353	-0.1739018682508155	Right	0.5554	
9811.4153	1.3353000000006432	states																																	"       state_name
id               
3   wait_for_poke"
9812.750600000001	0.33179999999993015	states																																	"        state_name
id                
1   nose_in_center"
9813.082400000001	2.0	states																																	"          state_name
id                  
2   punish_violation"
9815.4496	7.712600000000748	trials	1.0	2.0	20.0	1.1144499638141443	0.0	0.15	True	6995.0	False	False	27352.0	False	Low	True	True	0.025	0.0	4.463050347549621	1.5	9.0													
9815.4496	7.712600000000748	processed_trials			20.0	1.1144499638141443					False				Low					4.463050347549621		9.0	40.0	40.0	True	False	False	4.4631	4.4631	20.373136501193883	1.703	-0.16489476454907506	Right	1.703	
9815.4496	1.7029999999995198	states																																	"       state_name
id               
3   wait_for_poke"
9817.1526	1.114400000000387	states																																	"        state_name
id                
1   nose_in_center"
9818.267	0.0020000000004074536	states																																	"   state_name
id           
5      go_cue"
9818.269	4.463099999999031	states																																	"            state_name
id                    
6   wait_for_side_poke"
9822.7321	0.27140000000144937	states																																	"         state_name
id                 
4   announce_reward"
9823.0035	0.15859999999884167	states																																	"   state_name
id           
8      reward"
9823.1621	0.00010000000111176632	states																																	"    state_name
id            
7   stop_sound"
9823.5307	4.823500000000422	trials	1.0	2.0	20.0	0.8502546995414093	0.0	0.15	True	7015.0	True	False	27353.0	False	Low	True	False	0.025	0.0	100.0	1.5	9.0													
9823.5307	4.823500000000422	processed_trials			20.0	0.8502546995414093					True				Low					100.0		9.0	40.0	40.0	False	True	False			20.373136501193883	2.7746	-0.13864507097609424	Right	1.3061	
9823.5307	2.774600000000646	states																																	"       state_name
id               
3   wait_for_poke"
9826.3053	0.0488999999997759	states																																	"        state_name
id                
1   nose_in_center"
9826.3542	2.0	states																																	"          state_name
id                  
2   punish_violation"
9828.7222	7.452299999999013	trials	1.0	2.0	20.0	1.1358089182980367	0.0	0.15	True	7015.0	False	False	27354.0	False	Low	True	True	0.025	0.0	4.954890849434163	1.5	9.0													
9828.7222	7.452299999999013	processed_trials			20.0	1.1358089182980367					False				Low					4.954890849434163		9.0	40.0	40.0	True	False	False	4.954899999999999	4.954899999999999	20.373136501193883	0.3891	-0.19707978917163899	Right	0.3891	
9828.7222	0.38910000000032596	states																																	"       state_name
id               
3   wait_for_poke"
9829.1113	1.1358000000000175	states																																	"        state_name
id                
1   nose_in_center"
9830.2471	0.0020000000004074536	states																																	"   state_name
id           
5      go_cue"
9830.2491	4.9548999999988155	states																																	"            state_name
id                    
6   wait_for_side_poke"
9835.204	0.8118000000013126	states																																	"         state_name
id                 
4   announce_reward"
9836.015800000001	0.15859999999884167	states																																	"   state_name
id           
8      reward"
9836.1744	0.00010000000111176632	states																																	"    state_name
id            
7   stop_sound"
9836.5418	4.404099999999744	trials	1.0	2.0	5.0	1.0754500791596064	0.0	0.15	True	7035.0	False	False	27355.0	False	Low	True	False	0.025	0.0	0.30587680819745106	1.5	9.0													
9836.5418	4.404099999999744	processed_trials			5.0	1.0754500791596064					False				Low					0.30587680819745106		9.0	40.0	40.0	False	True	False			20.373136501193883	2.3775999999999997	-0.1483699014617917	Right	1.6255999999999997	
9836.5418	2.377599999999802	states																																	"       state_name
id               
3   wait_for_poke"
9838.9194	0.026499999999941792	states																																	"        state_name
id                
1   nose_in_center"
9838.9459	2.0	states																																	"          state_name
id                  
2   punish_violation"
9841.321	2.7991000000001804	trials	1.0	2.0	5.0	0.9517933354092284	0.0	0.15	True	7035.0	False	False	27356.0	False	Low	True	True	0.025	0.0	4.627282369411178	1.5	9.0													
9841.321	2.7991000000001804	processed_trials			5.0	0.9517933354092284					False				Low					4.627282369411178		9.0	40.0	40.0	False	True	False			20.373136501193883	0.5079	-0.19416968876433205	Left	0.5079	
9841.321	0.507900000000518	states																																	"       state_name
id               
3   wait_for_poke"
9841.8289	0.2911999999996624	states																																	"        state_name
id                
1   nose_in_center"
9842.1201	2.0	states																																	"          state_name
id                  
2   punish_violation"
9844.4885	6.520700000000943	trials	1.0	2.0	5.0	0.9383078480364969	0.0	0.15	True	7035.0	False	False	27357.0	False	Low	True	True	0.025	0.0	4.6272824	1.5	9.0													
9844.4885	6.520700000000943	processed_trials			5.0	0.9383078480364969					False				Low					4.6272824		9.0	40.0	40.0	True	False	False	4.627300000000001	4.627300000000001	20.373136501193883	0.825	-0.18640207227311123	Right	0.825	
9844.4885	0.8250000000007276	states																																	"       state_name
id               
3   wait_for_poke"
9845.3135	0.9382999999997992	states																																	"        state_name
id                
1   nose_in_center"
9846.2518	0.0019999999985884642	states																																	"   state_name
id           
5      go_cue"
9846.253799999999	4.627300000000105	states																																	"            state_name
id                    
6   wait_for_side_poke"
9850.881099999999	0.06960000000071886	states																																	"         state_name
id                 
4   announce_reward"
9850.9507	0.058399999999892316	states																																	"   state_name
id           
8      reward"
9851.0091	9.999999929277692e-05	states																																	"    state_name
id            
7   stop_sound"
9851.3847	6.550499999999374	trials	1.0	2.0	5.0	0.861595992620481	0.0	0.15	True	7040.0	False	False	27358.0	True	Mixed	True	False	0.025	0.0	1.7304514502879762	1.5	9.0													
9851.3847	6.550499999999374	processed_trials			5.0	0.861595992620481					False				Mixed					1.7304514502879762		9.0	40.0	40.0	False	True	False			20.373136501193883	4.2081	-0.1035303493104839	Left	3.6399999999999997	
9851.3847	4.208099999999831	states																																	"       state_name
id               
3   wait_for_poke"
9855.5928	0.34239999999954307	states																																	"        state_name
id                
1   nose_in_center"
9855.9352	2.0	states																																	"          state_name
id                  
2   punish_violation"
9858.3057	8.523799999999028	trials	1.0	2.0	5.0	1.0478154986756198	0.0	0.15	True	7040.0	False	False	27359.0	True	Mixed	True	True	0.025	0.0	6.84470210796555	1.5	9.0													
9858.3057	8.523799999999028	processed_trials			5.0	1.0478154986756198					False				Mixed					6.84470210796555		9.0	40.0	40.0	True	False	False	6.8447	6.8447	20.373136501193883	0.5524	-0.19307962590132566	Right	0.5524	
9858.3057	0.5524000000004889	states																																	"       state_name
id               
3   wait_for_poke"
9858.858100000001	1.0478000000002794	states																																	"        state_name
id                
1   nose_in_center"
9859.905900000002	0.0019999999985884642	states																																	"   state_name
id           
5      go_cue"
9859.9079	6.844700000001467	states																																	"            state_name
id                    
6   wait_for_side_poke"
9866.752600000002	0.0183999999990192	states																																	"         state_name
id                 
4   announce_reward"
9866.771	0.058399999999892316	states																																	"   state_name
id           
8      reward"
9866.8294	0.00010000000111176632	states																																	"    state_name
id            
7   stop_sound"
9867.2016	6.531100000000151	trials	1.0	2.0	40.0	0.9538532920189484	0.0	0.15	True	7045.0	False	False	27360.0	False	Mixed	True	False	0.025	0.0	3.4612091496214745	1.5	9.0													
9867.2016	6.531100000000151	processed_trials			40.0	0.9538532920189484					False				Mixed					3.4612091496214745		9.0	40.0	40.0	True	False	False	3.4611999999999994	3.4611999999999994	20.373136501193883	1.7638	-0.16340542023287757	Right	0.9684	
9867.2016	1.7638000000006286	states																																	"       state_name
id               
3   wait_for_poke"
9868.965400000001	0.9538999999986117	states																																	"        state_name
id                
1   nose_in_center"
9869.9193	0.0020000000004074536	states																																	"   state_name
id           
5      go_cue"
9869.9213	3.461199999999735	states																																	"            state_name
id                    
6   wait_for_side_poke"
9873.3825	0.056000000000494765	states																																	"         state_name
id                 
4   announce_reward"
9873.4385	0.2941000000009808	states																																	"   state_name
id           
8      reward"
9873.732600000001	9.999999929277692e-05	states																																	"    state_name
id            
7   stop_sound"
9874.1049	5.3421999999991385	trials	1.0	2.0	20.0	0.8286376026529235	0.0	0.15	True	7085.0	False	False	27361.0	False	Mixed	True	False	0.025	0.0	0.18368733459869446	1.5	9.0													
9874.1049	5.3421999999991385	processed_trials			20.0	0.8286376026529235					False				Mixed					0.18368733459869446		9.0	40.0	40.0	False	True	False			20.373136501193883	3.3113	-0.12549817797439694	Right	0.7593000000000001	
9874.1049	3.3112999999993917	states																																	"       state_name
id               
3   wait_for_poke"
9877.4162	0.030899999999746797	states																																	"        state_name
id                
1   nose_in_center"
9877.4471	2.0	states																																	"          state_name
id                  
2   punish_violation"
9879.8241	2.3266999999996187	trials	1.0	2.0	20.0	1.0933134729594112	0.0	0.15	True	7085.0	False	False	27362.0	False	Mixed	True	True	0.025	0.0	0.5895235223478563	1.5	9.0													
9879.8241	2.3266999999996187	processed_trials			20.0	1.0933134729594112					False				Mixed					0.5895235223478563		9.0	40.0	40.0	True	False	False	0.5895000000000004	0.5895000000000004	20.373136501193883	0.368	-0.19759665043926675	Right	0.368	
9879.8241	0.3680000000003929	states																																	"       state_name
id               
3   wait_for_poke"
9880.1921	1.093300000000454	states																																	"        state_name
id                
1   nose_in_center"
9881.2854	0.0019999999985884642	states																																	"   state_name
id           
5      go_cue"
9881.2874	0.5895000000000437	states																																	"            state_name
id                    
6   wait_for_side_poke"
9881.8769	0.11520000000018626	states																																	"         state_name
id                 
4   announce_reward"
9881.9921	0.15860000000066066	states																																	"   state_name
id           
8      reward"
9882.1507	9.999999929277692e-05	states																																	"    state_name
id            
7   stop_sound"
9882.5313	4.791799999999057	trials	1.0	2.0	5.0	1.1210309047798366	0.0	0.15	True	7105.0	False	False	27363.0	False	Mixed	True	False	0.025	0.0	0.41404260945130056	1.5	9.0													
9882.5313	4.791799999999057	processed_trials			5.0	1.1210309047798366					False				Mixed					0.41404260945130056		9.0	40.0	40.0	False	True	False			20.373136501193883	2.5034	-0.14528833049176462	Left	1.2117	
9882.5313	2.5033999999996013	states																																	"       state_name
id               
3   wait_for_poke"
9885.0347	0.28840000000127475	states																																	"        state_name
id                
1   nose_in_center"
9885.323100000001	2.0	states																																	"          state_name
id                  
2   punish_violation"
9887.7005	5.3038999999989755	trials	1.0	2.0	5.0	0.9895394118787944	0.0	0.15	True	7105.0	False	False	27364.0	False	Mixed	True	True	0.025	0.0	1.1995711918866259	1.5	9.0													
9887.7005	5.3038999999989755	processed_trials			5.0	0.9895394118787944					False				Mixed					1.1995711918866259		9.0	40.0	40.0	True	False	False	1.1995999999999998	1.1995999999999998	20.373136501193883	2.5239000000000003	-0.14478616670094147	Right	2.5239000000000003	
9887.7005	2.5239000000001397	states																																	"       state_name
id               
3   wait_for_poke"
9890.224400000001	0.9894999999996799	states																																	"        state_name
id                
1   nose_in_center"
9891.2139	0.0020000000004074536	states																																	"   state_name
id           
5      go_cue"
9891.215900000001	1.1995999999999185	states																																	"            state_name
id                    
6   wait_for_side_poke"
9892.415500000001	0.5303999999996449	states																																	"         state_name
id                 
4   announce_reward"
9892.9459	0.058399999999892316	states																																	"   state_name
id           
8      reward"
9893.0043	0.00010000000111176632	states																																	"    state_name
id            
7   stop_sound"
9893.3827	4.746100000000297	trials	1.0	2.0	80.0	1.04703781251825	0.0	0.15	True	7110.0	False	False	27365.0	False	Mixed	True	False	0.025	0.0	1.1995712	1.5	9.0													
9893.3827	4.746100000000297	processed_trials			80.0	1.04703781251825					False				Mixed					1.1995712		9.0	40.0	40.0	True	False	False	1.1995999999999998	1.1995999999999998	20.373136501193883	1.4503	-0.17108485186327088	Left	1.1958	
9893.3827	1.450300000000425	states																																	"       state_name
id               
3   wait_for_poke"
9894.833	1.0470000000004802	states																																	"        state_name
id                
1   nose_in_center"
9895.880000000001	0.0019999999985884642	states																																	"   state_name
id           
5      go_cue"
9895.882	1.1995999999999185	states																																	"            state_name
id                    
6   wait_for_side_poke"
9897.0816	0.5096000000012282	states																																	"         state_name
id                 
4   announce_reward"
9897.5912	0.5374999999985448	states																																	"   state_name
id           
8      reward"
9898.1287	0.00010000000111176632	states																																	"    state_name
id            
7   stop_sound"
9898.5058	10.328499999999622	trials	1.0	2.0	80.0	1.0207723227274612	0.0	0.15	True	7190.0	False	False	27366.0	False	Mixed	True	False	0.025	0.0	1.9791157340216559	1.5	9.0													
9898.5058	10.328499999999622	processed_trials			80.0	1.0207723227274612					False				Mixed					1.9791157340216559		9.0	40.0	40.0	True	False	False	1.9790999999999999	1.9790999999999999	20.373136501193883	6.4611	-0.048341323909283994	Right	0.5648	
9898.5058	6.461100000000442	states																																	"       state_name
id               
3   wait_for_poke"
9904.966900000001	1.0208000000002357	states																																	"        state_name
id                
1   nose_in_center"
9905.987700000001	0.0019999999985884642	states																																	"   state_name
id           
5      go_cue"
9905.9897	1.9791000000004715	states																																	"            state_name
id                    
6   wait_for_side_poke"
9907.9688	0.29399999999986903	states																																	"         state_name
id                 
4   announce_reward"
9908.2628	0.5714000000007218	states																																	"   state_name
id           
8      reward"
9908.834200000001	9.999999929277692e-05	states																																	"    state_name
id            
7   stop_sound"
9909.2139	17.840500000000247	trials	1.0	2.0	40.0	0.9809819617094635	0.0	0.15	True	7270.0	True	False	27367.0	False	Mixed	True	False	0.025	0.0	100.0	1.5	9.0													
9909.2139	17.840500000000247	processed_trials			40.0	0.9809819617094635					True				Mixed					100.0		9.0	40.0	40.0	False	False	True	13.669800000000002	13.669800000000002	20.373136501193883	2.9876	-0.13342746671046812	Left	0.7122999999999999	
9909.2139	2.987600000000384	states																																	"       state_name
id               
3   wait_for_poke"
9912.201500000001	0.9809999999997672	states																																	"        state_name
id                
1   nose_in_center"
9913.1825	0.0020000000004074536	states																																	"   state_name
id           
5      go_cue"
9913.184500000001	13.669799999999668	states																																	"            state_name
id                    
6   wait_for_side_poke"
9926.8543	0.1999999999989086	states																																	"   state_name
id           
0     opt_out"
9927.0543	0.00010000000111176632	states																																	"    state_name
id            
7   stop_sound"
9927.4334	2.727899999999863	trials	1.0	2.0	5.0	1.019167570222463	0.0	0.15	True	7270.0	False	False	27368.0	False	Mixed	True	False	0.025	0.0	7.736684856353807	1.5	9.0													
9927.4334	2.727899999999863	processed_trials			5.0	1.019167570222463					False				Mixed					7.736684856353807		9.0	40.0	40.0	False	True	False			20.373136501193883	0.2667	-0.20007807443977343	Left	0.2667	
9927.4334	0.26670000000012806	states																																	"       state_name
id               
3   wait_for_poke"
9927.7001	0.46119999999973516	states																																	"        state_name
id                
1   nose_in_center"
9928.1613	2.0	states																																	"          state_name
id                  
2   punish_violation"
9930.5387	2.9488000000001193	trials	1.0	2.0	5.0	1.1843988720536713	0.0	0.15	True	7270.0	False	False	27369.0	False	Mixed	True	True	0.025	0.0	8.258812370452855	1.5	9.0													
9930.5387	2.9488000000001193	processed_trials			5.0	1.1843988720536713					False				Mixed					8.258812370452855		9.0	40.0	40.0	False	True	False			20.373136501193883	0.3459	-0.1981380075015688	Left	0.3459	
9930.5387	0.3459000000002561	states																																	"       state_name
id               
3   wait_for_poke"
9930.8846	0.6028999999998632	states																																	"        state_name
id                
1   nose_in_center"
9931.4875	2.0	states																																	"          state_name
id                  
2   punish_violation"
9933.8647	1.9812000000001717	trials	1.0	2.0	5.0	1.0185567409010605	0.0	0.15	True	7270.0	False	False	27370.0	False	Mixed	True	True	0.025	0.0	0.5020255923472102	1.5	9.0													
9933.8647	1.9812000000001717	processed_trials			5.0	1.0185567409010605					False				Mixed					0.5020255923472102		9.0	40.0	40.0	True	False	False	0.502	0.502	20.373136501193883	0.19	-0.2019569018912923	Left	0.19	
9933.8647	0.19000000000050932	states																																	"       state_name
id               
3   wait_for_poke"
9934.0547	1.0185999999994237	states																																	"        state_name
id                
1   nose_in_center"
9935.0733	0.0020000000004074536	states																																	"   state_name
id           
5      go_cue"
9935.0753	0.5020000000004075	states																																	"            state_name
id                    
6   wait_for_side_poke"
9935.5773	0.21459999999933643	states																																	"         state_name
id                 
4   announce_reward"
9935.7919	0.053900000000794535	states																																	"   state_name
id           
8      reward"
9935.845800000001	9.999999929277692e-05	states																																	"    state_name
id            
7   stop_sound"
9936.2261	3.306700000001001	trials	1.0	2.0	10.0	1.1413579476889553	0.0	0.15	True	7275.0	False	False	27371.0	False	Mixed	True	False	0.025	0.0	0.03356306074836095	1.5	9.0													
9936.2261	3.306700000001001	processed_trials			10.0	1.1413579476889553					False				Mixed					0.03356306074836095		9.0	40.0	40.0	True	False	False	0.03359999999999985	0.03359999999999985	20.373136501193883	1.3779000000000001	-0.17285834739769027	Right	0.44820000000000004	
9936.2261	1.3778999999994994	states																																	"       state_name
id               
3   wait_for_poke"
9937.604	1.1414000000004307	states																																	"        state_name
id                
1   nose_in_center"
9938.7454	0.0020000000004074536	states																																	"   state_name
id           
5      go_cue"
9938.7474	0.03359999999884167	states																																	"            state_name
id                    
6   wait_for_side_poke"
9938.780999999999	0.6600000000016735	states																																	"         state_name
id                 
4   announce_reward"
9939.441	0.09169999999903666	states																																	"   state_name
id           
8      reward"
9939.5327	9.999999929277692e-05	states																																	"    state_name
id            
7   stop_sound"
9939.9144	3.080900000000838	trials	1.0	2.0	5.0	0.8236845400308949	0.0	0.15	True	7285.0	False	False	27372.0	False	Mixed	True	False	0.025	0.0	2.82685492867109	1.5	9.0													
9939.9144	3.080900000000838	processed_trials			5.0	0.8236845400308949					False				Mixed					2.82685492867109		9.0	40.0	40.0	False	True	False			20.373136501193883	1.0248	-0.18150781249718592	Right	0.6923999999999999	
9939.9144	1.0247999999992317	states																																	"       state_name
id               
3   wait_for_poke"
9940.939199999999	0.05610000000160653	states																																	"        state_name
id                
1   nose_in_center"
9940.9953	2.0	states																																	"          state_name
id                  
2   punish_violation"
9943.3813	3.683500000001004	trials	1.0	2.0	5.0	1.0340792842595117	0.0	0.15	True	7285.0	False	False	27373.0	False	Mixed	True	True	0.025	0.0	7.214531819946989	1.5	9.0													
9943.3813	3.683500000001004	processed_trials			5.0	1.0340792842595117					False				Mixed					7.214531819946989		9.0	40.0	40.0	False	True	False			20.373136501193883	1.5072	-0.16969104114630318	Right	1.5072	
9943.3813	1.5072000000000116	states																																	"       state_name
id               
3   wait_for_poke"
9944.8885	0.17629999999917345	states																																	"        state_name
id                
1   nose_in_center"
9945.064799999998	2.0	states																																	"          state_name
id                  
2   punish_violation"
9947.452	12.183800000000701	trials	1.0	2.0	5.0	0.9203590102595773	0.0	0.15	True	7285.0	True	False	27374.0	False	Mixed	True	True	0.025	0.0	100.0	1.5	9.0													
9947.452	12.183800000000701	processed_trials			5.0	0.9203590102595773					True				Mixed					100.0		9.0	40.0	40.0	False	False	True	10.433800000000002	10.433800000000002	20.373136501193883	0.6275	-0.1912399917212857	Left	0.6275	
9947.452	0.6275000000005093	states																																	"       state_name
id               
3   wait_for_poke"
9948.0795	0.9203999999990629	states																																	"        state_name
id                
1   nose_in_center"
9948.999899999999	0.0020000000004074536	states																																	"   state_name
id           
5      go_cue"
9949.0019	10.433800000000701	states																																	"            state_name
id                    
6   wait_for_side_poke"
9959.4357	0.1999999999989086	states																																	"   state_name
id           
0     opt_out"
9959.635699999999	0.00010000000111176632	states																																	"    state_name
id            
7   stop_sound"
9960.0186	2.365400000000591	trials	1.0	2.0	10.0	0.9720043871556259	0.0	0.15	True	7285.0	False	False	27375.0	False	Mixed	True	False	0.025	0.0	1.7153253149163632	1.5	9.0													
9960.0186	2.365400000000591	processed_trials			10.0	0.9720043871556259					False				Mixed					1.7153253149163632		9.0	40.0	40.0	False	True	False			20.373136501193883	0.2936	-0.19941913756303475	Right	0.2936	
9960.0186	0.29360000000087894	states																																	"       state_name
id               
3   wait_for_poke"
9960.3122	0.07179999999971187	states																																	"        state_name
id                
1   nose_in_center"
9960.384	2.0	states																																	"          state_name
id                  
2   punish_violation"
9962.7704	2.3618999999998778	trials	1.0	2.0	10.0	0.9122689118217419	0.0	0.15	True	7285.0	False	False	27376.0	False	Mixed	True	True	0.025	0.0	1.124368724337926	1.5	9.0													
9962.7704	2.3618999999998778	processed_trials			10.0	0.9122689118217419					False				Mixed					1.124368724337926		9.0	40.0	40.0	True	False	False	1.1243999999999998	1.1243999999999998	20.373136501193883	0.1138	-0.20382348144547405	Right	0.1138	
9962.7704	0.11379999999917345	states																																	"       state_name
id               
3   wait_for_poke"
9962.884199999999	0.9122999999999593	states																																	"        state_name
id                
1   nose_in_center"
9963.796499999999	0.0020000000004074536	states																																	"   state_name
id           
5      go_cue"
9963.798499999999	1.1244000000006054	states																																	"            state_name
id                    
6   wait_for_side_poke"
9964.9229	0.11759999999958382	states																																	"         state_name
id                 
4   announce_reward"
9965.0405	0.09170000000085565	states																																	"   state_name
id           
8      reward"
9965.1322	9.999999929277692e-05	states																																	"    state_name
id            
7   stop_sound"
9965.5209	4.070999999999913	trials	1.0	2.0	40.0	1.0905644778476427	0.0	0.15	True	7295.0	False	False	27377.0	False	Mixed	True	False	0.025	0.0	4.2222987924823165	1.5	9.0													
9965.5209	4.070999999999913	processed_trials			40.0	1.0905644778476427					False				Mixed					4.2222987924823165		9.0	40.0	40.0	False	True	False			20.373136501193883	2.0248	-0.15701201782288504	Left	0.9435	
9965.5209	2.0247999999992317	states																																	"       state_name
id               
3   wait_for_poke"
9967.545699999999	0.04620000000068103	states																																	"        state_name
id                
1   nose_in_center"
9967.5919	2.0	states																																	"          state_name
id                  
2   punish_violation"
9969.9803	4.250700000000506	trials	1.0	2.0	40.0	0.9505816958729884	0.0	0.15	True	7295.0	False	False	27378.0	False	Mixed	True	True	0.025	0.0	2.743772841923154	1.5	9.0													
9969.9803	4.250700000000506	processed_trials			40.0	0.9505816958729884					False				Mixed					2.743772841923154		9.0	40.0	40.0	True	False	False	2.7438	2.7438	20.373136501193883	0.014199999999999999	-0.20626326259503439	Right	0.014199999999999999	
9969.9803	0.01419999999961874	states																																	"       state_name
id               
3   wait_for_poke"
9969.994499999999	0.9506000000001222	states																																	"        state_name
id                
1   nose_in_center"
9970.945099999999	0.0020000000004074536	states																																	"   state_name
id           
5      go_cue"
9970.9471	2.743800000000192	states																																	"            state_name
id                    
6   wait_for_side_poke"
9973.6909	0.24589999999989232	states																																	"         state_name
id                 
4   announce_reward"
9973.9368	0.2940999999991618	states																																	"   state_name
id           
8      reward"
9974.230899999999	0.00010000000111176632	states																																	"    state_name
id            
7   stop_sound"
9974.6217	5.34400000000096	trials	1.0	2.0	10.0	0.9505817	0.0	0.15	True	7335.0	False	False	27379.0	False	Mixed	True	False	0.025	0.0	3.321099556175686	1.5	9.0													
9974.6217	5.34400000000096	processed_trials			10.0	0.9505817					False				Mixed					3.321099556175686		9.0	40.0	40.0	False	True	False			20.373136501193883	3.2963	-0.12586561489451145	Right	1.8426	
9974.6217	3.296299999999974	states																																	"       state_name
id               
3   wait_for_poke"
9977.918	0.04769999999916763	states																																	"        state_name
id                
1   nose_in_center"
9977.965699999999	2.0	states																																	"          state_name
id                  
2   punish_violation"
9980.3539	3.1476999999995314	trials	1.0	2.0	10.0	0.9420699341020854	0.0	0.15	True	7335.0	False	False	27380.0	False	Mixed	True	True	0.025	0.0	1.214456759874992	1.5	9.0													
9980.3539	3.1476999999995314	processed_trials			10.0	0.9420699341020854					False				Mixed					1.214456759874992		9.0	40.0	40.0	False	True	False			20.373136501193883	1.0935	-0.17982495140306146	Right	1.0935	
9980.3539	1.0935000000008586	states																																	"       state_name
id               
3   wait_for_poke"
9981.447400000001	0.054199999998672865	states																																	"        state_name
id                
1   nose_in_center"
9981.5016	2.0	states																																	"          state_name
id                  
2   punish_violation"
9983.8948	4.809400000000096	trials	1.0	2.0	10.0	0.8518538952005265	0.0	0.15	True	7335.0	False	False	27381.0	False	Mixed	True	True	0.025	0.0	1.1128681209290212	1.5	9.0													
9983.8948	4.809400000000096	processed_trials			10.0	0.8518538952005265					False				Mixed					1.1128681209290212		9.0	40.0	40.0	True	False	False	1.1129000000000002	1.1129000000000002	20.373136501193883	2.6772	-0.14103096137737114	Right	2.6772	
9983.8948	2.6772000000000844	states																																	"       state_name
id               
3   wait_for_poke"
9986.572	0.8518999999996595	states																																	"        state_name
id                
1   nose_in_center"
9987.4239	0.0020000000004074536	states																																	"   state_name
id           
5      go_cue"
9987.4259	1.1129000000000815	states																																	"            state_name
id                    
6   wait_for_side_poke"
9988.5388	0.07359999999971478	states																																	"         state_name
id                 
4   announce_reward"
9988.6124	0.09170000000085565	states																																	"   state_name
id           
8      reward"
9988.7041	9.999999929277692e-05	states																																	"    state_name
id            
7   stop_sound"
9989.0962	3.661000000000058	trials	1.0	2.0	10.0	1.0683052511934052	0.0	0.15	True	7345.0	False	False	27382.0	False	Mixed	True	False	0.025	0.0	0.43820193799235274	1.5	9.0													
9989.0962	3.661000000000058	processed_trials			10.0	1.0683052511934052					False				Mixed					0.43820193799235274		9.0	40.0	40.0	False	True	False			20.373136501193883	1.5272999999999999	-0.16919867567334973	Left	1.1128999999999998	
9989.0962	1.527299999999741	states																																	"       state_name
id               
3   wait_for_poke"
9990.6235	0.13370000000031723	states																																	"        state_name
id                
1   nose_in_center"
9990.7572	2.0	states																																	"          state_name
id                  
2   punish_violation"
9993.1526	18.851400000001377	trials	1.0	2.0	10.0	0.8759076444116257	0.0	0.15	True	7345.0	True	False	27383.0	False	Mixed	True	True	0.025	0.0	100.0	1.5	9.0													
9993.1526	18.851400000001377	processed_trials			10.0	0.8759076444116257					True				Mixed					100.0		9.0	40.0	40.0	False	False	True	10.063	10.063	20.373136501193883	7.7104	-0.017738727622679893	Left	7.7104	
9993.1526	7.710399999999936	states																																	"       state_name
id               
3   wait_for_poke"
10000.863	0.875900000000911	states																																	"        state_name
id                
1   nose_in_center"
10001.7389	0.0019999999985884642	states																																	"   state_name
id           
5      go_cue"
10001.740899999999	10.063000000000102	states																																	"            state_name
id                    
6   wait_for_side_poke"
10011.803899999999	0.2000000000007276	states																																	"   state_name
id           
0     opt_out"
10012.0039	9.999999929277692e-05	states																																	"    state_name
id            
7   stop_sound"
10012.3951	2.7972000000008848	trials	1.0	2.0	5.0	1.1604727275861566	0.0	0.15	True	7345.0	False	False	27384.0	False	Mixed	True	False	0.025	0.0	2.3612937860534675	1.5	9.0													
10012.3951	2.7972000000008848	processed_trials			5.0	1.1604727275861566					False				Mixed					2.3612937860534675		9.0	40.0	40.0	False	True	False			20.373136501193883	0.6612	-0.19041448344076173	Right	0.6612	
10012.3951	0.6612000000004628	states																																	"       state_name
id               
3   wait_for_poke"
10013.0563	0.136000000000422	states																																	"        state_name
id                
1   nose_in_center"
10013.1923	2.0	states																																	"          state_name
id                  
2   punish_violation"
10015.5835	9.326599999998507	trials	1.0	2.0	5.0	1.0132470551710602	0.0	0.15	True	7345.0	False	False	27385.0	False	Mixed	True	True	0.025	0.0	3.0314614617868045	1.5	9.0													
10015.5835	9.326599999998507	processed_trials			5.0	1.0132470551710602					False				Mixed					3.0314614617868045		9.0	40.0	40.0	True	False	False	3.0315000000000003	3.0315000000000003	20.373136501193883	5.1316999999999995	-0.0809060333492996	Right	5.1316999999999995	
10015.5835	5.13169999999991	states																																	"       state_name
id               
3   wait_for_poke"
10020.7152	1.013199999999415	states																																	"        state_name
id                
1   nose_in_center"
10021.7284	0.0020000000004074536	states																																	"   state_name
id           
5      go_cue"
10021.7304	3.0315000000009604	states																																	"            state_name
id                    
6   wait_for_side_poke"
10024.761900000001	0.08969999999862921	states																																	"         state_name
id                 
4   announce_reward"
10024.8516	0.058399999999892316	states																																	"   state_name
id           
8      reward"
10024.91	0.00010000000111176632	states																																	"    state_name
id            
7   stop_sound"
10025.3035	4.40730000000076	trials	1.0	2.0	80.0	1.0132471	0.0	0.15	True	7350.0	False	False	27386.0	False	Mixed	True	False	0.025	0.0	1.3740484183620092	1.5	9.0													
10025.3035	4.40730000000076	processed_trials			80.0	1.0132471					False				Mixed					1.3740484183620092		9.0	40.0	40.0	False	True	False			20.373136501193883	2.3792	-0.1483307081903128	Left	1.2637	
10025.3035	2.3791999999994005	states																																	"       state_name
id               
3   wait_for_poke"
10027.6827	0.02810000000135915	states																																	"        state_name
id                
1   nose_in_center"
10027.7108	2.0	states																																	"          state_name
id                  
2   punish_violation"
10030.1016	3.798500000000786	trials	1.0	2.0	80.0	1.1763373676669786	0.0	0.15	True	7350.0	False	False	27387.0	False	Mixed	True	True	0.025	0.0	1.3740484	1.5	9.0													
10030.1016	3.798500000000786	processed_trials			80.0	1.1763373676669786					False				Mixed					1.3740484		9.0	40.0	40.0	True	False	False	1.3739999999999999	1.3739999999999999	20.373136501193883	0.2356	-0.2008398936541442	Left	0.2356	
10030.1016	0.23559999999997672	states																																	"       state_name
id               
3   wait_for_poke"
10030.3372	1.1762999999991735	states																																	"        state_name
id                
1   nose_in_center"
10031.5135	0.0020000000004074536	states																																	"   state_name
id           
5      go_cue"
10031.5155	1.3739999999997963	states																																	"            state_name
id                    
6   wait_for_side_poke"
10032.8895	0.47299999999995634	states																																	"         state_name
id                 
4   announce_reward"
10033.3625	0.5375000000003638	states																																	"   state_name
id           
8      reward"
10033.9	0.00010000000111176632	states																																	"    state_name
id            
7   stop_sound"
10034.2948	8.129399999999805	trials	1.0	2.0	5.0	0.965351491487052	0.0	0.15	True	7430.0	False	False	27388.0	False	Mixed	True	False	0.025	0.0	1.3440847785322452	1.5	9.0													
10034.2948	8.129399999999805	processed_trials			5.0	0.965351491487052					False				Mixed					1.3440847785322452		9.0	40.0	40.0	False	True	False			20.373136501193883	5.7598	-0.0655202247143712	Left	0.5004000000000008	
10034.2948	5.759799999999814	states																																	"       state_name
id               
3   wait_for_poke"
10040.0546	0.36959999999999127	states																																	"        state_name
id                
1   nose_in_center"
10040.4242	2.0	states																																	"          state_name
id                  
2   punish_violation"
10042.8176	2.3109999999996944	trials	1.0	2.0	5.0	0.9212119017733048	0.0	0.15	True	7430.0	True	False	27389.0	False	Mixed	True	True	0.025	0.0	1.3440848	1.5	9.0													
10042.8176	2.3109999999996944	processed_trials			5.0	0.9212119017733048					False				Mixed					1.3440848		9.0	40.0	40.0	False	False	False	1.3441	1.3441	20.373136501193883	0.0437	-0.20554063665214253	Right	0.0437	
10042.8176	0.04370000000017171	states																																	"       state_name
id               
3   wait_for_poke"
10042.8613	0.921200000000681	states																																	"        state_name
id                
1   nose_in_center"
10043.782500000001	0.0019999999985884642	states																																	"   state_name
id           
5      go_cue"
10043.7845	1.3441000000002532	states																																	"            state_name
id                    
6   wait_for_side_poke"
10045.5257	6.806599999999889	trials	1.0	2.0	10.0	0.9408785488938187	0.0	0.15	True	7430.0	False	False	27390.0	False	Mixed	True	False	0.025	0.0	1.6472067073681684	1.5	9.0													
10045.5257	6.806599999999889	processed_trials			10.0	0.9408785488938187					False				Mixed					1.6472067073681684		9.0	40.0	40.0	False	True	False			20.373136501193883	4.7536000000000005	-0.09016789331565275	Left	4.7536000000000005	
10045.5257	4.753600000000006	states																																	"       state_name
id               
3   wait_for_poke"
10050.2793	0.052999999999883585	states																																	"        state_name
id                
1   nose_in_center"
10050.3323	2.0	states																																	"          state_name
id                  
2   punish_violation"
10052.7233	3.6825000000008004	trials	1.0	2.0	10.0	1.0100144119374528	0.0	0.15	True	7430.0	False	False	27391.0	False	Mixed	True	True	0.025	0.0	1.6994021327642181	1.5	9.0													
10052.7233	3.6825000000008004	processed_trials			10.0	1.0100144119374528					False				Mixed					1.6994021327642181		9.0	40.0	40.0	True	False	False	1.6993999999999998	1.6993999999999998	20.373136501193883	0.7443	-0.18837888290332733	Left	0.7443	
10052.7233	0.744300000000294	states																																	"       state_name
id               
3   wait_for_poke"
10053.4676	1.0100000000002183	states																																	"        state_name
id                
1   nose_in_center"
10054.4776	0.0019999999985884642	states																																	"   state_name
id           
5      go_cue"
10054.479599999999	1.699400000001333	states																																	"            state_name
id                    
6   wait_for_side_poke"
10056.179	0.14129999999931897	states																																	"         state_name
id                 
4   announce_reward"
10056.3203	0.08539999999993597	states																																	"   state_name
id           
8      reward"
10056.4057	0.00010000000111176632	states																																	"    state_name
id            
7   stop_sound"
10056.8065	3.255799999998999	trials	1.0	2.0	5.0	0.8735886291809369	0.0	0.15	True	7440.0	False	False	27392.0	False	Mixed	True	False	0.025	0.0	0.8844808938193669	1.5	9.0													
10056.8065	3.255799999998999	processed_trials			5.0	0.8735886291809369					False				Mixed					0.8844808938193669		9.0	40.0	40.0	False	True	False			20.373136501193883	1.1745	-0.17784079203444308	Right	0.5420000000000001	
10056.8065	1.1744999999991705	states																																	"       state_name
id               
3   wait_for_poke"
10057.981	0.08130000000164728	states																																	"        state_name
id                
1   nose_in_center"
10058.062300000001	2.0	states																																	"          state_name
id                  
2   punish_violation"
10060.4559	12.374499999999898	trials	1.0	2.0	5.0	0.9585238000274842	0.0	0.15	True	7440.0	True	False	27393.0	False	Mixed	True	True	0.025	0.0	100.0	1.5	9.0													
10060.4559	12.374499999999898	processed_trials			5.0	0.9585238000274842					True				Mixed					100.0		9.0	40.0	40.0	False	False	True	9.5215	9.5215	20.373136501193883	1.6924000000000001	-0.16515441997262265	Left	1.6924000000000001	
10060.4559	1.6923999999999069	states																																	"       state_name
id               
3   wait_for_poke"
10062.1483	0.9585000000006403	states																																	"        state_name
id                
1   nose_in_center"
10063.106800000001	0.0019999999985884642	states																																	"   state_name
id           
5      go_cue"
10063.1088	9.521500000000742	states																																	"            state_name
id                    
6   wait_for_side_poke"
10072.6303	0.2000000000007276	states																																	"   state_name
id           
0     opt_out"
10072.830300000001	9.999999929277692e-05	states																																	"    state_name
id            
7   stop_sound"
10073.2317	2.5322999999989406	trials	1.0	2.0	10.0	1.0687220514715354	0.0	0.15	True	7440.0	False	False	27394.0	False	Mixed	True	False	0.025	0.0	1.7011919151876111	1.5	9.0													
10073.2317	2.5322999999989406	processed_trials			10.0	1.0687220514715354					False				Mixed					1.7011919151876111		9.0	40.0	40.0	False	True	False			20.373136501193883	0.4367	-0.19591378934514228	Left	0.4367	
10073.2317	0.4367000000002008	states																																	"       state_name
id               
3   wait_for_poke"
10073.6684	0.0956000000005588	states																																	"        state_name
id                
1   nose_in_center"
10073.764000000001	2.0	states																																	"          state_name
id                  
2   punish_violation"
10076.1633	2.039600000000064	trials	1.0	2.0	10.0	1.0687221	0.0	0.15	True	7440.0	False	False	27395.0	False	Mixed	True	True	0.025	0.0	0.47456308134544073	1.5	9.0													
10076.1633	2.039600000000064	processed_trials			10.0	1.0687221					False				Mixed					0.47456308134544073		9.0	40.0	40.0	True	False	False	0.4745999999999999	0.4745999999999999	20.373136501193883	0.042	-0.20558227950308886	Right	0.042	
10076.1633	0.04199999999946158	states																																	"       state_name
id               
3   wait_for_poke"
10076.2053	1.068699999999808	states																																	"        state_name
id                
1   nose_in_center"
10077.274	0.0020000000004074536	states																																	"   state_name
id           
5      go_cue"
10077.276	0.4745999999995547	states																																	"            state_name
id                    
6   wait_for_side_poke"
10077.7506	0.36050000000068394	states																																	"         state_name
id                 
4   announce_reward"
10078.1111	0.09170000000085565	states																																	"   state_name
id           
8      reward"
10078.202800000001	9.999999929277692e-05	states																																	"    state_name
id            
7   stop_sound"
10078.6052	4.215399999999136	trials	1.0	2.0	80.0	0.94720176841259	0.0	0.15	True	7450.0	False	False	27396.0	False	Mixed	True	False	0.025	0.0	0.8428747247491701	1.5	9.0													
10078.6052	4.215399999999136	processed_trials			80.0	0.94720176841259					False				Mixed					0.8428747247491701		9.0	40.0	40.0	False	True	False			20.373136501193883	2.1971	-0.152791392400503	Left	0.9366999999999996	
10078.6052	2.197099999999409	states																																	"       state_name
id               
3   wait_for_poke"
10080.8023	0.018299999999726424	states																																	"        state_name
id                
1   nose_in_center"
10080.8206	2.0	states																																	"          state_name
id                  
2   punish_violation"
10083.2214	3.9887999999991735	trials	1.0	2.0	80.0	1.1983126235859163	0.0	0.15	True	7450.0	False	False	27397.0	False	Mixed	True	True	0.025	0.0	2.007330769776928	1.5	9.0													
10083.2214	3.9887999999991735	processed_trials			80.0	1.1983126235859163					False				Mixed					2.007330769776928		9.0	40.0	40.0	True	False	False	2.0073000000000003	2.0073000000000003	20.373136501193883	0.1138	-0.20382348144547405	Right	0.1138	
10083.2214	0.11379999999917345	states																																	"       state_name
id               
3   wait_for_poke"
10083.3352	1.1983000000000175	states																																	"        state_name
id                
1   nose_in_center"
10084.5335	0.0020000000004074536	states																																	"   state_name
id           
5      go_cue"
10084.5355	2.0073000000011234	states																																	"            state_name
id                    
6   wait_for_side_poke"
10086.542800000001	0.09589999999843712	states																																	"         state_name
id                 
4   announce_reward"
10086.6387	0.5714000000007218	states																																	"   state_name
id           
8      reward"
10087.2101	9.999999929277692e-05	states																																	"    state_name
id            
7   stop_sound"
10087.612	6.84400000000096	trials	1.0	2.0	40.0	1.1319888130187425	0.0	0.15	True	7530.0	False	False	27398.0	False	High	True	False	0.025	0.0	2.0073308	1.5	9.0													
10087.612	6.84400000000096	processed_trials			40.0	1.1319888130187425					False				High					2.0073308		9.0	40.0	40.0	True	False	False	2.0073000000000008	2.0073000000000008	20.373136501193883	3.3552	-0.12442281258819513	Left	0.8318999999999996	
10087.612	3.355199999999968	states																																	"       state_name
id               
3   wait_for_poke"
10090.9672	1.131999999999607	states																																	"        state_name
id                
1   nose_in_center"
10092.099199999999	0.0020000000004074536	states																																	"   state_name
id           
5      go_cue"
10092.1012	2.0072999999993044	states																																	"            state_name
id                    
6   wait_for_side_poke"
10094.108499999998	0.07060000000092259	states																																	"         state_name
id                 
4   announce_reward"
10094.1791	0.2767999999996391	states																																	"   state_name
id           
8      reward"
10094.455899999999	9.999999929277692e-05	states																																	"    state_name
id            
7   stop_sound"
10094.86	8.83429999999862	trials	1.0	2.0	40.0	1.1327374249134279	0.0	0.15	True	7570.0	False	False	27399.0	False	High	True	False	0.025	0.0	2.4459218362143234	1.5	9.0													
10094.86	8.83429999999862	processed_trials			40.0	1.1327374249134279					False				High					2.4459218362143234		9.0	40.0	40.0	True	False	False	2.4459	2.4459	20.373136501193883	4.6556999999999995	-0.09256603161426684	Right	0.6762999999999995	
10094.86	4.655699999999342	states																																	"       state_name
id               
3   wait_for_poke"
10099.5157	1.1327000000001135	states																																	"        state_name
id                
1   nose_in_center"
10100.6484	0.0020000000004074536	states																																	"   state_name
id           
5      go_cue"
10100.6504	2.44590000000062	states																																	"            state_name
id                    
6   wait_for_side_poke"
10103.096300000001	0.30379999999968277	states																																	"         state_name
id                 
4   announce_reward"
10103.4001	0.2940999999991618	states																																	"   state_name
id           
8      reward"
10103.6942	0.00010000000111176632	states																																	"    state_name
id            
7   stop_sound"
10104.1027	21.259799999999814	trials	1.0	2.0	80.0	0.8575073135666904	0.0	0.15	True	7610.0	True	False	27400.0	False	High	True	False	0.025	0.0	100.0	1.5	9.0													
10104.1027	21.259799999999814	processed_trials			80.0	0.8575073135666904					True				High					100.0		9.0	40.0	40.0	False	False	True	17.8322	17.8322	20.373136501193883	2.368	-0.14860506109066496	Left	1.4974999999999998	
10104.1027	2.368000000000393	states																																	"       state_name
id               
3   wait_for_poke"
10106.4707	0.8575000000000728	states																																	"        state_name
id                
1   nose_in_center"
10107.3282	0.0020000000004074536	states																																	"   state_name
id           
5      go_cue"
10107.3302	17.83219999999892	states																																	"            state_name
id                    
6   wait_for_side_poke"
10125.1624	0.2000000000007276	states																																	"   state_name
id           
0     opt_out"
10125.3624	9.999999929277692e-05	states																																	"    state_name
id            
7   stop_sound"
10125.7668	2.608799999999974	trials	1.0	2.0	20.0	0.8875547265044209	0.0	0.15	True	7610.0	False	False	27401.0	False	High	True	False	0.025	0.0	1.0787700526904376	1.5	9.0													
10125.7668	2.608799999999974	processed_trials			20.0	0.8875547265044209					False				High					1.0787700526904376		9.0	40.0	40.0	False	True	False			20.373136501193883	0.5372	-0.19345196198037504	Left	0.5372	
10125.7668	0.5372000000006665	states																																	"       state_name
id               
3   wait_for_poke"
10126.304	0.07159999999930733	states																																	"        state_name
id                
1   nose_in_center"
10126.3756	2.0	states																																	"          state_name
id                  
2   punish_violation"
10128.7875	5.574399999999514	trials	1.0	2.0	20.0	0.8597461750933548	0.0	0.15	True	7610.0	False	False	27402.0	False	High	True	True	0.025	0.0	4.202767606204359	1.5	9.0													
10128.7875	5.574399999999514	processed_trials			20.0	0.8597461750933548					False				High					4.202767606204359		9.0	40.0	40.0	True	False	False	4.2028	4.2028	20.373136501193883	0.1193	-0.20368875457476537	Right	0.1193	
10128.7875	0.11930000000029395	states																																	"       state_name
id               
3   wait_for_poke"
10128.9068	0.8596999999990658	states																																	"        state_name
id                
1   nose_in_center"
10129.7665	0.0020000000004074536	states																																	"   state_name
id           
5      go_cue"
10129.7685	4.202800000000934	states																																	"            state_name
id                    
6   wait_for_side_poke"
10133.971300000001	0.23189999999885913	states																																	"         state_name
id                 
4   announce_reward"
10134.2032	0.15860000000066066	states																																	"   state_name
id           
8      reward"
10134.3618	9.999999929277692e-05	states																																	"    state_name
id            
7   stop_sound"
10134.7687	6.735899999999674	trials	1.0	2.0	40.0	1.0837201090529198	0.0	0.15	True	7630.0	False	False	27403.0	False	High	True	False	0.025	0.0	3.329026765923417	1.5	9.0													
10134.7687	6.735899999999674	processed_trials			40.0	1.0837201090529198					False				High					3.329026765923417		9.0	40.0	40.0	True	False	False	3.329	3.329	20.373136501193883	1.8878	-0.16036794169326424	Left	1.3035999999999999	
10134.7687	1.887800000000425	states																																	"       state_name
id               
3   wait_for_poke"
10136.656500000001	1.0836999999992258	states																																	"        state_name
id                
1   nose_in_center"
10137.7402	0.0020000000004074536	states																																	"   state_name
id           
5      go_cue"
10137.7422	3.3289999999997235	states																																	"            state_name
id                    
6   wait_for_side_poke"
10141.0712	0.15650000000096043	states																																	"         state_name
id                 
4   announce_reward"
10141.227700000001	0.2767999999996391	states																																	"   state_name
id           
8      reward"
10141.504500000001	9.999999929277692e-05	states																																	"    state_name
id            
7   stop_sound"
10141.9095	6.161900000000969	trials	1.0	2.0	40.0	0.9630623603565237	0.0	0.15	True	7670.0	False	False	27404.0	False	High	True	False	0.025	0.0	0.6957930071622082	1.5	9.0													
10141.9095	6.161900000000969	processed_trials			40.0	0.9630623603565237					False				High					0.6957930071622082		9.0	40.0	40.0	True	False	False	0.6958000000000002	0.6958000000000002	20.373136501193883	3.5976999999999997	-0.11848258237967717	Right	1.4515999999999996	
10141.9095	3.597700000000259	states																																	"       state_name
id               
3   wait_for_poke"
10145.5072	0.9630999999990308	states																																	"        state_name
id                
1   nose_in_center"
10146.470299999999	0.0020000000004074536	states																																	"   state_name
id           
5      go_cue"
10146.4723	0.6957999999995081	states																																	"            state_name
id                    
6   wait_for_side_poke"
10147.168099999999	0.6091000000014901	states																																	"         state_name
id                 
4   announce_reward"
10147.7772	0.2940999999991618	states																																	"   state_name
id           
8      reward"
10148.0713	9.999999929277692e-05	states																																	"    state_name
id            
7   stop_sound"
10148.4809	5.028699999998935	trials	1.0	2.0	20.0	1.0519596304961922	0.0	0.15	True	7710.0	False	False	27405.0	False	High	True	False	0.025	0.0	3.7968807860129408	1.5	9.0													
10148.4809	5.028699999998935	processed_trials			20.0	1.0519596304961922					False				High					3.7968807860129408		9.0	40.0	40.0	False	True	False			20.373136501193883	2.9274	-0.13490211354986104	Left	1.9266999999999999	
10148.4809	2.927400000000489	states																																	"       state_name
id               
3   wait_for_poke"
10151.408300000001	0.10130000000026484	states																																	"        state_name
id                
1   nose_in_center"
10151.509600000001	2.0	states																																	"          state_name
id                  
2   punish_violation"
10153.9209	4.933800000000701	trials	1.0	2.0	20.0	1.0854742577511929	0.0	0.15	True	7710.0	False	False	27406.0	False	High	True	True	0.025	0.0	2.2147880370739426	1.5	9.0													
10153.9209	4.933800000000701	processed_trials			20.0	1.0854742577511929					False				High					2.2147880370739426		9.0	40.0	40.0	True	False	False	2.2148	2.2148	20.373136501193883	1.4215	-0.17179033074989075	Left	1.4215	
10153.9209	1.4215000000003783	states																																	"       state_name
id               
3   wait_for_poke"
10155.3424	1.0854999999992287	states																																	"        state_name
id                
1   nose_in_center"
10156.427899999999	0.0020000000004074536	states																																	"   state_name
id           
5      go_cue"
10156.4299	2.214799999999741	states																																	"            state_name
id                    
6   wait_for_side_poke"
10158.644699999999	0.06099999999969441	states																																	"         state_name
id                 
4   announce_reward"
10158.705699999999	0.1489000000001397	states																																	"   state_name
id           
8      reward"
10158.854599999999	0.00010000000111176632	states																																	"    state_name
id            
7   stop_sound"
10159.267	21.28490000000056	trials	1.0	2.0	80.0	0.9066010601035863	0.0	0.15	True	7730.0	True	False	27407.0	False	High	True	False	0.025	0.0	100.0	1.5	9.0													
10159.267	21.28490000000056	processed_trials			80.0	0.9066010601035863					True				High					100.0		9.0	40.0	40.0	False	False	True	16.512099999999997	16.512099999999997	20.373136501193883	3.6641	-0.1168560616133036	Right	0.5289999999999999	
10159.267	3.664099999999962	states																																	"       state_name
id               
3   wait_for_poke"
10162.9311	0.9066000000002532	states																																	"        state_name
id                
1   nose_in_center"
10163.8377	0.0020000000004074536	states																																	"   state_name
id           
5      go_cue"
10163.8397	16.51209999999992	states																																	"            state_name
id                    
6   wait_for_side_poke"
10180.3518	0.1999999999989086	states																																	"   state_name
id           
0     opt_out"
10180.5518	0.00010000000111176632	states																																	"    state_name
id            
7   stop_sound"
10180.9651	2.4369000000006054	trials	1.0	2.0	40.0	1.051180193069992	0.0	0.15	True	7730.0	False	False	27408.0	False	High	True	False	0.025	0.0	3.796138943171396	1.5	9.0													
10180.9651	2.4369000000006054	processed_trials			40.0	1.051180193069992					False				High					3.796138943171396		9.0	40.0	40.0	False	True	False			20.373136501193883	0.16319999999999998	-0.2026133891885636	Right	0.16319999999999998	
10180.9651	0.1632000000008702	states																																	"       state_name
id               
3   wait_for_poke"
10181.1283	0.27369999999973516	states																																	"        state_name
id                
1   nose_in_center"
10181.402	2.0	states																																	"          state_name
id                  
2   punish_violation"
10183.8133	2.449300000000221	trials	1.0	2.0	40.0	1.1264117555402537	0.0	0.15	True	7730.0	False	False	27409.0	False	High	True	True	0.025	0.0	4.279934290942605	1.5	9.0													
10183.8133	2.449300000000221	processed_trials			40.0	1.1264117555402537					False				High					4.279934290942605		9.0	40.0	40.0	False	True	False			20.373136501193883	0.19	-0.2019569018912923	Right	0.19	
10183.8133	0.19000000000050932	states																																	"       state_name
id               
3   wait_for_poke"
10184.0033	0.25929999999971187	states																																	"        state_name
id                
1   nose_in_center"
10184.2626	2.0	states																																	"          state_name
id                  
2   punish_violation"
10186.6753	3.0793999999987136	trials	1.0	2.0	40.0	1.0072035564042912	0.0	0.15	True	7730.0	False	False	27410.0	False	High	True	True	0.025	0.0	1.5537116965861975	1.5	9.0													
10186.6753	3.0793999999987136	processed_trials			40.0	1.0072035564042912					False				High					1.5537116965861975		9.0	40.0	40.0	True	False	False	1.5536999999999996	1.5536999999999996	20.373136501193883	0.1222	-0.20361771677020993	Left	0.1222	
10186.6753	0.12219999999979336	states																																	"       state_name
id               
3   wait_for_poke"
10186.7975	1.0072000000000116	states																																	"        state_name
id                
1   nose_in_center"
10187.8047	0.0020000000004074536	states																																	"   state_name
id           
5      go_cue"
10187.806700000001	1.55370000000039	states																																	"            state_name
id                    
6   wait_for_side_poke"
10189.360400000001	0.11739999999917927	states																																	"         state_name
id                 
4   announce_reward"
10189.4778	0.2767999999996391	states																																	"   state_name
id           
8      reward"
10189.7546	0.00010000000111176632	states																																	"    state_name
id            
7   stop_sound"
10190.17	7.647399999999834	trials	1.0	2.0	40.0	1.0298569807811644	0.0	0.15	True	7770.0	False	False	27411.0	False	High	True	False	0.025	0.0	0.022191437994723298	1.5	9.0													
10190.17	7.647399999999834	processed_trials			40.0	1.0298569807811644					False				High					0.022191437994723298		9.0	40.0	40.0	True	False	False	0.022200000000000664	0.022200000000000664	20.373136501193883	5.721	-0.06647066154773408	Left	0.8918999999999997	
10190.17	5.720999999999549	states																																	"       state_name
id               
3   wait_for_poke"
10195.891	1.029899999999543	states																																	"        state_name
id                
1   nose_in_center"
10196.9209	0.0020000000004074536	states																																	"   state_name
id           
5      go_cue"
10196.9229	0.022200000001248554	states																																	"            state_name
id                    
6   wait_for_side_poke"
10196.9451	0.5954000000001543	states																																	"         state_name
id                 
4   announce_reward"
10197.540500000001	0.2767999999996391	states																																	"   state_name
id           
8      reward"
10197.8173	9.999999929277692e-05	states																																	"    state_name
id            
7   stop_sound"
10198.233	5.315699999999197	trials	1.0	2.0	20.0	0.885543458118508	0.0	0.15	True	7810.0	False	False	27412.0	False	High	True	False	0.025	0.0	2.1492274603612915	1.5	9.0													
10198.233	5.315699999999197	processed_trials			20.0	0.885543458118508					False				High					2.1492274603612915		9.0	40.0	40.0	False	True	False			20.373136501193883	3.0654	-0.13152169388480753	Left	0.4144000000000001	
10198.233	3.0653999999994994	states																																	"       state_name
id               
3   wait_for_poke"
10201.2984	0.2502999999996973	states																																	"        state_name
id                
1   nose_in_center"
10201.5487	2.0	states																																	"          state_name
id                  
2   punish_violation"
10203.9635	4.914699999999357	trials	1.0	2.0	20.0	1.0297700285322289	0.0	0.15	True	7810.0	False	False	27413.0	False	High	True	True	0.025	0.0	2.1492275	1.5	9.0													
10203.9635	4.914699999999357	processed_trials			20.0	1.0297700285322289					False				High					2.1492275		9.0	40.0	40.0	True	False	False	2.1492	2.1492	20.373136501193883	1.309	-0.1745461076507496	Right	1.309	
10203.9635	1.308999999999287	states																																	"       state_name
id               
3   wait_for_poke"
10205.2725	1.0298000000002503	states																																	"        state_name
id                
1   nose_in_center"
10206.3023	0.0020000000004074536	states																																	"   state_name
id           
5      go_cue"
10206.3043	2.149199999999837	states																																	"            state_name
id                    
6   wait_for_side_poke"
10208.4535	0.26599999999962165	states																																	"         state_name
id                 
4   announce_reward"
10208.7195	0.15860000000066066	states																																	"   state_name
id           
8      reward"
10208.8781	9.999999929277692e-05	states																																	"    state_name
id            
7   stop_sound"
10209.2904	3.5393999999996595	trials	1.0	2.0	20.0	0.8495581418313335	0.0	0.15	True	7830.0	False	False	27414.0	False	High	True	False	0.025	0.0	0.6083837168381058	1.5	9.0													
10209.2904	3.5393999999996595	processed_trials			20.0	0.8495581418313335					False				High					0.6083837168381058		9.0	40.0	40.0	False	True	False			20.373136501193883	1.4763	-0.17044796120173908	Left	0.7516999999999999	
10209.2904	1.4763000000002648	states																																	"       state_name
id               
3   wait_for_poke"
10210.7667	0.06309999999939464	states																																	"        state_name
id                
1   nose_in_center"
10210.8298	2.0	states																																	"          state_name
id                  
2   punish_violation"
10213.245	2.079199999998309	trials	1.0	2.0	20.0	1.0327744703767001	0.0	0.15	True	7830.0	False	False	27415.0	False	High	True	True	0.025	0.0	1.5658228695222705	1.5	9.0													
10213.245	2.079199999998309	processed_trials			20.0	1.0327744703767001					False				High					1.5658228695222705		9.0	40.0	40.0	False	True	False			20.373136501193883	0.022	-0.20607219539657484	Left	0.022	
10213.245	0.02200000000084401	states																																	"       state_name
id               
3   wait_for_poke"
10213.267000000002	0.057199999999284046	states																																	"        state_name
id                
1   nose_in_center"
10213.324200000001	2.0	states																																	"          state_name
id                  
2   punish_violation"
10215.7446	5.571400000000722	trials	1.0	2.0	20.0	1.123694350293285	0.0	0.15	True	7830.0	False	False	27416.0	False	High	True	True	0.025	0.0	1.5658229	1.5	9.0													
10215.7446	5.571400000000722	processed_trials			20.0	1.123694350293285					False				High					1.5658229		9.0	40.0	40.0	False	True	False			20.373136501193883	3.0849	-0.13104402588865866	Left	3.0849	
10215.7446	3.084899999999834	states																																	"       state_name
id               
3   wait_for_poke"
10218.8295	0.48650000000088767	states																																	"        state_name
id                
1   nose_in_center"
10219.316	2.0	states																																	"          state_name
id                  
2   punish_violation"
10221.728	3.6864000000005035	trials	1.0	2.0	20.0	1.1236944	0.0	0.15	True	7830.0	False	False	27417.0	False	High	True	True	0.025	0.0	0.36204983057814616	1.5	9.0													
10221.728	3.6864000000005035	processed_trials			20.0	1.1236944					False				High					0.36204983057814616		9.0	40.0	40.0	True	False	False	0.3620000000000001	0.3620000000000001	20.373136501193883	1.3242	-0.17417377157170022	Right	1.3242	
10221.728	1.3241999999991094	states																																	"       state_name
id               
3   wait_for_poke"
10223.052199999998	1.123700000000099	states																																	"        state_name
id                
1   nose_in_center"
10224.175899999998	0.0020000000004074536	states																																	"   state_name
id           
5      go_cue"
10224.177899999999	0.36200000000098953	states																																	"            state_name
id                    
6   wait_for_side_poke"
10224.5399	0.7157999999999447	states																																	"         state_name
id                 
4   announce_reward"
10225.2557	0.15859999999884167	states																																	"   state_name
id           
8      reward"
10225.414299999999	0.00010000000111176632	states																																	"    state_name
id            
7   stop_sound"
10225.8363	3.8518999999996595	trials	1.0	2.0	20.0	0.8105770552112548	0.0	0.15	True	7850.0	True	False	27418.0	False	High	True	False	0.025	0.0	100.0	1.5	9.0													
10225.8363	3.8518999999996595	processed_trials			20.0	0.8105770552112548					True				High					100.0		9.0	40.0	40.0	False	True	False			20.373136501193883	1.7495999999999998	-0.16375326051725264	Right	1.2037999999999998	
10225.8363	1.749599999999191	states																																	"       state_name
id               
3   wait_for_poke"
10227.5859	0.10230000000046857	states																																	"        state_name
id                
1   nose_in_center"
10227.6882	2.0	states																																	"          state_name
id                  
2   punish_violation"
10230.1105	7.691899999999805	trials	1.0	2.0	20.0	1.1276855759063475	0.0	0.15	True	7850.0	False	False	27419.0	False	High	True	True	0.025	0.0	3.5123214116270223	1.5	9.0													
10230.1105	7.691899999999805	processed_trials			20.0	1.1276855759063475					False				High					3.5123214116270223		9.0	40.0	40.0	True	False	False	3.5122999999999998	3.5122999999999998	20.373136501193883	2.6134	-0.1425937930775915	Right	2.6134	
10230.1105	2.6134000000001834	states																																	"       state_name
id               
3   wait_for_poke"
10232.7239	1.1276999999990949	states																																	"        state_name
id                
1   nose_in_center"
10233.8516	0.0020000000004074536	states																																	"   state_name
id           
5      go_cue"
10233.8536	3.512300000000323	states																																	"            state_name
id                    
6   wait_for_side_poke"
10237.3659	0.27779999999984284	states																																	"         state_name
id                 
4   announce_reward"
10237.6437	0.15860000000066066	states																																	"   state_name
id           
8      reward"
10237.802300000001	9.999999929277692e-05	states																																	"    state_name
id            
7   stop_sound"
10238.2287	4.059300000000803	trials	1.0	2.0	40.0	1.1465015536836103	0.0	0.15	True	7870.0	False	False	27420.0	False	High	True	False	0.025	0.0	2.9971523028483738	1.5	9.0													
10238.2287	4.059300000000803	processed_trials			40.0	1.1465015536836103					False				High					2.9971523028483738		9.0	40.0	40.0	False	True	False			20.373136501193883	2.0468	-0.1564731103400504	Right	1.3454000000000002	
10238.2287	2.0468000000000757	states																																	"       state_name
id               
3   wait_for_poke"
10240.2755	0.012500000000727596	states																																	"        state_name
id                
1   nose_in_center"
10240.288	2.0	states																																	"          state_name
id                  
2   punish_violation"
10242.7575	3.5812999999998283	trials	1.0	2.0	40.0	1.117442231435957	0.0	0.15	True	7870.0	False	False	27421.0	False	High	True	True	0.025	0.0	1.9642352134947638	1.5	9.0													
10242.7575	3.5812999999998283	processed_trials			40.0	1.117442231435957					False				High					1.9642352134947638		9.0	40.0	40.0	True	False	False	1.9642000000000002	1.9642000000000002	20.373136501193883	0.1303	-0.20341930083334808	Right	0.1303	
10242.7575	0.13030000000071595	states																																	"       state_name
id               
3   wait_for_poke"
10242.8878	1.1173999999991793	states																																	"        state_name
id                
1   nose_in_center"
10244.0052	0.0020000000004074536	states																																	"   state_name
id           
5      go_cue"
10244.0072	1.9642000000003463	states																																	"            state_name
id                    
6   wait_for_side_poke"
10245.9714	0.0731999999989057	states																																	"         state_name
id                 
4   announce_reward"
10246.0446	0.2941000000009808	states																																	"   state_name
id           
8      reward"
10246.3387	9.999999929277692e-05	states																																	"    state_name
id            
7   stop_sound"
10246.7983	4.880900000000111	trials	1.0	2.0	20.0	0.8415544978492501	0.0	0.15	True	7910.0	True	False	27422.0	False	High	True	False	0.025	0.0	100.0	1.5	9.0													
10246.7983	4.880900000000111	processed_trials			20.0	0.8415544978492501					True				High					100.0		9.0	40.0	40.0	False	True	False			20.373136501193883	2.878	-0.13611220580677152	Left	0.9101000000000001	
10246.7983	2.878000000000611	states																																	"       state_name
id               
3   wait_for_poke"
10249.676300000001	0.002899999999499414	states																																	"        state_name
id                
1   nose_in_center"
10249.6792	2.0	states																																	"          state_name
id                  
2   punish_violation"
10252.0998	2.07970000000023	trials	1.0	2.0	20.0	1.0013330024247018	0.0	0.15	True	7910.0	False	False	27423.0	False	High	True	True	0.025	0.0	8.705161481691245	1.5	9.0													
10252.0998	2.07970000000023	processed_trials			20.0	1.0013330024247018					False				High					8.705161481691245		9.0	40.0	40.0	False	True	False			20.373136501193883	0.0424	-0.20557248118521912	Left	0.0424	
10252.0998	0.042400000000270666	states																																	"       state_name
id               
3   wait_for_poke"
10252.1422	0.037299999999959255	states																																	"        state_name
id                
1   nose_in_center"
10252.1795	2.0	states																																	"          state_name
id                  
2   punish_violation"
10254.6084	2.296700000000783	trials	1.0	2.0	20.0	1.1425225133419663	0.0	0.15	True	7910.0	False	False	27424.0	False	High	True	True	0.025	0.0	0.0189427373817456	1.5	9.0													
10254.6084	2.296700000000783	processed_trials			20.0	1.1425225133419663					False				High					0.0189427373817456		9.0	40.0	40.0	True	False	False	0.018899999999999917	0.018899999999999917	20.373136501193883	0.3717	-0.19750601599897183	Left	0.3717	
10254.6084	0.3716999999996915	states																																	"       state_name
id               
3   wait_for_poke"
10254.980099999999	1.1424999999999272	states																																	"        state_name
id                
1   nose_in_center"
10256.122599999999	0.0020000000004074536	states																																	"   state_name
id           
5      go_cue"
10256.1246	0.018899999999121064	states																																	"            state_name
id                    
6   wait_for_side_poke"
10256.143499999998	0.6126000000003842	states																																	"         state_name
id                 
4   announce_reward"
10256.756099999999	0.1489000000001397	states																																	"   state_name
id           
8      reward"
10256.904999999999	0.00010000000111176632	states																																	"    state_name
id            
7   stop_sound"
10257.3341	5.0627000000004045	trials	1.0	2.0	40.0	1.1541742218348188	0.0	0.15	True	7930.0	False	False	27425.0	False	High	True	False	0.025	0.0	0.018942737	1.5	9.0													
10257.3341	5.0627000000004045	processed_trials			40.0	1.1541742218348188					False				High					0.018942737		9.0	40.0	40.0	True	False	False	0.01890000000000036	0.01890000000000036	20.373136501193883	3.0596	-0.13166376949391848	Left	0.9494000000000002	
10257.3341	3.0596000000005006	states																																	"       state_name
id               
3   wait_for_poke"
10260.3937	1.1541999999990367	states																																	"        state_name
id                
1   nose_in_center"
10261.5479	0.0020000000004074536	states																																	"   state_name
id           
5      go_cue"
10261.5499	0.018900000000940054	states																																	"            state_name
id                    
6   wait_for_side_poke"
10261.568800000001	0.5510999999987689	states																																	"         state_name
id                 
4   announce_reward"
10262.1199	0.2767999999996391	states																																	"   state_name
id           
8      reward"
10262.3967	0.00010000000111176632	states																																	"    state_name
id            
7   stop_sound"
10262.8178	5.612599999998565	trials	1.0	2.0	20.0	1.0995866469768747	0.0	0.15	True	7970.0	True	False	27426.0	False	High	True	False	0.025	0.0	100.0	1.5	9.0													
10262.8178	5.612599999998565	processed_trials			20.0	1.0995866469768747					True				High					100.0		9.0	40.0	40.0	False	True	False			20.373136501193883	3.4238000000000004	-0.1227424010735381	Left	2.2735000000000003	
10262.8178	3.423800000000483	states																																	"       state_name
id               
3   wait_for_poke"
10266.241600000001	0.18879999999990105	states																																	"        state_name
id                
1   nose_in_center"
10266.430400000001	2.0	states																																	"          state_name
id                  
2   punish_violation"
10268.8956	2.863900000000285	trials	1.0	2.0	20.0	1.1970109620408624	0.0	0.15	True	7970.0	False	False	27427.0	False	High	True	True	0.025	0.0	0.8914840539517854	1.5	9.0													
10268.8956	2.863900000000285	processed_trials			20.0	1.1970109620408624					False				High					0.8914840539517854		9.0	40.0	40.0	True	False	False	0.8915000000000002	0.8915000000000002	20.373136501193883	0.4146	-0.19645514640744433	Right	0.4146	
10268.8956	0.41460000000006403	states																																	"       state_name
id               
3   wait_for_poke"
10269.3102	1.1970000000001164	states																																	"        state_name
id                
1   nose_in_center"
10270.5072	0.0020000000004074536	states																																	"   state_name
id           
5      go_cue"
10270.5092	0.8914999999997235	states																																	"            state_name
id                    
6   wait_for_side_poke"
10271.4007	0.20010000000002037	states																																	"         state_name
id                 
4   announce_reward"
10271.6008	0.15859999999884167	states																																	"   state_name
id           
8      reward"
10271.759399999999	0.00010000000111176632	states																																	"    state_name
id            
7   stop_sound"
10272.1815	3.9495999999999185	trials	1.0	2.0	20.0	1.1145882339868092	0.0	0.15	True	7990.0	False	False	27428.0	False	High	True	False	0.025	0.0	0.89148405	1.5	9.0													
10272.1815	3.9495999999999185	processed_trials			20.0	1.1145882339868092					False				High					0.89148405		9.0	40.0	40.0	False	True	False			20.373136501193883	1.9152	-0.15969675691918842	Right	1.2530000000000001	
10272.1815	1.9151999999994587	states																																	"       state_name
id               
3   wait_for_poke"
10274.0967	0.03440000000045984	states																																	"        state_name
id                
1   nose_in_center"
10274.1311	2.0	states																																	"          state_name
id                  
2   punish_violation"
10276.5558	2.6504000000004453	trials	1.0	2.0	20.0	1.1145882	0.0	0.15	True	7990.0	False	False	27429.0	False	High	True	True	0.025	0.0	1.0425859961609394	1.5	9.0													
10276.5558	2.6504000000004453	processed_trials			20.0	1.1145882					False				High					1.0425859961609394		9.0	40.0	40.0	True	False	False	1.0426000000000002	1.0426000000000002	20.373136501193883	0.1271	-0.20349768737630583	Right	0.1271	
10276.5558	0.12709999999970023	states																																	"       state_name
id               
3   wait_for_poke"
10276.6829	1.1146000000007916	states																																	"        state_name
id                
1   nose_in_center"
10277.7975	0.0020000000004074536	states																																	"   state_name
id           
5      go_cue"
10277.799500000001	1.0425999999988562	states																																	"            state_name
id                    
6   wait_for_side_poke"
10278.8421	0.20540000000073633	states																																	"         state_name
id                 
4   announce_reward"
10279.0475	0.15859999999884167	states																																	"   state_name
id           
8      reward"
10279.2061	0.00010000000111176632	states																																	"    state_name
id            
7   stop_sound"
10279.6394	3.7569000000003143	trials	1.0	2.0	40.0	0.9333154320055209	0.0	0.15	True	8010.0	True	False	27430.0	False	High	True	False	0.025	0.0	100.0	1.5	9.0													
10279.6394	3.7569000000003143	processed_trials			40.0	0.9333154320055209					True				High					100.0		9.0	40.0	40.0	False	True	False			20.373136501193883	1.7190999999999999	-0.1645003822548188	Right	1.3457	
10279.6394	1.7191000000002532	states																																	"       state_name
id               
3   wait_for_poke"
10281.3585	0.03780000000006112	states																																	"        state_name
id                
1   nose_in_center"
10281.3963	2.0	states																																	"          state_name
id                  
2   punish_violation"
10283.8269	3.9266999999999825	trials	1.0	2.0	40.0	1.0678864270712682	0.0	0.15	True	8010.0	False	False	27431.0	False	High	True	True	0.025	0.0	2.0398669556079034	1.5	9.0													
10283.8269	3.9266999999999825	processed_trials			40.0	1.0678864270712682					False				High					2.0398669556079034		9.0	40.0	40.0	True	False	False	2.0399000000000003	2.0399000000000003	20.373136501193883	0.3963	-0.19690341944998405	Right	0.3963	
10283.8269	0.3963000000003376	states																																	"       state_name
id               
3   wait_for_poke"
10284.2232	1.0679000000000087	states																																	"        state_name
id                
1   nose_in_center"
10285.2911	0.0020000000004074536	states																																	"   state_name
id           
5      go_cue"
10285.2931	2.0398999999997613	states																																	"            state_name
id                    
6   wait_for_side_poke"
10287.333	0.12639999999919382	states																																	"         state_name
id                 
4   announce_reward"
10287.4594	0.2941000000009808	states																																	"   state_name
id           
8      reward"
10287.7535	9.999999929277692e-05	states																																	"    state_name
id            
7   stop_sound"
10288.1829	4.830200000000332	trials	1.0	2.0	40.0	1.0678864	0.0	0.15	True	8050.0	False	False	27432.0	False	High	True	False	0.025	0.0	0.9939799907058838	1.5	9.0													
10288.1829	4.830200000000332	processed_trials			40.0	1.0678864					False				High					0.9939799907058838		9.0	40.0	40.0	False	True	False			20.373136501193883	2.7884	-0.13830702900958888	Left	0.9355000000000002	
10288.1829	2.7883999999994558	states																																	"       state_name
id               
3   wait_for_poke"
10290.9713	0.041800000000876025	states																																	"        state_name
id                
1   nose_in_center"
10291.0131	2.0	states																																	"          state_name
id                  
2   punish_violation"
10293.4436	2.166400000000067	trials	1.0	2.0	40.0	0.8310067077065028	0.0	0.15	True	8050.0	False	False	27433.0	False	High	True	True	0.025	0.0	0.2824263641550336	1.5	9.0													
10293.4436	2.166400000000067	processed_trials			40.0	0.8310067077065028					False				High					0.2824263641550336		9.0	40.0	40.0	False	True	False			20.373136501193883	0.123	-0.20359812013447048	Left	0.123	
10293.4436	0.12299999999959255	states																																	"       state_name
id               
3   wait_for_poke"
10293.5666	0.04340000000047439	states																																	"        state_name
id                
1   nose_in_center"
10293.61	2.0	states																																	"          state_name
id                  
2   punish_violation"
10296.0398	5.408599999998842	trials	1.0	2.0	40.0	0.9267439095393979	0.0	0.15	True	8050.0	False	False	27434.0	False	High	True	True	0.025	0.0	4.0683124893744695	1.5	9.0													
10296.0398	5.408599999998842	processed_trials			40.0	0.9267439095393979					False				High					4.0683124893744695		9.0	40.0	40.0	True	False	False	4.0683	4.0683	20.373136501193883	0.1097	-0.20392391420363867	Right	0.1097	
10296.0398	0.10970000000088476	states																																	"       state_name
id               
3   wait_for_poke"
10296.149500000001	0.9266999999999825	states																																	"        state_name
id                
1   nose_in_center"
10297.076200000001	0.0019999999985884642	states																																	"   state_name
id           
5      go_cue"
10297.0782	4.068300000000818	states																																	"            state_name
id                    
6   wait_for_side_poke"
10301.1465	0.007700000000113505	states																																	"         state_name
id                 
4   announce_reward"
10301.1542	0.2940999999991618	states																																	"   state_name
id           
8      reward"
10301.4483	0.00010000000111176632	states																																	"    state_name
id            
7   stop_sound"
10301.8853	5.741700000000492	trials	1.0	2.0	40.0	0.8097420021118082	0.0	0.15	True	8090.0	False	False	27435.0	False	High	True	False	0.025	0.0	4.326264958636111	1.5	9.0													
10301.8853	5.741700000000492	processed_trials			40.0	0.8097420021118082					False				High					4.326264958636111		9.0	40.0	40.0	False	True	False			20.373136501193883	3.7091	-0.11575375085296007	Left	1.3149000000000002	
10301.8853	3.709100000000035	states																																	"       state_name
id               
3   wait_for_poke"
10305.5944	0.03260000000045693	states																																	"        state_name
id                
1   nose_in_center"
10305.627	2.0	states																																	"          state_name
id                  
2   punish_violation"
10308.056	3.797999999998865	trials	1.0	2.0	40.0	1.0554314903808066	0.0	0.15	True	8090.0	False	False	27436.0	False	High	True	True	0.025	0.0	1.6936059697388157	1.5	9.0													
10308.056	3.797999999998865	processed_trials			40.0	1.0554314903808066					False				High					1.6936059697388157		9.0	40.0	40.0	True	False	False	1.6936000000000002	1.6936000000000002	20.373136501193883	0.1668	-0.20252520432773607	Right	0.1668	
10308.056	0.16680000000087603	states																																	"       state_name
id               
3   wait_for_poke"
10308.222800000001	1.0553999999992811	states																																	"        state_name
id                
1   nose_in_center"
10309.2782	0.0020000000004074536	states																																	"   state_name
id           
5      go_cue"
10309.280200000001	1.6935999999986961	states																																	"            state_name
id                    
6   wait_for_side_poke"
10310.9738	0.5860000000011496	states																																	"         state_name
id                 
4   announce_reward"
10311.5598	0.2940999999991618	states																																	"   state_name
id           
8      reward"
10311.8539	0.00010000000111176632	states																																	"    state_name
id            
7   stop_sound"
10312.2897	5.400700000000143	trials	1.0	2.0	80.0	0.8360949551732235	0.0	0.15	True	8130.0	False	False	27437.0	False	High	True	False	0.025	0.0	1.0456680112221126	1.5	9.0													
10312.2897	5.400700000000143	processed_trials			80.0	0.8360949551732235					False				High					1.0456680112221126		9.0	40.0	40.0	True	False	False	1.0456999999999996	1.0456999999999996	20.373136501193883	2.8199	-0.13753541147734838	Right	0.9866000000000001	
10312.2897	2.819900000000416	states																																	"       state_name
id               
3   wait_for_poke"
10315.1096	0.8361000000004424	states																																	"        state_name
id                
1   nose_in_center"
10315.9457	0.0019999999985884642	states																																	"   state_name
id           
5      go_cue"
10315.947699999999	1.0457000000005792	states																																	"            state_name
id                    
6   wait_for_side_poke"
10316.9934	0.12550000000010186	states																																	"         state_name
id                 
4   announce_reward"
10317.1189	0.5714000000007218	states																																	"   state_name
id           
8      reward"
10317.6903	9.999999929277692e-05	states																																	"    state_name
id            
7   stop_sound"
10318.129	6.1806999999989785	trials	1.0	2.0	20.0	0.8791932051872963	0.0	0.15	True	8210.0	False	False	27438.0	True	Mixed	True	False	0.025	0.0	4.2385770063434585	1.5	9.0													
10318.129	6.1806999999989785	processed_trials			20.0	0.8791932051872963					False				Mixed					4.2385770063434585		9.0	40.0	40.0	False	True	False			20.373136501193883	4.0655	-0.1070234496310392	Left	1.8697	
10318.129	4.065500000000611	states																																	"       state_name
id               
3   wait_for_poke"
10322.194500000001	0.11520000000018626	states																																	"        state_name
id                
1   nose_in_center"
10322.309700000002	2.0	states																																	"          state_name
id                  
2   punish_violation"
10324.7445	3.7150000000001455	trials	1.0	2.0	20.0	1.0996727503046877	0.0	0.15	True	8210.0	False	False	27439.0	True	Mixed	True	True	0.025	0.0	1.6799840654436269	1.5	9.0													
10324.7445	3.7150000000001455	processed_trials			20.0	1.0996727503046877					False				Mixed					1.6799840654436269		9.0	40.0	40.0	True	False	False	1.6800000000000002	1.6800000000000002	20.373136501193883	0.7552000000000001	-0.18811187874137744	Left	0.7552000000000001	
10324.7445	0.7551999999996042	states																																	"       state_name
id               
3   wait_for_poke"
10325.4997	1.0997000000006665	states																																	"        state_name
id                
1   nose_in_center"
10326.599400000001	0.0020000000004074536	states																																	"   state_name
id           
5      go_cue"
10326.601400000001	1.679999999998472	states																																	"            state_name
id                    
6   wait_for_side_poke"
10328.2814	0.029100000001562876	states																																	"         state_name
id                 
4   announce_reward"
10328.310500000001	0.1489000000001397	states																																	"   state_name
id           
8      reward"
10328.459400000002	9.999999929277692e-05	states																																	"    state_name
id            
7   stop_sound"
10328.8984	8.22229999999945	trials	1.0	2.0	20.0	0.9213361963816276	0.0	0.15	True	8230.0	False	False	27440.0	False	Mixed	True	False	0.025	0.0	3.459526887917762	1.5	9.0													
10328.8984	8.22229999999945	processed_trials			20.0	0.9213361963816276					False				Mixed					3.459526887917762		9.0	40.0	40.0	True	False	False	3.4595000000000002	3.4595000000000002	20.373136501193883	3.3806	-0.1238006194034679	Right	1.611	
10328.8984	3.3806000000004133	states																																	"       state_name
id               
3   wait_for_poke"
10332.279	0.9212999999999738	states																																	"        state_name
id                
1   nose_in_center"
10333.2003	0.0020000000004074536	states																																	"   state_name
id           
5      go_cue"
10333.2023	3.459499999999025	states																																	"            state_name
id                    
6   wait_for_side_poke"
10336.6618	0.30019999999967695	states																																	"         state_name
id                 
4   announce_reward"
10336.962	0.15860000000066066	states																																	"   state_name
id           
8      reward"
10337.1206	9.999999929277692e-05	states																																	"    state_name
id            
7   stop_sound"
10337.561	4.981200000000172	trials	1.0	2.0	80.0	0.9330337877261209	0.0	0.15	True	8250.0	True	False	27441.0	False	Mixed	True	False	0.025	0.0	3.4595269	1.5	9.0													
10337.561	4.981200000000172	processed_trials			80.0	0.9330337877261209					False				Mixed					3.4595269		9.0	40.0	40.0	False	True	False			20.373136501193883	2.9619	-0.13405700863359768	Right	0.6587000000000001	
10337.561	2.9619000000002416	states																																	"       state_name
id               
3   wait_for_poke"
10340.5229	0.01929999999993015	states																																	"        state_name
id                
1   nose_in_center"
10340.5422	2.0	states																																	"          state_name
id                  
2   punish_violation"
10342.9821	2.167300000000978	trials	1.0	2.0	80.0	0.9693490426771424	0.0	0.15	True	8250.0	False	False	27442.0	False	Mixed	True	True	0.025	0.0	1.6523468456383072	1.5	9.0													
10342.9821	2.167300000000978	processed_trials			80.0	0.9693490426771424					False				Mixed					1.6523468456383072		9.0	40.0	40.0	False	True	False			20.373136501193883	0.1194	-0.20368630499529794	Left	0.1194	
10342.9821	0.11939999999958673	states																																	"       state_name
id               
3   wait_for_poke"
10343.101499999999	0.047899999999572174	states																																	"        state_name
id                
1   nose_in_center"
10343.149399999998	2.0	states																																	"          state_name
id                  
2   punish_violation"
10345.5852	5.062799999999697	trials	1.0	2.0	80.0	0.8748604095411769	0.0	0.15	True	8250.0	False	False	27443.0	False	Mixed	True	True	0.025	0.0	3.5244349347608646	1.5	9.0													
10345.5852	5.062799999999697	processed_trials			80.0	0.8748604095411769					False				Mixed					3.5244349347608646		9.0	40.0	40.0	True	False	False	3.5244	3.5244	20.373136501193883	0.0983	-0.2042031662629257	Left	0.0983	
10345.5852	0.09829999999965366	states																																	"       state_name
id               
3   wait_for_poke"
10345.6835	0.8749000000007072	states																																	"        state_name
id                
1   nose_in_center"
10346.5584	0.0020000000004074536	states																																	"   state_name
id           
5      go_cue"
10346.5604	3.5243999999984226	states																																	"            state_name
id                    
6   wait_for_side_poke"
10350.084799999999	0.025600000000849832	states																																	"         state_name
id                 
4   announce_reward"
10350.1104	0.5375000000003638	states																																	"   state_name
id           
8      reward"
10350.6479	9.999999929277692e-05	states																																	"    state_name
id            
7   stop_sound"
10351.0932	8.770800000000236	trials	1.0	2.0	5.0	0.9075356196342308	0.0	0.15	True	8330.0	False	False	27444.0	False	Mixed	True	False	0.025	0.0	3.5244349	1.5	9.0													
10351.0932	8.770800000000236	processed_trials			5.0	0.9075356196342308					False				Mixed					3.5244349		9.0	40.0	40.0	True	False	False	3.524399999999999	3.524399999999999	20.373136501193883	4.023	-0.10806452090469701	Right	1.9604	
10351.0932	4.022999999999229	states																																	"       state_name
id               
3   wait_for_poke"
10355.116199999999	0.9075000000011642	states																																	"        state_name
id                
1   nose_in_center"
10356.0237	0.0020000000004074536	states																																	"   state_name
id           
5      go_cue"
10356.0257	3.5243999999984226	states																																	"            state_name
id                    
6   wait_for_side_poke"
10359.550099999999	0.25540000000000873	states																																	"         state_name
id                 
4   announce_reward"
10359.805499999999	0.058399999999892316	states																																	"   state_name
id           
8      reward"
10359.863899999998	0.00010000000111176632	states																																	"    state_name
id            
7   stop_sound"
10360.3032	4.511999999998807	trials	1.0	2.0	20.0	1.0506535320831212	0.0	0.15	True	8335.0	False	False	27445.0	False	Mixed	True	False	0.025	0.0	0.018027389020414966	1.5	9.0													
10360.3032	4.511999999998807	processed_trials			20.0	1.0506535320831212					False				Mixed					0.018027389020414966		9.0	40.0	40.0	False	True	False			20.373136501193883	2.4669	-0.1461824269973766	Left	0.9310999999999998	
10360.3032	2.466899999999441	states																																	"       state_name
id               
3   wait_for_poke"
10362.7701	0.045100000001184526	states																																	"        state_name
id                
1   nose_in_center"
10362.815200000001	2.0	states																																	"          state_name
id                  
2   punish_violation"
10365.2577	6.768899999999121	trials	1.0	2.0	20.0	1.0506535	0.0	0.15	True	8335.0	False	False	27446.0	False	Mixed	True	True	0.025	0.0	4.96954688251009	1.5	9.0													
10365.2577	6.768899999999121	processed_trials			20.0	1.0506535					False				Mixed					4.96954688251009		9.0	40.0	40.0	True	False	False	4.9695	4.9695	20.373136501193883	0.49489999999999995	-0.19448813409509796	Right	0.49489999999999995	
10365.2577	0.4948999999996886	states																																	"       state_name
id               
3   wait_for_poke"
10365.7526	1.0506999999997788	states																																	"        state_name
id                
1   nose_in_center"
10366.8033	0.0020000000004074536	states																																	"   state_name
id           
5      go_cue"
10366.8053	4.969499999999243	states																																	"            state_name
id                    
6   wait_for_side_poke"
10371.7748	0.09310000000004948	states																																	"         state_name
id                 
4   announce_reward"
10371.8679	0.15860000000066066	states																																	"   state_name
id           
8      reward"
10372.0265	9.999999929277692e-05	states																																	"    state_name
id            
7   stop_sound"
10372.4615	3.9315000000005966	trials	1.0	2.0	40.0	0.9180451551559748	0.0	0.15	True	8355.0	False	False	27447.0	False	Mixed	True	False	0.025	0.0	0.22798414152527052	1.5	9.0													
10372.4615	3.9315000000005966	processed_trials			40.0	0.9180451551559748					False				Mixed					0.22798414152527052		9.0	40.0	40.0	True	False	False	0.2280000000000002	0.2280000000000002	20.373136501193883	1.9932	-0.15778608493459295	Right	0.9288000000000001	
10372.4615	1.9932000000007974	states																																	"       state_name
id               
3   wait_for_poke"
10374.4547	0.9179999999996653	states																																	"        state_name
id                
1   nose_in_center"
10375.3727	0.0020000000004074536	states																																	"   state_name
id           
5      go_cue"
10375.3747	0.227999999999156	states																																	"            state_name
id                    
6   wait_for_side_poke"
10375.6027	0.49610000000029686	states																																	"         state_name
id                 
4   announce_reward"
10376.0988	0.2940999999991618	states																																	"   state_name
id           
8      reward"
10376.392899999999	0.00010000000111176632	states																																	"    state_name
id            
7   stop_sound"
10376.8435	4.470399999998335	trials	1.0	2.0	20.0	1.072402611386135	0.0	0.15	True	8395.0	False	False	27448.0	False	Mixed	True	False	0.025	0.0	3.792053204398763	1.5	9.0													
10376.8435	4.470399999998335	processed_trials			20.0	1.072402611386135					False				Mixed					3.792053204398763		9.0	40.0	40.0	False	True	False			20.373136501193883	2.3535	-0.14896025011344233	Right	1.7336	
10376.8435	2.353499999999258	states																																	"       state_name
id               
3   wait_for_poke"
10379.197	0.1169000000008964	states																																	"        state_name
id                
1   nose_in_center"
10379.313900000001	2.0	states																																	"          state_name
id                  
2   punish_violation"
10381.7602	5.897499999999127	trials	1.0	2.0	20.0	0.9549738222173273	0.0	0.15	True	8395.0	True	False	27449.0	False	Mixed	True	True	0.025	0.0	100.0	1.5	9.0													
10381.7602	5.897499999999127	processed_trials			20.0	0.9549738222173273					True				Mixed					100.0		9.0	40.0	40.0	False	True	False			20.373136501193883	3.7422	-0.11494294004924067	Right	3.7422	
10381.7602	3.7422000000005937	states																																	"       state_name
id               
3   wait_for_poke"
10385.502400000001	0.15529999999853317	states																																	"        state_name
id                
1   nose_in_center"
10385.6577	2.0	states																																	"          state_name
id                  
2   punish_violation"
10388.0985	23.56919999999991	trials	1.0	2.0	20.0	1.0714334146642344	0.0	0.15	True	8395.0	False	False	27450.0	False	Mixed	True	True	0.025	0.0	1.718789239096371	1.5	9.0													
10388.0985	23.56919999999991	processed_trials			20.0	1.0714334146642344					False				Mixed					1.718789239096371		9.0	40.0	40.0	True	False	False	1.7188000000000052	1.7188000000000052	20.373136501193883	19.9887	0.28302798812678875	Left	19.9887	
10388.0985	19.98869999999988	states																																	"       state_name
id               
3   wait_for_poke"
10408.0872	1.0714000000007218	states																																	"        state_name
id                
1   nose_in_center"
10409.1586	0.0019999999985884642	states																																	"   state_name
id           
5      go_cue"
10409.1606	1.7188000000005559	states																																	"            state_name
id                    
6   wait_for_side_poke"
10410.8794	0.6393000000007305	states																																	"         state_name
id                 
4   announce_reward"
10411.5187	0.1489000000001397	states																																	"   state_name
id           
8      reward"
10411.6676	9.999999929277692e-05	states																																	"    state_name
id            
7   stop_sound"
10412.1145	10.935600000000704	trials	1.0	2.0	5.0	1.029085706500687	0.0	0.15	True	8415.0	True	False	27451.0	False	Mixed	True	False	0.025	0.0	100.0	1.5	9.0													
10412.1145	10.935600000000704	processed_trials			5.0	1.029085706500687					True				Mixed					100.0		9.0	40.0	40.0	False	False	True	7.9521999999999995	7.9521999999999995	20.373136501193883	1.7522	-0.16368957145109944	Left	0.9962	
10412.1145	1.752200000000812	states																																	"       state_name
id               
3   wait_for_poke"
10413.8667	1.0290999999997439	states																																	"        state_name
id                
1   nose_in_center"
10414.8958	0.0019999999985884642	states																																	"   state_name
id           
5      go_cue"
10414.897799999999	7.95220000000154	states																																	"            state_name
id                    
6   wait_for_side_poke"
10422.85	0.1999999999989086	states																																	"   state_name
id           
0     opt_out"
10423.05	0.00010000000111176632	states																																	"    state_name
id            
7   stop_sound"
10423.4972	2.5936000000001513	trials	1.0	2.0	40.0	0.8819419314383123	0.0	0.15	True	8415.0	False	False	27452.0	False	Mixed	True	False	0.025	0.0	2.845448287416852	1.5	9.0													
10423.4972	2.5936000000001513	processed_trials			40.0	0.8819419314383123					False				Mixed					2.845448287416852		9.0	40.0	40.0	False	True	False			20.373136501193883	0.5691	-0.19267054613026485	Left	0.5691	
10423.4972	0.569100000000617	states																																	"       state_name
id               
3   wait_for_poke"
10424.0663	0.02449999999953434	states																																	"        state_name
id                
1   nose_in_center"
10424.0908	2.0	states																																	"          state_name
id                  
2   punish_violation"
10426.5376	3.0354999999999563	trials	1.0	2.0	40.0	0.9414187737538172	0.0	0.15	True	8415.0	False	False	27453.0	False	Mixed	True	True	0.025	0.0	9.902391043688205	1.5	9.0													
10426.5376	3.0354999999999563	processed_trials			40.0	0.9414187737538172					False				Mixed					9.902391043688205		9.0	40.0	40.0	False	True	False			20.373136501193883	0.1446	-0.20306901096950555	Right	0.1446	
10426.5376	0.14459999999962747	states																																	"       state_name
id               
3   wait_for_poke"
10426.6822	0.8909000000003289	states																																	"        state_name
id                
1   nose_in_center"
10427.5731	2.0	states																																	"          state_name
id                  
2   punish_violation"
10430.0157	2.1460000000006403	trials	1.0	2.0	40.0	0.947870775365578	0.0	0.15	True	8415.0	False	False	27454.0	False	Mixed	True	True	0.025	0.0	1.4629536549425195	1.5	9.0													
10430.0157	2.1460000000006403	processed_trials			40.0	0.947870775365578					False				Mixed					1.4629536549425195		9.0	40.0	40.0	False	True	False			20.373136501193883	0.12490000000000001	-0.2035515781245893	Left	0.12490000000000001	
10430.0157	0.12490000000070722	states																																	"       state_name
id               
3   wait_for_poke"
10430.1406	0.02109999999993306	states																																	"        state_name
id                
1   nose_in_center"
10430.1617	2.0	states																																	"          state_name
id                  
2   punish_violation"
10432.6069	2.7136999999984255	trials	1.0	2.0	40.0	1.034744384745881	0.0	0.15	True	8415.0	False	False	27455.0	False	Mixed	True	True	0.025	0.0	1.0011808504369906	1.5	9.0													
10432.6069	2.7136999999984255	processed_trials			40.0	1.034744384745881					False				Mixed					1.0011808504369906		9.0	40.0	40.0	True	False	False	1.0011999999999999	1.0011999999999999	20.373136501193883	0.21559999999999999	-0.2013298095476302	Right	0.21559999999999999	
10432.6069	0.21559999999954016	states																																	"       state_name
id               
3   wait_for_poke"
10432.8225	1.0347000000001572	states																																	"        state_name
id                
1   nose_in_center"
10433.8572	0.0020000000004074536	states																																	"   state_name
id           
5      go_cue"
10433.8592	1.0012000000006083	states																																	"            state_name
id                    
6   wait_for_side_poke"
10434.860400000001	0.16599999999925785	states																																	"         state_name
id                 
4   announce_reward"
10435.0264	0.2940999999991618	states																																	"   state_name
id           
8      reward"
10435.3205	0.00010000000111176632	states																																	"    state_name
id            
7   stop_sound"
10435.7711	5.993700000000899	trials	1.0	2.0	80.0	0.8774458966985141	0.0	0.15	True	8455.0	False	False	27456.0	False	Mixed	True	False	0.025	0.0	1.1215685142460894	1.5	9.0													
10435.7711	5.993700000000899	processed_trials			80.0	0.8774458966985141					False				Mixed					1.1215685142460894		9.0	40.0	40.0	True	False	False	1.1216	1.1216	20.373136501193883	3.2829	-0.1261938585431471	Left	2.1329000000000002	
10435.7711	3.2829000000001543	states																																	"       state_name
id               
3   wait_for_poke"
10439.054	0.8773999999993976	states																																	"        state_name
id                
1   nose_in_center"
10439.9314	0.0020000000004074536	states																																	"   state_name
id           
5      go_cue"
10439.9334	1.1216000000003987	states																																	"            state_name
id                    
6   wait_for_side_poke"
10441.055	0.17219999999906577	states																																	"         state_name
id                 
4   announce_reward"
10441.2272	0.5375000000003638	states																																	"   state_name
id           
8      reward"
10441.7647	0.00010000000111176632	states																																	"    state_name
id            
7   stop_sound"
10442.2155	7.323800000000119	trials	1.0	2.0	5.0	1.1390072210690656	0.0	0.15	True	8535.0	False	False	27457.0	False	Mixed	True	False	0.025	0.0	1.1215685	1.5	9.0													
10442.2155	7.323800000000119	processed_trials			5.0	1.1390072210690656					False				Mixed					1.1215685		9.0	40.0	40.0	False	True	False			20.373136501193883	5.1627	-0.08014666371439627	Right	0.5180000000000007	
10442.2155	5.162700000000768	states																																	"       state_name
id               
3   wait_for_poke"
10447.378200000001	0.16109999999935098	states																																	"        state_name
id                
1   nose_in_center"
10447.5393	2.0	states																																	"          state_name
id                  
2   punish_violation"
10449.9835	5.85149999999885	trials	1.0	2.0	5.0	1.16896660129603	0.0	0.15	True	8535.0	False	False	27458.0	False	Mixed	True	True	0.025	0.0	1.1915512439069222	1.5	9.0													
10449.9835	5.85149999999885	processed_trials			5.0	1.16896660129603					False				Mixed					1.1915512439069222		9.0	40.0	40.0	False	True	False			20.373136501193883	3.6566	-0.11703978007336084	Right	3.6566	
10449.9835	3.656600000000253	states																																	"       state_name
id               
3   wait_for_poke"
10453.6401	0.19490000000041618	states																																	"        state_name
id                
1   nose_in_center"
10453.835000000001	2.0	states																																	"          state_name
id                  
2   punish_violation"
10456.2864	56.20559999999932	trials	1.0	2.0	5.0	0.9866263709957653	0.0	0.15	True	8535.0	False	False	27459.0	False	Mixed	True	True	0.025	0.0	0.8613793629876653	1.5	9.0													
10456.2864	56.20559999999932	processed_trials			5.0	0.9866263709957653					False				Mixed					0.8613793629876653		9.0	40.0	40.0	True	False	False	0.8614000000000033	0.8614000000000033	20.373136501193883	54.2016	1.1211001617391776	Right	54.2016	
10456.2864	54.201600000000326	states																																	"       state_name
id               
3   wait_for_poke"
10510.488000000001	0.9866000000001804	states																																	"        state_name
id                
1   nose_in_center"
10511.474600000001	0.0019999999985884642	states																																	"   state_name
id           
5      go_cue"
10511.4766	0.8614000000015949	states																																	"            state_name
id                    
6   wait_for_side_poke"
10512.338000000002	0.09549999999944703	states																																	"         state_name
id                 
4   announce_reward"
10512.433500000001	0.058399999999892316	states																																	"   state_name
id           
8      reward"
10512.4919	9.999999929277692e-05	states																																	"    state_name
id            
7   stop_sound"
10512.9496	3.3749000000007072	trials	1.0	2.0	40.0	1.0486742149603994	0.0	0.15	True	8540.0	True	False	27460.0	False	Mixed	True	False	0.025	0.0	100.0	1.5	9.0													
10512.9496	3.3749000000007072	processed_trials			40.0	1.0486742149603994					True				Mixed					100.0		9.0	40.0	40.0	False	True	False			20.373136501193883	1.3289000000000002	-0.17405864133673102	Left	0.9851000000000002	
10512.9496	1.3289000000004307	states																																	"       state_name
id               
3   wait_for_poke"
10514.2785	0.046000000000276486	states																																	"        state_name
id                
1   nose_in_center"
10514.3245	2.0	states																																	"          state_name
id                  
2   punish_violation"
10516.7826	2.2242999999998574	trials	1.0	2.0	40.0	0.9111694416337385	0.0	0.15	True	8540.0	False	False	27461.0	False	Mixed	True	True	0.025	0.0	0.8878596273112485	1.5	9.0													
10516.7826	2.2242999999998574	processed_trials			40.0	0.9111694416337385					False				Mixed					0.8878596273112485		9.0	40.0	40.0	True	False	False	0.8879000000000001	0.8879000000000001	20.373136501193883	0.11309999999999999	-0.20384062850174606	Right	0.11309999999999999	
10516.7826	0.11310000000048603	states																																	"       state_name
id               
3   wait_for_poke"
10516.895700000001	0.9111999999986438	states																																	"        state_name
id                
1   nose_in_center"
10517.8069	0.0020000000004074536	states																																	"   state_name
id           
5      go_cue"
10517.8089	0.8878999999997177	states																																	"            state_name
id                    
6   wait_for_side_poke"
10518.6968	0.015900000000328873	states																																	"         state_name
id                 
4   announce_reward"
10518.7127	0.2941000000009808	states																																	"   state_name
id           
8      reward"
10519.006800000001	9.999999929277692e-05	states																																	"    state_name
id            
7   stop_sound"
10519.4603	10.70089999999982	trials	1.0	2.0	5.0	0.9830767956564347	0.0	0.15	True	8580.0	False	False	27462.0	False	Mixed	True	False	0.025	0.0	1.4151489540745712	1.5	9.0													
10519.4603	10.70089999999982	processed_trials			5.0	0.9830767956564347					False				Mixed					1.4151489540745712		9.0	40.0	40.0	False	True	False			20.373136501193883	8.6824	0.006071184800740561	Left	0.8609999999999998	
10519.4603	8.682399999999689	states																																	"       state_name
id               
3   wait_for_poke"
10528.1427	0.018500000000130967	states																																	"        state_name
id                
1   nose_in_center"
10528.1612	2.0	states																																	"          state_name
id                  
2   punish_violation"
10530.6174	18.512400000001435	trials	1.0	2.0	5.0	0.9415162111842268	0.0	0.15	True	8580.0	False	False	27463.0	False	Mixed	True	True	0.025	0.0	2.6755419822268163	1.5	9.0													
10530.6174	18.512400000001435	processed_trials			5.0	0.9415162111842268					False				Mixed					2.6755419822268163		9.0	40.0	40.0	True	False	False	2.6754999999999995	2.6754999999999995	20.373136501193883	14.6968	0.15339869228985584	Left	14.6968	
10530.6174	14.696799999999712	states																																	"       state_name
id               
3   wait_for_poke"
10545.314199999999	0.9415000000008149	states																																	"        state_name
id                
1   nose_in_center"
10546.2557	0.0019999999985884642	states																																	"   state_name
id           
5      go_cue"
10546.257699999998	2.6755000000011933	states																																	"            state_name
id                    
6   wait_for_side_poke"
10548.9332	0.14259999999922002	states																																	"         state_name
id                 
4   announce_reward"
10549.075799999999	0.053900000000794535	states																																	"   state_name
id           
8      reward"
10549.1297	9.999999929277692e-05	states																																	"    state_name
id            
7   stop_sound"
10549.5879	2.9381999999986874	trials	1.0	2.0	10.0	1.1445719984759188	0.0	0.15	True	8585.0	False	False	27464.0	False	Mixed	True	False	0.025	0.0	2.675542	1.5	9.0													
10549.5879	2.9381999999986874	processed_trials			10.0	1.1445719984759188					False				Mixed					2.675542		9.0	40.0	40.0	False	True	False			20.373136501193883	0.7312000000000001	-0.18869977781356065	Right	0.5622	
10549.5879	0.7312000000001717	states																																	"       state_name
id               
3   wait_for_poke"
10550.3191	0.2070000000003347	states																																	"        state_name
id                
1   nose_in_center"
10550.526100000001	2.0	states																																	"          state_name
id                  
2   punish_violation"
10552.9837	132.47489999999925	trials	1.0	2.0	10.0	1.1199371173035144	0.0	0.15	True	8585.0	True	False	27465.0	False	Mixed	True	True	0.025	0.0	100.0	1.5	9.0													
10552.9837	132.47489999999925	processed_trials			10.0	1.1199371173035144					True				Mixed					100.0		9.0	40.0	40.0	False	True	False			20.373136501193883	130.41660000000002	2.9880471528410206	Right	130.41660000000002	
10552.9837	130.41660000000047	states																																	"       state_name
id               
3   wait_for_poke"
10683.400300000001	0.05829999999878055	states																																	"        state_name
id                
1   nose_in_center"
10683.4586	2.0	states																																	"          state_name
id                  
2   punish_violation"
10685.9144	4.440099999999802	trials	1.0	2.0	10.0	0.9300442100669235	0.0	0.15	True	8585.0	False	False	27466.0	False	Mixed	True	True	0.025	0.0	2.849707014175254	1.5	9.0													
10685.9144	4.440099999999802	processed_trials			10.0	0.9300442100669235					False				Mixed					2.849707014175254		9.0	40.0	40.0	True	False	False	2.8497000000000003	2.8497000000000003	20.373136501193883	0.3226	-0.19870875951748002	Right	0.3226	
10685.9144	0.32259999999951106	states																																	"       state_name
id               
3   wait_for_poke"
10686.237	0.930000000000291	states																																	"        state_name
id                
1   nose_in_center"
10687.167	0.0020000000004074536	states																																	"   state_name
id           
5      go_cue"
10687.169	2.8497000000006665	states																																	"            state_name
id                    
6   wait_for_side_poke"
10690.0187	0.24399999999877764	states																																	"         state_name
id                 
4   announce_reward"
10690.2627	0.09170000000085565	states																																	"   state_name
id           
8      reward"
10690.3544	9.999999929277692e-05	states																																	"    state_name
id            
7   stop_sound"
10690.8125	4.500799999999799	trials	1.0	2.0	80.0	1.1543803888668354	0.0	0.15	True	8595.0	False	False	27467.0	False	Mixed	True	False	0.025	0.0	2.849707	1.5	9.0													
10690.8125	4.500799999999799	processed_trials			80.0	1.1543803888668354					False				Mixed					2.849707		9.0	40.0	40.0	False	True	False			20.373136501193883	2.3521	-0.14899454422598635	Right	0.9722	
10690.8125	2.352100000000064	states																																	"       state_name
id               
3   wait_for_poke"
10693.1646	0.14869999999973516	states																																	"        state_name
id                
1   nose_in_center"
10693.3133	2.0	states																																	"          state_name
id                  
2   punish_violation"
10695.769	2.282499999999345	trials	1.0	2.0	80.0	1.0342090365061019	0.0	0.15	True	8595.0	False	False	27468.0	False	Mixed	True	True	0.025	0.0	1.2340496134964871	1.5	9.0													
10695.769	2.282499999999345	processed_trials			80.0	1.0342090365061019					False				Mixed					1.2340496134964871		9.0	40.0	40.0	False	True	False			20.373136501193883	0.24880000000000002	-0.20051654916444345	Right	0.24880000000000002	
10695.769	0.24879999999939173	states																																	"       state_name
id               
3   wait_for_poke"
10696.0178	0.033699999999953434	states																																	"        state_name
id                
1   nose_in_center"
10696.0515	2.0	states																																	"          state_name
id                  
2   punish_violation"
10698.5079	11.216199999998935	trials	1.0	2.0	80.0	1.147667400617277	0.0	0.15	True	8595.0	False	False	27469.0	False	Mixed	True	True	0.025	0.0	9.336418664147672	1.5	9.0													
10698.5079	11.216199999998935	processed_trials			80.0	1.147667400617277					False				Mixed					9.336418664147672		9.0	40.0	40.0	True	False	False	9.3364	9.3364	20.373136501193883	0.15569999999999998	-0.20279710764862086	Right	0.15569999999999998	
10698.5079	0.15569999999934225	states																																	"       state_name
id               
3   wait_for_poke"
10698.6636	1.1477000000013504	states																																	"        state_name
id                
1   nose_in_center"
10699.811300000001	0.0019999999985884642	states																																	"   state_name
id           
5      go_cue"
10699.8133	9.33640000000014	states																																	"            state_name
id                    
6   wait_for_side_poke"
10709.1497	0.0029000000013184035	states																																	"         state_name
id                 
4   announce_reward"
10709.152600000001	0.5713999999989028	states																																	"   state_name
id           
8      reward"
10709.724	0.00010000000111176632	states																																	"    state_name
id            
7   stop_sound"
10710.1908	6.058799999998882	trials	1.0	2.0	10.0	0.8940196270385369	0.0	0.15	True	8675.0	False	False	27470.0	False	Mixed	True	False	0.025	0.0	3.7727207655186437	1.5	9.0													
10710.1908	6.058799999998882	processed_trials			10.0	0.8940196270385369					False				Mixed					3.7727207655186437		9.0	40.0	40.0	False	True	False			20.373136501193883	4.0025	-0.10856668469552015	Right	3.0940000000000003	
10710.1908	4.002500000000509	states																																	"       state_name
id               
3   wait_for_poke"
10714.1933	0.056300000000192085	states																																	"        state_name
id                
1   nose_in_center"
10714.249600000001	2.0	states																																	"          state_name
id                  
2   punish_violation"
10716.7051	15.340000000000146	trials	1.0	2.0	10.0	0.9405722228325685	0.0	0.15	True	8675.0	True	False	27471.0	False	Mixed	True	True	0.025	0.0	100.0	1.5	9.0													
10716.7051	15.340000000000146	processed_trials			10.0	0.9405722228325685					True				Mixed					100.0		9.0	40.0	40.0	False	False	True	13.7054	13.7054	20.373136501193883	0.4919	-0.19456162147912087	Left	0.4919	
10716.7051	0.4919000000008964	states																																	"       state_name
id               
3   wait_for_poke"
10717.197	0.940599999999904	states																																	"        state_name
id                
1   nose_in_center"
10718.1376	0.0019999999985884642	states																																	"   state_name
id           
5      go_cue"
10718.139599999999	13.705400000000736	states																																	"            state_name
id                    
6   wait_for_side_poke"
10731.845	0.2000000000007276	states																																	"   state_name
id           
0     opt_out"
10732.045	9.999999929277692e-05	states																																	"    state_name
id            
7   stop_sound"
10732.5112	2.5230999999985215	trials	1.0	2.0	80.0	1.0721565732885237	0.0	0.15	True	8675.0	False	False	27472.0	False	Mixed	True	False	0.025	0.0	1.6484307437128276	1.5	9.0													
10732.5112	2.5230999999985215	processed_trials			80.0	1.0721565732885237					False				Mixed					1.6484307437128276		9.0	40.0	40.0	False	True	False			20.373136501193883	0.5	-0.19436320554225903	Left	0.5	
10732.5112	0.5	states																																	"       state_name
id               
3   wait_for_poke"
10733.0112	0.023100000000340515	states																																	"        state_name
id                
1   nose_in_center"
10733.034300000001	2.0	states																																	"          state_name
id                  
2   punish_violation"
10735.4962	16.232100000001083	trials	1.0	2.0	80.0	1.1135170035682138	0.0	0.15	True	8675.0	True	False	27473.0	False	Mixed	True	True	0.025	0.0	100.0	1.5	9.0													
10735.4962	16.232100000001083	processed_trials			80.0	1.1135170035682138					True				Mixed					100.0		9.0	40.0	40.0	False	False	True	14.7974	14.7974	20.373136501193883	0.1191	-0.20369365373370024	Right	0.1191	
10735.4962	0.1190999999998894	states																																	"       state_name
id               
3   wait_for_poke"
10735.6153	1.1134999999994761	states																																	"        state_name
id                
1   nose_in_center"
10736.728799999999	0.0020000000004074536	states																																	"   state_name
id           
5      go_cue"
10736.7308	14.79739999999947	states																																	"            state_name
id                    
6   wait_for_side_poke"
10751.528199999999	0.2000000000007276	states																																	"   state_name
id           
0     opt_out"
10751.7282	9.999999929277692e-05	states																																	"    state_name
id            
7   stop_sound"
10752.1919	2.4408999999996013	trials	1.0	2.0	80.0	0.9144007382263898	0.0	0.15	True	8675.0	False	False	27474.0	False	Mixed	True	False	0.025	0.0	0.2494508896570808	1.5	9.0													
10752.1919	2.4408999999996013	processed_trials			80.0	0.9144007382263898					False				Mixed					0.2494508896570808		9.0	40.0	40.0	True	False	False	0.24950000000000006	0.24950000000000006	20.373136501193883	0.18819999999999998	-0.20200099432170604	Right	0.18819999999999998	
10752.1919	0.1882000000005064	states																																	"       state_name
id               
3   wait_for_poke"
10752.3801	0.9143999999996595	states																																	"        state_name
id                
1   nose_in_center"
10753.2945	0.0020000000004074536	states																																	"   state_name
id           
5      go_cue"
10753.2965	0.24949999999989814	states																																	"            state_name
id                    
6   wait_for_side_poke"
10753.546	0.5152999999991152	states																																	"         state_name
id                 
4   announce_reward"
10754.0613	0.5714000000007218	states																																	"   state_name
id           
8      reward"
10754.6327	9.999999929277692e-05	states																																	"    state_name
id            
7   stop_sound"
10755.102	5.022399999999834	trials	1.0	2.0	20.0	0.8433336429150834	0.0	0.15	True	8755.0	False	False	27475.0	False	Mixed	True	False	0.025	0.0	2.1931467176264303	1.5	9.0													
10755.102	5.022399999999834	processed_trials			20.0	0.8433336429150834					False				Mixed					2.1931467176264303		9.0	40.0	40.0	False	True	False			20.373136501193883	3.0076	-0.1329375508169821	Left	3.0076	
10755.102	3.0076000000008207	states																																	"       state_name
id               
3   wait_for_poke"
10758.109600000002	0.01479999999901338	states																																	"        state_name
id                
1   nose_in_center"
10758.1244	2.0	states																																	"          state_name
id                  
2   punish_violation"
10760.5895	68.94210000000021	trials	1.0	2.0	20.0	0.9779791988853404	0.0	0.15	True	8755.0	False	False	27476.0	False	Mixed	True	True	0.025	0.0	2.2819157056797543	1.5	9.0													
10760.5895	68.94210000000021	processed_trials			20.0	0.9779791988853404					False				Mixed					2.2819157056797543		9.0	40.0	40.0	True	False	False	2.2819000000000074	2.2819000000000074	20.373136501193883	65.5157	1.3982480322636852	Right	65.5157	
10760.5895	65.51569999999992	states																																	"       state_name
id               
3   wait_for_poke"
10826.1052	0.978000000000975	states																																	"        state_name
id                
1   nose_in_center"
10827.083200000001	0.0019999999985884642	states																																	"   state_name
id           
5      go_cue"
10827.0852	2.2818999999999505	states																																	"            state_name
id                    
6   wait_for_side_poke"
10829.3671	0.005800000000817818	states																																	"         state_name
id                 
4   announce_reward"
10829.3729	0.15859999999884167	states																																	"   state_name
id           
8      reward"
10829.5315	0.00010000000111176632	states																																	"    state_name
id            
7   stop_sound"
10829.9986	4.7422999999998865	trials	1.0	2.0	5.0	1.046674378642457	0.0	0.15	True	8775.0	False	False	27477.0	False	Mixed	True	False	0.025	0.0	1.3627305906378828	1.5	9.0													
10829.9986	4.7422999999998865	processed_trials			5.0	1.046674378642457					False				Mixed					1.3627305906378828		9.0	40.0	40.0	False	True	False			20.373136501193883	2.708	-0.14027649090140265	Right	1.9827000000000004	
10829.9986	2.7080000000005384	states																																	"       state_name
id               
3   wait_for_poke"
10832.706600000001	0.034299999999348074	states																																	"        state_name
id                
1   nose_in_center"
10832.7409	2.0	states																																	"          state_name
id                  
2   punish_violation"
10835.2025	2.82930000000124	trials	1.0	2.0	5.0	0.9254290601982645	0.0	0.15	True	8775.0	True	False	27478.0	False	Mixed	True	True	0.025	0.0	100.0	1.5	9.0													
10835.2025	2.82930000000124	processed_trials			5.0	0.9254290601982645					True				Mixed					100.0		9.0	40.0	40.0	False	True	False			20.373136501193883	0.7367	-0.188565050942852	Right	0.7367	
10835.2025	0.7366999999994732	states																																	"       state_name
id               
3   wait_for_poke"
10835.939199999999	0.09259999999994761	states																																	"        state_name
id                
1   nose_in_center"
10836.031799999999	2.0	states																																	"          state_name
id                  
2   punish_violation"
10838.5133	3.4156000000002678	trials	1.0	2.0	5.0	0.9164658582361883	0.0	0.15	True	8775.0	False	False	27479.0	False	Mixed	True	True	0.025	0.0	2.0194873690439845	1.5	9.0													
10838.5133	3.4156000000002678	processed_trials			5.0	0.9164658582361883					False				Mixed					2.0194873690439845		9.0	40.0	40.0	False	True	False			20.373136501193883	0.5582	-0.1929375502922147	Left	0.5582	
10838.5133	0.5581999999994878	states																																	"       state_name
id               
3   wait_for_poke"
10839.0715	0.85740000000078	states																																	"        state_name
id                
1   nose_in_center"
10839.9289	2.0	states																																	"          state_name
id                  
2   punish_violation"
10842.3861	19.262800000000425	trials	1.0	2.0	5.0	1.173794731661628	0.0	0.15	True	8775.0	True	False	27480.0	False	Mixed	True	True	0.025	0.0	100.0	1.5	9.0													
10842.3861	19.262800000000425	processed_trials			5.0	1.173794731661628					True				Mixed					100.0		9.0	40.0	40.0	False	True	False			20.373136501193883	17.015099999999997	0.21018729308328754	Left	17.015099999999997	
10842.3861	17.01510000000053	states																																	"       state_name
id               
3   wait_for_poke"
10859.4012	0.24769999999989523	states																																	"        state_name
id                
1   nose_in_center"
10859.6489	2.0	states																																	"          state_name
id                  
2   punish_violation"
10862.1133	91.61979999999858	trials	1.0	2.0	5.0	1.076834079290907	0.0	0.15	True	8775.0	False	False	27481.0	False	Mixed	True	True	0.025	0.0	0.3938069753425689	1.5	9.0													
10862.1133	91.61979999999858	processed_trials			5.0	1.076834079290907					False				Mixed					0.3938069753425689		9.0	40.0	40.0	True	False	False	0.39380000000001303	0.39380000000001303	20.373136501193883	89.8661	1.9947304309007818	Right	89.8661	
10862.1133	89.86609999999928	states																																	"       state_name
id               
3   wait_for_poke"
10951.9794	1.0768000000007305	states																																	"        state_name
id                
1   nose_in_center"
10953.0562	0.0020000000004074536	states																																	"   state_name
id           
5      go_cue"
10953.058200000001	0.3937999999998283	states																																	"            state_name
id                    
6   wait_for_side_poke"
10953.452000000001	0.22259999999914726	states																																	"         state_name
id                 
4   announce_reward"
10953.6746	0.058399999999892316	states																																	"   state_name
id           
8      reward"
10953.733	0.00010000000111176632	states																																	"    state_name
id            
7   stop_sound"
10954.2028	5.423099999999977	trials	1.0	2.0	20.0	0.9165241407442674	0.0	0.15	True	8780.0	False	False	27482.0	False	Mixed	True	False	0.025	0.0	0.39380698	1.5	9.0													
10954.2028	5.423099999999977	processed_trials			20.0	0.9165241407442674					False				Mixed					0.39380698		9.0	40.0	40.0	False	True	False			20.373136501193883	3.3886	-0.12360465304607347	Right	1.3786	
10954.2028	3.388600000000224	states																																	"       state_name
id               
3   wait_for_poke"
10957.5914	0.03449999999975262	states																																	"        state_name
id                
1   nose_in_center"
10957.6259	2.0	states																																	"          state_name
id                  
2   punish_violation"
10960.0936	6.196899999999005	trials	1.0	2.0	20.0	1.0693244400814836	0.0	0.15	True	8780.0	False	False	27483.0	False	Mixed	True	True	0.025	0.0	4.3386852989234885	1.5	9.0													
10960.0936	6.196899999999005	processed_trials			20.0	1.0693244400814836					False				Mixed					4.3386852989234885		9.0	40.0	40.0	True	False	False	4.338699999999999	4.338699999999999	20.373136501193883	0.6282000000000001	-0.19122284466501366	Left	0.6282000000000001	
10960.0936	0.6281999999991967	states																																	"       state_name
id               
3   wait_for_poke"
10960.7218	1.0693000000010215	states																																	"        state_name
id                
1   nose_in_center"
10961.7911	0.0020000000004074536	states																																	"   state_name
id           
5      go_cue"
10961.7931	4.3387000000002445	states																																	"            state_name
id                    
6   wait_for_side_poke"
10966.131800000001	0.00969999999870197	states																																	"         state_name
id                 
4   announce_reward"
10966.1415	0.1489000000001397	states																																	"   state_name
id           
8      reward"
10966.2904	0.00010000000111176632	states																																	"    state_name
id            
7   stop_sound"
10966.7688	20.00510000000031	trials	1.0	2.0	40.0	1.0693244	0.0	0.15	True	8800.0	True	False	27484.0	False	Mixed	True	False	0.025	0.0	100.0	1.5	9.0													
10966.7688	20.00510000000031	processed_trials			40.0	1.0693244					True				Mixed					100.0		9.0	40.0	40.0	False	False	True	16.6048	16.6048	20.373136501193883	2.1289000000000002	-0.1544620055972903	Left	0.6261000000000003	
10966.7688	2.128899999999703	states																																	"       state_name
id               
3   wait_for_poke"
10968.8977	1.0693000000010215	states																																	"        state_name
id                
1   nose_in_center"
10969.967	0.0019999999985884642	states																																	"   state_name
id           
5      go_cue"
10969.969	16.604800000000978	states																																	"            state_name
id                    
6   wait_for_side_poke"
10986.5738	0.1999999999989086	states																																	"   state_name
id           
0     opt_out"
10986.773799999999	0.00010000000111176632	states																																	"    state_name
id            
7   stop_sound"
10987.2456	2.9940000000005966	trials	1.0	2.0	5.0	0.843793172118561	0.0	0.15	True	8800.0	False	False	27485.0	False	Mixed	True	False	0.025	0.0	2.5438853226770313	1.5	9.0													
10987.2456	2.9940000000005966	processed_trials			5.0	0.843793172118561					False				Mixed					2.5438853226770313		9.0	40.0	40.0	False	True	False			20.373136501193883	0.8866	-0.18489313132117433	Right	0.8866	
10987.2456	0.8865999999998166	states																																	"       state_name
id               
3   wait_for_poke"
10988.1322	0.10740000000077998	states																																	"        state_name
id                
1   nose_in_center"
10988.2396	2.0	states																																	"          state_name
id                  
2   punish_violation"
10990.7199	14.278000000000247	trials	1.0	2.0	5.0	1.1749421477291213	0.0	0.15	True	8800.0	False	False	27486.0	False	Mixed	True	True	0.025	0.0	0.338073413305501	1.5	9.0													
10990.7199	14.278000000000247	processed_trials			5.0	1.1749421477291213					False				Mixed					0.338073413305501		9.0	40.0	40.0	False	True	False			20.373136501193883	12.1031	0.08986394964312162	Left	12.1031	
10990.7199	12.103100000000268	states																																	"       state_name
id               
3   wait_for_poke"
11002.823	0.17489999999997963	states																																	"        state_name
id                
1   nose_in_center"
11002.9979	2.0	states																																	"          state_name
id                  
2   punish_violation"
11005.4724	15.662499999998545	trials	1.0	2.0	5.0	1.045228876610135	0.0	0.15	True	8800.0	False	False	27487.0	False	Mixed	True	True	0.025	0.0	1.6347009143501197	1.5	9.0													
11005.4724	15.662499999998545	processed_trials			5.0	1.045228876610135					False				Mixed					1.6347009143501197		9.0	40.0	40.0	True	False	False	1.6347000000000005	1.6347000000000005	20.373136501193883	12.0703	0.08906048757780455	Left	12.0703	
11005.4724	12.070299999999406	states																																	"       state_name
id               
3   wait_for_poke"
11017.5427	1.0452000000004773	states																																	"        state_name
id                
1   nose_in_center"
11018.5879	0.0020000000004074536	states																																	"   state_name
id           
5      go_cue"
11018.5899	1.634700000000521	states																																	"            state_name
id                    
6   wait_for_side_poke"
11020.224600000001	0.8562999999994645	states																																	"         state_name
id                 
4   announce_reward"
11021.0809	0.053899999998975545	states																																	"   state_name
id           
8      reward"
11021.1348	0.00010000000111176632	states																																	"    state_name
id            
7   stop_sound"
11021.6108	11.21349999999984	trials	1.0	2.0	5.0	1.0452289	0.0	0.15	True	8805.0	False	False	27488.0	False	Mixed	True	False	0.025	0.0	1.7832197137651176	1.5	9.0													
11021.6108	11.21349999999984	processed_trials			5.0	1.0452289					False				Mixed					1.7832197137651176		9.0	40.0	40.0	False	True	False			20.373136501193883	9.1686	0.01798104017138566	Left	2.4177	
11021.6108	9.168600000000879	states																																	"       state_name
id               
3   wait_for_poke"
11030.779400000001	0.04489999999896099	states																																	"        state_name
id                
1   nose_in_center"
11030.8243	2.0	states																																	"          state_name
id                  
2   punish_violation"
11033.2952	5.370499999999083	trials	1.0	2.0	5.0	0.9561402002651849	0.0	0.15	True	8805.0	False	False	27489.0	False	Mixed	True	True	0.025	0.0	2.2040567624247367	1.5	9.0													
11033.2952	5.370499999999083	processed_trials			5.0	0.9561402002651849					False				Mixed					2.2040567624247367		9.0	40.0	40.0	True	False	False	2.2040999999999995	2.2040999999999995	20.373136501193883	2.0175	-0.15719083712400744	Left	2.0175	
11033.2952	2.0174999999999272	states																																	"       state_name
id               
3   wait_for_poke"
11035.3127	0.9560999999994237	states																																	"        state_name
id                
1   nose_in_center"
11036.2688	0.0020000000004074536	states																																	"   state_name
id           
5      go_cue"
11036.2708	2.2041000000008353	states																																	"            state_name
id                    
6   wait_for_side_poke"
11038.474900000001	0.1368000000002212	states																																	"         state_name
id                 
4   announce_reward"
11038.611700000001	0.053899999998975545	states																																	"   state_name
id           
8      reward"
11038.6656	0.00010000000111176632	states																																	"    state_name
id            
7   stop_sound"
11039.1423	3.4989999999997963	trials	1.0	2.0	80.0	1.1803249822312891	0.0	0.15	True	8810.0	True	False	27490.0	False	Mixed	True	False	0.025	0.0	100.0	1.5	9.0													
11039.1423	3.4989999999997963	processed_trials			80.0	1.1803249822312891					True				Mixed					100.0		9.0	40.0	40.0	False	True	False			20.373136501193883	1.2578	-0.17580029233807382	Left	0.6624000000000001	
11039.1423	1.2577999999994063	states																																	"       state_name
id               
3   wait_for_poke"
11040.400099999999	0.24120000000039	states																																	"        state_name
id                
1   nose_in_center"
11040.6413	2.0	states																																	"          state_name
id                  
2   punish_violation"
11043.1173	4.391299999999319	trials	1.0	2.0	80.0	1.139077995166487	0.0	0.15	True	8810.0	False	False	27491.0	False	Mixed	True	True	0.025	0.0	2.291380884683769	1.5	9.0													
11043.1173	4.391299999999319	processed_trials			80.0	1.139077995166487					False				Mixed					2.291380884683769		9.0	40.0	40.0	True	False	False	2.2914	2.2914	20.373136501193883	0.1066	-0.203999851167129	Right	0.1066	
11043.1173	0.10659999999916181	states																																	"       state_name
id               
3   wait_for_poke"
11043.223899999999	1.139100000000326	states																																	"        state_name
id                
1   nose_in_center"
11044.363	0.0020000000004074536	states																																	"   state_name
id           
5      go_cue"
11044.365	2.291400000000067	states																																	"            state_name
id                    
6   wait_for_side_poke"
11046.6564	0.28069999999934225	states																																	"         state_name
id                 
4   announce_reward"
11046.9371	0.5714000000007218	states																																	"   state_name
id           
8      reward"
11047.5085	9.999999929277692e-05	states																																	"    state_name
id            
7   stop_sound"
11047.9873	6.245199999999386	trials	1.0	2.0	20.0	0.9207030844993924	0.0	0.15	True	8890.0	False	False	27492.0	False	Mixed	True	False	0.025	0.0	2.5287292139046444	1.5	9.0													
11047.9873	6.245199999999386	processed_trials			20.0	0.9207030844993924					False				Mixed					2.5287292139046444		9.0	40.0	40.0	False	True	False			20.373136501193883	4.2353000000000005	-0.1028640636953429	Right	1.0837000000000008	
11047.9873	4.235300000000279	states																																	"       state_name
id               
3   wait_for_poke"
11052.222600000001	0.009899999999106512	states																																	"        state_name
id                
1   nose_in_center"
11052.2325	2.0	states																																	"          state_name
id                  
2   punish_violation"
11054.7114	11.191600000000108	trials	1.0	2.0	20.0	0.92070308	0.0	0.15	True	8890.0	False	False	27493.0	False	Mixed	True	True	0.025	0.0	5.5104785120595166	1.5	9.0													
11054.7114	11.191600000000108	processed_trials			20.0	0.92070308					False				Mixed					5.5104785120595166		9.0	40.0	40.0	True	False	False	5.510500000000001	5.510500000000001	20.373136501193883	4.557	-0.09498376654862031	Right	4.557	
11054.7114	4.5570000000006985	states																																	"       state_name
id               
3   wait_for_poke"
11059.2684	0.9206999999987602	states																																	"        state_name
id                
1   nose_in_center"
11060.1891	0.0020000000004074536	states																																	"   state_name
id           
5      go_cue"
11060.1911	5.51050000000032	states																																	"            state_name
id                    
6   wait_for_side_poke"
11065.7016	0.042699999999967986	states																																	"         state_name
id                 
4   announce_reward"
11065.7443	0.15860000000066066	states																																	"   state_name
id           
8      reward"
11065.902900000001	9.999999929277692e-05	states																																	"    state_name
id            
7   stop_sound"
11066.3814	4.344699999999648	trials	1.0	2.0	10.0	0.9665627012177663	0.0	0.15	True	8910.0	False	False	27494.0	False	Mixed	True	False	0.025	0.0	1.5216215596078047	1.5	9.0													
11066.3814	4.344699999999648	processed_trials			10.0	0.9665627012177663					False				Mixed					1.5216215596078047		9.0	40.0	40.0	False	True	False			20.373136501193883	2.2986999999999997	-0.15030261966159403	Left	1.9079999999999997	
11066.3814	2.2986999999993714	states																																	"       state_name
id               
3   wait_for_poke"
11068.6801	0.046000000000276486	states																																	"        state_name
id                
1   nose_in_center"
11068.7261	2.0	states																																	"          state_name
id                  
2   punish_violation"
11071.2052	7.2796999999991385	trials	1.0	2.0	10.0	1.0237786136841993	0.0	0.15	True	8910.0	False	False	27495.0	False	Mixed	True	True	0.025	0.0	0.47879153403634456	1.5	9.0													
11071.2052	7.2796999999991385	processed_trials			10.0	1.0237786136841993					False				Mixed					0.47879153403634456		9.0	40.0	40.0	False	True	False			20.373136501193883	4.6602	-0.09245580053823248	Left	4.6602	
11071.2052	4.660200000000259	states																																	"       state_name
id               
3   wait_for_poke"
11075.8654	0.6194999999988795	states																																	"        state_name
id                
1   nose_in_center"
11076.4849	2.0	states																																	"          state_name
id                  
2   punish_violation"
11078.9683	7.926599999998871	trials	1.0	2.0	10.0	1.0960630958070112	0.0	0.15	True	8910.0	False	False	27496.0	False	Mixed	True	True	0.025	0.0	5.11563515005561	1.5	9.0													
11078.9683	7.926599999998871	processed_trials			10.0	1.0960630958070112					False				Mixed					5.11563515005561		9.0	40.0	40.0	True	False	False	5.1156	5.1156	20.373136501193883	1.5767	-0.16798858341643927	Right	1.5767	
11078.9683	1.5766999999996187	states																																	"       state_name
id               
3   wait_for_poke"
11080.545	1.0961000000006607	states																																	"        state_name
id                
1   nose_in_center"
11081.6411	0.0020000000004074536	states																																	"   state_name
id           
5      go_cue"
11081.643100000001	5.115599999999176	states																																	"            state_name
id                    
6   wait_for_side_poke"
11086.7587	0.04440000000067812	states																																	"         state_name
id                 
4   announce_reward"
11086.803100000001	0.09169999999903666	states																																	"   state_name
id           
8      reward"
11086.8948	0.00010000000111176632	states																																	"    state_name
id            
7   stop_sound"
11087.3744	9.136599999999817	trials	1.0	2.0	40.0	0.9825695510019008	0.0	0.15	True	8920.0	False	False	27497.0	False	Mixed	True	False	0.025	0.0	5.1156352	1.5	9.0													
11087.3744	9.136599999999817	processed_trials			40.0	0.9825695510019008					False				Mixed					5.1156352		9.0	40.0	40.0	True	False	False	5.115600000000001	5.115600000000001	20.373136501193883	2.1899	-0.15296776212215796	Left	1.2842000000000002	
11087.3744	2.1898999999993976	states																																	"       state_name
id               
3   wait_for_poke"
11089.5643	0.9826000000011845	states																																	"        state_name
id                
1   nose_in_center"
11090.546900000001	0.0019999999985884642	states																																	"   state_name
id           
5      go_cue"
11090.5489	5.115600000000995	states																																	"            state_name
id                    
6   wait_for_side_poke"
11095.6645	0.5696000000007189	states																																	"         state_name
id                 
4   announce_reward"
11096.234100000001	0.2767999999996391	states																																	"   state_name
id           
8      reward"
11096.510900000001	9.999999929277692e-05	states																																	"    state_name
id            
7   stop_sound"
11096.9967	8.261899999999514	trials	1.0	2.0	20.0	0.8473139789758226	0.0	0.15	True	8960.0	False	False	27498.0	False	Mixed	True	False	0.025	0.0	10.883416562636485	1.5	9.0													
11096.9967	8.261899999999514	processed_trials			20.0	0.8473139789758226					False				Mixed					10.883416562636485		9.0	40.0	40.0	False	True	False			20.373136501193883	5.9447	-0.06099095227909297	Right	1.4484000000000004	
11096.9967	5.944700000000012	states																																	"       state_name
id               
3   wait_for_poke"
11102.9414	0.3171999999995023	states																																	"        state_name
id                
1   nose_in_center"
11103.2586	2.0	states																																	"          state_name
id                  
2   punish_violation"
11105.7395	12.567000000000917	trials	1.0	2.0	20.0	0.9845611953600735	0.0	0.15	True	8960.0	True	False	27499.0	False	Mixed	True	True	0.025	0.0	10.883417	1.5	9.0													
11105.7395	12.567000000000917	processed_trials			20.0	0.9845611953600735					False				Mixed					10.883417		9.0	40.0	40.0	False	False	False	10.8834	10.8834	20.373136501193883	0.697	-0.18953753399142176	Right	0.697	
11105.7395	0.6970000000001164	states																																	"       state_name
id               
3   wait_for_poke"
11106.4365	0.984599999999773	states																																	"        state_name
id                
1   nose_in_center"
11107.4211	0.0020000000004074536	states																																	"   state_name
id           
5      go_cue"
11107.4231	10.883399999998801	states																																	"            state_name
id                    
6   wait_for_side_poke"
11118.7867	2.131199999999808	trials	1.0	2.0	10.0	1.1625909742888774	0.0	0.15	True	8960.0	False	False	27500.0	False	Mixed	True	False	0.025	0.0	2.7230538628379417	1.5	9.0													
11118.7867	2.131199999999808	processed_trials			10.0	1.1625909742888774					False				Mixed					2.7230538628379417		9.0	40.0	40.0	False	True	False			20.373136501193883	0.0861	-0.20450201495795217	Left	0.0861	
11118.7867	0.08610000000044238	states																																	"       state_name
id               
3   wait_for_poke"
11118.872800000001	0.045099999999365536	states																																	"        state_name
id                
1   nose_in_center"
11118.9179	2.0	states																																	"          state_name
id                  
2   punish_violation"
11121.398	4.10910000000149	trials	1.0	2.0	10.0	0.8533938986924668	0.0	0.15	True	8960.0	False	False	27501.0	False	Mixed	True	True	0.025	0.0	2.2149017758215312	1.5	9.0													
11121.398	4.10910000000149	processed_trials			10.0	0.8533938986924668					False				Mixed					2.2149017758215312		9.0	40.0	40.0	True	False	False	2.2149	2.2149	20.373136501193883	0.6498999999999999	-0.19069128592058135	Left	0.6498999999999999	
11121.398	0.6499000000003434	states																																	"       state_name
id               
3   wait_for_poke"
11122.0479	0.8533999999999651	states																																	"        state_name
id                
1   nose_in_center"
11122.9013	0.0020000000004074536	states																																	"   state_name
id           
5      go_cue"
11122.9033	2.2148999999990338	states																																	"            state_name
id                    
6   wait_for_side_poke"
11125.118199999999	0.30340000000069267	states																																	"         state_name
id                 
4   announce_reward"
11125.4216	0.08539999999993597	states																																	"   state_name
id           
8      reward"
11125.507	9.999999929277692e-05	states																																	"    state_name
id            
7   stop_sound"
11125.995	4.6983000000000175	trials	1.0	2.0	10.0	1.0058278318550171	0.0	0.15	True	8970.0	False	False	27502.0	False	Mixed	True	False	0.025	0.0	2.737051940991509	1.5	9.0													
11125.995	4.6983000000000175	processed_trials			10.0	1.0058278318550171					False				Mixed					2.737051940991509		9.0	40.0	40.0	False	True	False			20.373136501193883	2.0042	-0.15751663119317563	Left	0.7406000000000001	
11125.995	2.0041999999994005	states																																	"       state_name
id               
3   wait_for_poke"
11127.9992	0.694100000000617	states																																	"        state_name
id                
1   nose_in_center"
11128.6933	2.0	states																																	"          state_name
id                  
2   punish_violation"
11131.1775	5.945700000000215	trials	1.0	2.0	10.0	0.8583836768501379	0.0	0.15	True	8970.0	False	False	27503.0	False	Mixed	True	True	0.025	0.0	3.4021893175055777	1.5	9.0													
11131.1775	5.945700000000215	processed_trials			10.0	0.8583836768501379					False				Mixed					3.4021893175055777		9.0	40.0	40.0	False	True	False			20.373136501193883	3.7828000000000004	-0.11394841078546407	Right	3.7828000000000004	
11131.1775	3.7828000000008615	states																																	"       state_name
id               
3   wait_for_poke"
11134.9603	0.1628999999993539	states																																	"        state_name
id                
1   nose_in_center"
11135.1232	2.0	states																																	"          state_name
id                  
2   punish_violation"
11137.6093	2.6874000000007072	trials	1.0	2.0	10.0	1.0827709077145606	0.0	0.15	True	8970.0	False	False	27504.0	False	Mixed	True	True	0.025	0.0	0.8120307817657247	1.5	9.0													
11137.6093	2.6874000000007072	processed_trials			10.0	1.0827709077145606					False				Mixed					0.8120307817657247		9.0	40.0	40.0	True	False	False	0.8120000000000003	0.8120000000000003	20.373136501193883	0.573	-0.19257501253103507	Left	0.573	
11137.6093	0.5730000000003201	states																																	"       state_name
id               
3   wait_for_poke"
11138.1823	1.0828000000001339	states																																	"        state_name
id                
1   nose_in_center"
11139.2651	0.0020000000004074536	states																																	"   state_name
id           
5      go_cue"
11139.267100000001	0.8119999999998981	states																																	"            state_name
id                    
6   wait_for_side_poke"
11140.0791	0.13209999999889988	states																																	"         state_name
id                 
4   announce_reward"
11140.2112	0.08539999999993597	states																																	"   state_name
id           
8      reward"
11140.2966	0.00010000000111176632	states																																	"    state_name
id            
7   stop_sound"
11140.784	19.95800000000054	trials	1.0	2.0	80.0	0.9800194493770122	0.0	0.15	True	8980.0	True	False	27505.0	False	Mixed	True	False	0.025	0.0	100.0	1.5	9.0													
11140.784	19.95800000000054	processed_trials			80.0	0.9800194493770122					True				Mixed					100.0		9.0	40.0	40.0	False	False	True	17.537100000000002	17.537100000000002	20.373136501193883	1.2388	-0.17626571243688555	Left	0.7764	
11140.784	1.2387999999991735	states																																	"       state_name
id               
3   wait_for_poke"
11142.022799999999	0.9800000000013824	states																																	"        state_name
id                
1   nose_in_center"
11143.0028	0.0019999999985884642	states																																	"   state_name
id           
5      go_cue"
11143.004799999999	17.537100000001374	states																																	"            state_name
id                    
6   wait_for_side_poke"
11160.5419	0.1999999999989086	states																																	"   state_name
id           
0     opt_out"
11160.741899999999	0.00010000000111176632	states																																	"    state_name
id            
7   stop_sound"
11161.2277	2.559900000000198	trials	1.0	2.0	5.0	1.0272362776148583	0.0	0.15	True	8980.0	False	False	27506.0	False	Mixed	True	False	0.025	0.0	0.1895374149607149	1.5	9.0													
11161.2277	2.559900000000198	processed_trials			5.0	1.0272362776148583					False				Mixed					0.1895374149607149		9.0	40.0	40.0	False	True	False			20.373136501193883	0.5192	-0.19389288628451246	Right	0.5192	
11161.2277	0.5192000000006374	states																																	"       state_name
id               
3   wait_for_poke"
11161.7469	0.04069999999956053	states																																	"        state_name
id                
1   nose_in_center"
11161.7876	2.0	states																																	"          state_name
id                  
2   punish_violation"
11164.2677	2.2361000000000786	trials	1.0	2.0	5.0	1.0272363	0.0	0.15	True	8980.0	False	False	27507.0	False	Mixed	True	True	0.025	0.0	0.18953741	1.5	9.0													
11164.2677	2.2361000000000786	processed_trials			5.0	1.0272363					False				Mixed					0.18953741		9.0	40.0	40.0	True	False	False	0.1895	0.1895	20.373136501193883	0.3003	-0.19925501573871693	Right	0.3003	
11164.2677	0.3003000000007887	states																																	"       state_name
id               
3   wait_for_poke"
11164.568000000001	1.0271999999986292	states																																	"        state_name
id                
1   nose_in_center"
11165.5952	0.0020000000004074536	states																																	"   state_name
id           
5      go_cue"
11165.5972	0.18950000000040745	states																																	"            state_name
id                    
6   wait_for_side_poke"
11165.7867	0.6586000000006607	states																																	"         state_name
id                 
4   announce_reward"
11166.445300000001	0.058399999999892316	states																																	"   state_name
id           
8      reward"
11166.503700000001	9.999999929277692e-05	states																																	"    state_name
id            
7   stop_sound"
11166.9965	3.156700000001365	trials	1.0	2.0	10.0	0.8562280640642027	0.0	0.15	True	8985.0	False	False	27508.0	False	Mixed	True	False	0.025	0.0	2.395768245389764	1.5	9.0													
11166.9965	3.156700000001365	processed_trials			10.0	0.8562280640642027					False				Mixed					2.395768245389764		9.0	40.0	40.0	False	True	False			20.373136501193883	1.1148	-0.17930319097649886	Left	1.1148	
11166.9965	1.1147999999993772	states																																	"       state_name
id               
3   wait_for_poke"
11168.111299999999	0.0419000000001688	states																																	"        state_name
id                
1   nose_in_center"
11168.153199999999	2.0	states																																	"          state_name
id                  
2   punish_violation"
11170.6316	10.768699999998717	trials	1.0	2.0	10.0	0.8457654368031153	0.0	0.15	True	8985.0	False	False	27509.0	False	Mixed	True	True	0.025	0.0	2.1607987153638786	1.5	9.0													
11170.6316	10.768699999998717	processed_trials			10.0	0.8457654368031153					False				Mixed					2.1607987153638786		9.0	40.0	40.0	True	False	False	2.1607999999999983	2.1607999999999983	20.373136501193883	7.4169	-0.024928243359587203	Left	7.4169	
11170.6316	7.416900000000169	states																																	"       state_name
id               
3   wait_for_poke"
11178.0485	0.8457999999991443	states																																	"        state_name
id                
1   nose_in_center"
11178.8943	0.0020000000004074536	states																																	"   state_name
id           
5      go_cue"
11178.8963	2.1607999999996537	states																																	"            state_name
id                    
6   wait_for_side_poke"
11181.0571	0.2577000000001135	states																																	"         state_name
id                 
4   announce_reward"
11181.3148	0.08539999999993597	states																																	"   state_name
id           
8      reward"
11181.4002	0.00010000000111176632	states																																	"    state_name
id            
7   stop_sound"
11181.8917	3.707300000000032	trials	1.0	2.0	40.0	0.9626171959629538	0.0	0.15	True	8995.0	True	False	27510.0	False	Mixed	True	False	0.025	0.0	100.0	1.5	9.0													
11181.8917	3.707300000000032	processed_trials			40.0	0.9626171959629538					True				Mixed					100.0		9.0	40.0	40.0	False	True	False			20.373136501193883	1.6448	-0.16632041979911938	Right	0.7257	
11181.8917	1.644800000000032	states																																	"       state_name
id               
3   wait_for_poke"
11183.5365	0.0625	states																																	"        state_name
id                
1   nose_in_center"
11183.599	2.0	states																																	"          state_name
id                  
2   punish_violation"
11186.0888	5.750900000000911	trials	1.0	2.0	40.0	0.8193987237204157	0.0	0.15	True	8995.0	False	False	27511.0	False	Mixed	True	True	0.025	0.0	4.410398974819893	1.5	9.0													
11186.0888	5.750900000000911	processed_trials			40.0	0.8193987237204157					False				Mixed					4.410398974819893		9.0	40.0	40.0	True	False	False	4.410400000000001	4.410400000000001	20.373136501193883	0.0423	-0.20557493076468658	Left	0.0423	
11186.0888	0.0422999999991589	states																																	"       state_name
id               
3   wait_for_poke"
11186.131099999999	0.8194000000003143	states																																	"        state_name
id                
1   nose_in_center"
11186.950499999999	0.0020000000004074536	states																																	"   state_name
id           
5      go_cue"
11186.9525	4.410400000000664	states																																	"            state_name
id                    
6   wait_for_side_poke"
11191.3629	0.19989999999961583	states																																	"         state_name
id                 
4   announce_reward"
11191.5628	0.2767999999996391	states																																	"   state_name
id           
8      reward"
11191.8396	9.999999929277692e-05	states																																	"    state_name
id            
7   stop_sound"
11192.3358	6.238299999999072	trials	1.0	2.0	80.0	1.0143574525881411	0.0	0.15	True	9035.0	False	False	27512.0	False	Mixed	True	False	0.025	0.0	4.5040430839408	1.5	9.0													
11192.3358	6.238299999999072	processed_trials			80.0	1.0143574525881411					False				Mixed					4.5040430839408		9.0	40.0	40.0	False	True	False			20.373136501193883	4.1909	-0.10395167697888187	Right	2.0901	
11192.3358	4.190899999999601	states																																	"       state_name
id               
3   wait_for_poke"
11196.5267	0.0474000000012893	states																																	"        state_name
id                
1   nose_in_center"
11196.574100000002	2.0	states																																	"          state_name
id                  
2   punish_violation"
11199.0691	2.439199999998891	trials	1.0	2.0	80.0	1.193178687498477	0.0	0.15	True	9035.0	False	False	27513.0	False	Mixed	True	True	0.025	0.0	0.1288286153836479	1.5	9.0													
11199.0691	2.439199999998891	processed_trials			80.0	1.193178687498477					False				Mixed					0.1288286153836479		9.0	40.0	40.0	True	False	False	0.12880000000000003	0.12880000000000003	20.373136501193883	0.0633	-0.20506051907652623	Right	0.0633	
11199.0691	0.06329999999979918	states																																	"       state_name
id               
3   wait_for_poke"
11199.1324	1.193199999999706	states																																	"        state_name
id                
1   nose_in_center"
11200.3256	0.0020000000004074536	states																																	"   state_name
id           
5      go_cue"
11200.3276	0.12880000000041036	states																																	"            state_name
id                    
6   wait_for_side_poke"
11200.456400000001	0.48040000000037253	states																																	"         state_name
id                 
4   announce_reward"
11200.936800000001	0.5713999999989028	states																																	"   state_name
id           
8      reward"
11201.5082	0.00010000000111176632	states																																	"    state_name
id            
7   stop_sound"
11201.997	6.8026000000008935	trials	1.0	2.0	40.0	0.9230250507042448	0.0	0.15	True	9115.0	False	False	27514.0	False	Mixed	True	False	0.025	0.0	0.7100046882285916	1.5	9.0													
11201.997	6.8026000000008935	processed_trials			40.0	0.9230250507042448					False				Mixed					0.7100046882285916		9.0	40.0	40.0	False	True	False			20.373136501193883	4.7992	-0.08905088507850464	Left	0.9376000000000002	
11201.997	4.799199999999473	states																																	"       state_name
id               
3   wait_for_poke"
11206.796199999999	0.003400000001420267	states																																	"        state_name
id                
1   nose_in_center"
11206.7996	2.0	states																																	"          state_name
id                  
2   punish_violation"
11209.2943	1.9148000000004686	trials	1.0	2.0	40.0	0.8746488264135763	0.0	0.15	True	9115.0	False	False	27515.0	False	Mixed	True	True	0.025	0.0	0.5885635407762664	1.5	9.0													
11209.2943	1.9148000000004686	processed_trials			40.0	0.8746488264135763					False				Mixed					0.5885635407762664		9.0	40.0	40.0	True	False	False	0.5886000000000001	0.5886000000000001	20.373136501193883	0.0342	-0.20577334670154837	Right	0.0342	
11209.2943	0.0342000000000553	states																																	"       state_name
id               
3   wait_for_poke"
11209.3285	0.8745999999991909	states																																	"        state_name
id                
1   nose_in_center"
11210.203099999999	0.0020000000004074536	states																																	"   state_name
id           
5      go_cue"
11210.2051	0.5886000000009517	states																																	"            state_name
id                    
6   wait_for_side_poke"
11210.7937	0.12119999999958964	states																																	"         state_name
id                 
4   announce_reward"
11210.9149	0.2940999999991618	states																																	"   state_name
id           
8      reward"
11211.208999999999	0.00010000000111176632	states																																	"    state_name
id            
7   stop_sound"
11211.6983	8.366700000000492	trials	1.0	2.0	10.0	1.1086032480768366	0.0	0.15	True	9155.0	False	False	27516.0	False	Mixed	True	False	0.025	0.0	2.574957425053329	1.5	9.0													
11211.6983	8.366700000000492	processed_trials			10.0	1.1086032480768366					False				Mixed					2.574957425053329		9.0	40.0	40.0	False	True	False			20.373136501193883	6.0001999999999995	-0.05963143567466929	Left	0.9278999999999993	
11211.6983	6.0002000000004045	states																																	"       state_name
id               
3   wait_for_poke"
11217.6985	0.3665000000000873	states																																	"        state_name
id                
1   nose_in_center"
11218.065	2.0	states																																	"          state_name
id                  
2   punish_violation"
11220.5568	3.9151999999994587	trials	1.0	2.0	10.0	0.837709601005877	0.0	0.15	True	9155.0	False	False	27517.0	False	Mixed	True	True	0.025	0.0	8.430034767018991	1.5	9.0													
11220.5568	3.9151999999994587	processed_trials			10.0	0.837709601005877					False				Mixed					8.430034767018991		9.0	40.0	40.0	False	True	False			20.373136501193883	1.8154000000000001	-0.16214143722768362	Right	1.8154000000000001	
11220.5568	1.8153999999994994	states																																	"       state_name
id               
3   wait_for_poke"
11222.3722	0.09979999999995925	states																																	"        state_name
id                
1   nose_in_center"
11222.472	2.0	states																																	"          state_name
id                  
2   punish_violation"
11224.9679	5.688299999999799	trials	1.0	2.0	10.0	0.9393660477164921	0.0	0.15	True	9155.0	False	False	27518.0	False	Mixed	True	True	0.025	0.0	2.114940127068305	1.5	9.0													
11224.9679	5.688299999999799	processed_trials			10.0	0.9393660477164921					False				Mixed					2.114940127068305		9.0	40.0	40.0	True	False	False	2.1149	2.1149	20.373136501193883	2.2105	-0.15246314875186737	Right	2.2105	
11224.9679	2.2104999999992287	states																																	"       state_name
id               
3   wait_for_poke"
11227.178399999999	0.9394000000011147	states																																	"        state_name
id                
1   nose_in_center"
11228.1178	0.0020000000004074536	states																																	"   state_name
id           
5      go_cue"
11228.1198	2.11489999999867	states																																	"            state_name
id                    
6   wait_for_side_poke"
11230.234699999999	0.3297000000002299	states																																	"         state_name
id                 
4   announce_reward"
11230.5644	0.09170000000085565	states																																	"   state_name
id           
8      reward"
11230.6561	9.999999929277692e-05	states																																	"    state_name
id            
7   stop_sound"
11231.1524	3.63169999999991	trials	1.0	2.0	40.0	0.8468002595535168	0.0	0.15	True	9165.0	True	False	27519.0	False	Mixed	True	False	0.025	0.0	100.0	1.5	9.0													
11231.1524	3.63169999999991	processed_trials			40.0	0.8468002595535168					True				Mixed					100.0		9.0	40.0	40.0	False	True	False			20.373136501193883	1.6078	-0.1672267642020685	Right	1.1742	
11231.1524	1.60779999999977	states																																	"       state_name
id               
3   wait_for_poke"
11232.7602	0.0239000000001397	states																																	"        state_name
id                
1   nose_in_center"
11232.7841	2.0	states																																	"          state_name
id                  
2   punish_violation"
11235.2873	3.2137999999995372	trials	1.0	2.0	40.0	1.1791784818054794	0.0	0.15	True	9165.0	False	False	27520.0	False	Mixed	True	True	0.025	0.0	1.7148467225048136	1.5	9.0													
11235.2873	3.2137999999995372	processed_trials			40.0	1.1791784818054794					False				Mixed					1.7148467225048136		9.0	40.0	40.0	False	True	False			20.373136501193883	0.1217	-0.20362996466754704	Right	0.1217	
11235.2873	0.1216999999996915	states																																	"       state_name
id               
3   wait_for_poke"
11235.409	1.0920999999998457	states																																	"        state_name
id                
1   nose_in_center"
11236.5011	2.0	states																																	"          state_name
id                  
2   punish_violation"
11238.9942	8.109200000000783	trials	1.0	2.0	40.0	1.1093161192377239	0.0	0.15	True	9165.0	False	False	27521.0	False	Mixed	True	True	0.025	0.0	6.237774965090649	1.5	9.0													
11238.9942	8.109200000000783	processed_trials			40.0	1.1093161192377239					False				Mixed					6.237774965090649		9.0	40.0	40.0	True	False	False	6.2378	6.2378	20.373136501193883	0.1482	-0.2029808261086781	Right	0.1482	
11238.9942	0.1481999999996333	states																																	"       state_name
id               
3   wait_for_poke"
11239.142399999999	1.1093000000000757	states																																	"        state_name
id                
1   nose_in_center"
11240.251699999999	0.0020000000004074536	states																																	"   state_name
id           
5      go_cue"
11240.2537	6.237800000000789	states																																	"            state_name
id                    
6   wait_for_side_poke"
11246.4915	0.3176999999996042	states																																	"         state_name
id                 
4   announce_reward"
11246.8092	0.2940999999991618	states																																	"   state_name
id           
8      reward"
11247.103299999999	0.00010000000111176632	states																																	"    state_name
id            
7   stop_sound"
11247.6038	4.299999999999272	trials	1.0	2.0	40.0	0.9681589343307653	0.0	0.15	True	9205.0	True	False	27522.0	False	Mixed	True	False	0.025	0.0	100.0	1.5	9.0													
11247.6038	4.299999999999272	processed_trials			40.0	0.9681589343307653					True				Mixed					100.0		9.0	40.0	40.0	False	True	False			20.373136501193883	2.2413000000000003	-0.15170867827589887	Left	2.0384	
11247.6038	2.2412999999996828	states																																	"       state_name
id               
3   wait_for_poke"
11249.8451	0.058699999999589636	states																																	"        state_name
id                
1   nose_in_center"
11249.9038	2.0	states																																	"          state_name
id                  
2   punish_violation"
11252.4049	2.0878000000011525	trials	1.0	2.0	40.0	0.96815893	0.0	0.15	True	9205.0	False	False	27523.0	False	Mixed	True	True	0.025	0.0	0.33365309949555666	1.5	9.0													
11252.4049	2.0878000000011525	processed_trials			40.0	0.96815893					False				Mixed					0.33365309949555666		9.0	40.0	40.0	False	True	False			20.373136501193883	0.0412	-0.20560187613882827	Right	0.0412	
11252.4049	0.041199999999662396	states																																	"       state_name
id               
3   wait_for_poke"
11252.4461	0.04659999999967113	states																																	"        state_name
id                
1   nose_in_center"
11252.492699999999	2.0	states																																	"          state_name
id                  
2   punish_violation"
11254.9937	6.30619999999908	trials	1.0	2.0	40.0	0.9211724941537927	0.0	0.15	True	9205.0	False	False	27524.0	False	Mixed	True	True	0.025	0.0	4.8000943359464125	1.5	9.0													
11254.9937	6.30619999999908	processed_trials			40.0	0.9211724941537927					False				Mixed					4.8000943359464125		9.0	40.0	40.0	True	False	False	4.8001	4.8001	20.373136501193883	0.0424	-0.20557248118521912	Right	0.0424	
11254.9937	0.042400000000270666	states																																	"       state_name
id               
3   wait_for_poke"
11255.036100000001	0.921199999998862	states																																	"        state_name
id                
1   nose_in_center"
11255.9573	0.0020000000004074536	states																																	"   state_name
id           
5      go_cue"
11255.9593	4.800100000000384	states																																	"            state_name
id                    
6   wait_for_side_poke"
11260.7594	0.2463000000007014	states																																	"         state_name
id                 
4   announce_reward"
11261.005700000002	0.2940999999991618	states																																	"   state_name
id           
8      reward"
11261.2998	0.00010000000111176632	states																																	"    state_name
id            
7   stop_sound"
11261.8041	4.900100000000748	trials	1.0	2.0	10.0	1.1580678796844004	0.0	0.15	True	9245.0	True	False	27525.0	False	Mixed	True	False	0.025	0.0	100.0	1.5	9.0													
11261.8041	4.900100000000748	processed_trials			10.0	1.1580678796844004					True				Mixed					100.0		9.0	40.0	40.0	False	True	False			20.373136501193883	2.867	-0.13638165954818882	Right	0.9154	
11261.8041	2.867000000000189	states																																	"       state_name
id               
3   wait_for_poke"
11264.6711	0.033100000000558794	states																																	"        state_name
id                
1   nose_in_center"
11264.7042	2.0	states																																	"          state_name
id                  
2   punish_violation"
11267.2101	10.942799999998897	trials	1.0	2.0	10.0	1.1580679	0.0	0.15	True	9245.0	False	False	27526.0	False	Mixed	True	True	0.025	0.0	0.23035102262504525	1.5	9.0													
11267.2101	10.942799999998897	processed_trials			10.0	1.1580679					False				Mixed					0.23035102262504525		9.0	40.0	40.0	True	False	False	0.2303999999999995	0.2303999999999995	20.373136501193883	8.925	0.012013864588725989	Right	8.925	
11267.2101	8.924999999999272	states																																	"       state_name
id               
3   wait_for_poke"
11276.1351	1.1581000000005588	states																																	"        state_name
id                
1   nose_in_center"
11277.2932	0.0020000000004074536	states																																	"   state_name
id           
5      go_cue"
11277.2952	0.23040000000037253	states																																	"            state_name
id                    
6   wait_for_side_poke"
11277.5256	0.5354999999999563	states																																	"         state_name
id                 
4   announce_reward"
11278.0611	0.09169999999903666	states																																	"   state_name
id           
8      reward"
11278.1528	0.00010000000111176632	states																																	"    state_name
id            
7   stop_sound"
11278.6613	19.381900000000314	trials	1.0	2.0	40.0	0.8295275109443657	0.0	0.15	True	9255.0	True	False	27527.0	False	Mixed	True	False	0.025	0.0	100.0	1.5	9.0													
11278.6613	19.381900000000314	processed_trials			40.0	0.8295275109443657					True				Mixed					100.0		9.0	40.0	40.0	False	False	True	16.9456	16.9456	20.373136501193883	1.4047	-0.17220186010041902	Right	1.1458000000000002	
11278.6613	1.4046999999991385	states																																	"       state_name
id               
3   wait_for_poke"
11280.065999999999	0.8295000000016444	states																																	"        state_name
id                
1   nose_in_center"
11280.8955	0.0019999999985884642	states																																	"   state_name
id           
5      go_cue"
11280.8975	16.945600000000923	states																																	"            state_name
id                    
6   wait_for_side_poke"
11297.8431	0.1999999999989086	states																																	"   state_name
id           
0     opt_out"
11298.043099999999	0.00010000000111176632	states																																	"    state_name
id            
7   stop_sound"
11298.5445	2.3400999999994383	trials	1.0	2.0	20.0	0.8010931739220223	0.0	0.15	True	9255.0	False	False	27528.0	False	Mixed	True	False	0.025	0.0	0.9399582671917031	1.5	9.0													
11298.5445	2.3400999999994383	processed_trials			20.0	0.8010931739220223					False				Mixed					0.9399582671917031		9.0	40.0	40.0	False	True	False			20.373136501193883	0.1635	-0.20260604045016126	Right	0.1635	
11298.5445	0.16350000000056752	states																																	"       state_name
id               
3   wait_for_poke"
11298.708	0.17659999999887077	states																																	"        state_name
id                
1   nose_in_center"
11298.8846	2.0	states																																	"          state_name
id                  
2   punish_violation"
11301.3795	23.047100000001592	trials	1.0	2.0	20.0	0.8079138178757794	0.0	0.15	True	9255.0	False	False	27529.0	False	Mixed	True	True	0.025	0.0	0.2303098165277101	1.5	9.0													
11301.3795	23.047100000001592	processed_trials			20.0	0.8079138178757794					False				Mixed					0.2303098165277101		9.0	40.0	40.0	True	False	False	0.23029999999999973	0.23029999999999973	20.373136501193883	20.5664	0.2971792087101324	Right	20.5664	
11301.3795	20.566399999999703	states																																	"       state_name
id               
3   wait_for_poke"
11321.945899999999	0.8078999999997905	states																																	"        state_name
id                
1   nose_in_center"
11322.753799999999	0.0020000000004074536	states																																	"   state_name
id           
5      go_cue"
11322.755799999999	0.23029999999926076	states																																	"            state_name
id                    
6   wait_for_side_poke"
11322.986099999998	1.2818000000006577	states																																	"         state_name
id                 
4   announce_reward"
11324.267899999999	0.15860000000066066	states																																	"   state_name
id           
8      reward"
11324.4265	9.999999929277692e-05	states																																	"    state_name
id            
7   stop_sound"
11324.9303	4.042400000000271	trials	1.0	2.0	10.0	1.0091764839002628	0.0	0.15	True	9275.0	False	False	27530.0	False	Mixed	True	False	0.025	0.0	1.4181078984316822	1.5	9.0													
11324.9303	4.042400000000271	processed_trials			10.0	1.0091764839002628					False				Mixed					1.4181078984316822		9.0	40.0	40.0	False	True	False			20.373136501193883	1.8100999999999998	-0.16227126493945743	Left	1.0984999999999998	
11324.9303	1.8101000000006024	states																																	"       state_name
id               
3   wait_for_poke"
11326.7404	0.23229999999966822	states																																	"        state_name
id                
1   nose_in_center"
11326.9727	2.0	states																																	"          state_name
id                  
2   punish_violation"
11329.477	5.576399999999921	trials	1.0	2.0	10.0	0.93969412252107	0.0	0.15	True	9275.0	False	False	27531.0	False	Mixed	True	True	0.025	0.0	2.9686883264784703	1.5	9.0													
11329.477	5.576399999999921	processed_trials			10.0	0.93969412252107					False				Mixed					2.9686883264784703		9.0	40.0	40.0	True	False	False	2.9687	2.9687	20.373136501193883	1.3728	-0.17298327595052923	Right	1.3728	
11329.477	1.372799999999188	states																																	"       state_name
id               
3   wait_for_poke"
11330.8498	0.939700000000812	states																																	"        state_name
id                
1   nose_in_center"
11331.7895	0.0020000000004074536	states																																	"   state_name
id           
5      go_cue"
11331.791500000001	2.968699999999444	states																																	"            state_name
id                    
6   wait_for_side_poke"
11334.7602	0.20139999999992142	states																																	"         state_name
id                 
4   announce_reward"
11334.9616	0.09170000000085565	states																																	"   state_name
id           
8      reward"
11335.053300000001	9.999999929277692e-05	states																																	"    state_name
id            
7   stop_sound"
11335.5698	3.541400000000067	trials	1.0	2.0	80.0	0.9107481935075331	0.0	0.15	True	9285.0	False	False	27532.0	False	Mixed	True	False	0.025	0.0	4.752611023492981	1.5	9.0													
11335.5698	3.541400000000067	processed_trials			80.0	0.9107481935075331					False				Mixed					4.752611023492981		9.0	40.0	40.0	False	True	False			20.373136501193883	1.5098	-0.16962735208014998	Left	1.3723	
11335.5698	1.5097999999998137	states																																	"       state_name
id               
3   wait_for_poke"
11337.0796	0.0316000000002532	states																																	"        state_name
id                
1   nose_in_center"
11337.1112	2.0	states																																	"          state_name
id                  
2   punish_violation"
11339.6161	6.682600000000093	trials	1.0	2.0	80.0	0.9980426206398669	0.0	0.15	True	9285.0	False	False	27533.0	False	Mixed	True	True	0.025	0.0	4.582018310627875	1.5	9.0													
11339.6161	6.682600000000093	processed_trials			80.0	0.9980426206398669					False				Mixed					4.582018310627875		9.0	40.0	40.0	True	False	False	4.581999999999999	4.581999999999999	20.373136501193883	0.1522	-0.20288284292998088	Left	0.1522	
11339.6161	0.1522000000004482	states																																	"       state_name
id               
3   wait_for_poke"
11339.7683	0.9979999999995925	states																																	"        state_name
id                
1   nose_in_center"
11340.7663	0.0020000000004074536	states																																	"   state_name
id           
5      go_cue"
11340.7683	4.582000000000335	states																																	"            state_name
id                    
6   wait_for_side_poke"
11345.3503	0.41079999999965366	states																																	"         state_name
id                 
4   announce_reward"
11345.7611	0.5375000000003638	states																																	"   state_name
id           
8      reward"
11346.2986	9.999999929277692e-05	states																																	"    state_name
id            
7   stop_sound"
11346.8087	18.048000000000684	trials	1.0	2.0	40.0	0.8293779302376291	0.0	0.15	True	9365.0	True	False	27534.0	False	Mixed	True	False	0.025	0.0	100.0	1.5	9.0													
11346.8087	18.048000000000684	processed_trials			40.0	0.8293779302376291					True				Mixed					100.0		9.0	40.0	40.0	False	False	True	11.300500000000003	11.300500000000003	20.373136501193883	5.716	-0.06659314052110558	Right	0.7910000000000004	
11346.8087	5.716000000000349	states																																	"       state_name
id               
3   wait_for_poke"
11352.5247	0.8294000000005326	states																																	"        state_name
id                
1   nose_in_center"
11353.3541	0.0019999999985884642	states																																	"   state_name
id           
5      go_cue"
11353.356099999999	11.300500000001193	states																																	"            state_name
id                    
6   wait_for_side_poke"
11364.6566	0.1999999999989086	states																																	"   state_name
id           
0     opt_out"
11364.8566	0.00010000000111176632	states																																	"    state_name
id            
7   stop_sound"
11365.3693	2.413300000000163	trials	1.0	2.0	5.0	0.854792271155959	0.0	0.15	True	9365.0	False	False	27535.0	False	Mixed	True	False	0.025	0.0	1.637548664883154	1.5	9.0													
11365.3693	2.413300000000163	processed_trials			5.0	0.854792271155959					False				Mixed					1.637548664883154		9.0	40.0	40.0	False	True	False			20.373136501193883	0.3133	-0.198936570407951	Left	0.3133	
11365.3693	0.3132999999997992	states																																	"       state_name
id               
3   wait_for_poke"
11365.6826	0.1000000000003638	states																																	"        state_name
id                
1   nose_in_center"
11365.7826	2.0	states																																	"          state_name
id                  
2   punish_violation"
11368.2852	2.028599999999642	trials	1.0	2.0	5.0	0.966419216414182	0.0	0.15	True	9365.0	True	False	27536.0	False	Mixed	True	True	0.025	0.0	100.0	1.5	9.0													
11368.2852	2.028599999999642	processed_trials			5.0	0.966419216414182					True				Mixed					100.0		9.0	40.0	40.0	False	True	False			20.373136501193883	0.012	-0.20631715334331785	Left	0.012	
11368.2852	0.012000000000625732	states																																	"       state_name
id               
3   wait_for_poke"
11368.2972	0.01659999999901629	states																																	"        state_name
id                
1   nose_in_center"
11368.3138	2.0	states																																	"          state_name
id                  
2   punish_violation"
11370.829	7.2497999999995955	trials	1.0	2.0	5.0	0.873385839639435	0.0	0.15	True	9365.0	False	False	27537.0	False	Mixed	True	True	0.025	0.0	4.95350523077955	1.5	9.0													
11370.829	7.2497999999995955	processed_trials			5.0	0.873385839639435					False				Mixed					4.95350523077955		9.0	40.0	40.0	True	False	False	4.9535	4.9535	20.373136501193883	1.29	-0.17501152774956133	Right	1.29	
11370.829	1.2900000000008731	states																																	"       state_name
id               
3   wait_for_poke"
11372.119	0.8733999999985826	states																																	"        state_name
id                
1   nose_in_center"
11372.9924	0.0020000000004074536	states																																	"   state_name
id           
5      go_cue"
11372.9944	4.953499999999622	states																																	"            state_name
id                    
6   wait_for_side_poke"
11377.9479	0.0724000000009255	states																																	"         state_name
id                 
4   announce_reward"
11378.0203	0.058399999999892316	states																																	"   state_name
id           
8      reward"
11378.0787	9.999999929277692e-05	states																																	"    state_name
id            
7   stop_sound"
11378.5956	3.6885999999994965	trials	1.0	2.0	10.0	0.8123532313290603	0.0	0.15	True	9370.0	False	False	27538.0	False	Mixed	True	False	0.025	0.0	2.327941376438985	1.5	9.0													
11378.5956	3.6885999999994965	processed_trials			10.0	0.8123532313290603					False				Mixed					2.327941376438985		9.0	40.0	40.0	False	True	False			20.373136501193883	1.611	-0.16714837765911075	Right	1.1034	
11378.5956	1.6110000000007858	states																																	"       state_name
id               
3   wait_for_poke"
11380.206600000001	0.0775999999987107	states																																	"        state_name
id                
1   nose_in_center"
11380.2842	2.0	states																																	"          state_name
id                  
2   punish_violation"
11382.7958	3.9029000000009546	trials	1.0	2.0	10.0	0.9618534463012302	0.0	0.15	True	9370.0	False	False	27539.0	False	Mixed	True	True	0.025	0.0	1.4400817253966243	1.5	9.0													
11382.7958	3.9029000000009546	processed_trials			10.0	0.9618534463012302					False				Mixed					1.4400817253966243		9.0	40.0	40.0	False	True	False			20.373136501193883	1.6360999999999999	-0.1665335332127858	Right	1.6360999999999999	
11382.7958	1.6360999999997148	states																																	"       state_name
id               
3   wait_for_poke"
11384.4319	0.26679999999942083	states																																	"        state_name
id                
1   nose_in_center"
11384.698699999999	2.0	states																																	"          state_name
id                  
2   punish_violation"
11387.2085	12.344499999999243	trials	1.0	2.0	10.0	0.9968319207430605	0.0	0.15	True	9370.0	False	False	27540.0	False	Mixed	True	True	0.025	0.0	1.774484284872442	1.5	9.0													
11387.2085	12.344499999999243	processed_trials			10.0	0.9968319207430605					False				Mixed					1.774484284872442		9.0	40.0	40.0	True	False	False	1.7744999999999997	1.7744999999999997	20.373136501193883	9.379299999999999	0.02314230410926084	Left	9.379299999999999	
11387.2085	9.379300000000512	states																																	"       state_name
id               
3   wait_for_poke"
11396.587800000001	0.9967999999989843	states																																	"        state_name
id                
1   nose_in_center"
11397.5846	0.0020000000004074536	states																																	"   state_name
id           
5      go_cue"
11397.5866	1.7744999999995343	states																																	"            state_name
id                    
6   wait_for_side_poke"
11399.3611	0.10640000000057626	states																																	"         state_name
id                 
4   announce_reward"
11399.4675	0.08539999999993597	states																																	"   state_name
id           
8      reward"
11399.5529	9.999999929277692e-05	states																																	"    state_name
id            
7   stop_sound"
11400.0702	2.8515000000006694	trials	1.0	2.0	20.0	0.9365736870233978	0.0	0.15	True	9380.0	False	False	27541.0	False	Mixed	True	False	0.025	0.0	0.09457570032312576	1.5	9.0													
11400.0702	2.8515000000006694	processed_trials			20.0	0.9365736870233978					False				Mixed					0.09457570032312576		9.0	40.0	40.0	True	False	False	0.0945999999999998	0.0945999999999998	20.373136501193883	1.0860999999999998	-0.1800062202836513	Right	0.6031999999999998	
11400.0702	1.0861000000004424	states																																	"       state_name
id               
3   wait_for_poke"
11401.1563	0.936599999999089	states																																	"        state_name
id                
1   nose_in_center"
11402.0929	0.0020000000004074536	states																																	"   state_name
id           
5      go_cue"
11402.0949	0.09460000000035507	states																																	"            state_name
id                    
6   wait_for_side_poke"
11402.1895	0.573500000000422	states																																	"         state_name
id                 
4   announce_reward"
11402.763	0.15859999999884167	states																																	"   state_name
id           
8      reward"
11402.9216	0.00010000000111176632	states																																	"    state_name
id            
7   stop_sound"
11403.4311	3.5763000000006286	trials	1.0	2.0	10.0	1.008540367687762	0.0	0.15	True	9400.0	False	False	27542.0	False	Mixed	True	False	0.025	0.0	0.80631132155446	1.5	9.0													
11403.4311	3.5763000000006286	processed_trials			10.0	1.008540367687762					False				Mixed					0.80631132155446		9.0	40.0	40.0	False	True	False			20.373136501193883	1.4822	-0.1703034360131607	Left	0.8714	
11403.4311	1.4822000000003754	states																																	"       state_name
id               
3   wait_for_poke"
11404.9133	0.0941000000002532	states																																	"        state_name
id                
1   nose_in_center"
11405.0074	2.0	states																																	"          state_name
id                  
2   punish_violation"
11407.5223	6.7591999999986	trials	1.0	2.0	10.0	1.109778554865737	0.0	0.15	True	9400.0	False	False	27543.0	False	Mixed	True	True	0.025	0.0	0.4069021973058672	1.5	9.0													
11407.5223	6.7591999999986	processed_trials			10.0	1.109778554865737					False				Mixed					0.4069021973058672		9.0	40.0	40.0	True	False	False	0.40690000000000026	0.40690000000000026	20.373136501193883	4.8105	-0.08877408259868504	Right	4.8105	
11407.5223	4.8104999999995925	states																																	"       state_name
id               
3   wait_for_poke"
11412.3328	1.1098000000001775	states																																	"        state_name
id                
1   nose_in_center"
11413.4426	0.0020000000004074536	states																																	"   state_name
id           
5      go_cue"
11413.4446	0.4068999999999505	states																																	"            state_name
id                    
6   wait_for_side_poke"
11413.8515	0.3382000000001426	states																																	"         state_name
id                 
4   announce_reward"
11414.1897	0.09169999999903666	states																																	"   state_name
id           
8      reward"
11414.2814	0.00010000000111176632	states																																	"    state_name
id            
7   stop_sound"
11414.804	6.211699999999837	trials	1.0	2.0	80.0	1.1097786	0.0	0.15	True	9410.0	False	False	27544.0	False	Mixed	True	False	0.025	0.0	1.1512911679591147	1.5	9.0													
11414.804	6.211699999999837	processed_trials			80.0	1.1097786					False				Mixed					1.1512911679591147		9.0	40.0	40.0	True	False	False	1.1513	1.1513	20.373136501193883	3.1283000000000003	-0.12998090839979398	Right	1.8684000000000003	
11414.804	3.1283000000003085	states																																	"       state_name
id               
3   wait_for_poke"
11417.9323	1.1098000000001775	states																																	"        state_name
id                
1   nose_in_center"
11419.0421	0.0020000000004074536	states																																	"   state_name
id           
5      go_cue"
11419.044100000001	1.1512999999995372	states																																	"            state_name
id                    
6   wait_for_side_poke"
11420.1954	0.24879999999939173	states																																	"         state_name
id                 
4   announce_reward"
11420.4442	0.5714000000007218	states																																	"   state_name
id           
8      reward"
11421.0156	9.999999929277692e-05	states																																	"    state_name
id            
7   stop_sound"
11421.533	6.477899999999863	trials	1.0	2.0	5.0	0.8352096276503702	0.0	0.15	True	9490.0	False	False	27545.0	False	Mixed	True	False	0.025	0.0	1.1512912	1.5	9.0													
11421.533	6.477899999999863	processed_trials			5.0	0.8352096276503702					False				Mixed					1.1512912		9.0	40.0	40.0	False	True	False			20.373136501193883	4.3768	-0.09939790874892933	Right	1.3145000000000002	
11421.533	4.376800000000003	states																																	"       state_name
id               
3   wait_for_poke"
11425.9098	0.1010999999998603	states																																	"        state_name
id                
1   nose_in_center"
11426.0109	2.0	states																																	"          state_name
id                  
2   punish_violation"
11428.5335	7.840500000000247	trials	1.0	2.0	5.0	0.9769915294058771	0.0	0.15	True	9490.0	False	False	27546.0	False	Mixed	True	True	0.025	0.0	5.502883370197359	1.5	9.0													
11428.5335	7.840500000000247	processed_trials			5.0	0.9769915294058771					False				Mixed					5.502883370197359		9.0	40.0	40.0	True	False	False	5.5029	5.5029	20.373136501193883	1.2132	-0.1768928047805476	Right	1.2132	
11428.5335	1.2132000000001426	states																																	"       state_name
id               
3   wait_for_poke"
11429.7467	0.9769999999989523	states																																	"        state_name
id                
1   nose_in_center"
11430.723699999999	0.0020000000004074536	states																																	"   state_name
id           
5      go_cue"
11430.725699999999	5.502900000001318	states																																	"            state_name
id                    
6   wait_for_side_poke"
11436.2286	0.08689999999842257	states																																	"         state_name
id                 
4   announce_reward"
11436.315499999999	0.058399999999892316	states																																	"   state_name
id           
8      reward"
11436.373899999999	0.00010000000111176632	states																																	"    state_name
id            
7   stop_sound"
11436.8906	3.759699999998702	trials	1.0	2.0	5.0	0.8031404846788475	0.0	0.15	True	9495.0	False	False	27547.0	False	Mixed	True	False	0.025	0.0	0.6680176028983569	1.5	9.0													
11436.8906	3.759699999998702	processed_trials			5.0	0.8031404846788475					False				Mixed					0.6680176028983569		9.0	40.0	40.0	False	True	False			20.373136501193883	1.7173	-0.16454447468523256	Right	1.6380000000000001	
11436.8906	1.7173000000002503	states																																	"       state_name
id               
3   wait_for_poke"
11438.6079	0.042400000000270666	states																																	"        state_name
id                
1   nose_in_center"
11438.650300000001	2.0	states																																	"          state_name
id                  
2   punish_violation"
11441.1711	5.240200000000186	trials	1.0	2.0	5.0	0.9918986466668802	0.0	0.15	True	9495.0	False	False	27548.0	False	Mixed	True	True	0.025	0.0	5.736109559631634	1.5	9.0													
11441.1711	5.240200000000186	processed_trials			5.0	0.9918986466668802					False				Mixed					5.736109559631634		9.0	40.0	40.0	False	True	False			20.373136501193883	2.4366	-0.14692464957600793	Left	2.4366	
11441.1711	2.436600000000908	states																																	"       state_name
id               
3   wait_for_poke"
11443.6077	0.8035999999992782	states																																	"        state_name
id                
1   nose_in_center"
11444.4113	2.0	states																																	"          state_name
id                  
2   punish_violation"
11446.9343	50.91299999999865	trials	1.0	2.0	5.0	1.0626121206318246	0.0	0.15	True	9495.0	False	False	27549.0	False	Mixed	True	True	0.025	0.0	1.0491862644578878	1.5	9.0													
11446.9343	50.91299999999865	processed_trials			5.0	1.0626121206318246					False				Mixed					1.0491862644578878		9.0	40.0	40.0	False	True	False			20.373136501193883	48.7815	0.9883305050249994	Right	48.7815	
11446.9343	48.78149999999914	states																																	"       state_name
id               
3   wait_for_poke"
11495.7158	0.13150000000132422	states																																	"        state_name
id                
1   nose_in_center"
11495.847300000001	2.0	states																																	"          state_name
id                  
2   punish_violation"
11498.3723	99.35049999999865	trials	1.0	2.0	5.0	1.0626121	0.0	0.15	True	9495.0	False	False	27550.0	False	Mixed	True	True	0.025	0.0	1.0491863	1.5	9.0													
11498.3723	99.35049999999865	processed_trials			5.0	1.0626121					False				Mixed					1.0491863		9.0	40.0	40.0	True	False	False	1.0492000000000132	1.0492000000000132	20.373136501193883	97.16380000000001	2.1734933916954278	Left	97.16380000000001	
11498.3723	97.16380000000026	states																																	"       state_name
id               
3   wait_for_poke"
11595.536100000001	1.0625999999992928	states																																	"        state_name
id                
1   nose_in_center"
11596.5987	0.0020000000004074536	states																																	"   state_name
id           
5      go_cue"
11596.6007	1.0491999999994732	states																																	"            state_name
id                    
6   wait_for_side_poke"
11597.6499	0.018900000000940054	states																																	"         state_name
id                 
4   announce_reward"
11597.668800000001	0.053899999998975545	states																																	"   state_name
id           
8      reward"
11597.7227	0.00010000000111176632	states																																	"    state_name
id            
7   stop_sound"
11598.2467	102.90990000000056	trials	1.0	2.0	5.0	0.8037296951299886	0.0	0.15	True	9500.0	True	False	27551.0	False	Mixed	True	False	0.025	0.0	100.0	1.5	9.0													
11598.2467	102.90990000000056	processed_trials			5.0	0.8037296951299886					True				Mixed					100.0		9.0	40.0	40.0	False	False	False		100.0	20.373136501193883	2.1041999999999996	-0.15506705172574556	Right	0.8691999999999995	
11598.2467	2.1041999999997643	states																																	"       state_name
id               
3   wait_for_poke"
11600.3509	0.80370000000039	states																																	"        state_name
id                
1   nose_in_center"
11601.1546	0.0020000000004074536	states																																	"   state_name
id           
5      go_cue"
11601.1566	100.0	states																																	"            state_name
id                    
6   wait_for_side_poke"
11701.6779	199.2528000000002	trials	1.0	2.0	80.0	1.1355166473407594	0.0	0.15	True	9500.0	False	False	27552.0	False	Mixed	True	False	0.025	0.0	10.788798459099127	1.5	9.0													
11701.6779	199.2528000000002	processed_trials			80.0	1.1355166473407594					False				Mixed					10.788798459099127		9.0	40.0	40.0	False	False	True	10.39990000000003	10.39990000000003	20.373136501193883	187.5153	4.386725184210524	Left	187.5153	
11701.6779	187.51529999999912	states																																	"       state_name
id               
3   wait_for_poke"
11889.1932	1.1355000000003201	states																																	"        state_name
id                
1   nose_in_center"
11890.3287	0.0020000000004074536	states																																	"   state_name
id           
5      go_cue"
11890.3307	10.399900000000343	states																																	"            state_name
id                    
6   wait_for_side_poke"
11900.7306	0.1999999999989086	states																																	"   state_name
id           
0     opt_out"
11900.9306	0.00010000000111176632	states																																	"    state_name
id            
7   stop_sound"
11901.4562	2.8707999999987805	trials	1.0	2.0	20.0	1.0712217699522264	0.0	0.15	True	9500.0	False	False	27553.0	False	Mixed	True	False	0.025	0.0	2.7588628657784726	1.5	9.0													
11901.4562	2.8707999999987805	processed_trials			20.0	1.0712217699522264					False				Mixed					2.7588628657784726		9.0	40.0	40.0	False	True	False			20.373136501193883	0.5495	-0.19315066370588113	Right	0.5495	
11901.4562	0.5494999999991705	states																																	"       state_name
id               
3   wait_for_poke"
11902.0057	0.321300000001429	states																																	"        state_name
id                
1   nose_in_center"
11902.327000000001	2.0	states																																	"          state_name
id                  
2   punish_violation"
11904.8458	16.474700000000666	trials	1.0	2.0	20.0	1.0973887714813895	0.0	0.15	True	9500.0	False	False	27554.0	False	Mixed	True	True	0.025	0.0	0.17441777932421132	1.5	9.0													
11904.8458	16.474700000000666	processed_trials			20.0	1.0973887714813895					False				Mixed					0.17441777932421132		9.0	40.0	40.0	False	True	False			20.373136501193883	13.681299999999998	0.12852321279810325	Right	13.681299999999998	
11904.8458	13.681300000000192	states																																	"       state_name
id               
3   wait_for_poke"
11918.5271	0.7934000000004744	states																																	"        state_name
id                
1   nose_in_center"
11919.3205	2.0	states																																	"          state_name
id                  
2   punish_violation"
11921.8473	98.72230000000127	trials	1.0	2.0	20.0	1.0015469677344415	0.0	0.15	True	9500.0	False	False	27555.0	False	Mixed	True	True	0.025	0.0	0.7306259388470489	1.5	9.0													
11921.8473	98.72230000000127	processed_trials			20.0	1.0015469677344415					False				Mixed					0.7306259388470489		9.0	40.0	40.0	False	True	False			20.373136501193883	96.6794	2.161627628755196	Left	96.6794	
11921.8473	96.6794000000009	states																																	"       state_name
id               
3   wait_for_poke"
12018.5267	0.04289999999855354	states																																	"        state_name
id                
1   nose_in_center"
12018.569599999999	2.0	states																																	"          state_name
id                  
2   punish_violation"
12021.0984	164.91489999999976	trials	1.0	2.0	20.0	1.131610021170424	0.0	0.15	True	9500.0	False	False	27556.0	False	Mixed	True	True	0.025	0.0	0.4610531055370651	1.5	9.0													
12021.0984	164.91489999999976	processed_trials			20.0	1.131610021170424					False				Mixed					0.4610531055370651		9.0	40.0	40.0	True	False	False	0.46110000000001605	0.46110000000001605	20.373136501193883	162.8078	3.781495337295235	Right	162.8078	
12021.0984	162.8078000000005	states																																	"       state_name
id               
3   wait_for_poke"
12183.906200000001	1.131599999998798	states																																	"        state_name
id                
1   nose_in_center"
12185.0378	0.0020000000004074536	states																																	"   state_name
id           
5      go_cue"
12185.0398	0.4611000000004424	states																																	"            state_name
id                    
6   wait_for_side_poke"
12185.500900000001	0.3536999999996624	states																																	"         state_name
id                 
4   announce_reward"
12185.8546	0.15860000000066066	states																																	"   state_name
id           
8      reward"
12186.013200000001	9.999999929277692e-05	states																																	"    state_name
id            
7   stop_sound"
12186.5468	19.403000000000247	trials	1.0	2.0	40.0	1.0733926187074256	0.0	0.15	True	9520.0	True	False	27557.0	False	Mixed	True	False	0.025	0.0	100.0	1.5	9.0													
12186.5468	19.403000000000247	processed_trials			40.0	1.0733926187074256					True				Mixed					100.0		9.0	40.0	40.0	False	False	True	14.675800000000002	14.675800000000002	20.373136501193883	3.4516999999999998	-0.1220589684021251	Left	1.048	
12186.5468	3.4516999999996187	states																																	"       state_name
id               
3   wait_for_poke"
12189.9985	1.0734000000011292	states																																	"        state_name
id                
1   nose_in_center"
12191.0719	0.0019999999985884642	states																																	"   state_name
id           
5      go_cue"
12191.0739	14.67580000000089	states																																	"            state_name
id                    
6   wait_for_side_poke"
12205.7497	0.1999999999989086	states																																	"   state_name
id           
0     opt_out"
12205.9497	0.00010000000111176632	states																																	"    state_name
id            
7   stop_sound"
12206.4814	2.994300000000294	trials	1.0	2.0	10.0	1.022671201803702	0.0	0.15	True	9520.0	False	False	27558.0	False	Low	True	False	0.025	0.0	3.165633910674259	1.5	9.0													
12206.4814	2.994300000000294	processed_trials			10.0	1.022671201803702					False				Low					3.165633910674259		9.0	40.0	40.0	False	True	False			20.373136501193883	0.9748	-0.18273260223090096	Left	0.9748	
12206.4814	0.9747999999999593	states																																	"       state_name
id               
3   wait_for_poke"
12207.4562	0.019500000000334694	states																																	"        state_name
id                
1   nose_in_center"
12207.4757	2.0	states																																	"          state_name
id                  
2   punish_violation"
12209.9979	2.2660999999989144	trials	1.0	2.0	10.0	0.9105479141120306	0.0	0.15	True	9520.0	False	False	27559.0	False	Low	True	True	0.025	0.0	8.959367241542527	1.5	9.0													
12209.9979	2.2660999999989144	processed_trials			10.0	0.9105479141120306					False				Low					8.959367241542527		9.0	40.0	40.0	False	True	False			20.373136501193883	0.1354	-0.20329437228050912	Right	0.1354	
12209.9979	0.13539999999920838	states																																	"       state_name
id               
3   wait_for_poke"
12210.1333	0.13070000000152504	states																																	"        state_name
id                
1   nose_in_center"
12210.264000000001	2.0	states																																	"          state_name
id                  
2   punish_violation"
12212.7842	12.205599999999322	trials	1.0	2.0	10.0	0.9987733883295322	0.0	0.15	True	9520.0	True	False	27560.0	False	Low	True	True	0.025	0.0	100.0	1.5	9.0													
12212.7842	12.205599999999322	processed_trials			10.0	0.9987733883295322					True				Low					100.0		9.0	40.0	40.0	False	False	True	10.515	10.515	20.373136501193883	0.48969999999999997	-0.19461551222740434	Left	0.48969999999999997	
12212.7842	0.4897000000000844	states																																	"       state_name
id               
3   wait_for_poke"
12213.2739	0.9987999999993917	states																																	"        state_name
id                
1   nose_in_center"
12214.2727	0.0020000000004074536	states																																	"   state_name
id           
5      go_cue"
12214.2747	10.514999999999418	states																																	"            state_name
id                    
6   wait_for_side_poke"
12224.7897	0.2000000000007276	states																																	"   state_name
id           
0     opt_out"
12224.9897	9.999999929277692e-05	states																																	"    state_name
id            
7   stop_sound"
12225.5166	2.284399999998641	trials	1.0	2.0	5.0	1.0383519121795926	0.0	0.15	True	9520.0	False	False	27561.0	False	Low	True	False	0.025	0.0	3.384998886622857	1.5	9.0													
12225.5166	2.284399999998641	processed_trials			5.0	1.0383519121795926					False				Low					3.384998886622857		9.0	40.0	40.0	False	True	False			20.373136501193883	0.21719999999999998	-0.20129061627615133	Left	0.21719999999999998	
12225.5166	0.21719999999913853	states																																	"       state_name
id               
3   wait_for_poke"
12225.7338	0.06720000000132131	states																																	"        state_name
id                
1   nose_in_center"
12225.801000000001	2.0	states																																	"          state_name
id                  
2   punish_violation"
12228.324	51.71910000000025	trials	1.0	2.0	5.0	1.0995463455140677	0.0	0.15	True	9520.0	False	False	27562.0	False	Low	True	True	0.025	0.0	0.1610052524156434	1.5	9.0													
12228.324	51.71910000000025	processed_trials			5.0	1.0995463455140677					False				Low					0.1610052524156434		9.0	40.0	40.0	True	False	False	0.16100000000000136	0.16100000000000136	20.373136501193883	49.5807	1.0079075441287006	Right	49.5807	
12228.324	49.580700000000434	states																																	"       state_name
id               
3   wait_for_poke"
12277.904700000001	1.099500000000262	states																																	"        state_name
id                
1   nose_in_center"
12279.004200000001	0.0019999999985884642	states																																	"   state_name
id           
5      go_cue"
12279.0062	0.1610000000000582	states																																	"            state_name
id                    
6   wait_for_side_poke"
12279.1672	0.8173999999999069	states																																	"         state_name
id                 
4   announce_reward"
12279.9846	0.058399999999892316	states																																	"   state_name
id           
8      reward"
12280.043	0.00010000000111176632	states																																	"    state_name
id            
7   stop_sound"
12280.5768	3.814199999998891	trials	1.0	2.0	5.0	0.8340847375975255	0.0	0.15	True	9525.0	False	False	27563.0	False	Low	True	False	0.025	0.0	0.16100525	1.5	9.0													
12280.5768	3.814199999998891	processed_trials			5.0	0.8340847375975255					False				Low					0.16100525		9.0	40.0	40.0	False	True	False			20.373136501193883	1.7988	-0.16254806741927705	Left	1.0062	
12280.5768	1.7988000000004831	states																																	"       state_name
id               
3   wait_for_poke"
12282.375600000001	0.01540000000022701	states																																	"        state_name
id                
1   nose_in_center"
12282.391000000001	2.0	states																																	"          state_name
id                  
2   punish_violation"
12284.9202	90.42100000000028	trials	1.0	2.0	5.0	1.067267725286188	0.0	0.15	True	9525.0	False	False	27564.0	False	Low	True	True	0.025	0.0	1.1659379262046805	1.5	9.0													
12284.9202	90.42100000000028	processed_trials			5.0	1.067267725286188					False				Low					1.1659379262046805		9.0	40.0	40.0	False	True	False			20.373136501193883	88.199	1.9538934915992547	Left	88.199	
12284.9202	88.19900000000052	states																																	"       state_name
id               
3   wait_for_poke"
12373.119200000001	0.22199999999975262	states																																	"        state_name
id                
1   nose_in_center"
12373.3412	2.0	states																																	"          state_name
id                  
2   punish_violation"
12375.8734	114.46179999999913	trials	1.0	2.0	5.0	1.0672677	0.0	0.15	True	9525.0	False	False	27565.0	False	Low	True	True	0.025	0.0	0.45185068215732066	1.5	9.0													
12375.8734	114.46179999999913	processed_trials			5.0	1.0672677					False				Low					0.45185068215732066		9.0	40.0	40.0	False	True	False			20.373136501193883	112.1399	2.540344862317225	Left	112.1399	
12375.8734	112.13990000000013	states																																	"       state_name
id               
3   wait_for_poke"
12488.0133	0.32189999999900465	states																																	"        state_name
id                
1   nose_in_center"
12488.3352	2.0	states																																	"          state_name
id                  
2   punish_violation"
12490.8632	136.88700000000063	trials	1.0	2.0	5.0	1.1389201341299433	0.0	0.15	True	9525.0	False	False	27566.0	False	Low	True	True	0.025	0.0	9.483377751894594	1.5	9.0													
12490.8632	136.88700000000063	processed_trials			5.0	1.1389201341299433					False				Low					9.483377751894594		9.0	40.0	40.0	False	True	False			20.373136501193883	134.6397	3.09149534333006	Right	134.6397	
12490.8632	134.63969999999972	states																																	"       state_name
id               
3   wait_for_poke"
12625.5029	0.24730000000090513	states																																	"        state_name
id                
1   nose_in_center"
12625.7502	2.0	states																																	"          state_name
id                  
2   punish_violation"
12628.2897	27.836199999999735	trials	1.0	2.0	5.0	1.1389201	0.0	0.15	True	9525.0	True	False	27567.0	False	Low	True	True	0.025	0.0	100.0	1.5	9.0													
12628.2897	27.836199999999735	processed_trials			5.0	1.1389201					True				Low					100.0		9.0	40.0	40.0	False	True	False			20.373136501193883	24.7762	0.4003016051300043	Right	24.7762	
12628.2897	24.776200000000244	states																																	"       state_name
id               
3   wait_for_poke"
12653.0659	1.0599999999994907	states																																	"        state_name
id                
1   nose_in_center"
12654.1259	2.0	states																																	"          state_name
id                  
2   punish_violation"
12656.6618	59.98400000000038	trials	1.0	2.0	5.0	1.0395379419063693	0.0	0.15	True	9525.0	False	False	27568.0	False	Low	True	True	0.025	0.0	0.2677423216143783	1.5	9.0													
12656.6618	59.98400000000038	processed_trials			5.0	1.0395379419063693					False				Low					0.2677423216143783		9.0	40.0	40.0	False	True	False			20.373136501193883	57.738099999999996	1.2077295396048426	Right	57.738099999999996	
12656.6618	57.738100000000486	states																																	"       state_name
id               
3   wait_for_poke"
12714.3999	0.24589999999989232	states																																	"        state_name
id                
1   nose_in_center"
12714.6458	2.0	states																																	"          state_name
id                  
2   punish_violation"
12717.1816	86.02579999999944	trials	1.0	2.0	5.0	1.0431694993152172	0.0	0.15	True	9525.0	False	False	27569.0	False	Low	True	True	0.025	0.0	0.26774232	1.5	9.0													
12717.1816	86.02579999999944	processed_trials			5.0	1.0431694993152172					False				Low					0.26774232		9.0	40.0	40.0	False	True	False			20.373136501193883	83.18010000000001	1.8309515477084062	Left	83.18010000000001	
12717.1816	83.18009999999958	states																																	"       state_name
id               
3   wait_for_poke"
12800.3617	0.8456999999998516	states																																	"        state_name
id                
1   nose_in_center"
12801.2074	2.0	states																																	"          state_name
id                  
2   punish_violation"
12803.7446	182.40339999999924	trials	1.0	2.0	5.0	1.004208777891146	0.0	0.15	True	9525.0	False	False	27570.0	False	Low	True	True	0.025	0.0	5.891696178618835	1.5	9.0													
12803.7446	182.40339999999924	processed_trials			5.0	1.004208777891146					False				Low					5.891696178618835		9.0	40.0	40.0	False	True	False			20.373136501193883	180.108	4.205277484319576	Left	180.108	
12803.7446	180.10800000000017	states																																	"       state_name
id               
3   wait_for_poke"
12983.8526	0.29539999999906286	states																																	"        state_name
id                
1   nose_in_center"
12984.148	2.0	states																																	"          state_name
id                  
2   punish_violation"
12986.6848	517.5230999999985	trials	1.0	2.0	5.0	1.0534034776998393	0.0	0.15	True	9525.0	False	False	27571.0	False	Low	True	True	0.025	0.0	5.280092027685716	1.5	9.0													
12986.6848	517.5230999999985	processed_trials			5.0	1.0534034776998393					False				Low					5.280092027685716		9.0	40.0	40.0	False	True	False			20.373136501193883	515.3119	12.416363392744465	Left	515.3119	
12986.6848	515.3119000000006	states																																	"       state_name
id               
3   wait_for_poke"
13501.996700000002	0.21119999999973516	states																																	"        state_name
id                
1   nose_in_center"
13502.207900000001	2.0	states																																	"          state_name
id                  
2   punish_violation"
13504.7462	14.402400000000853	trials	1.0	2.0	5.0	1.1962926161681438	0.0	0.15	True	9525.0	False	False	27572.0	False	Low	True	True	0.025	0.0	5.280092	1.5	9.0													
13504.7462	14.402400000000853	processed_trials			5.0	1.1962926161681438					False				Low					5.280092		9.0	40.0	40.0	False	True	False			20.373136501193883	12.1044	0.08989579417619822	Left	12.1044	
13504.7462	12.104400000000169	states																																	"       state_name
id               
3   wait_for_poke"
13516.8506	0.29800000000068394	states																																	"        state_name
id                
1   nose_in_center"
13517.1486	2.0	states																																	"          state_name
id                  
2   punish_violation"
13519.6847	251.7538999999997	trials	1.0	2.0	5.0	1.1821051552074904	0.0	0.15	True	9525.0	False	False	27573.0	False	Low	True	True	0.025	0.0	1.9116860521999532	1.5	9.0													
13519.6847	251.7538999999997	processed_trials			5.0	1.1821051552074904					False				Low					1.9116860521999532		9.0	40.0	40.0	False	True	False			20.373136501193883	249.5463	5.906223823652083	Left	249.5463	
13519.6847	249.54629999999997	states																																	"       state_name
id               
3   wait_for_poke"
13769.231	0.20759999999972933	states																																	"        state_name
id                
1   nose_in_center"
13769.4386	2.0	states																																	"          state_name
id                  
2   punish_violation"
13771.9873	498.9494999999988	trials	1.0	2.0	5.0	0.9193917974170823	0.0	0.15	True	9525.0	False	False	27574.0	False	Low	True	True	0.025	0.0	4.590615780535252	1.5	9.0													
13771.9873	498.9494999999988	processed_trials			5.0	0.9193917974170823					False				Low					4.590615780535252		9.0	40.0	40.0	False	True	False			20.373136501193883	496.8894	11.965089615357156	Right	496.8894	
13771.9873	496.8894	states																																	"       state_name
id               
3   wait_for_poke"
14268.8767	0.06010000000060245	states																																	"        state_name
id                
1   nose_in_center"
14268.936800000001	2.0	states																																	"          state_name
id                  
2   punish_violation"
14271.4757	520.8961999999992	trials	1.0	2.0	5.0	1.0809201882787396	0.0	0.15	True	9525.0	False	False	27575.0	False	Low	True	True	0.025	0.0	1.9294504088111033	1.5	9.0													
14271.4757	520.8961999999992	processed_trials			5.0	1.0809201882787396					False				Low					1.9294504088111033		9.0	40.0	40.0	False	True	False			20.373136501193883	518.7755999999999	12.501209476757838	Left	518.7755999999999	
14271.4757	518.775599999999	states																																	"       state_name
id               
3   wait_for_poke"
14790.2513	0.120600000000195	states																																	"        state_name
id                
1   nose_in_center"
14790.3719	2.0	states																																	"          state_name
id                  
2   punish_violation"
14792.9094	39.7494999999999	trials	1.0	2.0	5.0	1.0848251881875761	0.0	0.15	True	9525.0	False	False	27576.0	False	Low	True	True	0.025	0.0	0.3033479090891025	1.5	9.0													
14792.9094	39.7494999999999	processed_trials			5.0	1.0848251881875761					False				Low					0.3033479090891025		9.0	40.0	40.0	False	True	False			20.373136501193883	37.4964	0.7118930125460464	Left	37.4964	
14792.9094	37.496399999999994	states																																	"       state_name
id               
3   wait_for_poke"
14830.4058	0.25309999999990396	states																																	"        state_name
id                
1   nose_in_center"
14830.6589	2.0	states																																	"          state_name
id                  
2   punish_violation"
14833.2049	191.29579999999987	trials	1.0	2.0	5.0	0.9188877514704635	0.0	0.15	True	9525.0	False	False	27577.0	False	Low	True	True	0.025	0.0	0.8131821792031777	1.5	9.0													
14833.2049	191.29579999999987	processed_trials			5.0	0.9188877514704635					False				Low					0.8131821792031777		9.0	40.0	40.0	False	True	False			20.373136501193883	188.9374	4.421560653816848	Right	188.9374	
14833.2049	188.9374000000007	states																																	"       state_name
id               
3   wait_for_poke"
15022.142300000001	0.3583999999991647	states																																	"        state_name
id                
1   nose_in_center"
15022.5007	2.0	states																																	"          state_name
id                  
2   punish_violation"
15025.0479	36.92410000000018	trials	1.0	2.0	5.0	1.1683657220280135	0.0	0.15	True	9525.0	False	False	27578.0	False	Low	True	True	0.025	0.0	3.2527278136203326	1.5	9.0													
15025.0479	36.92410000000018	processed_trials			5.0	1.1683657220280135					False				Low					3.2527278136203326		9.0	40.0	40.0	False	True	False			20.373136501193883	34.7736	0.64519586280686	Right	34.7736	
15025.0479	34.77360000000044	states																																	"       state_name
id               
3   wait_for_poke"
15059.8215	0.15049999999973807	states																																	"        state_name
id                
1   nose_in_center"
15059.972	2.0	states																																	"          state_name
id                  
2   punish_violation"
