onset	duration	nwb_table	target_duration_for_nose_in_center	violation_time_out	reward_volume_ul	nose_in_center	high_ITI	catch_percentage	punish_sound_enabled	cumulative_reward_volume_ul	is_catch	is_warm_up	trials_in_stage	changed	block_type	auto_change_catch_probability	previous_was_violation	time_increment_for_reward_delay	time_increment_for_nose_in_center	reward_delay	target_reward_delay	training_stage	num_trials_in_adaptation_blocks	num_trials_in_mixed_blocks	is_rewarded	is_violation	is_opt_out	wait_time	wait_time_unthresholded	wait_time_threshold	wait_for_center_poke	z_scored_wait_for_center_poke	rewarded_port	inter_trial_interval	state_type
451020.9658	149.43170000001555	trials	1.0	2.0	20.0	1.1443	0.0	0.35	True	0.0	False	False	24571.0	False	High	True	False	0.025	0.0	2.6671	1.5	9.0													
451020.9658	149.43170000001555	processed_trials			20.0	1.1443					False				High					2.6671		9.0	40.0	40.0	True	False	False	2.667100000000005	2.667100000000005	16.328661017111735			Right	145.4358	
451020.9658	145.43579999997746	states																																	"       state_name
id               
3   wait_for_poke"
451166.4016	1.144300000043586	states																																	"        state_name
id                
1   nose_in_center"
451167.5459	0.001999999978579581	states																																	"   state_name
id           
5      go_cue"
451167.5479	2.6671000000205822	states																																	"            state_name
id                    
6   wait_for_side_poke"
451170.215	0.010599999979604036	states																																	"         state_name
id                 
4   announce_reward"
451170.2256	0.1718000000109896	states																																	"   state_name
id           
8      reward"
451170.3974	0.00010000000474974513	states																																	"    state_name
id            
7   stop_sound"
451170.4332	6.836999999999534	trials	1.0	2.0	10.0	1.1432856690885265	0.0	0.35	True	20.0	False	False	24573.0	False	Mixed	True	False	0.025	0.0	0.6398135005670844	1.5	9.0													
451170.4332	6.836999999999534	processed_trials			10.0	1.1432856690885265					False				Mixed					0.6398135005670844		9.0	40.0	40.0	False	True	False			16.328661017111735	3.7331999999999996	-0.09424740767623432	Left	0.7022999999999997	
451170.4332	3.73320000001695	states																																	"       state_name
id               
3   wait_for_poke"
451174.16640000005	1.1037999999825843	states																																	"        state_name
id                
1   nose_in_center"
451175.2702	2.0	states																																	"          state_name
id                  
2   punish_violation"
451177.3065	3.7308000000193715	trials	1.0	2.0	10.0	1.1432857	0.0	0.35	True	20.0	False	False	24574.0	False	Mixed	True	True	0.025	0.0	2.586163293139397	1.5	9.0													
451177.3065	3.7308000000193715	processed_trials			10.0	1.1432857					False				Mixed					2.586163293139397		9.0	40.0	40.0	False	True	False			16.328661017111735	1.4569	-0.18597129442497345	Right	1.4569	
451177.3065	1.456899999990128	states																																	"       state_name
id               
3   wait_for_poke"
451178.7634	0.27390000002924353	states																																	"        state_name
id                
1   nose_in_center"
451179.0373	2.0	states																																	"          state_name
id                  
2   punish_violation"
451181.0838	2.2241999999969266	trials	1.0	2.0	10.0	1.0426173715231661	0.0	0.35	True	20.0	False	False	24575.0	False	Mixed	True	True	0.025	0.0	0.3170920171724336	1.5	9.0													
451181.0838	2.2241999999969266	processed_trials			10.0	1.0426173715231661					False				Mixed					0.3170920171724336		9.0	40.0	40.0	False	True	False			16.328661017111735	0.0009	-0.24464105636591454	Right	0.0009	
451181.0838	0.0008999999845400453	states																																	"       state_name
id               
3   wait_for_poke"
451181.0847	0.2233000000123866	states																																	"        state_name
id                
1   nose_in_center"
451181.308	2.0	states																																	"          state_name
id                  
2   punish_violation"
451183.34	2.476799999945797	trials	1.0	2.0	10.0	1.0426174	0.0	0.35	True	20.0	False	False	24576.0	False	Mixed	True	True	0.025	0.0	2.795695901730343	1.5	9.0													
451183.34	2.476799999945797	processed_trials			10.0	1.0426174					False				Mixed					2.795695901730343		9.0	40.0	40.0	False	True	False			16.328661017111735	0.1575	-0.23833083334396993	Right	0.1575	
451183.34	0.15749999997206032	states																																	"       state_name
id               
3   wait_for_poke"
451183.4975	0.31930000003194436	states																																	"        state_name
id                
1   nose_in_center"
451183.81680000003	2.0	states																																	"          state_name
id                  
2   punish_violation"
451185.853	3.871400000003632	trials	1.0	2.0	10.0	0.8549634683212131	0.0	0.35	True	20.0	False	False	24577.0	False	Mixed	True	True	0.025	0.0	2.7956959	1.5	9.0													
451185.853	3.871400000003632	processed_trials			10.0	0.8549634683212131					False				Mixed					2.7956959		9.0	40.0	40.0	False	True	False			16.328661017111735	1.7447000000000001	-0.1743743456017572	Left	1.7447000000000001	
451185.853	1.7446999999810942	states																																	"       state_name
id               
3   wait_for_poke"
451187.5977	0.126700000022538	states																																	"        state_name
id                
1   nose_in_center"
451187.7244	2.0	states																																	"          state_name
id                  
2   punish_violation"
451189.7671	11.088900000031572	trials	1.0	2.0	10.0	1.1776270331441934	0.0	0.35	True	20.0	True	False	24578.0	False	Mixed	True	True	0.025	0.0	100.0	1.5	9.0													
451189.7671	11.088900000031572	processed_trials			10.0	1.1776270331441934					True				Mixed					100.0		9.0	40.0	40.0	False	False	True	7.4041	7.4041	16.328661017111735	2.3051	-0.1517929344810818	Right	2.3051	
451189.7671	2.305099999997765	states																																	"       state_name
id               
3   wait_for_poke"
451192.0722	1.1775999999954365	states																																	"        state_name
id                
1   nose_in_center"
451193.2498	0.001999999978579581	states																																	"   state_name
id           
5      go_cue"
451193.25179999997	7.4041000000434	states																																	"            state_name
id                    
6   wait_for_side_poke"
451200.6559	0.20000000001164153	states																																	"   state_name
id           
0     opt_out"
451200.8559	9.999994654208422e-05	states																																	"    state_name
id            
7   stop_sound"
451200.8977	2.3040000000037253	trials	1.0	2.0	80.0	1.177627	0.0	0.35	True	20.0	False	False	24579.0	False	Mixed	True	False	0.025	0.0	2.4354127905990044	1.5	9.0													
451200.8977	2.3040000000037253	processed_trials			80.0	1.177627					False				Mixed					2.4354127905990044		9.0	40.0	40.0	False	True	False			16.328661017111735	0.1141	-0.24007964355567105	Left	0.1141	
451200.8977	0.11410000000614673	states																																	"       state_name
id               
3   wait_for_poke"
451201.0118	0.18989999999757856	states																																	"        state_name
id                
1   nose_in_center"
451201.2017	2.0	states																																	"          state_name
id                  
2   punish_violation"
451203.2424	3.1331000000354834	trials	1.0	2.0	80.0	1.0750620527118808	0.0	0.35	True	20.0	False	False	24580.0	False	Mixed	True	True	0.025	0.0	1.1751863312887112	1.5	9.0													
451203.2424	3.1331000000354834	processed_trials			80.0	1.0750620527118808					False				Mixed					1.1751863312887112		9.0	40.0	40.0	True	False	False	1.1752000000000002	1.1752000000000002	16.328661017111735	0.1295	-0.2394590979966803	Right	0.1295	
451203.2424	0.1294999999809079	states																																	"       state_name
id               
3   wait_for_poke"
451203.37189999997	1.0751000000163913	states																																	"        state_name
id                
1   nose_in_center"
451204.447	0.001999999978579581	states																																	"   state_name
id           
5      go_cue"
451204.44899999996	1.175199999997858	states																																	"            state_name
id                    
6   wait_for_side_poke"
451205.62419999996	0.13670000003185123	states																																	"         state_name
id                 
4   announce_reward"
451205.7609	0.614499999966938	states																																	"   state_name
id           
8      reward"
451206.37539999996	0.00010000000474974513	states																																	"    state_name
id            
7   stop_sound"
451206.4218	9.481599999999162	trials	1.0	2.0	10.0	1.0750621	0.0	0.35	True	100.0	True	False	24581.0	False	Mixed	True	False	0.025	0.0	100.0	1.5	9.0													
451206.4218	9.481599999999162	processed_trials			10.0	1.0750621					True				Mixed					100.0		9.0	40.0	40.0	False	True	False			16.328661017111735	7.218100000000001	0.04617721690342614	Right	0.9590000000000005	
451206.4218	7.2180999999982305	states																																	"       state_name
id               
3   wait_for_poke"
451213.6399	0.2635000000009313	states																																	"        state_name
id                
1   nose_in_center"
451213.9034	2.0	states																																	"          state_name
id                  
2   punish_violation"
451215.9382	6.012400000006892	trials	1.0	2.0	10.0	1.1468490912714522	0.0	0.35	True	100.0	False	False	24582.0	False	Mixed	True	True	0.025	0.0	0.403122960419883	1.5	9.0													
451215.9382	6.012400000006892	processed_trials			10.0	1.1468490912714522					False				Mixed					0.403122960419883		9.0	40.0	40.0	True	False	False	0.40309999999999935	0.40309999999999935	16.328661017111735	4.1418	-0.07778280277989603	Left	4.1418	
451215.9382	4.14179999998305	states																																	"       state_name
id               
3   wait_for_poke"
451220.07999999996	1.1468000000459142	states																																	"        state_name
id                
1   nose_in_center"
451221.2268	0.001999999978579581	states																																	"   state_name
id           
5      go_cue"
451221.2288	0.4030999999959022	states																																	"            state_name
id                    
6   wait_for_side_poke"
451221.6319	0.2236999999731779	states																																	"         state_name
id                 
4   announce_reward"
451221.85559999995	0.09490000002551824	states																																	"   state_name
id           
8      reward"
451221.9505	0.00010000000474974513	states																																	"    state_name
id            
7   stop_sound"
451222.0059	8.050900000031106	trials	1.0	2.0	10.0	1.1468491	0.0	0.35	True	110.0	False	False	24583.0	False	Mixed	True	False	0.025	0.0	1.8422444719659676	1.5	9.0													
451222.0059	8.050900000031106	processed_trials			10.0	1.1468491					False				Mixed					1.8422444719659676		9.0	40.0	40.0	False	True	False			16.328661017111735	5.992	-0.0032286863354391744	Left	0.36789999999999967	
451222.0059	5.992000000027474	states																																	"       state_name
id               
3   wait_for_poke"
451227.9979	0.0588999999454245	states																																	"        state_name
id                
1   nose_in_center"
451228.05679999996	2.0	states																																	"          state_name
id                  
2   punish_violation"
451230.1094	7.199900000006892	trials	1.0	2.0	10.0	0.983770730770688	0.0	0.35	True	110.0	True	False	24584.0	False	Mixed	True	True	0.025	0.0	100.0	1.5	9.0													
451230.1094	7.199900000006892	processed_trials			10.0	0.983770730770688					True				Mixed					100.0		9.0	40.0	40.0	False	False	True	5.955900000000001	5.955900000000001	16.328661017111735	0.0581	-0.24233617286109185	Left	0.0581	
451230.1094	0.05810000002384186	states																																	"       state_name
id               
3   wait_for_poke"
451230.16750000004	0.9837999999872409	states																																	"        state_name
id                
1   nose_in_center"
451231.1513	0.001999999978579581	states																																	"   state_name
id           
5      go_cue"
451231.1533	5.955900000000838	states																																	"            state_name
id                    
6   wait_for_side_poke"
451237.1092	0.20000000001164153	states																																	"   state_name
id           
0     opt_out"
451237.3092	0.00010000000474974513	states																																	"    state_name
id            
7   stop_sound"
451237.3588	7.090700000000652	trials	1.0	2.0	40.0	0.9366217946702492	0.0	0.35	True	110.0	False	False	24585.0	False	Mixed	True	False	0.025	0.0	6.587953563772741	1.5	9.0													
451237.3588	7.090700000000652	processed_trials			40.0	0.9366217946702492					False				Mixed					6.587953563772741		9.0	40.0	40.0	False	False	True	5.8599	5.8599	16.328661017111735	0.09209999999999999	-0.24096613721137206	Right	0.09209999999999999	
451237.3588	0.0921000000089407	states																																	"       state_name
id               
3   wait_for_poke"
451237.4509	0.93660000001546	states																																	"        state_name
id                
1   nose_in_center"
451238.3875	0.001999999978579581	states																																	"   state_name
id           
5      go_cue"
451238.3895	5.85989999998128	states																																	"            state_name
id                    
6   wait_for_side_poke"
451244.2494	0.20000000001164153	states																																	"   state_name
id           
0     opt_out"
451244.4494	0.00010000000474974513	states																																	"    state_name
id            
7   stop_sound"
451244.5077	2.2458999999798834	trials	1.0	2.0	5.0	1.1236846207698648	0.0	0.35	True	110.0	True	False	24586.0	False	Mixed	True	False	0.025	0.0	100.0	1.5	9.0													
451244.5077	2.2458999999798834	processed_trials			5.0	1.1236846207698648					True				Mixed					100.0		9.0	40.0	40.0	False	True	False			16.328661017111735	0.0363	-0.24321460748355925	Left	0.0363	
451244.5077	0.036299999977927655	states																																	"       state_name
id               
3   wait_for_poke"
451244.544	0.20960000000195578	states																																	"        state_name
id                
1   nose_in_center"
451244.7536	2.0	states																																	"          state_name
id                  
2   punish_violation"
451246.8119	5.737100000027567	trials	1.0	2.0	5.0	1.1159766514644431	0.0	0.35	True	110.0	True	False	24587.0	False	Mixed	True	True	0.025	0.0	100.0	1.5	9.0													
451246.8119	5.737100000027567	processed_trials			5.0	1.1159766514644431					True				Mixed					100.0		9.0	40.0	40.0	False	False	True	4.3459	4.3459	16.328661017111735	0.0731	-0.2417317453685684	Right	0.0731	
451246.8119	0.07309999997960404	states																																	"       state_name
id               
3   wait_for_poke"
451246.88499999995	1.1160000000381842	states																																	"        state_name
id                
1   nose_in_center"
451248.001	0.001999999978579581	states																																	"   state_name
id           
5      go_cue"
451248.00299999997	4.345900000014808	states																																	"            state_name
id                    
6   wait_for_side_poke"
451252.3489	0.20000000001164153	states																																	"   state_name
id           
0     opt_out"
451252.5489	0.00010000000474974513	states																																	"    state_name
id            
7   stop_sound"
451252.6095	2.566099999996368	trials	1.0	2.0	40.0	0.960684087750888	0.0	0.35	True	110.0	True	False	24588.0	False	Mixed	True	False	0.025	0.0	100.0	1.5	9.0													
451252.6095	2.566099999996368	processed_trials			40.0	0.960684087750888					True				Mixed					100.0		9.0	40.0	40.0	False	True	False			16.328661017111735	0.0938	-0.2408976354288861	Left	0.0938	
451252.6095	0.09379999997327104	states																																	"       state_name
id               
3   wait_for_poke"
451252.7033	0.4723000000230968	states																																	"        state_name
id                
1   nose_in_center"
451253.1756	2.0	states																																	"          state_name
id                  
2   punish_violation"
451255.2189	2.6554000000469387	trials	1.0	2.0	40.0	1.0002481746964682	0.0	0.35	True	110.0	False	False	24589.0	False	Mixed	True	True	0.025	0.0	1.209141013559111	1.5	9.0													
451255.2189	2.6554000000469387	processed_trials			40.0	1.0002481746964682					False				Mixed					1.209141013559111		9.0	40.0	40.0	True	False	False	1.2090999999999998	1.2090999999999998	16.328661017111735	0.1093	-0.24027306035327853	Left	0.1093	
451255.2189	0.1093000000109896	states																																	"       state_name
id               
3   wait_for_poke"
451255.3282	1.0002000000094995	states																																	"        state_name
id                
1   nose_in_center"
451256.3284	0.001999999978579581	states																																	"   state_name
id           
5      go_cue"
451256.3304	1.209099999978207	states																																	"            state_name
id                    
6   wait_for_side_poke"
451257.53949999996	0.038100000005215406	states																																	"         state_name
id                 
4   announce_reward"
451257.57759999996	0.2966000000014901	states																																	"   state_name
id           
8      reward"
451257.87419999996	0.00010000000474974513	states																																	"    state_name
id            
7   stop_sound"
451257.9231	6.955900000000838	trials	1.0	2.0	80.0	0.8841082470346551	0.0	0.35	True	150.0	False	False	24590.0	False	Mixed	True	False	0.025	0.0	0.4349835864088656	1.5	9.0													
451257.9231	6.955900000000838	processed_trials			80.0	0.8841082470346551					False				Mixed					0.4349835864088656		9.0	40.0	40.0	False	True	False			16.328661017111735	4.6566	-0.05703885123649186	Left	0.9564000000000004	
451257.9231	4.65659999998752	states																																	"       state_name
id               
3   wait_for_poke"
451262.5797	0.2993000000133179	states																																	"        state_name
id                
1   nose_in_center"
451262.879	2.0	states																																	"          state_name
id                  
2   punish_violation"
451264.9264	2.401799999992363	trials	1.0	2.0	80.0	0.8670733883500208	0.0	0.35	True	150.0	False	False	24591.0	False	Mixed	True	True	0.025	0.0	0.5360946548639934	1.5	9.0													
451264.9264	2.401799999992363	processed_trials			80.0	0.8670733883500208					False				Mixed					0.5360946548639934		9.0	40.0	40.0	True	False	False	0.5361000000000002	0.5361000000000002	16.328661017111735	0.1802	-0.2374161330719511	Right	0.1802	
451264.9264	0.18020000000251457	states																																	"       state_name
id               
3   wait_for_poke"
451265.1066	0.8670999999740161	states																																	"        state_name
id                
1   nose_in_center"
451265.9737	0.0020000000367872417	states																																	"   state_name
id           
5      go_cue"
451265.9757	0.5360999999684282	states																																	"            state_name
id                    
6   wait_for_side_poke"
451266.5118	0.20180000003892928	states																																	"         state_name
id                 
4   announce_reward"
451266.7136	0.614499999966938	states																																	"   state_name
id           
8      reward"
451267.3281	0.00010000000474974513	states																																	"    state_name
id            
7   stop_sound"
451267.3788	9.04570000001695	trials	1.0	2.0	40.0	1.1380251439906643	0.0	0.35	True	230.0	True	False	24592.0	False	Mixed	True	False	0.025	0.0	100.0	1.5	9.0													
451267.3788	9.04570000001695	processed_trials			40.0	1.1380251439906643					True				Mixed					100.0		9.0	40.0	40.0	False	True	False			16.328661017111735	6.5118	0.01771674103880614	Right	1.7216000000000005	
451267.3788	6.511799999978393	states																																	"       state_name
id               
3   wait_for_poke"
451273.8906	0.5339000000385568	states																																	"        state_name
id                
1   nose_in_center"
451274.4245	2.0	states																																	"          state_name
id                  
2   punish_violation"
451276.4777	7.981000000028871	trials	1.0	2.0	40.0	1.1380251	0.0	0.35	True	230.0	True	False	24593.0	False	Mixed	True	True	0.025	0.0	100.0	1.5	9.0													
451276.4777	7.981000000028871	processed_trials			40.0	1.1380251					True				Mixed					100.0		9.0	40.0	40.0	False	False	True	6.5024	6.5024	16.328661017111735	0.1385	-0.23909644150116627	Right	0.1385	
451276.4777	0.13850000000093132	states																																	"       state_name
id               
3   wait_for_poke"
451276.6162	1.1379999999771826	states																																	"        state_name
id                
1   nose_in_center"
451277.75419999997	0.0020000000367872417	states																																	"   state_name
id           
5      go_cue"
451277.7562	6.502399999997579	states																																	"            state_name
id                    
6   wait_for_side_poke"
451284.2586	0.20000000001164153	states																																	"   state_name
id           
0     opt_out"
451284.4586	0.00010000000474974513	states																																	"    state_name
id            
7   stop_sound"
451284.524	3.016600000031758	trials	1.0	2.0	80.0	1.0166971826485867	0.0	0.35	True	230.0	True	False	24594.0	False	Mixed	True	False	0.025	0.0	100.0	1.5	9.0													
451284.524	3.016600000031758	processed_trials			80.0	1.0166971826485867					True				Mixed					100.0		9.0	40.0	40.0	False	True	False			16.328661017111735	0.2796	-0.23341079355482916	Left	0.2796	
451284.524	0.2796000000089407	states																																	"       state_name
id               
3   wait_for_poke"
451284.8036	0.7369999999646097	states																																	"        state_name
id                
1   nose_in_center"
451285.54059999995	2.0	states																																	"          state_name
id                  
2   punish_violation"
451287.587	8.130899999989197	trials	1.0	2.0	80.0	0.8429861630029765	0.0	0.35	True	230.0	True	False	24595.0	False	Mixed	True	True	0.025	0.0	100.0	1.5	9.0													
451287.587	8.130899999989197	processed_trials			80.0	0.8429861630029765					True				Mixed					100.0		9.0	40.0	40.0	False	False	True	7.0613	7.0613	16.328661017111735	0.0245	-0.24369009044434434	Left	0.0245	
451287.587	0.02449999999953434	states																																	"       state_name
id               
3   wait_for_poke"
451287.6115	0.8429999999934807	states																																	"        state_name
id                
1   nose_in_center"
451288.4545	0.001999999978579581	states																																	"   state_name
id           
5      go_cue"
451288.4565	7.061300000001211	states																																	"            state_name
id                    
6   wait_for_side_poke"
451295.5178	0.20000000001164153	states																																	"   state_name
id           
0     opt_out"
451295.7178	0.00010000000474974513	states																																	"    state_name
id            
7   stop_sound"
451295.7808	2.227000000013504	trials	1.0	2.0	80.0	1.0316159597822638	0.0	0.35	True	230.0	False	False	24596.0	False	Mixed	True	False	0.025	0.0	7.309165777210866	1.5	9.0													
451295.7808	2.227000000013504	processed_trials			80.0	1.0316159597822638					False				Mixed					7.309165777210866		9.0	40.0	40.0	False	True	False			16.328661017111735	0.039200000000000006	-0.24309775150167137	Left	0.039200000000000006	
451295.7808	0.03919999999925494	states																																	"       state_name
id               
3   wait_for_poke"
451295.82	0.18780000001424924	states																																	"        state_name
id                
1   nose_in_center"
451296.0078	2.0	states																																	"          state_name
id                  
2   punish_violation"
451298.0532	2.0848999999579974	trials	1.0	2.0	80.0	1.131464349101217	0.0	0.35	True	230.0	True	False	24597.0	False	Mixed	True	True	0.025	0.0	100.0	1.5	9.0													
451298.0532	2.0848999999579974	processed_trials			80.0	1.131464349101217					True				Mixed					100.0		9.0	40.0	40.0	False	True	False			16.328661017111735	0.0433	-0.2429325413203816	Left	0.0433	
451298.0532	0.04330000001937151	states																																	"       state_name
id               
3   wait_for_poke"
451298.09650000004	0.0415999999968335	states																																	"        state_name
id                
1   nose_in_center"
451298.13810000004	2.0	states																																	"          state_name
id                  
2   punish_violation"
451300.1916	6.637699999962933	trials	1.0	2.0	80.0	1.1314643	0.0	0.35	True	230.0	False	False	24598.0	False	Mixed	True	True	0.025	0.0	4.651747354712333	1.5	9.0													
451300.1916	6.637699999962933	processed_trials			80.0	1.1314643					False				Mixed					4.651747354712333		9.0	40.0	40.0	True	False	False	4.6517	4.6517	16.328661017111735	0.2114	-0.23615892388750237	Right	0.2114	
451300.1916	0.21139999997103587	states																																	"       state_name
id               
3   wait_for_poke"
451300.403	1.1315000000176951	states																																	"        state_name
id                
1   nose_in_center"
451301.5345	0.0020000000367872417	states																																	"   state_name
id           
5      go_cue"
451301.53650000005	4.651699999987613	states																																	"            state_name
id                    
6   wait_for_side_poke"
451306.18820000003	0.02649999997811392	states																																	"         state_name
id                 
4   announce_reward"
451306.2147	0.6145000000251457	states																																	"   state_name
id           
8      reward"
451306.82920000004	0.00010000000474974513	states																																	"    state_name
id            
7   stop_sound"
451306.8773	9.23509999999078	trials	1.0	2.0	20.0	1.188683360845855	0.0	0.35	True	310.0	True	False	24599.0	False	Mixed	True	False	0.025	0.0	100.0	1.5	9.0													
451306.8773	9.23509999999078	processed_trials			20.0	1.188683360845855					True				Mixed					100.0		9.0	40.0	40.0	False	True	False			16.328661017111735	6.657100000000001	0.023571628683049805	Left	1.5575	
451306.8773	6.657100000011269	states																																	"       state_name
id               
3   wait_for_poke"
451313.5344	0.5779999999795109	states																																	"        state_name
id                
1   nose_in_center"
451314.1124	2.0	states																																	"          state_name
id                  
2   punish_violation"
451316.161	2.6191999999573454	trials	1.0	2.0	20.0	0.8346055071866622	0.0	0.35	True	310.0	False	False	24600.0	False	Mixed	True	True	0.025	0.0	0.39574336867984	1.5	9.0													
451316.161	2.6191999999573454	processed_trials			20.0	0.8346055071866622					False				Mixed					0.39574336867984		9.0	40.0	40.0	False	True	False			16.328661017111735	0.1456	-0.23881034582137184	Right	0.1456	
451316.161	0.14559999998891726	states																																	"       state_name
id               
3   wait_for_poke"
451316.3066	0.4736000000266358	states																																	"        state_name
id                
1   nose_in_center"
451316.78020000004	2.0	states																																	"          state_name
id                  
2   punish_violation"
451318.8331	2.7765000000363216	trials	1.0	2.0	20.0	0.8323344402255713	0.0	0.35	True	310.0	True	False	24601.0	False	Mixed	True	True	0.025	0.0	100.0	1.5	9.0													
451318.8331	2.7765000000363216	processed_trials			20.0	0.8323344402255713					True				Mixed					100.0		9.0	40.0	40.0	False	True	False			16.328661017111735	0.5532	-0.22238603609120178	Right	0.5532	
451318.8331	0.553200000023935	states																																	"       state_name
id               
3   wait_for_poke"
451319.3863	0.22329999995417893	states																																	"        state_name
id                
1   nose_in_center"
451319.60959999997	2.0	states																																	"          state_name
id                  
2   punish_violation"
451321.659	5.684999999997672	trials	1.0	2.0	20.0	0.8150712831221076	0.0	0.35	True	310.0	True	False	24602.0	False	Mixed	True	True	0.025	0.0	100.0	1.5	9.0													
451321.659	5.684999999997672	processed_trials			20.0	0.8150712831221076					True				Mixed					100.0		9.0	40.0	40.0	False	False	True	4.342099999999999	4.342099999999999	16.328661017111735	0.3257	-0.2315531863944738	Right	0.3257	
451321.659	0.3256999999866821	states																																	"       state_name
id               
3   wait_for_poke"
451321.9847	0.815100000007078	states																																	"        state_name
id                
1   nose_in_center"
451322.7998	0.001999999978579581	states																																	"   state_name
id           
5      go_cue"
451322.80179999996	4.342100000008941	states																																	"            state_name
id                    
6   wait_for_side_poke"
451327.14389999997	0.20000000001164153	states																																	"   state_name
id           
0     opt_out"
451327.3439	0.00010000000474974513	states																																	"    state_name
id            
7   stop_sound"
451327.3981	2.35910000000149	trials	1.0	2.0	10.0	0.8337403508829959	0.0	0.35	True	310.0	False	False	24603.0	False	Mixed	True	False	0.025	0.0	1.066538390769923	1.5	9.0													
451327.3981	2.35910000000149	processed_trials			10.0	0.8337403508829959					False				Mixed					1.066538390769923		9.0	40.0	40.0	False	True	False			16.328661017111735	0.21480000000000002	-0.2360219203225304	Left	0.21480000000000002	
451327.3981	0.21480000001611188	states																																	"       state_name
id               
3   wait_for_poke"
451327.6129	0.14429999998537824	states																																	"        state_name
id                
1   nose_in_center"
451327.7572	2.0	states																																	"          state_name
id                  
2   punish_violation"
451329.8142	2.489199999952689	trials	1.0	2.0	10.0	0.9815518342674834	0.0	0.35	True	310.0	False	False	24604.0	False	Mixed	True	True	0.025	0.0	1.0665384	1.5	9.0													
451329.8142	2.489199999952689	processed_trials			10.0	0.9815518342674834					False				Mixed					1.0665384		9.0	40.0	40.0	True	False	False	1.0664999999999998	1.0664999999999998	16.328661017111735	0.2228	-0.23569955899318457	Left	0.2228	
451329.8142	0.22279999998863786	states																																	"       state_name
id               
3   wait_for_poke"
451330.037	0.9815999999991618	states																																	"        state_name
id                
1   nose_in_center"
451331.0186	0.0020000000367872417	states																																	"   state_name
id           
5      go_cue"
451331.02060000005	1.0664999999571592	states																																	"            state_name
id                    
6   wait_for_side_poke"
451332.0871	0.12129999999888241	states																																	"         state_name
id                 
4   announce_reward"
451332.2084	0.09490000002551824	states																																	"   state_name
id           
8      reward"
451332.3033	0.00010000000474974513	states																																	"    state_name
id            
7   stop_sound"
451332.3532	3.9200999999884516	trials	1.0	2.0	40.0	0.9097115424520099	0.0	0.35	True	320.0	False	False	24605.0	False	Mixed	True	False	0.025	0.0	0.4869292444816421	1.5	9.0													
451332.3532	3.9200999999884516	processed_trials			40.0	0.9097115424520099					False				Mixed					0.4869292444816421		9.0	40.0	40.0	True	False	False	0.48689999999999944	0.48689999999999944	16.328661017111735	2.1126	-0.15954975396846585	Left	0.45310000000000006	
451332.3532	2.112599999993108	states																																	"       state_name
id               
3   wait_for_poke"
451334.4658	0.909700000018347	states																																	"        state_name
id                
1   nose_in_center"
451335.3755	0.001999999978579581	states																																	"   state_name
id           
5      go_cue"
451335.3775	0.48690000001806766	states																																	"            state_name
id                    
6   wait_for_side_poke"
451335.8644	0.11219999997410923	states																																	"         state_name
id                 
4   announce_reward"
451335.9766	0.2966000000014901	states																																	"   state_name
id           
8      reward"
451336.2732	0.00010000000474974513	states																																	"    state_name
id            
7   stop_sound"
451336.3318	6.395599999988917	trials	1.0	2.0	20.0	1.1792278994051024	0.0	0.35	True	360.0	False	False	24606.0	False	Mixed	True	False	0.025	0.0	5.990346991863169	1.5	9.0													
451336.3318	6.395599999988917	processed_trials			20.0	1.1792278994051024					False				Mixed					5.990346991863169		9.0	40.0	40.0	False	True	False			16.328661017111735	4.283399999999999	-0.07207700725047486	Right	0.7592999999999996	
451336.3318	4.283400000014808	states																																	"       state_name
id               
3   wait_for_poke"
451340.6152	0.11219999997410923	states																																	"        state_name
id                
1   nose_in_center"
451340.7274	2.0	states																																	"          state_name
id                  
2   punish_violation"
451342.7981	2.263299999991432	trials	1.0	2.0	20.0	0.8303971980645294	0.0	0.35	True	360.0	False	False	24607.0	False	Mixed	True	True	0.025	0.0	3.700356895785691	1.5	9.0													
451342.7981	2.263299999991432	processed_trials			20.0	0.8303971980645294					False				Mixed					3.700356895785691		9.0	40.0	40.0	False	True	False			16.328661017111735	0.0365	-0.24320654845032558	Right	0.0365	
451342.7981	0.036499999987427145	states																																	"       state_name
id               
3   wait_for_poke"
451342.8346	0.2268000000040047	states																																	"        state_name
id                
1   nose_in_center"
451343.0614	2.0	states																																	"          state_name
id                  
2   punish_violation"
451345.1304	3.357799999997951	trials	1.0	2.0	20.0	1.1658787904557482	0.0	0.35	True	360.0	False	False	24608.0	False	Mixed	True	True	0.025	0.0	0.5470196117391998	1.5	9.0													
451345.1304	3.357799999997951	processed_trials			20.0	1.1658787904557482					False				Mixed					0.5470196117391998		9.0	40.0	40.0	True	False	False	0.5469999999999997	0.5469999999999997	16.328661017111735	1.4150999999999998	-0.18765563237080543	Right	1.4150999999999998	
451345.1304	1.415099999983795	states																																	"       state_name
id               
3   wait_for_poke"
451346.5455	1.165900000021793	states																																	"        state_name
id                
1   nose_in_center"
451347.71140000003	0.001999999978579581	states																																	"   state_name
id           
5      go_cue"
451347.7134	0.5470000000204891	states																																	"            state_name
id                    
6   wait_for_side_poke"
451348.2604	0.055899999977555126	states																																	"         state_name
id                 
4   announce_reward"
451348.3163	0.1718000000109896	states																																	"   state_name
id           
8      reward"
451348.4881	0.00010000000474974513	states																																	"    state_name
id            
7   stop_sound"
451348.5434	6.08099999994738	trials	1.0	2.0	5.0	0.8756887688489792	0.0	0.35	True	380.0	False	False	24609.0	False	Mixed	True	False	0.025	0.0	0.5234752143270531	1.5	9.0													
451348.5434	6.08099999994738	processed_trials			5.0	0.8756887688489792					False				Mixed					0.5234752143270531		9.0	40.0	40.0	False	True	False			16.328661017111735	3.7088	-0.09523060973073909	Left	0.9478	
451348.5434	3.7088000000221655	states																																	"       state_name
id               
3   wait_for_poke"
451352.25220000005	0.37219999998342246	states																																	"        state_name
id                
1   nose_in_center"
451352.62440000003	2.0	states																																	"          state_name
id                  
2   punish_violation"
451354.6789	4.1890000000130385	trials	1.0	2.0	5.0	1.109071134127142	0.0	0.35	True	380.0	False	False	24610.0	False	Mixed	True	True	0.025	0.0	1.5607486905379662	1.5	9.0													
451354.6789	4.1890000000130385	processed_trials			5.0	1.109071134127142					False				Mixed					1.5607486905379662		9.0	40.0	40.0	False	True	False			16.328661017111735	1.8364	-0.17067927886413062	Right	1.8364	
451354.6789	1.8363999999710359	states																																	"       state_name
id               
3   wait_for_poke"
451356.51529999997	0.35260000004200265	states																																	"        state_name
id                
1   nose_in_center"
451356.8679	2.0	states																																	"          state_name
id                  
2   punish_violation"
451358.9336	5.017500000016298	trials	1.0	2.0	5.0	1.1234774758060617	0.0	0.35	True	380.0	False	False	24611.0	False	Mixed	True	True	0.025	0.0	2.9854633466145715	1.5	9.0													
451358.9336	5.017500000016298	processed_trials			5.0	1.1234774758060617					False				Mixed					2.9854633466145715		9.0	40.0	40.0	True	False	False	2.985500000000001	2.985500000000001	16.328661017111735	0.8376	-0.21092609083295752	Right	0.8376	
451358.9336	0.8376000000280328	states																																	"       state_name
id               
3   wait_for_poke"
451359.7712	1.1234999999869615	states																																	"        state_name
id                
1   nose_in_center"
451360.8947	0.001999999978579581	states																																	"   state_name
id           
5      go_cue"
451360.8967	2.985500000009779	states																																	"            state_name
id                    
6   wait_for_side_poke"
451363.8822	0.004299999971408397	states																																	"         state_name
id                 
4   announce_reward"
451363.88649999996	0.06450000003678724	states																																	"   state_name
id           
8      reward"
451363.951	0.00010000000474974513	states																																	"    state_name
id            
7   stop_sound"
451364.0239	3.9439000000129454	trials	1.0	2.0	40.0	0.9901600474393917	0.0	0.35	True	385.0	False	False	24612.0	False	Mixed	True	False	0.025	0.0	0.44095776882222015	1.5	9.0													
451364.0239	3.9439000000129454	processed_trials			40.0	0.9901600474393917					False				Mixed					0.44095776882222015		9.0	40.0	40.0	True	False	False	0.44099999999999984	0.44099999999999984	16.328661017111735	2.1469	-0.1581676297688956	Left	0.4917	
451364.0239	2.1468999999924563	states																																	"       state_name
id               
3   wait_for_poke"
451366.17079999996	0.9902000000001863	states																																	"        state_name
id                
1   nose_in_center"
451367.16099999996	0.001999999978579581	states																																	"   state_name
id           
5      go_cue"
451367.16299999994	0.44100000004982576	states																																	"            state_name
id                    
6   wait_for_side_poke"
451367.604	0.06709999998565763	states																																	"         state_name
id                 
4   announce_reward"
451367.6711	0.2966000000014901	states																																	"   state_name
id           
8      reward"
451367.9677	0.00010000000474974513	states																																	"    state_name
id            
7   stop_sound"
451368.0334	5.668899999989662	trials	1.0	2.0	20.0	0.9416774059483033	0.0	0.35	True	425.0	True	False	24613.0	False	Mixed	True	False	0.025	0.0	0.44095777	1.5	9.0													
451368.0334	5.668899999989662	processed_trials			20.0	0.9416774059483033					False				Mixed					0.44095777		9.0	40.0	40.0	False	True	False			16.328661017111735	3.5119000000000002	-0.10316472794926333	Left	0.3540000000000001	
451368.0334	3.511899999983143	states																																	"       state_name
id               
3   wait_for_poke"
451371.5453	0.15700000000651926	states																																	"        state_name
id                
1   nose_in_center"
451371.7023	2.0	states																																	"          state_name
id                  
2   punish_violation"
451373.7607	7.004100000020117	trials	1.0	2.0	20.0	1.1490593558064175	0.0	0.35	True	425.0	True	False	24614.0	False	Mixed	True	True	0.025	0.0	100.0	1.5	9.0													
451373.7607	7.004100000020117	processed_trials			20.0	1.1490593558064175					True				Mixed					100.0		9.0	40.0	40.0	False	False	True	5.562200000000001	5.562200000000001	16.328661017111735	0.0907	-0.24102255044400758	Right	0.0907	
451373.7607	0.09070000000065193	states																																	"       state_name
id               
3   wait_for_poke"
451373.8514	1.1490999999805354	states																																	"        state_name
id                
1   nose_in_center"
451375.00049999997	0.0020000000367872417	states																																	"   state_name
id           
5      go_cue"
451375.0025	5.562199999985751	states																																	"            state_name
id                    
6   wait_for_side_poke"
451380.5647	0.20000000001164153	states																																	"   state_name
id           
0     opt_out"
451380.7647	0.00010000000474974513	states																																	"    state_name
id            
7   stop_sound"
451380.827	2.389499999990221	trials	1.0	2.0	10.0	1.1339194711989047	0.0	0.35	True	425.0	True	False	24615.0	False	Mixed	True	False	0.025	0.0	100.0	1.5	9.0													
451380.827	2.389499999990221	processed_trials			10.0	1.1339194711989047					True				Mixed					100.0		9.0	40.0	40.0	False	True	False			16.328661017111735	0.305	-0.23238729633415617	Left	0.305	
451380.827	0.3049999999930151	states																																	"       state_name
id               
3   wait_for_poke"
451381.132	0.08449999999720603	states																																	"        state_name
id                
1   nose_in_center"
451381.2165	2.0	states																																	"          state_name
id                  
2   punish_violation"
451383.2748	7.575899999996182	trials	1.0	2.0	10.0	0.988555295522477	0.0	0.35	True	425.0	True	False	24616.0	False	Mixed	True	True	0.025	0.0	100.0	1.5	9.0													
451383.2748	7.575899999996182	processed_trials			10.0	0.988555295522477					True				Mixed					100.0		9.0	40.0	40.0	False	False	True	5.0508	5.0508	16.328661017111735	1.3344	-0.19090745228058145	Right	1.3344	
451383.2748	1.3343999999924563	states																																	"       state_name
id               
3   wait_for_poke"
451384.6092	0.988599999982398	states																																	"        state_name
id                
1   nose_in_center"
451385.5978	0.0020000000367872417	states																																	"   state_name
id           
5      go_cue"
451385.5998	5.050799999968149	states																																	"            state_name
id                    
6   wait_for_side_poke"
451390.6506	0.20000000001164153	states																																	"   state_name
id           
0     opt_out"
451390.8506	0.00010000000474974513	states																																	"    state_name
id            
7   stop_sound"
451390.9242	2.901899999997113	trials	1.0	2.0	80.0	0.9876741636371968	0.0	0.35	True	425.0	False	False	24617.0	False	Mixed	True	False	0.025	0.0	0.5700932583004319	1.5	9.0													
451390.9242	2.901899999997113	processed_trials			80.0	0.9876741636371968					False				Mixed					0.5700932583004319		9.0	40.0	40.0	True	False	False	0.5701	0.5701	16.328661017111735	0.26480000000000004	-0.23400716201411895	Right	0.26480000000000004	
451390.9242	0.26480000000447035	states																																	"       state_name
id               
3   wait_for_poke"
451391.189	0.987699999997858	states																																	"        state_name
id                
1   nose_in_center"
451392.1767	0.001999999978579581	states																																	"   state_name
id           
5      go_cue"
451392.1787	0.5701000000117347	states																																	"            state_name
id                    
6   wait_for_side_poke"
451392.7488	0.46270000003278255	states																																	"         state_name
id                 
4   announce_reward"
451393.21150000003	0.614499999966938	states																																	"   state_name
id           
8      reward"
451393.826	0.00010000000474974513	states																																	"    state_name
id            
7   stop_sound"
451393.9128	8.115600000019185	trials	1.0	2.0	5.0	0.8988986606421467	0.0	0.35	True	505.0	False	False	24618.0	False	Mixed	True	False	0.025	0.0	1.162708995465367	1.5	9.0													
451393.9128	8.115600000019185	processed_trials			5.0	0.8988986606421467					False				Mixed					1.162708995465367		9.0	40.0	40.0	False	True	False			16.328661017111735	5.8495	-0.008970747514411776	Right	1.5093000000000005	
451393.9128	5.849500000011176	states																																	"       state_name
id               
3   wait_for_poke"
451399.7623	0.2661000000080094	states																																	"        state_name
id                
1   nose_in_center"
451400.0284	2.0	states																																	"          state_name
id                  
2   punish_violation"
451402.0945	2.6208999999798834	trials	1.0	2.0	5.0	0.9764751212543548	0.0	0.35	True	505.0	False	False	24619.0	False	Mixed	True	True	0.025	0.0	0.09877394084767416	1.5	9.0													
451402.0945	2.6208999999798834	processed_trials			5.0	0.9764751212543548					False				Mixed					0.09877394084767416		9.0	40.0	40.0	False	True	False			16.328661017111735	0.1825	-0.2373234541897642	Left	0.1825	
451402.0945	0.1824999999953434	states																																	"       state_name
id               
3   wait_for_poke"
451402.277	0.43839999998454005	states																																	"        state_name
id                
1   nose_in_center"
451402.7154	2.0	states																																	"          state_name
id                  
2   punish_violation"
451404.7778	2.939600000041537	trials	1.0	2.0	5.0	1.0112602028311657	0.0	0.35	True	505.0	False	False	24620.0	False	Mixed	True	True	0.025	0.0	0.5244088125992554	1.5	9.0													
451404.7778	2.939600000041537	processed_trials			5.0	1.0112602028311657					False				Mixed					0.5244088125992554		9.0	40.0	40.0	False	True	False			16.328661017111735	0.0176	-0.24396812709090512	Right	0.0176	
451404.7778	0.01760000002104789	states																																	"       state_name
id               
3   wait_for_poke"
451404.7954	0.9219999999622814	states																																	"        state_name
id                
1   nose_in_center"
451405.71739999996	2.0	states																																	"          state_name
id                  
2   punish_violation"
451407.7942	9.181099999987055	trials	1.0	2.0	5.0	0.961304501604039	0.0	0.35	True	505.0	True	False	24621.0	False	Mixed	True	True	0.025	0.0	100.0	1.5	9.0													
451407.7942	9.181099999987055	processed_trials			5.0	0.961304501604039					True				Mixed					100.0		9.0	40.0	40.0	False	False	True	6.872999999999999	6.872999999999999	16.328661017111735	1.1447	-0.19855144530269445	Left	1.1447	
451407.7942	1.1447000000043772	states																																	"       state_name
id               
3   wait_for_poke"
451408.9389	0.9613000000244938	states																																	"        state_name
id                
1   nose_in_center"
451409.90020000003	0.001999999978579581	states																																	"   state_name
id           
5      go_cue"
451409.9022	6.87300000002142	states																																	"            state_name
id                    
6   wait_for_side_poke"
451416.77520000003	0.19999999995343387	states																																	"   state_name
id           
0     opt_out"
451416.9752	0.00010000000474974513	states																																	"    state_name
id            
7   stop_sound"
451417.0437	2.3993000000482425	trials	1.0	2.0	40.0	1.1928185562318174	0.0	0.35	True	505.0	False	False	24622.0	False	Mixed	True	False	0.025	0.0	0.686581829831433	1.5	9.0													
451417.0437	2.3993000000482425	processed_trials			40.0	1.1928185562318174					False				Mixed					0.686581829831433		9.0	40.0	40.0	True	False	False	0.6865999999999999	0.6865999999999999	16.328661017111735	0.1787	-0.23747657582120346	Left	0.1787	
451417.0437	0.17869999998947605	states																																	"       state_name
id               
3   wait_for_poke"
451417.22239999997	1.1928000000189058	states																																	"        state_name
id                
1   nose_in_center"
451418.4152	0.001999999978579581	states																																	"   state_name
id           
5      go_cue"
451418.41719999997	0.68660000001546	states																																	"            state_name
id                    
6   wait_for_side_poke"
451419.1038	0.04249999998137355	states																																	"         state_name
id                 
4   announce_reward"
451419.14629999996	0.2966000000014901	states																																	"   state_name
id           
8      reward"
451419.44289999997	0.00010000000474974513	states																																	"    state_name
id            
7   stop_sound"
451419.5084	6.829700000002049	trials	1.0	2.0	10.0	1.1928186	0.0	0.35	True	545.0	False	False	24623.0	False	Mixed	True	False	0.025	0.0	0.11614726947898223	1.5	9.0													
451419.5084	6.829700000002049	processed_trials			10.0	1.1928186					False				Mixed					0.11614726947898223		9.0	40.0	40.0	False	True	False			16.328661017111735	4.7332	-0.05395224150800554	Right	1.213	
451419.5084	4.73320000001695	states																																	"       state_name
id               
3   wait_for_poke"
451424.2416	0.09649999998509884	states																																	"        state_name
id                
1   nose_in_center"
451424.3381	2.0	states																																	"          state_name
id                  
2   punish_violation"
451426.4078	2.7722000000067055	trials	1.0	2.0	10.0	0.9679021669262814	0.0	0.35	True	545.0	False	False	24624.0	False	Mixed	True	True	0.025	0.0	0.4327546177556468	1.5	9.0													
451426.4078	2.7722000000067055	processed_trials			10.0	0.9679021669262814					False				Mixed					0.4327546177556468		9.0	40.0	40.0	True	False	False	0.43279999999999985	0.43279999999999985	16.328661017111735	1.2559	-0.1940706228247874	Left	1.2559	
451426.4078	1.2558999999891967	states																																	"       state_name
id               
3   wait_for_poke"
451427.6637	0.967899999988731	states																																	"        state_name
id                
1   nose_in_center"
451428.63159999996	0.0020000000367872417	states																																	"   state_name
id           
5      go_cue"
451428.6336	0.4328000000095926	states																																	"            state_name
id                    
6   wait_for_side_poke"
451429.0664	0.01859999995213002	states																																	"         state_name
id                 
4   announce_reward"
451429.08499999996	0.09490000002551824	states																																	"   state_name
id           
8      reward"
451429.1799	0.00010000000474974513	states																																	"    state_name
id            
7   stop_sound"
451429.2634	10.679400000022724	trials	1.0	2.0	80.0	1.1095938482230052	0.0	0.35	True	555.0	True	False	24625.0	False	Mixed	True	False	0.025	0.0	100.0	1.5	9.0													
451429.2634	10.679400000022724	processed_trials			80.0	1.1095938482230052					True				Mixed					100.0		9.0	40.0	40.0	False	False	True	7.0097999999999985	7.0097999999999985	16.328661017111735	2.3579	-0.14966534970739934	Right	0.47519999999999984	
451429.2634	2.357900000002701	states																																	"       state_name
id               
3   wait_for_poke"
451431.6213	1.1096000000252388	states																																	"        state_name
id                
1   nose_in_center"
451432.7309	0.001999999978579581	states																																	"   state_name
id           
5      go_cue"
451432.7329	7.009799999999814	states																																	"            state_name
id                    
6   wait_for_side_poke"
451439.7427	0.20000000001164153	states																																	"   state_name
id           
0     opt_out"
451439.9427	0.00010000000474974513	states																																	"    state_name
id            
7   stop_sound"
451440.0232	2.403200000000652	trials	1.0	2.0	80.0	1.1095938	0.0	0.35	True	555.0	False	False	24626.0	False	Mixed	True	False	0.025	0.0	0.12956975544950594	1.5	9.0													
451440.0232	2.403200000000652	processed_trials			80.0	1.1095938					False				Mixed					0.12956975544950594		9.0	40.0	40.0	True	False	False	0.12959999999999994	0.12959999999999994	16.328661017111735	0.1928	-0.23690841397823142	Left	0.1928	
451440.0232	0.19280000001890585	states																																	"       state_name
id               
3   wait_for_poke"
451440.216	1.1095999999670312	states																																	"        state_name
id                
1   nose_in_center"
451441.3256	0.0020000000367872417	states																																	"   state_name
id           
5      go_cue"
451441.3276	0.12959999998565763	states																																	"            state_name
id                    
6   wait_for_side_poke"
451441.4572	0.40049999998882413	states																																	"         state_name
id                 
4   announce_reward"
451441.8577	0.5685999999986961	states																																	"   state_name
id           
8      reward"
451442.4263	0.00010000000474974513	states																																	"    state_name
id            
7   stop_sound"
451442.5108	8.082099999999627	trials	1.0	2.0	80.0	0.9674611789569758	0.0	0.35	True	635.0	False	False	24627.0	False	Mixed	True	False	0.025	0.0	1.5269177966095684	1.5	9.0													
451442.5108	8.082099999999627	processed_trials			80.0	0.9674611789569758					False				Mixed					1.5269177966095684		9.0	40.0	40.0	True	False	False	1.5268999999999995	1.5268999999999995	16.328661017111735	4.995	-0.04340296700516325	Left	0.8555000000000001	
451442.5108	4.994999999995343	states																																	"       state_name
id               
3   wait_for_poke"
451447.5058	0.9675000000279397	states																																	"        state_name
id                
1   nose_in_center"
451448.4733	0.001999999978579581	states																																	"   state_name
id           
5      go_cue"
451448.4753	1.526899999997113	states																																	"            state_name
id                    
6   wait_for_side_poke"
451450.0022	0.021999999997206032	states																																	"         state_name
id                 
4   announce_reward"
451450.0242	0.5685999999986961	states																																	"   state_name
id           
8      reward"
451450.5928	0.00010000000474974513	states																																	"    state_name
id            
7   stop_sound"
451450.6687	7.7075000000186265	trials	1.0	2.0	20.0	1.0893947858963964	0.0	0.35	True	715.0	False	False	24628.0	False	Mixed	True	False	0.025	0.0	3.4065545277213465	1.5	9.0													
451450.6687	7.7075000000186265	processed_trials			20.0	1.0893947858963964					False				Mixed					3.4065545277213465		9.0	40.0	40.0	False	True	False			16.328661017111735	5.6404	-0.017396466760188422	Right	0.4095999999999993	
451450.6687	5.640399999974761	states																																	"       state_name
id               
3   wait_for_poke"
451456.30909999995	0.0671000000438653	states																																	"        state_name
id                
1   nose_in_center"
451456.3762	2.0	states																																	"          state_name
id                  
2   punish_violation"
451458.4431	2.879000000015367	trials	1.0	2.0	20.0	1.1809668417065668	0.0	0.35	True	715.0	False	False	24629.0	False	Mixed	True	True	0.025	0.0	2.6152511280690858	1.5	9.0													
451458.4431	2.879000000015367	processed_trials			20.0	1.1809668417065668					False				Mixed					2.6152511280690858		9.0	40.0	40.0	False	True	False			16.328661017111735	0.7507	-0.2144277407729766	Right	0.7507	
451458.4431	0.7506999999750406	states																																	"       state_name
id               
3   wait_for_poke"
451459.19379999995	0.12830000004032627	states																																	"        state_name
id                
1   nose_in_center"
451459.3221	2.0	states																																	"          state_name
id                  
2   punish_violation"
451461.4072	2.830599999986589	trials	1.0	2.0	20.0	0.9848735370848594	0.0	0.35	True	715.0	False	False	24630.0	False	Mixed	True	True	0.025	0.0	1.2311326562590532	1.5	9.0													
451461.4072	2.830599999986589	processed_trials			20.0	0.9848735370848594					False				Mixed					1.2311326562590532		9.0	40.0	40.0	True	False	False	1.2311	1.2311	16.328661017111735	0.3182	-0.23185540014073555	Left	0.3182	
451461.4072	0.31819999997969717	states																																	"       state_name
id               
3   wait_for_poke"
451461.7254	0.9849000000394881	states																																	"        state_name
id                
1   nose_in_center"
451462.71030000004	0.001999999978579581	states																																	"   state_name
id           
5      go_cue"
451462.7123	1.231099999975413	states																																	"            state_name
id                    
6   wait_for_side_poke"
451463.9434	0.13240000000223517	states																																	"         state_name
id                 
4   announce_reward"
451464.0758	0.16190000000642613	states																																	"   state_name
id           
8      reward"
451464.2377	0.00010000000474974513	states																																	"    state_name
id            
7   stop_sound"
451464.3163	5.797199999971781	trials	1.0	2.0	5.0	0.8057321624292938	0.0	0.35	True	735.0	True	False	24631.0	False	Mixed	True	False	0.025	0.0	1.2311327	1.5	9.0													
451464.3163	5.797199999971781	processed_trials			5.0	0.8057321624292938					False				Mixed					1.2311327		9.0	40.0	40.0	False	True	False			16.328661017111735	3.5521	-0.10154486226930055	Right	0.5270999999999999	
451464.3163	3.552099999971688	states																																	"       state_name
id               
3   wait_for_poke"
451467.8684	0.24510000000009313	states																																	"        state_name
id                
1   nose_in_center"
451468.1135	2.0	states																																	"          state_name
id                  
2   punish_violation"
451470.1969	2.2396000000298955	trials	1.0	2.0	5.0	0.80573216	0.0	0.35	True	735.0	True	False	24632.0	False	Mixed	True	True	0.025	0.0	100.0	1.5	9.0													
451470.1969	2.2396000000298955	processed_trials			5.0	0.80573216					True				Mixed					100.0		9.0	40.0	40.0	False	True	False			16.328661017111735	0.09179999999999999	-0.24097822576122252	Left	0.09179999999999999	
451470.1969	0.09179999999469146	states																																	"       state_name
id               
3   wait_for_poke"
451470.2887	0.14779999997699633	states																																	"        state_name
id                
1   nose_in_center"
451470.43649999995	2.0	states																																	"          state_name
id                  
2   punish_violation"
451472.5094	6.132700000016484	trials	1.0	2.0	5.0	1.0443434094624424	0.0	0.35	True	735.0	False	False	24633.0	False	Mixed	True	True	0.025	0.0	7.441648480104581	1.5	9.0													
451472.5094	6.132700000016484	processed_trials			5.0	1.0443434094624424					False				Mixed					7.441648480104581		9.0	40.0	40.0	False	False	True	4.867400000000001	4.867400000000001	16.328661017111735	0.0189	-0.2439157433748864	Left	0.0189	
451472.5094	0.018900000024586916	states																																	"       state_name
id               
3   wait_for_poke"
451472.5283	1.0442999999504536	states																																	"        state_name
id                
1   nose_in_center"
451473.57259999996	0.0020000000367872417	states																																	"   state_name
id           
5      go_cue"
451473.5746	4.867399999988265	states																																	"            state_name
id                    
6   wait_for_side_poke"
451478.442	0.20000000001164153	states																																	"   state_name
id           
0     opt_out"
451478.642	0.00010000000474974513	states																																	"    state_name
id            
7   stop_sound"
451478.7321	2.8944999999948777	trials	1.0	2.0	10.0	1.0093950060650094	0.0	0.35	True	735.0	True	False	24634.0	False	Mixed	True	False	0.025	0.0	100.0	1.5	9.0													
451478.7321	2.8944999999948777	processed_trials			10.0	1.0093950060650094					True				Mixed					100.0		9.0	40.0	40.0	False	True	False			16.328661017111735	0.2389	-0.23505080681787607	Right	0.2389	
451478.7321	0.23889999999664724	states																																	"       state_name
id               
3   wait_for_poke"
451478.971	0.6555999999982305	states																																	"        state_name
id                
1   nose_in_center"
451479.6266	2.0	states																																	"          state_name
id                  
2   punish_violation"
451481.7005	2.68650000001071	trials	1.0	2.0	10.0	0.8686727735898215	0.0	0.35	True	735.0	False	False	24635.0	False	Mixed	True	True	0.025	0.0	0.076406316044216	1.5	9.0													
451481.7005	2.68650000001071	processed_trials			10.0	0.8686727735898215					False				Mixed					0.076406316044216		9.0	40.0	40.0	False	True	False			16.328661017111735	0.117	-0.23996278757378317	Right	0.117	
451481.7005	0.11700000002747402	states																																	"       state_name
id               
3   wait_for_poke"
451481.8175	0.5694999999832362	states																																	"        state_name
id                
1   nose_in_center"
451482.387	2.0	states																																	"          state_name
id                  
2   punish_violation"
451484.4592	2.6454000000376254	trials	1.0	2.0	10.0	1.0564750447104938	0.0	0.35	True	735.0	False	False	24636.0	False	Mixed	True	True	0.025	0.0	1.217506073217117	1.5	9.0													
451484.4592	2.6454000000376254	processed_trials			10.0	1.0564750447104938					False				Mixed					1.217506073217117		9.0	40.0	40.0	True	False	False	1.2174999999999998	1.2174999999999998	16.328661017111735	0.2324	-0.23531272539796957	Left	0.2324	
451484.4592	0.2323999999789521	states																																	"       state_name
id               
3   wait_for_poke"
451484.69159999996	1.0565000000060536	states																																	"        state_name
id                
1   nose_in_center"
451485.74809999997	0.0020000000367872417	states																																	"   state_name
id           
5      go_cue"
451485.7501	1.217499999969732	states																																	"            state_name
id                    
6   wait_for_side_poke"
451486.9676	0.042000000015832484	states																																	"         state_name
id                 
4   announce_reward"
451487.0096	0.09489999996731058	states																																	"   state_name
id           
8      reward"
451487.10449999996	0.00010000000474974513	states																																	"    state_name
id            
7   stop_sound"
451487.1935	3.6529999999911524	trials	1.0	2.0	20.0	0.9367691125343782	0.0	0.35	True	745.0	True	False	24637.0	False	Mixed	True	False	0.025	0.0	100.0	1.5	9.0													
451487.1935	3.6529999999911524	processed_trials			20.0	0.9367691125343782					True				Mixed					100.0		9.0	40.0	40.0	False	True	False			16.328661017111735	1.3651	-0.18967039067921684	Left	0.3993	
451487.1935	1.3650999999954365	states																																	"       state_name
id               
3   wait_for_poke"
451488.5586	0.2878999999957159	states																																	"        state_name
id                
1   nose_in_center"
451488.8465	2.0	states																																	"          state_name
id                  
2   punish_violation"
451490.9148	10.526499999978114	trials	1.0	2.0	20.0	1.1021820902245834	0.0	0.35	True	745.0	True	False	24638.0	False	Mixed	True	True	0.025	0.0	100.0	1.5	9.0													
451490.9148	10.526499999978114	processed_trials			20.0	1.1021820902245834					True				Mixed					100.0		9.0	40.0	40.0	False	False	True	6.3602	6.3602	16.328661017111735	2.862	-0.1293525564419952	Left	2.862	
451490.9148	2.8620000000228174	states																																	"       state_name
id               
3   wait_for_poke"
451493.77680000005	1.102199999964796	states																																	"        state_name
id                
1   nose_in_center"
451494.879	0.0020000000367872417	states																																	"   state_name
id           
5      go_cue"
451494.88100000005	6.36019999999553	states																																	"            state_name
id                    
6   wait_for_side_poke"
451501.24120000005	0.19999999995343387	states																																	"   state_name
id           
0     opt_out"
451501.4412	0.00010000000474974513	states																																	"    state_name
id            
7   stop_sound"
451501.5188	2.237599999993108	trials	1.0	2.0	40.0	1.1021821	0.0	0.35	True	745.0	False	False	24639.0	False	Mixed	True	False	0.025	0.0	0.8390164512172887	1.5	9.0													
451501.5188	2.237599999993108	processed_trials			40.0	1.1021821					False				Mixed					0.8390164512172887		9.0	40.0	40.0	False	True	False			16.328661017111735	0.054	-0.24250138304238159	Left	0.054	
451501.5188	0.05400000000372529	states																																	"       state_name
id               
3   wait_for_poke"
451501.5728	0.18359999998938292	states																																	"        state_name
id                
1   nose_in_center"
451501.7564	2.0	states																																	"          state_name
id                  
2   punish_violation"
451503.8297	2.187099999981001	trials	1.0	2.0	40.0	1.1000316986122516	0.0	0.35	True	745.0	False	False	24640.0	False	Mixed	True	True	0.025	0.0	1.6622061756244504	1.5	9.0													
451503.8297	2.187099999981001	processed_trials			40.0	1.1000316986122516					False				Mixed					1.6622061756244504		9.0	40.0	40.0	False	True	False			16.328661017111735	0.1404	-0.23901988068544663	Right	0.1404	
451503.8297	0.14039999997476116	states																																	"       state_name
id               
3   wait_for_poke"
451503.9701	0.04670000000623986	states																																	"        state_name
id                
1   nose_in_center"
451504.0168	2.0	states																																	"          state_name
id                  
2   punish_violation"
451506.0968	3.245100000000093	trials	1.0	2.0	40.0	0.9707270552062994	0.0	0.35	True	745.0	False	False	24641.0	False	Mixed	True	True	0.025	0.0	1.7094805827811477	1.5	9.0													
451506.0968	3.245100000000093	processed_trials			40.0	0.9707270552062994					False				Mixed					1.7094805827811477		9.0	40.0	40.0	True	False	False	1.7095	1.7095	16.328661017111735	0.0582	-0.242332143344475	Right	0.0582	
451506.0968	0.0582000000285916	states																																	"       state_name
id               
3   wait_for_poke"
451506.155	0.9706999999471009	states																																	"        state_name
id                
1   nose_in_center"
451507.1257	0.0020000000367872417	states																																	"   state_name
id           
5      go_cue"
451507.1277	1.709499999997206	states																																	"            state_name
id                    
6   wait_for_side_poke"
451508.8372	0.1877000000094995	states																																	"         state_name
id                 
4   announce_reward"
451509.0249	0.31689999997615814	states																																	"   state_name
id           
8      reward"
451509.3418	0.00010000000474974513	states																																	"    state_name
id            
7   stop_sound"
451509.4299	6.984800000034738	trials	1.0	2.0	20.0	0.97072706	0.0	0.35	True	785.0	True	False	24642.0	False	Mixed	True	False	0.025	0.0	1.7094806	1.5	9.0													
451509.4299	6.984800000034738	processed_trials			20.0	0.97072706					False				Mixed					1.7094806		9.0	40.0	40.0	False	True	False			16.328661017111735	4.486800000000001	-0.06388097045185709	Right	1.3263000000000007	
451509.4299	4.486800000013318	states																																	"       state_name
id               
3   wait_for_poke"
451513.9167	0.49799999996321276	states																																	"        state_name
id                
1   nose_in_center"
451514.41469999996	2.0	states																																	"          state_name
id                  
2   punish_violation"
451516.4912	8.04879999998957	trials	1.0	2.0	20.0	0.9506177309607892	0.0	0.35	True	785.0	True	False	24643.0	False	Mixed	True	True	0.025	0.0	100.0	1.5	9.0													
451516.4912	8.04879999998957	processed_trials			20.0	0.9506177309607892					True				Mixed					100.0		9.0	40.0	40.0	False	False	True	6.5329	6.5329	16.328661017111735	0.36319999999999997	-0.23004211766316526	Left	0.36319999999999997	
451516.4912	0.3632000000216067	states																																	"       state_name
id               
3   wait_for_poke"
451516.8544	0.9505999999819323	states																																	"        state_name
id                
1   nose_in_center"
451517.805	0.001999999978579581	states																																	"   state_name
id           
5      go_cue"
451517.807	6.532899999991059	states																																	"            state_name
id                    
6   wait_for_side_poke"
451524.33989999996	0.20000000001164153	states																																	"   state_name
id           
0     opt_out"
451524.5399	0.00010000000474974513	states																																	"    state_name
id            
7   stop_sound"
451524.6153	2.183100000023842	trials	1.0	2.0	5.0	1.1024316966901322	0.0	0.35	True	785.0	False	False	24644.0	False	Mixed	True	False	0.025	0.0	2.240603102872015	1.5	9.0													
451524.6153	2.183100000023842	processed_trials			5.0	1.1024316966901322					False				Mixed					2.240603102872015		9.0	40.0	40.0	False	True	False			16.328661017111735	0.0557	-0.2424328812598956	Right	0.0557	
451524.6153	0.0557000000262633	states																																	"       state_name
id               
3   wait_for_poke"
451524.67100000003	0.12739999999757856	states																																	"        state_name
id                
1   nose_in_center"
451524.7984	2.0	states																																	"          state_name
id                  
2   punish_violation"
451526.8728	3.0645999999833293	trials	1.0	2.0	5.0	1.001656747410087	0.0	0.35	True	785.0	False	False	24645.0	False	Mixed	True	True	0.025	0.0	1.7090842245937985	1.5	9.0													
451526.8728	3.0645999999833293	processed_trials			5.0	1.001656747410087					False				Mixed					1.7090842245937985		9.0	40.0	40.0	True	False	False	1.7090999999999996	1.7090999999999996	16.328661017111735	0.26580000000000004	-0.2339668668479507	Right	0.26580000000000004	
451526.8728	0.26579999999376014	states																																	"       state_name
id               
3   wait_for_poke"
451527.1386	1.001700000022538	states																																	"        state_name
id                
1   nose_in_center"
451528.1403	0.001999999978579581	states																																	"   state_name
id           
5      go_cue"
451528.1423	1.709099999978207	states																																	"            state_name
id                    
6   wait_for_side_poke"
451529.8514	0.021400000026915222	states																																	"         state_name
id                 
4   announce_reward"
451529.8728	0.06449999997857958	states																																	"   state_name
id           
8      reward"
451529.9373	0.00010000000474974513	states																																	"    state_name
id            
7   stop_sound"
451530.0243	4.326999999990221	trials	1.0	2.0	40.0	1.0016567	0.0	0.35	True	790.0	False	False	24646.0	False	Mixed	True	False	0.025	0.0	1.7090842	1.5	9.0													
451530.0243	4.326999999990221	processed_trials			40.0	1.0016567					False				Mixed					1.7090842		9.0	40.0	40.0	False	True	False			16.328661017111735	1.9948	-0.16429652454308322	Right	0.4555	
451530.0243	1.994799999985844	states																																	"       state_name
id               
3   wait_for_poke"
451532.0191	0.3322000000043772	states																																	"        state_name
id                
1   nose_in_center"
451532.3513	2.0	states																																	"          state_name
id                  
2   punish_violation"
451534.4358	2.1774000000441447	trials	1.0	2.0	40.0	1.1432496007204938	0.0	0.35	True	790.0	False	False	24647.0	False	Mixed	True	True	0.025	0.0	0.6102096151418043	1.5	9.0													
451534.4358	2.1774000000441447	processed_trials			40.0	1.1432496007204938					False				Mixed					0.6102096151418043		9.0	40.0	40.0	True	False	False	0.6102000000000001	0.6102000000000001	16.328661017111735	0.1178	-0.2399305514408486	Left	0.1178	
451534.4358	0.11780000000726432	states																																	"       state_name
id               
3   wait_for_poke"
451534.5536	1.1431999999913387	states																																	"        state_name
id                
1   nose_in_center"
451535.6968	0.001999999978579581	states																																	"   state_name
id           
5      go_cue"
451535.69879999995	0.6101999999955297	states																																	"            state_name
id                    
6   wait_for_side_poke"
451536.30899999995	0.007500000006984919	states																																	"         state_name
id                 
4   announce_reward"
451536.31649999996	0.2966000000014901	states																																	"   state_name
id           
8      reward"
451536.61309999996	0.00010000000474974513	states																																	"    state_name
id            
7   stop_sound"
451536.6928	6.421299999987241	trials	1.0	2.0	20.0	1.0735813927704325	0.0	0.35	True	830.0	False	False	24648.0	False	Mixed	True	False	0.025	0.0	3.1618058338488195	1.5	9.0													
451536.6928	6.421299999987241	processed_trials			20.0	1.0735813927704325					False				Mixed					3.1618058338488195		9.0	40.0	40.0	False	True	False			16.328661017111735	4.1611	-0.07700510607284922	Left	0.5063	
451536.6928	4.161100000026636	states																																	"       state_name
id               
3   wait_for_poke"
451540.85390000005	0.26019999996060506	states																																	"        state_name
id                
1   nose_in_center"
451541.1141	2.0	states																																	"          state_name
id                  
2   punish_violation"
451543.1973	12.743699999991804	trials	1.0	2.0	20.0	1.0735814	0.0	0.35	True	830.0	True	False	24649.0	False	Mixed	True	True	0.025	0.0	100.0	1.5	9.0													
451543.1973	12.743699999991804	processed_trials			20.0	1.0735814					True				Mixed					100.0		9.0	40.0	40.0	False	False	True	4.602399999999999	4.602399999999999	16.328661017111735	6.865600000000001	0.0319731708291255	Right	6.865600000000001	
451543.1973	6.865600000019185	states																																	"       state_name
id               
3   wait_for_poke"
451550.0629	1.0736000000033528	states																																	"        state_name
id                
1   nose_in_center"
451551.1365	0.001999999978579581	states																																	"   state_name
id           
5      go_cue"
451551.1385	4.6023999999742955	states																																	"            state_name
id                    
6   wait_for_side_poke"
451555.7409	0.20000000001164153	states																																	"   state_name
id           
0     opt_out"
451555.9409	0.00010000000474974513	states																																	"    state_name
id            
7   stop_sound"
451556.0318	2.539099999994505	trials	1.0	2.0	40.0	1.1658901976030047	0.0	0.35	True	830.0	True	False	24650.0	False	Mixed	True	False	0.025	0.0	100.0	1.5	9.0													
451556.0318	2.539099999994505	processed_trials			40.0	1.1658901976030047					True				Mixed					100.0		9.0	40.0	40.0	False	True	False			16.328661017111735	0.0845	-0.2412723804742506	Left	0.0845	
451556.0318	0.08449999999720603	states																																	"       state_name
id               
3   wait_for_poke"
451556.1163	0.45459999999729916	states																																	"        state_name
id                
1   nose_in_center"
451556.5709	2.0	states																																	"          state_name
id                  
2   punish_violation"
451558.6623	3.207399999955669	trials	1.0	2.0	40.0	0.8063344043714451	0.0	0.35	True	830.0	False	False	24651.0	False	Mixed	True	True	0.025	0.0	1.8283150599130462	1.5	9.0													
451558.6623	3.207399999955669	processed_trials			40.0	0.8063344043714451					False				Mixed					1.8283150599130462		9.0	40.0	40.0	True	False	False	1.8282999999999998	1.8282999999999998	16.328661017111735	0.1575	-0.23833083334396993	Right	0.1575	
451558.6623	0.15749999997206032	states																																	"       state_name
id               
3   wait_for_poke"
451558.8198	0.8063000000547618	states																																	"        state_name
id                
1   nose_in_center"
451559.62610000005	0.001999999978579581	states																																	"   state_name
id           
5      go_cue"
451559.62810000003	1.8282999999937601	states																																	"            state_name
id                    
6   wait_for_side_poke"
451561.4564	0.09629999997559935	states																																	"         state_name
id                 
4   announce_reward"
451561.5527	0.3169000000343658	states																																	"   state_name
id           
8      reward"
451561.86960000003	0.00010000000474974513	states																																	"    state_name
id            
7   stop_sound"
451561.9509	7.233799999987241	trials	1.0	2.0	20.0	1.0569733189348445	0.0	0.35	True	870.0	True	False	24652.0	False	Mixed	True	False	0.025	0.0	1.8283151	1.5	9.0													
451561.9509	7.233799999987241	processed_trials			20.0	1.0569733189348445					False				Mixed					1.8283151		9.0	40.0	40.0	False	True	False			16.328661017111735	4.5337	-0.0619911271585672	Right	1.7359999999999998	
451561.9509	4.533700000029057	states																																	"       state_name
id               
3   wait_for_poke"
451566.4846	0.7000999999581836	states																																	"        state_name
id                
1   nose_in_center"
451567.1847	2.0	states																																	"          state_name
id                  
2   punish_violation"
451569.2656	3.62400000001071	trials	1.0	2.0	20.0	0.8910342848787444	0.0	0.35	True	870.0	False	False	24653.0	False	Mixed	True	True	0.025	0.0	1.8027874054351747	1.5	9.0													
451569.2656	3.62400000001071	processed_trials			20.0	0.8910342848787444					False				Mixed					1.8027874054351747		9.0	40.0	40.0	False	True	False			16.328661017111735	1.4844000000000002	-0.18486317735534716	Right	1.4844000000000002	
451569.2656	1.4844000000157394	states																																	"       state_name
id               
3   wait_for_poke"
451570.75	0.13959999999497086	states																																	"        state_name
id                
1   nose_in_center"
451570.8896	2.0	states																																	"          state_name
id                  
2   punish_violation"
451572.9742	2.040099999983795	trials	1.0	2.0	20.0	0.8453086101057056	0.0	0.35	True	870.0	False	False	24654.0	False	Mixed	True	True	0.025	0.0	0.5817136265640268	1.5	9.0													
451572.9742	2.040099999983795	processed_trials			20.0	0.8453086101057056					False				Mixed					0.5817136265640268		9.0	40.0	40.0	True	False	False	0.5816999999999999	0.5816999999999999	16.328661017111735	0.10809999999999999	-0.24032141455268038	Right	0.10809999999999999	
451572.9742	0.10810000001220033	states																																	"       state_name
id               
3   wait_for_poke"
451573.0823	0.8452999999863096	states																																	"        state_name
id                
1   nose_in_center"
451573.9276	0.001999999978579581	states																																	"   state_name
id           
5      go_cue"
451573.9296	0.5817000000388362	states																																	"            state_name
id                    
6   wait_for_side_poke"
451574.5113	0.3311000000103377	states																																	"         state_name
id                 
4   announce_reward"
451574.8424	0.17179999995278195	states																																	"   state_name
id           
8      reward"
451575.0142	0.00010000000474974513	states																																	"    state_name
id            
7   stop_sound"
451575.1003	6.0538999999989755	trials	1.0	2.0	40.0	1.0622623529271835	0.0	0.35	True	890.0	False	False	24655.0	False	Mixed	True	False	0.025	0.0	1.2332794653620163	1.5	9.0													
451575.1003	6.0538999999989755	processed_trials			40.0	1.0622623529271835					False				Mixed					1.2332794653620163		9.0	40.0	40.0	False	True	False			16.328661017111735	3.6728	-0.09668123571279533	Left	1.2159999999999997	
451575.1003	3.6728000000002794	states																																	"       state_name
id               
3   wait_for_poke"
451578.7731	0.38109999999869615	states																																	"        state_name
id                
1   nose_in_center"
451579.1542	2.0	states																																	"          state_name
id                  
2   punish_violation"
451581.2533	2.412799999990966	trials	1.0	2.0	40.0	1.0622624	0.0	0.35	True	890.0	False	False	24656.0	False	Mixed	True	True	0.025	0.0	1.2943546151505225	1.5	9.0													
451581.2533	2.412799999990966	processed_trials			40.0	1.0622624					False				Mixed					1.2943546151505225		9.0	40.0	40.0	False	True	False			16.328661017111735	0.0238	-0.24371829706066211	Right	0.0238	
451581.2533	0.023800000024493784	states																																	"       state_name
id               
3   wait_for_poke"
451581.2771	0.3889999999664724	states																																	"        state_name
id                
1   nose_in_center"
451581.6661	2.0	states																																	"          state_name
id                  
2   punish_violation"
451583.7564	5.056999999971595	trials	1.0	2.0	40.0	0.8176057313439652	0.0	0.35	True	890.0	False	False	24657.0	False	Mixed	True	True	0.025	0.0	3.6054772741286145	1.5	9.0													
451583.7564	5.056999999971595	processed_trials			40.0	0.8176057313439652					False				Mixed					3.6054772741286145		9.0	40.0	40.0	True	False	False	3.6055	3.6055	16.328661017111735	0.2024	-0.23652158038301643	Left	0.2024	
451583.7564	0.2024000000092201	states																																	"       state_name
id               
3   wait_for_poke"
451583.9588	0.8176000000094064	states																																	"        state_name
id                
1   nose_in_center"
451584.77640000003	0.001999999978579581	states																																	"   state_name
id           
5      go_cue"
451584.7784	3.6055000000051223	states																																	"            state_name
id                    
6   wait_for_side_poke"
451588.3839	0.13280000002123415	states																																	"         state_name
id                 
4   announce_reward"
451588.51670000004	0.2966000000014901	states																																	"   state_name
id           
8      reward"
451588.81330000004	9.999994654208422e-05	states																																	"    state_name
id            
7   stop_sound"
451588.9059	6.909299999999348	trials	1.0	2.0	20.0	0.9558367882755524	0.0	0.35	True	930.0	True	False	24658.0	False	Mixed	True	False	0.025	0.0	100.0	1.5	9.0													
451588.9059	6.909299999999348	processed_trials			20.0	0.9558367882755524					True				Mixed					100.0		9.0	40.0	40.0	False	True	False			16.328661017111735	4.7837	-0.051917335616510005	Right	0.54	
451588.9059	4.783700000029057	states																																	"       state_name
id               
3   wait_for_poke"
451593.68960000004	0.1255999999702908	states																																	"        state_name
id                
1   nose_in_center"
451593.8152	2.0	states																																	"          state_name
id                  
2   punish_violation"
451595.9001	6.53249999997206	trials	1.0	2.0	20.0	0.868429104184315	0.0	0.35	True	930.0	True	False	24659.0	False	Mixed	True	True	0.025	0.0	100.0	1.5	9.0													
451595.9001	6.53249999997206	processed_trials			20.0	0.868429104184315					True				Mixed					100.0		9.0	40.0	40.0	False	False	True	5.356	5.356	16.328661017111735	0.106	-0.2404060344016337	Right	0.106	
451595.9001	0.106000000028871	states																																	"       state_name
id               
3   wait_for_poke"
451596.00610000006	0.8683999999775551	states																																	"        state_name
id                
1   nose_in_center"
451596.87450000003	0.001999999978579581	states																																	"   state_name
id           
5      go_cue"
451596.8765	5.356000000028871	states																																	"            state_name
id                    
6   wait_for_side_poke"
451602.23250000004	0.20000000001164153	states																																	"   state_name
id           
0     opt_out"
451602.43250000005	9.999994654208422e-05	states																																	"    state_name
id            
7   stop_sound"
451602.522	2.2489000000059605	trials	1.0	2.0	40.0	1.1190266686097636	0.0	0.35	True	930.0	True	False	24660.0	False	Mixed	True	False	0.025	0.0	100.0	1.5	9.0													
451602.522	2.2489000000059605	processed_trials			40.0	1.1190266686097636					True				Mixed					100.0		9.0	40.0	40.0	False	True	False			16.328661017111735	0.055600000000000004	-0.24243691077651242	Left	0.055600000000000004	
451602.522	0.05560000002151355	states																																	"       state_name
id               
3   wait_for_poke"
451602.5776	0.1932999999844469	states																																	"        state_name
id                
1   nose_in_center"
451602.7709	2.0	states																																	"          state_name
id                  
2   punish_violation"
451604.8578	2.07839999999851	trials	1.0	2.0	40.0	0.8100693812902368	0.0	0.35	True	930.0	False	False	24661.0	False	Mixed	True	True	0.025	0.0	2.3901981305054676	1.5	9.0													
451604.8578	2.07839999999851	processed_trials			40.0	0.8100693812902368					False				Mixed					2.3901981305054676		9.0	40.0	40.0	False	True	False			16.328661017111735	0.055799999999999995	-0.2424288517432788	Left	0.055799999999999995	
451604.8578	0.05579999997280538	states																																	"       state_name
id               
3   wait_for_poke"
451604.91359999997	0.022600000025704503	states																																	"        state_name
id                
1   nose_in_center"
451604.9362	2.0	states																																	"          state_name
id                  
2   punish_violation"
451607.0229	4.102400000032503	trials	1.0	2.0	40.0	1.197975868488505	0.0	0.35	True	930.0	False	False	24662.0	False	Mixed	True	True	0.025	0.0	2.3901981	1.5	9.0													
451607.0229	4.102400000032503	processed_trials			40.0	1.197975868488505					False				Mixed					2.3901981		9.0	40.0	40.0	True	False	False	2.3902	2.3902	16.328661017111735	0.1305	-0.2394188028305121	Left	0.1305	
451607.0229	0.13050000002840534	states																																	"       state_name
id               
3   wait_for_poke"
451607.1534	1.1979999999748543	states																																	"        state_name
id                
1   nose_in_center"
451608.3514	0.001999999978579581	states																																	"   state_name
id           
5      go_cue"
451608.35339999996	2.3902000000234693	states																																	"            state_name
id                    
6   wait_for_side_poke"
451610.7436	0.08500000002095476	states																																	"         state_name
id                 
4   announce_reward"
451610.8286	0.2966000000014901	states																																	"   state_name
id           
8      reward"
451611.1252	9.999994654208422e-05	states																																	"    state_name
id            
7   stop_sound"
451611.2274	6.619700000039302	trials	1.0	2.0	20.0	0.9106248325238677	0.0	0.35	True	970.0	False	False	24663.0	False	Mixed	True	False	0.025	0.0	0.3992512354910221	1.5	9.0													
451611.2274	6.619700000039302	processed_trials			20.0	0.9106248325238677					False				Mixed					0.3992512354910221		9.0	40.0	40.0	False	True	False			16.328661017111735	4.404	-0.06721741021058646	Left	0.33340000000000014	
451611.2274	4.403999999980442	states																																	"       state_name
id               
3   wait_for_poke"
451615.63139999995	0.21570000000065193	states																																	"        state_name
id                
1   nose_in_center"
451615.84709999996	2.0	states																																	"          state_name
id                  
2   punish_violation"
451617.9437	3.6261999999987893	trials	1.0	2.0	20.0	0.91062483	0.0	0.35	True	970.0	True	False	24664.0	False	Mixed	True	True	0.025	0.0	0.39925124	1.5	9.0													
451617.9437	3.6261999999987893	processed_trials			20.0	0.91062483					False				Mixed					0.39925124		9.0	40.0	40.0	False	True	False			16.328661017111735	1.4572	-0.18595920587512296	Left	1.4572	
451617.9437	1.4572000000043772	states																																	"       state_name
id               
3   wait_for_poke"
451619.4009	0.16899999999441206	states																																	"        state_name
id                
1   nose_in_center"
451619.5699	2.0	states																																	"          state_name
id                  
2   punish_violation"
451621.6604	2.945400000025984	trials	1.0	2.0	20.0	1.1126301519048516	0.0	0.35	True	970.0	False	False	24665.0	False	Mixed	True	True	0.025	0.0	2.630860447714416	1.5	9.0													
451621.6604	2.945400000025984	processed_trials			20.0	1.1126301519048516					False				Mixed					2.630860447714416		9.0	40.0	40.0	False	True	False			16.328661017111735	0.3618	-0.2300985308958008	Right	0.3618	
451621.6604	0.3618000000133179	states																																	"       state_name
id               
3   wait_for_poke"
451622.0222	0.583600000012666	states																																	"        state_name
id                
1   nose_in_center"
451622.6058	2.0	states																																	"          state_name
id                  
2   punish_violation"
451624.7115	2.3491000000503846	trials	1.0	2.0	20.0	1.1126302	0.0	0.35	True	970.0	False	False	24666.0	False	Mixed	True	True	0.025	0.0	0.806068219954369	1.5	9.0													
451624.7115	2.3491000000503846	processed_trials			20.0	1.1126302					False				Mixed					0.806068219954369		9.0	40.0	40.0	True	False	False	0.8061	0.8061	16.328661017111735	0.1584	-0.23829456769441848	Left	0.1584	
451624.7115	0.15840000001480803	states																																	"       state_name
id               
3   wait_for_poke"
451624.8699	1.1125999999931082	states																																	"        state_name
id                
1   nose_in_center"
451625.9825	0.001999999978579581	states																																	"   state_name
id           
5      go_cue"
451625.98449999996	0.8060999999870546	states																																	"            state_name
id                    
6   wait_for_side_poke"
451626.79059999995	0.10800000000745058	states																																	"         state_name
id                 
4   announce_reward"
451626.89859999996	0.16190000000642613	states																																	"   state_name
id           
8      reward"
451627.06049999996	0.00010000000474974513	states																																	"    state_name
id            
7   stop_sound"
451627.1683	5.419999999983702	trials	1.0	2.0	5.0	1.0528106968746618	0.0	0.35	True	990.0	True	False	24667.0	False	Mixed	True	False	0.025	0.0	100.0	1.5	9.0													
451627.1683	5.419999999983702	processed_trials			5.0	1.0528106968746618					True				Mixed					100.0		9.0	40.0	40.0	False	True	False			16.328661017111735	3.1792	-0.11657092973343305	Right	0.4892999999999996	
451627.1683	3.179200000013225	states																																	"       state_name
id               
3   wait_for_poke"
451630.34750000003	0.24079999997047707	states																																	"        state_name
id                
1   nose_in_center"
451630.5883	2.0	states																																	"          state_name
id                  
2   punish_violation"
451632.6805	2.4848999999812804	trials	1.0	2.0	5.0	0.9153605501924041	0.0	0.35	True	990.0	True	False	24668.0	False	Mixed	True	True	0.025	0.0	100.0	1.5	9.0													
451632.6805	2.4848999999812804	processed_trials			5.0	0.9153605501924041					True				Mixed					100.0		9.0	40.0	40.0	False	True	False			16.328661017111735	0.25630000000000003	-0.23434967092654888	Right	0.25630000000000003	
451632.6805	0.25630000000819564	states																																	"       state_name
id               
3   wait_for_poke"
451632.9368	0.22859999997308478	states																																	"        state_name
id                
1   nose_in_center"
451633.1654	2.0	states																																	"          state_name
id                  
2   punish_violation"
451635.2722	6.674699999974109	trials	1.0	2.0	5.0	1.047186217074208	0.0	0.35	True	990.0	True	False	24669.0	False	Mixed	True	True	0.025	0.0	100.0	1.5	9.0													
451635.2722	6.674699999974109	processed_trials			5.0	1.047186217074208					True				Mixed					100.0		9.0	40.0	40.0	False	False	True	4.945600000000001	4.945600000000001	16.328661017111735	0.4798	-0.22534370128794978	Left	0.4798	
451635.2722	0.47979999997187406	states																																	"       state_name
id               
3   wait_for_poke"
451635.752	1.0472000000299886	states																																	"        state_name
id                
1   nose_in_center"
451636.7992	0.001999999978579581	states																																	"   state_name
id           
5      go_cue"
451636.8012	4.945600000035483	states																																	"            state_name
id                    
6   wait_for_side_poke"
451641.7468	0.20000000001164153	states																																	"   state_name
id           
0     opt_out"
451641.94680000003	9.999994654208422e-05	states																																	"    state_name
id            
7   stop_sound"
451642.0558	2.2784000000101514	trials	1.0	2.0	20.0	0.8167535830969308	0.0	0.35	True	990.0	False	False	24670.0	False	Mixed	True	False	0.025	0.0	4.50398115563324	1.5	9.0													
451642.0558	2.2784000000101514	processed_trials			20.0	0.8167535830969308					False				Mixed					4.50398115563324		9.0	40.0	40.0	False	True	False			16.328661017111735	0.0261	-0.2436256181784752	Left	0.0261	
451642.0558	0.0261000000173226	states																																	"       state_name
id               
3   wait_for_poke"
451642.0819	0.2522999999928288	states																																	"        state_name
id                
1   nose_in_center"
451642.3342	2.0	states																																	"          state_name
id                  
2   punish_violation"
451644.4304	12.401399999973364	trials	1.0	2.0	20.0	1.010365490269094	0.0	0.35	True	990.0	False	False	24671.0	False	Mixed	True	True	0.025	0.0	2.073363084364157	1.5	9.0													
451644.4304	12.401399999973364	processed_trials			20.0	1.010365490269094					False				Mixed					2.073363084364157		9.0	40.0	40.0	True	False	False	2.0733999999999995	2.0733999999999995	16.328661017111735	8.938799999999999	0.11551310932909731	Left	8.938799999999999	
451644.4304	8.938800000003539	states																																	"       state_name
id               
3   wait_for_poke"
451653.3692	1.0103999999701045	states																																	"        state_name
id                
1   nose_in_center"
451654.3796	0.0020000000367872417	states																																	"   state_name
id           
5      go_cue"
451654.3816	2.0733999999938533	states																																	"            state_name
id                    
6   wait_for_side_poke"
451656.455	0.21480000001611188	states																																	"         state_name
id                 
4   announce_reward"
451656.66980000003	0.16190000000642613	states																																	"   state_name
id           
8      reward"
451656.83170000004	9.999994654208422e-05	states																																	"    state_name
id            
7   stop_sound"
451656.9275	5.316600000020117	trials	1.0	2.0	20.0	0.8066427561790166	0.0	0.35	True	1010.0	False	False	24672.0	False	Mixed	True	False	0.025	0.0	3.4422037403549006	1.5	9.0													
451656.9275	5.316600000020117	processed_trials			20.0	0.8066427561790166					False				Mixed					3.4422037403549006		9.0	40.0	40.0	False	True	False			16.328661017111735	3.1071999999999997	-0.11947218169754553	Left	1.1136	
451656.9275	3.1072000000276603	states																																	"       state_name
id               
3   wait_for_poke"
451660.0347	0.2093999999924563	states																																	"        state_name
id                
1   nose_in_center"
451660.2441	2.0	states																																	"          state_name
id                  
2   punish_violation"
451662.3526	6.272800000035204	trials	1.0	2.0	20.0	0.9809204483977374	0.0	0.35	True	1010.0	False	False	24673.0	False	Mixed	True	True	0.025	0.0	4.701590548038052	1.5	9.0													
451662.3526	6.272800000035204	processed_trials			20.0	0.9809204483977374					False				Mixed					4.701590548038052		9.0	40.0	40.0	False	False	True	4.701599999999999	4.701599999999999	16.328661017111735	0.143	-0.23891511325340922	Left	0.143	
451662.3526	0.1429999999818392	states																																	"       state_name
id               
3   wait_for_poke"
451662.49559999997	0.9809000000241213	states																																	"        state_name
id                
1   nose_in_center"
451663.4765	0.001999999978579581	states																																	"   state_name
id           
5      go_cue"
451663.47849999997	4.70160000002943	states																																	"            state_name
id                    
6   wait_for_side_poke"
451668.1801	0.24520000000484288	states																																	"         state_name
id                 
4   announce_reward"
451668.4253	0.19999999995343387	states																																	"   state_name
id           
0     opt_out"
451668.62529999996	0.00010000000474974513	states																																	"    state_name
id            
7   stop_sound"
451668.7219	2.3123999999952503	trials	1.0	2.0	5.0	1.011801524484106	0.0	0.35	True	1010.0	True	False	24674.0	False	Mixed	True	False	0.025	0.0	100.0	1.5	9.0													
451668.7219	2.3123999999952503	processed_trials			5.0	1.011801524484106					True				Mixed					100.0		9.0	40.0	40.0	False	True	False			16.328661017111735	0.1159	-0.24000711225656823	Left	0.1159	
451668.7219	0.11589999997522682	states																																	"       state_name
id               
3   wait_for_poke"
451668.8378	0.19650000002002344	states																																	"        state_name
id                
1   nose_in_center"
451669.0343	2.0	states																																	"          state_name
id                  
2   punish_violation"
451671.1312	2.5718999999808148	trials	1.0	2.0	5.0	1.084490014792927	0.0	0.35	True	1010.0	False	False	24675.0	False	Mixed	True	True	0.025	0.0	0.7551623293432359	1.5	9.0													
451671.1312	2.5718999999808148	processed_trials			5.0	1.084490014792927					False				Mixed					0.7551623293432359		9.0	40.0	40.0	False	True	False			16.328661017111735	0.3241	-0.231617658660343	Right	0.3241	
451671.1312	0.3241000000271015	states																																	"       state_name
id               
3   wait_for_poke"
451671.45530000003	0.24779999995371327	states																																	"        state_name
id                
1   nose_in_center"
451671.7031	2.0	states																																	"          state_name
id                  
2   punish_violation"
451673.8011	2.5696999999927357	trials	1.0	2.0	5.0	1.08449	0.0	0.35	True	1010.0	False	False	24676.0	False	Mixed	True	True	0.025	0.0	1.1309470942489783	1.5	9.0													
451673.8011	2.5696999999927357	processed_trials			5.0	1.08449					False				Mixed					1.1309470942489783		9.0	40.0	40.0	True	False	False	1.1308999999999998	1.1308999999999998	16.328661017111735	0.18930000000000002	-0.23704944705982023	Right	0.18930000000000002	
451673.8011	0.18930000002728775	states																																	"       state_name
id               
3   wait_for_poke"
451673.9904	1.084499999997206	states																																	"        state_name
id                
1   nose_in_center"
451675.0749	0.001999999978579581	states																																	"   state_name
id           
5      go_cue"
451675.0769	1.1308999999891967	states																																	"            state_name
id                    
6   wait_for_side_poke"
451676.2078	0.09840000001713634	states																																	"         state_name
id                 
4   announce_reward"
451676.3062	0.06449999997857958	states																																	"   state_name
id           
8      reward"
451676.37069999997	0.00010000000474974513	states																																	"    state_name
id            
7   stop_sound"
451676.4795	3.336399999971036	trials	1.0	2.0	10.0	1.0033936464865802	0.0	0.35	True	1015.0	False	False	24677.0	False	Mixed	True	False	0.025	0.0	0.16015773220163496	1.5	9.0													
451676.4795	3.336399999971036	processed_trials			10.0	1.0033936464865802					False				Mixed					0.16015773220163496		9.0	40.0	40.0	True	False	False	0.16020000000000056	0.16020000000000056	16.328661017111735	1.6533	-0.17805732378953332	Left	0.3928999999999998	
451676.4795	1.6533000000054017	states																																	"       state_name
id               
3   wait_for_poke"
451678.1328	1.0033999999868684	states																																	"        state_name
id                
1   nose_in_center"
451679.1362	0.0020000000367872417	states																																	"   state_name
id           
5      go_cue"
451679.13820000004	0.16019999998388812	states																																	"            state_name
id                    
6   wait_for_side_poke"
451679.2984	0.42249999998603016	states																																	"         state_name
id                 
4   announce_reward"
451679.7209	0.09490000002551824	states																																	"   state_name
id           
8      reward"
451679.81580000004	9.999994654208422e-05	states																																	"    state_name
id            
7   stop_sound"
451679.9308	5.438699999998789	trials	1.0	2.0	20.0	1.097931983220692	0.0	0.35	True	1025.0	True	False	24678.0	False	High	True	False	0.025	0.0	100.0	1.5	9.0													
451679.9308	5.438699999998789	processed_trials			20.0	1.097931983220692					True				High					100.0		9.0	40.0	40.0	False	True	False			16.328661017111735	3.1239	-0.1187992524225361	Right	0.5628000000000002	
451679.9308	3.1239000000059605	states																																	"       state_name
id               
3   wait_for_poke"
451683.0547	0.3147999999928288	states																																	"        state_name
id                
1   nose_in_center"
451683.3695	2.0	states																																	"          state_name
id                  
2   punish_violation"
451685.4744	3.254000000015367	trials	1.0	2.0	20.0	1.0517200732514607	0.0	0.35	True	1025.0	True	False	24679.0	False	High	True	True	0.025	0.0	100.0	1.5	9.0													
451685.4744	3.254000000015367	processed_trials			20.0	1.0517200732514607					True				High					100.0		9.0	40.0	40.0	False	True	False			16.328661017111735	0.9545	-0.20621558590789157	Right	0.9545	
451685.4744	0.9544999999925494	states																																	"       state_name
id               
3   wait_for_poke"
451686.4289	0.2995000000228174	states																																	"        state_name
id                
1   nose_in_center"
451686.7284	2.0	states																																	"          state_name
id                  
2   punish_violation"
451688.8301	3.252299999992829	trials	1.0	2.0	20.0	1.0517201	0.0	0.35	True	1025.0	False	False	24680.0	False	High	True	True	0.025	0.0	2.484102262144912	1.5	9.0													
451688.8301	3.252299999992829	processed_trials			20.0	1.0517201					False				High					2.484102262144912		9.0	40.0	40.0	False	True	False			16.328661017111735	0.2155	-0.23599371370621267	Right	0.2155	
451688.8301	0.21549999999115244	states																																	"       state_name
id               
3   wait_for_poke"
451689.0456	1.0368000000016764	states																																	"        state_name
id                
1   nose_in_center"
451690.0824	2.0	states																																	"          state_name
id                  
2   punish_violation"
451692.1782	3.5538999999989755	trials	1.0	2.0	20.0	0.9382129369973872	0.0	0.35	True	1025.0	False	False	24681.0	False	High	True	True	0.025	0.0	2.040814769157754	1.5	9.0													
451692.1782	3.5538999999989755	processed_trials			20.0	0.9382129369973872					False				High					2.040814769157754		9.0	40.0	40.0	True	False	False	2.0408	2.0408	16.328661017111735	0.4009	-0.22852298989862302	Right	0.4009	
451692.1782	0.4009000000078231	states																																	"       state_name
id               
3   wait_for_poke"
451692.57910000003	0.9381999999750406	states																																	"        state_name
id                
1   nose_in_center"
451693.5173	0.0020000000367872417	states																																	"   state_name
id           
5      go_cue"
451693.51930000004	2.0407999999588355	states																																	"            state_name
id                    
6   wait_for_side_poke"
451695.5601	0.00010000000474974513	states																																	"         state_name
id                 
4   announce_reward"
451695.5602	0.1718000000109896	states																																	"   state_name
id           
8      reward"
451695.732	0.00010000000474974513	states																																	"    state_name
id            
7   stop_sound"
451695.8345	5.856000000028871	trials	1.0	2.0	80.0	1.162052126030531	0.0	0.35	True	1045.0	False	False	24682.0	False	High	True	False	0.025	0.0	1.5786586251994934	1.5	9.0													
451695.8345	5.856000000028871	processed_trials			80.0	1.162052126030531					False				High					1.5786586251994934		9.0	40.0	40.0	False	True	False			16.328661017111735	3.3368	-0.11022041154532018	Right	0.6926000000000005	
451695.8345	3.336799999990035	states																																	"       state_name
id               
3   wait_for_poke"
451699.1713	0.5192000000388362	states																																	"        state_name
id                
1   nose_in_center"
451699.6905	2.0	states																																	"          state_name
id                  
2   punish_violation"
451701.8051	2.9180000000051223	trials	1.0	2.0	80.0	0.8133633590932547	0.0	0.35	True	1045.0	False	False	24683.0	False	High	True	True	0.025	0.0	1.4283175265165449	1.5	9.0													
451701.8051	2.9180000000051223	processed_trials			80.0	0.8133633590932547					False				High					1.4283175265165449		9.0	40.0	40.0	True	False	False	1.4283000000000001	1.4283000000000001	16.328661017111735	0.0707	-0.24182845376737214	Left	0.0707	
451701.8051	0.07069999998202547	states																																	"       state_name
id               
3   wait_for_poke"
451701.8758	0.8134000000427477	states																																	"        state_name
id                
1   nose_in_center"
451702.6892	0.001999999978579581	states																																	"   state_name
id           
5      go_cue"
451702.6912	1.428299999970477	states																																	"            state_name
id                    
6   wait_for_side_poke"
451704.1195	0.034900000027846545	states																																	"         state_name
id                 
4   announce_reward"
451704.1544	0.5685999999986961	states																																	"   state_name
id           
8      reward"
451704.723	0.00010000000474974513	states																																	"    state_name
id            
7   stop_sound"
451704.829	8.100199999986216	trials	1.0	2.0	20.0	1.0566672707179112	0.0	0.35	True	1125.0	False	False	24684.0	False	High	True	False	0.025	0.0	0.15927994358522754	1.5	9.0													
451704.829	8.100199999986216	processed_trials			20.0	1.0566672707179112					False				High					0.15927994358522754		9.0	40.0	40.0	False	True	False			16.328661017111735	5.9669	-0.004240095006261721	Right	1.1720000000000006	
451704.829	5.966899999999441	states																																	"       state_name
id               
3   wait_for_poke"
451710.7959	0.13329999998677522	states																																	"        state_name
id                
1   nose_in_center"
451710.9292	2.0	states																																	"          state_name
id                  
2   punish_violation"
451713.0327	2.118300000031013	trials	1.0	2.0	20.0	1.0670938927273892	0.0	0.35	True	1125.0	False	False	24685.0	False	High	True	True	0.025	0.0	0.5482031156580782	1.5	9.0													
451713.0327	2.118300000031013	processed_trials			20.0	1.0670938927273892					False				High					0.5482031156580782		9.0	40.0	40.0	False	True	False			16.328661017111735	0.0761	-0.24161085987006373	Left	0.0761	
451713.0327	0.07610000000568107	states																																	"       state_name
id               
3   wait_for_poke"
451713.1088	0.04219999996712431	states																																	"        state_name
id                
1   nose_in_center"
451713.15099999995	2.0	states																																	"          state_name
id                  
2   punish_violation"
451715.2585	2.4316000000108033	trials	1.0	2.0	20.0	0.8890863882936441	0.0	0.35	True	1125.0	False	False	24686.0	False	High	True	True	0.025	0.0	1.1352028967390404	1.5	9.0													
451715.2585	2.4316000000108033	processed_trials			20.0	0.8890863882936441					False				High					1.1352028967390404		9.0	40.0	40.0	True	False	False	1.1352000000000002	1.1352000000000002	16.328661017111735	0.1318	-0.23936641911449338	Left	0.1318	
451715.2585	0.1317999999737367	states																																	"       state_name
id               
3   wait_for_poke"
451715.39029999997	0.8891000000294298	states																																	"        state_name
id                
1   nose_in_center"
451716.2794	0.001999999978579581	states																																	"   state_name
id           
5      go_cue"
451716.2814	1.1352000000188127	states																																	"            state_name
id                    
6   wait_for_side_poke"
451717.4166	0.11149999999906868	states																																	"         state_name
id                 
4   announce_reward"
451717.5281	0.16190000000642613	states																																	"   state_name
id           
8      reward"
451717.69	0.00010000000474974513	states																																	"    state_name
id            
7   stop_sound"
451717.8125	5.36099999997532	trials	1.0	2.0	40.0	1.1996115053857506	0.0	0.35	True	1145.0	False	False	24687.0	False	High	True	False	0.025	0.0	1.4955960774610575	1.5	9.0													
451717.8125	5.36099999997532	processed_trials			40.0	1.1996115053857506					False				High					1.4955960774610575		9.0	40.0	40.0	False	True	False			16.328661017111735	2.9619	-0.12532706934178917	Right	0.5462000000000002	
451717.8125	2.9618999999947846	states																																	"       state_name
id               
3   wait_for_poke"
451720.7744	0.39909999998053536	states																																	"        state_name
id                
1   nose_in_center"
451721.1735	2.0	states																																	"          state_name
id                  
2   punish_violation"
451723.2765	8.970499999995809	trials	1.0	2.0	40.0	1.1360578415066702	0.0	0.35	True	1145.0	True	False	24688.0	False	High	True	True	0.025	0.0	100.0	1.5	9.0													
451723.2765	8.970499999995809	processed_trials			40.0	1.1360578415066702					True				High					100.0		9.0	40.0	40.0	False	False	True	7.562200000000001	7.562200000000001	16.328661017111735	0.0701	-0.2418526308670731	Right	0.0701	
451723.2765	0.07010000001173466	states																																	"       state_name
id               
3   wait_for_poke"
451723.3466	1.1361000000033528	states																																	"        state_name
id                
1   nose_in_center"
451724.4827	0.001999999978579581	states																																	"   state_name
id           
5      go_cue"
451724.4847	7.562199999985751	states																																	"            state_name
id                    
6   wait_for_side_poke"
451732.04689999996	0.20000000001164153	states																																	"   state_name
id           
0     opt_out"
451732.24689999997	0.00010000000474974513	states																																	"    state_name
id            
7   stop_sound"
451732.353	2.4677999999839813	trials	1.0	2.0	40.0	0.8498323006606018	0.0	0.35	True	1145.0	False	False	24689.0	False	High	True	False	0.025	0.0	0.28065009143789765	1.5	9.0													
451732.353	2.4677999999839813	processed_trials			40.0	0.8498323006606018					False				High					0.28065009143789765		9.0	40.0	40.0	False	True	False			16.328661017111735	0.21180000000000002	-0.23614280582103508	Left	0.21180000000000002	
451732.353	0.21179999999003485	states																																	"       state_name
id               
3   wait_for_poke"
451732.5648	0.2559999999939464	states																																	"        state_name
id                
1   nose_in_center"
451732.8208	2.0	states																																	"          state_name
id                  
2   punish_violation"
451734.9218	2.0509999999776483	trials	1.0	2.0	40.0	1.094302827817964	0.0	0.35	True	1145.0	False	False	24690.0	False	High	True	True	0.025	0.0	0.47149422958706394	1.5	9.0													
451734.9218	2.0509999999776483	processed_trials			40.0	1.094302827817964					False				High					0.47149422958706394		9.0	40.0	40.0	False	True	False			16.328661017111735	0.0197	-0.24388350724195182	Right	0.0197	
451734.9218	0.019700000004377216	states																																	"       state_name
id               
3   wait_for_poke"
451734.9415	0.03129999997327104	states																																	"        state_name
id                
1   nose_in_center"
451734.9728	2.0	states																																	"          state_name
id                  
2   punish_violation"
451737.0915	2.3662000000476837	trials	1.0	2.0	40.0	0.9168867346027855	0.0	0.35	True	1145.0	False	False	24691.0	False	High	True	True	0.025	0.0	0.7948164570213417	1.5	9.0													
451737.0915	2.3662000000476837	processed_trials			40.0	0.9168867346027855					False				High					0.7948164570213417		9.0	40.0	40.0	True	False	False	0.7948	0.7948	16.328661017111735	0.15280000000000002	-0.2385202206249606	Right	0.15280000000000002	
451737.0915	0.15279999998165295	states																																	"       state_name
id               
3   wait_for_poke"
451737.24429999996	0.9169000000110827	states																																	"        state_name
id                
1   nose_in_center"
451738.1612	0.001999999978579581	states																																	"   state_name
id           
5      go_cue"
451738.16319999995	0.79480000003241	states																																	"            state_name
id                    
6   wait_for_side_poke"
451738.958	0.18270000000484288	states																																	"         state_name
id                 
4   announce_reward"
451739.1407	0.31689999997615814	states																																	"   state_name
id           
8      reward"
451739.45759999997	0.00010000000474974513	states																																	"    state_name
id            
7   stop_sound"
451739.5831	7.200799999991432	trials	1.0	2.0	40.0	1.1306483174286381	0.0	0.35	True	1185.0	False	False	24692.0	False	High	True	False	0.025	0.0	0.6465927668424809	1.5	9.0													
451739.5831	7.200799999991432	processed_trials			40.0	1.1306483174286381					False				High					0.6465927668424809		9.0	40.0	40.0	False	True	False			16.328661017111735	4.623600000000001	-0.05836859172004339	Right	1.5070000000000006	
451739.5831	4.623599999991711	states																																	"       state_name
id               
3   wait_for_poke"
451744.2067	0.5771999999997206	states																																	"        state_name
id                
1   nose_in_center"
451744.7839	2.0	states																																	"          state_name
id                  
2   punish_violation"
451746.9063	9.90559999999823	trials	1.0	2.0	40.0	1.1306483	0.0	0.35	True	1185.0	True	False	24693.0	False	High	True	True	0.025	0.0	100.0	1.5	9.0													
451746.9063	9.90559999999823	processed_trials			40.0	1.1306483					True				High					100.0		9.0	40.0	40.0	False	False	True	7.9603	7.9603	16.328661017111735	0.6126	-0.219992503220809	Right	0.6126	
451746.9063	0.6125999999931082	states																																	"       state_name
id               
3   wait_for_poke"
451747.51889999997	1.130600000033155	states																																	"        state_name
id                
1   nose_in_center"
451748.6495	0.001999999978579581	states																																	"   state_name
id           
5      go_cue"
451748.6515	7.960299999976996	states																																	"            state_name
id                    
6   wait_for_side_poke"
451756.61179999996	0.20000000001164153	states																																	"   state_name
id           
0     opt_out"
451756.81179999997	0.00010000000474974513	states																																	"    state_name
id            
7   stop_sound"
451756.9253	2.2947999999742024	trials	1.0	2.0	20.0	1.0420291650493785	0.0	0.35	True	1185.0	False	False	24694.0	False	High	True	False	0.025	0.0	2.354148666197125	1.5	9.0													
451756.9253	2.2947999999742024	processed_trials			20.0	1.0420291650493785					False				High					2.354148666197125		9.0	40.0	40.0	False	True	False			16.328661017111735	0.22290000000000001	-0.23569552947656774	Right	0.22290000000000001	
451756.9253	0.2228999999933876	states																																	"       state_name
id               
3   wait_for_poke"
451757.1482	0.07189999998081475	states																																	"        state_name
id                
1   nose_in_center"
451757.2201	2.0	states																																	"          state_name
id                  
2   punish_violation"
451759.3369	4.494200000015553	trials	1.0	2.0	20.0	1.1849549440043663	0.0	0.35	True	1185.0	False	False	24695.0	False	High	True	True	0.025	0.0	1.7079624939547025	1.5	9.0													
451759.3369	4.494200000015553	processed_trials			20.0	1.1849549440043663					False				High					1.7079624939547025		9.0	40.0	40.0	False	True	False			16.328661017111735	1.423	-0.1873373005580764	Right	1.423	
451759.3369	1.4230000000097789	states																																	"       state_name
id               
3   wait_for_poke"
451760.7599	1.0712000000057742	states																																	"        state_name
id                
1   nose_in_center"
451761.8311	2.0	states																																	"          state_name
id                  
2   punish_violation"
451763.9434	2.7091000000364147	trials	1.0	2.0	20.0	1.1849549	0.0	0.35	True	1185.0	False	False	24696.0	False	High	True	True	0.025	0.0	4.5901085392804974	1.5	9.0													
451763.9434	2.7091000000364147	processed_trials			20.0	1.1849549					False				High					4.5901085392804974		9.0	40.0	40.0	False	True	False			16.328661017111735	0.1333	-0.23930597636524104	Left	0.1333	
451763.9434	0.13329999998677522	states																																	"       state_name
id               
3   wait_for_poke"
451764.0767	0.5757999999914318	states																																	"        state_name
id                
1   nose_in_center"
451764.65249999997	2.0	states																																	"          state_name
id                  
2   punish_violation"
451766.7578	3.359699999971781	trials	1.0	2.0	20.0	1.0823275918454804	0.0	0.35	True	1185.0	False	False	24697.0	False	High	True	True	0.025	0.0	1.975329932753598	1.5	9.0													
451766.7578	3.359699999971781	processed_trials			20.0	1.0823275918454804					False				High					1.975329932753598		9.0	40.0	40.0	True	False	False	1.9752999999999998	1.9752999999999998	16.328661017111735	0.031100000000000003	-0.24342414234763401	Left	0.031100000000000003	
451766.7578	0.031100000021979213	states																																	"       state_name
id               
3   wait_for_poke"
451766.78890000004	1.0822999999509193	states																																	"        state_name
id                
1   nose_in_center"
451767.8712	0.0020000000367872417	states																																	"   state_name
id           
5      go_cue"
451767.87320000003	1.9752999999909662	states																																	"            state_name
id                    
6   wait_for_side_poke"
451769.8485	0.10700000001816079	states																																	"         state_name
id                 
4   announce_reward"
451769.95550000004	0.16190000000642613	states																																	"   state_name
id           
8      reward"
451770.11740000005	9.999994654208422e-05	states																																	"    state_name
id            
7   stop_sound"
451770.2285	5.4786999999778345	trials	1.0	2.0	20.0	1.011142897042208	0.0	0.35	True	1205.0	False	False	24698.0	False	High	True	False	0.025	0.0	5.566185715317216	1.5	9.0													
451770.2285	5.4786999999778345	processed_trials			20.0	1.011142897042208					False				High					5.566185715317216		9.0	40.0	40.0	False	True	False			16.328661017111735	3.0944000000000003	-0.11998795982449884	Left	0.9285000000000001	
451770.2285	3.0944000000017695	states																																	"       state_name
id               
3   wait_for_poke"
451773.3229	0.384299999976065	states																																	"        state_name
id                
1   nose_in_center"
451773.7072	2.0	states																																	"          state_name
id                  
2   punish_violation"
451775.8286	8.675899999972899	trials	1.0	2.0	20.0	1.058259240331167	0.0	0.35	True	1205.0	False	False	24699.0	False	High	True	True	0.025	0.0	5.5661857	1.5	9.0													
451775.8286	8.675899999972899	processed_trials			20.0	1.058259240331167					False				High					5.5661857		9.0	40.0	40.0	True	False	False	5.566199999999999	5.566199999999999	16.328661017111735	1.6703	-0.17737230596467343	Right	1.6703	
451775.8286	1.670299999997951	states																																	"       state_name
id               
3   wait_for_poke"
451777.4989	1.0582999999751337	states																																	"        state_name
id                
1   nose_in_center"
451778.5572	0.0020000000367872417	states																																	"   state_name
id           
5      go_cue"
451778.5592	5.566200000001118	states																																	"            state_name
id                    
6   wait_for_side_poke"
451784.1254	0.20720000000437722	states																																	"         state_name
id                 
4   announce_reward"
451784.3326	0.1718000000109896	states																																	"   state_name
id           
8      reward"
451784.50440000003	9.999994654208422e-05	states																																	"    state_name
id            
7   stop_sound"
451784.6169	5.652899999986403	trials	1.0	2.0	80.0	0.9641460466768355	0.0	0.35	True	1225.0	True	False	24700.0	False	High	True	False	0.025	0.0	100.0	1.5	9.0													
451784.6169	5.652899999986403	processed_trials			80.0	0.9641460466768355					True				High					100.0		9.0	40.0	40.0	False	True	False			16.328661017111735	3.2994	-0.11172745076001195	Left	1.2891999999999997	
451784.6169	3.2994000000180677	states																																	"       state_name
id               
3   wait_for_poke"
451787.91630000004	0.35349999996833503	states																																	"        state_name
id                
1   nose_in_center"
451788.2698	2.0	states																																	"          state_name
id                  
2   punish_violation"
451790.3881	3.898400000005495	trials	1.0	2.0	80.0	0.96414605	0.0	0.35	True	1225.0	False	False	24701.0	False	High	True	True	0.025	0.0	1.9427252992891004	1.5	9.0													
451790.3881	3.898400000005495	processed_trials			80.0	0.96414605					False				High					1.9427252992891004		9.0	40.0	40.0	True	False	False	1.9427	1.9427	16.328661017111735	0.1125	-0.24014411582154022	Right	0.1125	
451790.3881	0.11249999998835847	states																																	"       state_name
id               
3   wait_for_poke"
451790.50059999997	0.9640999999828637	states																																	"        state_name
id                
1   nose_in_center"
451791.46469999995	0.0020000000367872417	states																																	"   state_name
id           
5      go_cue"
451791.4667	1.942700000014156	states																																	"            state_name
id                    
6   wait_for_side_poke"
451793.4094	0.26249999995343387	states																																	"         state_name
id                 
4   announce_reward"
451793.67189999996	0.6145000000251457	states																																	"   state_name
id           
8      reward"
451794.2864	0.00010000000474974513	states																																	"    state_name
id            
7   stop_sound"
451794.4167	8.319499999983236	trials	1.0	2.0	20.0	0.8050054179456659	0.0	0.35	True	1305.0	True	False	24702.0	False	High	True	False	0.025	0.0	100.0	1.5	9.0													
451794.4167	8.319499999983236	processed_trials			20.0	0.8050054179456659					True				High					100.0		9.0	40.0	40.0	False	True	False			16.328661017111735	5.7314	-0.013729606638879597	Left	0.6420000000000003	
451794.4167	5.731399999989662	states																																	"       state_name
id               
3   wait_for_poke"
451800.1481	0.5880999999935739	states																																	"        state_name
id                
1   nose_in_center"
451800.7362	2.0	states																																	"          state_name
id                  
2   punish_violation"
451802.8603	2.369699999981094	trials	1.0	2.0	20.0	0.9796543630207573	0.0	0.35	True	1305.0	True	False	24703.0	False	High	True	True	0.025	0.0	100.0	1.5	9.0													
451802.8603	2.369699999981094	processed_trials			20.0	0.9796543630207573					True				High					100.0		9.0	40.0	40.0	False	True	False			16.328661017111735	0.1032	-0.24051886086690472	Right	0.1032	
451802.8603	0.10320000001229346	states																																	"       state_name
id               
3   wait_for_poke"
451802.9635	0.2664999999688007	states																																	"        state_name
id                
1   nose_in_center"
451803.23	2.0	states																																	"          state_name
id                  
2   punish_violation"
451805.3509	3.563099999970291	trials	1.0	2.0	20.0	1.064763738934755	0.0	0.35	True	1305.0	False	False	24704.0	False	High	True	True	0.025	0.0	1.7170985196129795	1.5	9.0													
451805.3509	3.563099999970291	processed_trials			20.0	1.064763738934755					False				High					1.7170985196129795		9.0	40.0	40.0	True	False	False	1.7171000000000003	1.7171000000000003	16.328661017111735	0.5159	-0.2238890457892767	Right	0.5159	
451805.3509	0.5158999999985099	states																																	"       state_name
id               
3   wait_for_poke"
451805.8668	1.0647999999928288	states																																	"        state_name
id                
1   nose_in_center"
451806.9316	0.0020000000367872417	states																																	"   state_name
id           
5      go_cue"
451806.93360000005	1.717099999950733	states																																	"            state_name
id                    
6   wait_for_side_poke"
451808.6507	0.09140000003390014	states																																	"         state_name
id                 
4   announce_reward"
451808.74210000003	0.1718000000109896	states																																	"   state_name
id           
8      reward"
451808.91390000004	0.00010000000474974513	states																																	"    state_name
id            
7   stop_sound"
451809.0316	5.755899999989197	trials	1.0	2.0	80.0	1.0647637	0.0	0.35	True	1325.0	False	False	24705.0	False	High	True	False	0.025	0.0	4.069679677565149	1.5	9.0													
451809.0316	5.755899999989197	processed_trials			80.0	1.0647637					False				High					4.069679677565149		9.0	40.0	40.0	False	True	False			16.328661017111735	3.3755	-0.10866098861460974	Right	1.3026	
451809.0316	3.3755000000237487	states																																	"       state_name
id               
3   wait_for_poke"
451812.4071	0.38039999996544793	states																																	"        state_name
id                
1   nose_in_center"
451812.7875	2.0	states																																	"          state_name
id                  
2   punish_violation"
451814.916	8.991799999959767	trials	1.0	2.0	80.0	1.1790501895557561	0.0	0.35	True	1325.0	True	False	24706.0	False	High	True	True	0.025	0.0	100.0	1.5	9.0													
451814.916	8.991799999959767	processed_trials			80.0	1.1790501895557561					True				High					100.0		9.0	40.0	40.0	False	False	True	7.572900000000001	7.572900000000001	16.328661017111735	0.037700000000000004	-0.24315819425092372	Right	0.037700000000000004	
451814.916	0.037699999986216426	states																																	"       state_name
id               
3   wait_for_poke"
451814.9537	1.179100000008475	states																																	"        state_name
id                
1   nose_in_center"
451816.1328	0.001999999978579581	states																																	"   state_name
id           
5      go_cue"
451816.1348	7.572900000028312	states																																	"            state_name
id                    
6   wait_for_side_poke"
451823.7077	0.20000000001164153	states																																	"   state_name
id           
0     opt_out"
451823.90770000004	0.00010000000474974513	states																																	"    state_name
id            
7   stop_sound"
451824.0387	2.3945000000530854	trials	1.0	2.0	20.0	1.1154540145136833	0.0	0.35	True	1325.0	False	False	24707.0	False	High	True	False	0.025	0.0	2.0917616100126653	1.5	9.0													
451824.0387	2.3945000000530854	processed_trials			20.0	1.1154540145136833					False				High					2.0917616100126653		9.0	40.0	40.0	False	True	False			16.328661017111735	0.2756	-0.2335719742195021	Left	0.2756	
451824.0387	0.2755999999935739	states																																	"       state_name
id               
3   wait_for_poke"
451824.31429999997	0.11890000000130385	states																																	"        state_name
id                
1   nose_in_center"
451824.43319999997	2.0	states																																	"          state_name
id                  
2   punish_violation"
451826.5504	2.9074999999720603	trials	1.0	2.0	20.0	0.983385495555384	0.0	0.35	True	1325.0	False	False	24708.0	False	High	True	True	0.025	0.0	2.206362412890511	1.5	9.0													
451826.5504	2.9074999999720603	processed_trials			20.0	0.983385495555384					False				High					2.206362412890511		9.0	40.0	40.0	False	True	False			16.328661017111735	0.2814	-0.23333826225572638	Right	0.2814	
451826.5504	0.2813999999780208	states																																	"       state_name
id               
3   wait_for_poke"
451826.8318	0.6260999999940395	states																																	"        state_name
id                
1   nose_in_center"
451827.4579	2.0	states																																	"          state_name
id                  
2   punish_violation"
451829.5783	1.900000000023283	trials	1.0	2.0	20.0	1.0749350297686555	0.0	0.35	True	1325.0	False	False	24709.0	False	High	True	True	0.025	0.0	0.4127864012566018	1.5	9.0													
451829.5783	1.900000000023283	processed_trials			20.0	1.0749350297686555					False				High					0.4127864012566018		9.0	40.0	40.0	True	False	False	0.41279999999999983	0.41279999999999983	16.328661017111735	0.2303	-0.23539734524692285	Left	0.2303	
451829.5783	0.23029999999562278	states																																	"       state_name
id               
3   wait_for_poke"
451829.8086	1.0749000000068918	states																																	"        state_name
id                
1   nose_in_center"
451830.8835	0.001999999978579581	states																																	"   state_name
id           
5      go_cue"
451830.8855	0.41279999999096617	states																																	"            state_name
id                    
6   wait_for_side_poke"
451831.29829999997	0.01800000004004687	states																																	"         state_name
id                 
4   announce_reward"
451831.3163	0.16190000000642613	states																																	"   state_name
id           
8      reward"
451831.4782	0.00010000000474974513	states																																	"    state_name
id            
7   stop_sound"
451831.5955	13.95209999999497	trials	1.0	2.0	40.0	1.074935	0.0	0.35	True	1345.0	True	False	24710.0	False	High	True	False	0.025	0.0	100.0	1.5	9.0													
451831.5955	13.95209999999497	processed_trials			40.0	1.074935					True				High					100.0		9.0	40.0	40.0	False	False	True	9.491800000000001	9.491800000000001	16.328661017111735	3.1833	-0.11640571955214331	Left	0.4508000000000001	
451831.5955	3.1832999999751337	states																																	"       state_name
id               
3   wait_for_poke"
451834.7788	1.0749000000068918	states																																	"        state_name
id                
1   nose_in_center"
451835.8537	0.0020000000367872417	states																																	"   state_name
id           
5      go_cue"
451835.8557	9.491799999959767	states																																	"            state_name
id                    
6   wait_for_side_poke"
451845.3475	0.20000000001164153	states																																	"   state_name
id           
0     opt_out"
451845.5475	0.00010000000474974513	states																																	"    state_name
id            
7   stop_sound"
451845.6805	2.2617999999783933	trials	1.0	2.0	40.0	0.8463789947627226	0.0	0.35	True	1345.0	False	False	24711.0	False	High	True	False	0.025	0.0	1.0687990189317471	1.5	9.0													
451845.6805	2.2617999999783933	processed_trials			40.0	0.8463789947627226					False				High					1.0687990189317471		9.0	40.0	40.0	False	True	False			16.328661017111735	0.2209	-0.2357761198089042	Right	0.2209	
451845.6805	0.22090000001480803	states																																	"       state_name
id               
3   wait_for_poke"
451845.90140000003	0.04089999996358529	states																																	"        state_name
id                
1   nose_in_center"
451845.9423	2.0	states																																	"          state_name
id                  
2   punish_violation"
451848.0717	1.7681000000447966	trials	1.0	2.0	40.0	0.8760214258872768	0.0	0.35	True	1345.0	False	False	24712.0	False	High	True	True	0.025	0.0	0.15366431404525588	1.5	9.0													
451848.0717	1.7681000000447966	processed_trials			40.0	0.8760214258872768					False				High					0.15366431404525588		9.0	40.0	40.0	True	False	False	0.15370000000000017	0.15370000000000017	16.328661017111735	0.0352	-0.2432589321663443	Left	0.0352	
451848.0717	0.03519999998388812	states																																	"       state_name
id               
3   wait_for_poke"
451848.10689999996	0.8759999999892898	states																																	"        state_name
id                
1   nose_in_center"
451848.98289999994	0.0020000000367872417	states																																	"   state_name
id           
5      go_cue"
451848.9849	0.153699999966193	states																																	"            state_name
id                    
6   wait_for_side_poke"
451849.13859999995	0.40450000000419095	states																																	"         state_name
id                 
4   announce_reward"
451849.54309999995	0.2966000000014901	states																																	"   state_name
id           
8      reward"
451849.83969999995	0.00010000000474974513	states																																	"    state_name
id            
7   stop_sound"
451849.973	6.988599999982398	trials	1.0	2.0	80.0	1.0335945832711158	0.0	0.35	True	1385.0	False	False	24713.0	False	High	True	False	0.025	0.0	0.15366431	1.5	9.0													
451849.973	6.988599999982398	processed_trials			80.0	1.0335945832711158					False				High					0.15366431		9.0	40.0	40.0	True	False	False	0.15369999999999973	0.15369999999999973	16.328661017111735	4.8008999999999995	-0.05122425875841648	Left	0.8678999999999997	
451849.973	4.8008999999728985	states																																	"       state_name
id               
3   wait_for_poke"
451854.7739	1.0336000000243075	states																																	"        state_name
id                
1   nose_in_center"
451855.8075	0.001999999978579581	states																																	"   state_name
id           
5      go_cue"
451855.8095	0.15370000002440065	states																																	"            state_name
id                    
6   wait_for_side_poke"
451855.9632	0.42969999997876585	states																																	"         state_name
id                 
4   announce_reward"
451856.3929	0.5685999999986961	states																																	"   state_name
id           
8      reward"
451856.9615	0.00010000000474974513	states																																	"    state_name
id            
7   stop_sound"
451857.0803	7.621800000022631	trials	1.0	2.0	40.0	1.173367843730683	0.0	0.35	True	1465.0	True	False	24714.0	False	High	True	False	0.025	0.0	100.0	1.5	9.0													
451857.0803	7.621800000022631	processed_trials			40.0	1.173367843730683					True				High					100.0		9.0	40.0	40.0	False	True	False			16.328661017111735	5.579899999999999	-0.01983432431336627	Left	0.4421999999999997	
451857.0803	5.579900000011548	states																																	"       state_name
id               
3   wait_for_poke"
451862.6602	0.04190000001108274	states																																	"        state_name
id                
1   nose_in_center"
451862.7021	2.0	states																																	"          state_name
id                  
2   punish_violation"
451864.8239	10.103799999982584	trials	1.0	2.0	40.0	0.8414533999739726	0.0	0.35	True	1465.0	True	False	24715.0	False	High	True	True	0.025	0.0	100.0	1.5	9.0													
451864.8239	10.103799999982584	processed_trials			40.0	0.8414533999739726					True				High					100.0		9.0	40.0	40.0	False	False	True	8.8627	8.8627	16.328661017111735	0.1975	-0.23671902669724076	Left	0.1975	
451864.8239	0.19750000000931323	states																																	"       state_name
id               
3   wait_for_poke"
451865.0214	0.8414999999804422	states																																	"        state_name
id                
1   nose_in_center"
451865.8629	0.0020000000367872417	states																																	"   state_name
id           
5      go_cue"
451865.86490000004	8.862699999997858	states																																	"            state_name
id                    
6   wait_for_side_poke"
451874.72760000004	0.19999999995343387	states																																	"   state_name
id           
0     opt_out"
451874.9276	0.00010000000474974513	states																																	"    state_name
id            
7   stop_sound"
451875.0491	2.4879000000073574	trials	1.0	2.0	80.0	0.8574420741508788	0.0	0.35	True	1465.0	False	False	24716.0	False	High	True	False	0.025	0.0	0.776693048603954	1.5	9.0													
451875.0491	2.4879000000073574	processed_trials			80.0	0.8574420741508788					False				High					0.776693048603954		9.0	40.0	40.0	True	False	False	0.7767000000000002	0.7767000000000002	16.328661017111735	0.1759	-0.2375894022864745	Right	0.1759	
451875.0491	0.1758999999728985	states																																	"       state_name
id               
3   wait_for_poke"
451875.225	0.8574000000371598	states																																	"        state_name
id                
1   nose_in_center"
451876.0824	0.001999999978579581	states																																	"   state_name
id           
5      go_cue"
451876.0844	0.7766999999876134	states																																	"            state_name
id                    
6   wait_for_side_poke"
451876.8611	0.06130000000121072	states																																	"         state_name
id                 
4   announce_reward"
451876.9224	0.6145000000251457	states																																	"   state_name
id           
8      reward"
451877.5369	0.00010000000474974513	states																																	"    state_name
id            
7   stop_sound"
451877.6641	8.165399999998044	trials	1.0	2.0	20.0	0.8053498605031824	0.0	0.35	True	1545.0	True	False	24717.0	False	High	True	False	0.025	0.0	100.0	1.5	9.0													
451877.6641	8.165399999998044	processed_trials			20.0	0.8053498605031824					True				High					100.0		9.0	40.0	40.0	False	True	False			16.328661017111735	5.8529	-0.008833743949439796	Left	0.7732999999999999	
451877.6641	5.852899999998044	states																																	"       state_name
id               
3   wait_for_poke"
451883.517	0.3125	states																																	"        state_name
id                
1   nose_in_center"
451883.8295	2.0	states																																	"          state_name
id                  
2   punish_violation"
451885.9547	2.803699999989476	trials	1.0	2.0	20.0	1.1074231117620914	0.0	0.35	True	1545.0	True	False	24718.0	False	High	True	True	0.025	0.0	100.0	1.5	9.0													
451885.9547	2.803699999989476	processed_trials			20.0	1.1074231117620914					True				High					100.0		9.0	40.0	40.0	False	True	False			16.328661017111735	0.1372	-0.23914882521718495	Left	0.1372	
451885.9547	0.1371999999973923	states																																	"       state_name
id               
3   wait_for_poke"
451886.0919	0.6664999999920838	states																																	"        state_name
id                
1   nose_in_center"
451886.7584	2.0	states																																	"          state_name
id                  
2   punish_violation"
451888.8944	3.3281999999890104	trials	1.0	2.0	20.0	1.1101426561200027	0.0	0.35	True	1545.0	False	False	24719.0	False	High	True	True	0.025	0.0	3.584002389301131	1.5	9.0													
451888.8944	3.3281999999890104	processed_trials			20.0	1.1101426561200027					False				High					3.584002389301131		9.0	40.0	40.0	False	True	False			16.328661017111735	0.7072	-0.21618058050129454	Right	0.7072	
451888.8944	0.7072000000043772	states																																	"       state_name
id               
3   wait_for_poke"
451889.6016	0.6209999999846332	states																																	"        state_name
id                
1   nose_in_center"
451890.2226	2.0	states																																	"          state_name
id                  
2   punish_violation"
451892.3644	9.296099999977741	trials	1.0	2.0	20.0	1.0802026662748077	0.0	0.35	True	1545.0	True	False	24720.0	False	High	True	True	0.025	0.0	100.0	1.5	9.0													
451892.3644	9.296099999977741	processed_trials			20.0	1.0802026662748077					True				High					100.0		9.0	40.0	40.0	False	False	True	7.8882	7.8882	16.328661017111735	0.1256	-0.2396162491447364	Right	0.1256	
451892.3644	0.12560000002849847	states																																	"       state_name
id               
3   wait_for_poke"
451892.49000000005	1.08019999996759	states																																	"        state_name
id                
1   nose_in_center"
451893.5702	0.001999999978579581	states																																	"   state_name
id           
5      go_cue"
451893.5722	7.88820000004489	states																																	"            state_name
id                    
6   wait_for_side_poke"
451901.46040000004	0.19999999995343387	states																																	"   state_name
id           
0     opt_out"
451901.6604	0.00010000000474974513	states																																	"    state_name
id            
7   stop_sound"
451901.7979	2.5323999999673106	trials	1.0	2.0	80.0	0.9470163203618442	0.0	0.35	True	1545.0	True	False	24721.0	False	High	True	False	0.025	0.0	100.0	1.5	9.0													
451901.7979	2.5323999999673106	processed_trials			80.0	0.9470163203618442					True				High					100.0		9.0	40.0	40.0	False	True	False			16.328661017111735	0.18780000000000002	-0.23710988980907258	Left	0.18780000000000002	
451901.7979	0.18780000001424924	states																																	"       state_name
id               
3   wait_for_poke"
451901.9857	0.344600000011269	states																																	"        state_name
id                
1   nose_in_center"
451902.33030000003	2.0	states																																	"          state_name
id                  
2   punish_violation"
451904.4671	2.2930000000051223	trials	1.0	2.0	80.0	0.8573702696142642	0.0	0.35	True	1545.0	False	False	24722.0	False	High	True	True	0.025	0.0	0.5169142595687117	1.5	9.0													
451904.4671	2.2930000000051223	processed_trials			80.0	0.8573702696142642					False				High					0.5169142595687117		9.0	40.0	40.0	True	False	False	0.5168999999999999	0.5168999999999999	16.328661017111735	0.249	-0.23464382563957698	Left	0.249	
451904.4671	0.2490000000107102	states																																	"       state_name
id               
3   wait_for_poke"
451904.7161	0.8573999999789521	states																																	"        state_name
id                
1   nose_in_center"
451905.5735	0.0020000000367872417	states																																	"   state_name
id           
5      go_cue"
451905.57550000004	0.5168999999877997	states																																	"            state_name
id                    
6   wait_for_side_poke"
451906.0924	0.09899999998742715	states																																	"         state_name
id                 
4   announce_reward"
451906.1914	0.5685999999986961	states																																	"   state_name
id           
8      reward"
451906.76	0.00010000000474974513	states																																	"    state_name
id            
7   stop_sound"
451906.8863	7.630399999965448	trials	1.0	2.0	20.0	0.9964088119414236	0.0	0.35	True	1625.0	True	False	24723.0	False	High	True	False	0.025	0.0	100.0	1.5	9.0													
451906.8863	7.630399999965448	processed_trials			20.0	0.9964088119414236					True				High					100.0		9.0	40.0	40.0	False	True	False			16.328661017111735	5.5466999999999995	-0.021172123830151462	Right	0.6115999999999993	
451906.8863	5.54670000000624	states																																	"       state_name
id               
3   wait_for_poke"
451912.433	0.08370000001741573	states																																	"        state_name
id                
1   nose_in_center"
451912.51670000004	2.0	states																																	"          state_name
id                  
2   punish_violation"
451914.6432	3.823000000033062	trials	1.0	2.0	20.0	0.9446236530181328	0.0	0.35	True	1625.0	False	False	24724.0	False	High	True	True	0.025	0.0	1.5623654095051736	1.5	9.0													
451914.6432	3.823000000033062	processed_trials			20.0	0.9446236530181328					False				High					1.5623654095051736		9.0	40.0	40.0	True	False	False	1.5623999999999998	1.5623999999999998	16.328661017111735	1.0915	-0.20069514814284425	Right	1.0915	
451914.6432	1.0914999999804422	states																																	"       state_name
id               
3   wait_for_poke"
451915.7347	0.9446000000461936	states																																	"        state_name
id                
1   nose_in_center"
451916.6793	0.001999999978579581	states																																	"   state_name
id           
5      go_cue"
451916.6813	1.5623999999952503	states																																	"            state_name
id                    
6   wait_for_side_poke"
451918.2437	0.05060000001685694	states																																	"         state_name
id                 
4   announce_reward"
451918.2943	0.1718000000109896	states																																	"   state_name
id           
8      reward"
451918.4661	9.999994654208422e-05	states																																	"    state_name
id            
7   stop_sound"
451918.5956	4.444100000022445	trials	1.0	2.0	20.0	0.8431352666117384	0.0	0.35	True	1645.0	True	False	24725.0	False	High	True	False	0.025	0.0	100.0	1.5	9.0													
451918.5956	4.444100000022445	processed_trials			20.0	0.8431352666117384					True				High					100.0		9.0	40.0	40.0	False	True	False			16.328661017111735	2.1740999999999997	-0.15707160124911979	Left	0.4925999999999997	
451918.5956	2.1741000000038184	states																																	"       state_name
id               
3   wait_for_poke"
451920.7697	0.27000000001862645	states																																	"        state_name
id                
1   nose_in_center"
451921.0397	2.0	states																																	"          state_name
id                  
2   punish_violation"
451923.1735	6.895300000032876	trials	1.0	2.0	20.0	0.84313527	0.0	0.35	True	1645.0	True	False	24726.0	False	High	True	True	0.025	0.0	100.0	1.5	9.0													
451923.1735	6.895300000032876	processed_trials			20.0	0.84313527					True				High					100.0		9.0	40.0	40.0	False	False	True	5.8222	5.8222	16.328661017111735	0.027899999999999998	-0.24355308687937235	Left	0.027899999999999998	
451923.1735	0.02789999998640269	states																																	"       state_name
id               
3   wait_for_poke"
451923.20139999996	0.8430999999982305	states																																	"        state_name
id                
1   nose_in_center"
451924.04449999996	0.0020000000367872417	states																																	"   state_name
id           
5      go_cue"
451924.0465	5.822199999995064	states																																	"            state_name
id                    
6   wait_for_side_poke"
451929.8687	0.20000000001164153	states																																	"   state_name
id           
0     opt_out"
451930.0687	9.999994654208422e-05	states																																	"    state_name
id            
7   stop_sound"
451930.2103	2.489300000015646	trials	1.0	2.0	20.0	0.8092859604113771	0.0	0.35	True	1645.0	False	False	24727.0	False	High	True	False	0.025	0.0	2.2107789433122678	1.5	9.0													
451930.2103	2.489300000015646	processed_trials			20.0	0.8092859604113771					False				High					2.2107789433122678		9.0	40.0	40.0	False	True	False			16.328661017111735	0.2284	-0.2354739060626425	Left	0.2284	
451930.2103	0.22840000002179295	states																																	"       state_name
id               
3   wait_for_poke"
451930.4387	0.26089999999385327	states																																	"        state_name
id                
1   nose_in_center"
451930.6996	2.0	states																																	"          state_name
id                  
2   punish_violation"
451932.8284	3.6554999999934807	trials	1.0	2.0	20.0	0.9597953101851784	0.0	0.35	True	1645.0	False	False	24728.0	False	High	True	True	0.025	0.0	2.4887191827833828	1.5	9.0													
451932.8284	3.6554999999934807	processed_trials			20.0	0.9597953101851784					False				High					2.4887191827833828		9.0	40.0	40.0	True	False	False	2.4886999999999997	2.4886999999999997	16.328661017111735	0.041299999999999996	-0.2430131316527181	Left	0.041299999999999996	
451932.8284	0.04129999998258427	states																																	"       state_name
id               
3   wait_for_poke"
451932.8697	0.9598000000114553	states																																	"        state_name
id                
1   nose_in_center"
451933.8295	0.001999999978579581	states																																	"   state_name
id           
5      go_cue"
451933.8315	2.4887000000453554	states																																	"            state_name
id                    
6   wait_for_side_poke"
451936.3202	0.0016999999643303454	states																																	"         state_name
id                 
4   announce_reward"
451936.3219	0.16190000000642613	states																																	"   state_name
id           
8      reward"
451936.4838	0.00010000000474974513	states																																	"    state_name
id            
7   stop_sound"
451936.6155	5.474999999976717	trials	1.0	2.0	20.0	0.911359876943681	0.0	0.35	True	1665.0	False	False	24729.0	False	High	True	False	0.025	0.0	1.1418223872929247	1.5	9.0													
451936.6155	5.474999999976717	processed_trials			20.0	0.911359876943681					False				High					1.1418223872929247		9.0	40.0	40.0	False	True	False			16.328661017111735	3.3051	-0.11149776831285305	Right	0.7871000000000001	
451936.6155	3.305099999997765	states																																	"       state_name
id               
3   wait_for_poke"
451939.9206	0.1698999999789521	states																																	"        state_name
id                
1   nose_in_center"
451940.0905	2.0	states																																	"          state_name
id                  
2   punish_violation"
451942.2356	3.044499999959953	trials	1.0	2.0	20.0	0.8315606119279395	0.0	0.35	True	1665.0	True	False	24730.0	False	High	True	True	0.025	0.0	1.1418224	1.5	9.0													
451942.2356	3.044499999959953	processed_trials			20.0	0.8315606119279395					False				High					1.1418224		9.0	40.0	40.0	False	False	False	1.1418000000000001	1.1418000000000001	16.328661017111735	1.0691	-0.20159775986501258	Left	1.0691	
451942.2356	1.0691000000224449	states																																	"       state_name
id               
3   wait_for_poke"
451943.30470000004	0.8315999999758787	states																																	"        state_name
id                
1   nose_in_center"
451944.1363	0.001999999978579581	states																																	"   state_name
id           
5      go_cue"
451944.1383	1.1418000000412576	states																																	"            state_name
id                    
6   wait_for_side_poke"
451945.4257	5.613499999977648	trials	1.0	2.0	20.0	1.1146874618779647	0.0	0.35	True	1665.0	False	False	24731.0	False	High	True	False	0.025	0.0	3.722190888259782	1.5	9.0													
451945.4257	5.613499999977648	processed_trials			20.0	1.1146874618779647					False				High					3.722190888259782		9.0	40.0	40.0	False	True	False			16.328661017111735	3.399	-0.10771405220965637	Left	3.399	
451945.4257	3.3989999999757856	states																																	"       state_name
id               
3   wait_for_poke"
451948.8247	0.21450000000186265	states																																	"        state_name
id                
1   nose_in_center"
451949.0392	2.0	states																																	"          state_name
id                  
2   punish_violation"
451951.183	3.1968999999808148	trials	1.0	2.0	20.0	1.0938569011346813	0.0	0.35	True	1665.0	False	False	24732.0	False	High	True	True	0.025	0.0	3.4996548559155984	1.5	9.0													
451951.183	3.1968999999808148	processed_trials			20.0	1.0938569011346813					False				High					3.4996548559155984		9.0	40.0	40.0	False	True	False			16.328661017111735	0.1377	-0.23912867763410084	Right	0.1377	
451951.183	0.13770000002114102	states																																	"       state_name
id               
3   wait_for_poke"
451951.32070000004	1.0591999999596737	states																																	"        state_name
id                
1   nose_in_center"
451952.3799	2.0	states																																	"          state_name
id                  
2   punish_violation"
451954.5115	5.757099999987986	trials	1.0	2.0	20.0	1.105062440765595	0.0	0.35	True	1665.0	False	False	24733.0	False	High	True	True	0.025	0.0	3.4996549	1.5	9.0													
451954.5115	5.757099999987986	processed_trials			20.0	1.105062440765595					False				High					3.4996549		9.0	40.0	40.0	True	False	False	3.4996999999999994	3.4996999999999994	16.328661017111735	0.9461	-0.20655406530370468	Right	0.9461	
451954.5115	0.9461000000010245	states																																	"       state_name
id               
3   wait_for_poke"
451955.4576	1.1050999999861233	states																																	"        state_name
id                
1   nose_in_center"
451956.5627	0.0020000000367872417	states																																	"   state_name
id           
5      go_cue"
451956.56470000005	3.4996999999857508	states																																	"            state_name
id                    
6   wait_for_side_poke"
451960.06440000003	0.03229999996256083	states																																	"         state_name
id                 
4   announce_reward"
451960.0967	0.1718000000109896	states																																	"   state_name
id           
8      reward"
451960.2685	0.00010000000474974513	states																																	"    state_name
id            
7   stop_sound"
451960.4039	4.602400000032503	trials	1.0	2.0	80.0	1.1050624	0.0	0.35	True	1685.0	False	False	24734.0	False	High	True	False	0.025	0.0	2.2886777356103414	1.5	9.0													
451960.4039	4.602400000032503	processed_trials			80.0	1.1050624					False				High					2.2886777356103414		9.0	40.0	40.0	False	True	False			16.328661017111735	2.2468000000000004	-0.15414214266868953	Left	1.1416000000000004	
451960.4039	2.246800000022631	states																																	"       state_name
id               
3   wait_for_poke"
451962.6507	0.35559999995166436	states																																	"        state_name
id                
1   nose_in_center"
451963.00629999995	2.0	states																																	"          state_name
id                  
2   punish_violation"
451965.1539	2.520500000042375	trials	1.0	2.0	80.0	1.0460815178863	0.0	0.35	True	1685.0	False	False	24735.0	False	High	True	True	0.025	0.0	0.7241896510612124	1.5	9.0													
451965.1539	2.520500000042375	processed_trials			80.0	1.0460815178863					False				High					0.7241896510612124		9.0	40.0	40.0	True	False	False	0.7242	0.7242	16.328661017111735	0.0683	-0.24192516216617593	Right	0.0683	
451965.1539	0.06829999998444691	states																																	"       state_name
id               
3   wait_for_poke"
451965.22219999996	1.046100000035949	states																																	"        state_name
id                
1   nose_in_center"
451966.2683	0.001999999978579581	states																																	"   state_name
id           
5      go_cue"
451966.2703	0.7241999999969266	states																																	"            state_name
id                    
6   wait_for_side_poke"
451966.9945	0.06530000001657754	states																																	"         state_name
id                 
4   announce_reward"
451967.0598	0.614499999966938	states																																	"   state_name
id           
8      reward"
451967.67429999996	0.00010000000474974513	states																																	"    state_name
id            
7   stop_sound"
451967.8255	9.215100000030361	trials	1.0	2.0	20.0	0.870433646223918	0.0	0.35	True	1765.0	False	False	24736.0	False	High	True	False	0.025	0.0	1.831375873266954	1.5	9.0													
451967.8255	9.215100000030361	processed_trials			20.0	0.870433646223918					False				High					1.831375873266954		9.0	40.0	40.0	False	True	False			16.328661017111735	6.9902	0.03699394853368677	Left	0.6720999999999995	
451967.8255	6.990200000000186	states																																	"       state_name
id               
3   wait_for_poke"
451974.8157	0.2248999999719672	states																																	"        state_name
id                
1   nose_in_center"
451975.04059999995	2.0	states																																	"          state_name
id                  
2   punish_violation"
451977.175	4.95140000001993	trials	1.0	2.0	20.0	1.0804077032251926	0.0	0.35	True	1765.0	False	False	24737.0	False	High	True	True	0.025	0.0	1.8313759	1.5	9.0													
451977.175	4.95140000001993	processed_trials			20.0	1.0804077032251926					False				High					1.8313759		9.0	40.0	40.0	True	False	False	1.8314000000000004	1.8314000000000004	16.328661017111735	1.8117	-0.1716745694684859	Right	1.8117	
451977.175	1.8117000000202097	states																																	"       state_name
id               
3   wait_for_poke"
451978.9867	1.0803999999770895	states																																	"        state_name
id                
1   nose_in_center"
451980.0671	0.001999999978579581	states																																	"   state_name
id           
5      go_cue"
451980.06909999996	1.831400000024587	states																																	"            state_name
id                    
6   wait_for_side_poke"
451981.9005	0.05400000000372529	states																																	"         state_name
id                 
4   announce_reward"
451981.9545	0.1718000000109896	states																																	"   state_name
id           
8      reward"
451982.1263	0.00010000000474974513	states																																	"    state_name
id            
7   stop_sound"
451982.2632	16.900499999988824	trials	1.0	2.0	80.0	1.171683376906813	0.0	0.35	True	1785.0	True	False	24738.0	False	High	True	False	0.025	0.0	100.0	1.5	9.0													
451982.2632	16.900499999988824	processed_trials			80.0	1.171683376906813					True				High					100.0		9.0	40.0	40.0	False	False	True	11.876000000000001	11.876000000000001	16.328661017111735	3.6506999999999996	-0.0975717588851132	Right	1.1900999999999997	
451982.2632	3.6506999999983236	states																																	"       state_name
id               
3   wait_for_poke"
451985.9139	1.1717000000062399	states																																	"        state_name
id                
1   nose_in_center"
451987.0856	0.001999999978579581	states																																	"   state_name
id           
5      go_cue"
451987.08759999997	11.87599999998929	states																																	"            state_name
id                    
6   wait_for_side_poke"
451998.96359999996	0.20000000001164153	states																																	"   state_name
id           
0     opt_out"
451999.16359999997	0.00010000000474974513	states																																	"    state_name
id            
7   stop_sound"
451999.3084	2.941800000029616	trials	1.0	2.0	40.0	0.9896688132103088	0.0	0.35	True	1785.0	True	False	24739.0	False	High	True	False	0.025	0.0	100.0	1.5	9.0													
451999.3084	2.941800000029616	processed_trials			40.0	0.9896688132103088					True				High					100.0		9.0	40.0	40.0	False	True	False			16.328661017111735	0.4843	-0.22516237304019274	Left	0.4843	
451999.3084	0.4843000000109896	states																																	"       state_name
id               
3   wait_for_poke"
451999.7927	0.4574999999604188	states																																	"        state_name
id                
1   nose_in_center"
452000.25019999995	2.0	states																																	"          state_name
id                  
2   punish_violation"
452002.3933	3.153500000014901	trials	1.0	2.0	40.0	0.846651840528535	0.0	0.35	True	1785.0	False	False	24740.0	False	High	True	True	0.025	0.0	1.3979365800946604	1.5	9.0													
452002.3933	3.153500000014901	processed_trials			40.0	0.846651840528535					False				High					1.3979365800946604		9.0	40.0	40.0	False	True	False			16.328661017111735	0.323	-0.23166198334312804	Left	0.323	
452002.3933	0.3229999999748543	states																																	"       state_name
id               
3   wait_for_poke"
452002.7163	0.8305000000400469	states																																	"        state_name
id                
1   nose_in_center"
452003.5468	2.0	states																																	"          state_name
id                  
2   punish_violation"
452005.6924	9.143500000005588	trials	1.0	2.0	40.0	1.0812967267102618	0.0	0.35	True	1785.0	True	False	24741.0	False	High	True	True	0.025	0.0	100.0	1.5	9.0													
452005.6924	9.143500000005588	processed_trials			40.0	1.0812967267102618					True				High					100.0		9.0	40.0	40.0	False	False	True	7.533200000000001	7.533200000000001	16.328661017111735	0.32689999999999997	-0.23150483219507195	Right	0.32689999999999997	
452005.6924	0.32689999998547137	states																																	"       state_name
id               
3   wait_for_poke"
452006.0193	1.0813000000198372	states																																	"        state_name
id                
1   nose_in_center"
452007.1006	0.001999999978579581	states																																	"   state_name
id           
5      go_cue"
452007.1026	7.5332000000053085	states																																	"            state_name
id                    
6   wait_for_side_poke"
452014.6358	0.20000000001164153	states																																	"   state_name
id           
0     opt_out"
452014.8358	0.00010000000474974513	states																																	"    state_name
id            
7   stop_sound"
452014.9854	2.5363999999826774	trials	1.0	2.0	40.0	0.8726148893309909	0.0	0.35	True	1785.0	False	False	24742.0	False	High	True	False	0.025	0.0	4.922316866511985	1.5	9.0													
452014.9854	2.5363999999826774	processed_trials			40.0	0.8726148893309909					False				High					4.922316866511985		9.0	40.0	40.0	False	True	False			16.328661017111735	0.16469999999999999	-0.23804070814755868	Right	0.16469999999999999	
452014.9854	0.16470000002300367	states																																	"       state_name
id               
3   wait_for_poke"
452015.1501	0.37169999995967373	states																																	"        state_name
id                
1   nose_in_center"
452015.5218	2.0	states																																	"          state_name
id                  
2   punish_violation"
452017.6766	7.342000000004191	trials	1.0	2.0	40.0	0.8241286297363002	0.0	0.35	True	1785.0	True	False	24743.0	False	High	True	True	0.025	0.0	100.0	1.5	9.0													
452017.6766	7.342000000004191	processed_trials			40.0	0.8241286297363002					True				High					100.0		9.0	40.0	40.0	False	False	True	6.261299999999999	6.261299999999999	16.328661017111735	0.0545	-0.24248123545929748	Right	0.0545	
452017.6766	0.054500000027474016	states																																	"       state_name
id               
3   wait_for_poke"
452017.73110000003	0.8240999999688938	states																																	"        state_name
id                
1   nose_in_center"
452018.5552	0.001999999978579581	states																																	"   state_name
id           
5      go_cue"
452018.5572	6.261300000012852	states																																	"            state_name
id                    
6   wait_for_side_poke"
452024.8185	0.20000000001164153	states																																	"   state_name
id           
0     opt_out"
452025.0185	0.00010000000474974513	states																																	"    state_name
id            
7   stop_sound"
452025.1565	2.2001000000163913	trials	1.0	2.0	20.0	1.0792750999184657	0.0	0.35	True	1785.0	True	False	24744.0	False	High	True	False	0.025	0.0	100.0	1.5	9.0													
452025.1565	2.2001000000163913	processed_trials			20.0	1.0792750999184657					True				High					100.0		9.0	40.0	40.0	False	True	False			16.328661017111735	0.1484	-0.2386975193561008	Left	0.1484	
452025.1565	0.1484000000054948	states																																	"       state_name
id               
3   wait_for_poke"
452025.3049	0.051700000010896474	states																																	"        state_name
id                
1   nose_in_center"
452025.3566	2.0	states																																	"          state_name
id                  
2   punish_violation"
452027.5065	2.053699999989476	trials	1.0	2.0	20.0	0.9168194692907724	0.0	0.35	True	1785.0	False	False	24745.0	False	High	True	True	0.025	0.0	0.7202406993282917	1.5	9.0													
452027.5065	2.053699999989476	processed_trials			20.0	0.9168194692907724					False				High					0.7202406993282917		9.0	40.0	40.0	False	True	False			16.328661017111735	0.0081	-0.2443509311695033	Right	0.0081	
452027.5065	0.00809999997727573	states																																	"       state_name
id               
3   wait_for_poke"
452027.5146	0.045600000012200326	states																																	"        state_name
id                
1   nose_in_center"
452027.5602	2.0	states																																	"          state_name
id                  
2   punish_violation"
452029.7106	8.534199999994598	trials	1.0	2.0	20.0	0.8704731563761262	0.0	0.35	True	1785.0	True	False	24746.0	False	High	True	True	0.025	0.0	100.0	1.5	9.0													
452029.7106	8.534199999994598	processed_trials			20.0	0.8704731563761262					True				High					100.0		9.0	40.0	40.0	False	False	True	7.448700000000001	7.448700000000001	16.328661017111735	0.0129	-0.24415751437189578	Left	0.0129	
452029.7106	0.012899999972432852	states																																	"       state_name
id               
3   wait_for_poke"
452029.72349999996	0.8705000000190921	states																																	"        state_name
id                
1   nose_in_center"
452030.594	0.0020000000367872417	states																																	"   state_name
id           
5      go_cue"
452030.596	7.448699999949895	states																																	"            state_name
id                    
6   wait_for_side_poke"
452038.04469999997	0.20000000001164153	states																																	"   state_name
id           
0     opt_out"
452038.2447	0.00010000000474974513	states																																	"    state_name
id            
7   stop_sound"
452038.397	2.115300000004936	trials	1.0	2.0	20.0	1.161358736430778	0.0	0.35	True	1785.0	True	False	24747.0	False	High	True	False	0.025	0.0	100.0	1.5	9.0													
452038.397	2.115300000004936	processed_trials			20.0	1.161358736430778					True				High					100.0		9.0	40.0	40.0	False	True	False			16.328661017111735	0.09309999999999999	-0.24092584204520384	Right	0.09309999999999999	
452038.397	0.09309999999823049	states																																	"       state_name
id               
3   wait_for_poke"
452038.4901	0.022200000006705523	states																																	"        state_name
id                
1   nose_in_center"
452038.5123	2.0	states																																	"          state_name
id                  
2   punish_violation"
452040.6656	11.195000000006985	trials	1.0	2.0	20.0	0.9203153130092081	0.0	0.35	True	1785.0	False	False	24748.0	False	High	True	True	0.025	0.0	0.19827474846930312	1.5	9.0													
452040.6656	11.195000000006985	processed_trials			20.0	0.9203153130092081					False				High					0.19827474846930312		9.0	40.0	40.0	False	True	False			16.328661017111735	8.796100000000001	0.10976298911689114	Left	8.796100000000001	
452040.6656	8.796099999977741	states																																	"       state_name
id               
3   wait_for_poke"
452049.4617	0.39890000002924353	states																																	"        state_name
id                
1   nose_in_center"
452049.8606	2.0	states																																	"          state_name
id                  
2   punish_violation"
452052.001	5.808499999984633	trials	1.0	2.0	20.0	1.0618660178261914	0.0	0.35	True	1785.0	False	False	24749.0	False	High	True	True	0.025	0.0	3.513383214839015	1.5	9.0													
452052.001	5.808499999984633	processed_trials			20.0	1.0618660178261914					False				High					3.513383214839015		9.0	40.0	40.0	True	False	False	3.5134000000000003	3.5134000000000003	16.328661017111735	0.939	-0.20684016098349914	Left	0.939	
452052.001	0.9390000000130385	states																																	"       state_name
id               
3   wait_for_poke"
452052.94	1.0618999999715015	states																																	"        state_name
id                
1   nose_in_center"
452054.0019	0.0020000000367872417	states																																	"   state_name
id           
5      go_cue"
452054.0039	3.5133999999961816	states																																	"            state_name
id                    
6   wait_for_side_poke"
452057.5173	0.13019999995594844	states																																	"         state_name
id                 
4   announce_reward"
452057.64749999996	0.16190000000642613	states																																	"   state_name
id           
8      reward"
452057.80939999997	0.00010000000474974513	states																																	"    state_name
id            
7   stop_sound"
452057.9585	5.95319999998901	trials	1.0	2.0	40.0	1.1839151759531994	0.0	0.35	True	1805.0	True	False	24750.0	False	High	True	False	0.025	0.0	100.0	1.5	9.0													
452057.9585	5.95319999998901	processed_trials			40.0	1.1839151759531994					True				High					100.0		9.0	40.0	40.0	False	True	False			16.328661017111735	3.9284	-0.08638179124019606	Right	0.5713999999999997	
452057.9585	3.928399999975227	states																																	"       state_name
id               
3   wait_for_poke"
452061.8869	0.024800000013783574	states																																	"        state_name
id                
1   nose_in_center"
452061.9117	2.0	states																																	"          state_name
id                  
2   punish_violation"
452064.0666	2.306400000001304	trials	1.0	2.0	40.0	1.1839152	0.0	0.35	True	1805.0	False	False	24751.0	False	High	True	True	0.025	0.0	0.7491571121381249	1.5	9.0													
452064.0666	2.306400000001304	processed_trials			40.0	1.1839152					False				High					0.7491571121381249		9.0	40.0	40.0	True	False	False	0.7492000000000001	0.7492000000000001	16.328661017111735	0.0287	-0.24352085074643778	Right	0.0287	
452064.0666	0.02870000002440065	states																																	"       state_name
id               
3   wait_for_poke"
452064.09530000004	1.1839000000036322	states																																	"        state_name
id                
1   nose_in_center"
452065.27920000005	0.001999999978579581	states																																	"   state_name
id           
5      go_cue"
452065.2812	0.7492000000202097	states																																	"            state_name
id                    
6   wait_for_side_poke"
452066.03040000005	0.025599999993573874	states																																	"         state_name
id                 
4   announce_reward"
452066.05600000004	0.31689999997615814	states																																	"   state_name
id           
8      reward"
452066.3729	0.00010000000474974513	states																																	"    state_name
id            
7   stop_sound"
452066.5187	6.318900000012945	trials	1.0	2.0	80.0	0.9568123588839527	0.0	0.35	True	1845.0	False	False	24752.0	False	High	True	False	0.025	0.0	4.479173730317688	1.5	9.0													
452066.5187	6.318900000012945	processed_trials			80.0	0.9568123588839527					False				High					4.479173730317688		9.0	40.0	40.0	False	True	False			16.328661017111735	3.98	-0.08430256066591545	Left	1.2161	
452066.5187	3.9799999999813735	states																																	"       state_name
id               
3   wait_for_poke"
452070.4987	0.33890000003157184	states																																	"        state_name
id                
1   nose_in_center"
452070.8376	2.0	states																																	"          state_name
id                  
2   punish_violation"
452072.9797	2.588499999954365	trials	1.0	2.0	80.0	1.080985853853284	0.0	0.35	True	1845.0	False	False	24753.0	False	High	True	True	0.025	0.0	1.0245917633790957	1.5	9.0													
452072.9797	2.588499999954365	processed_trials			80.0	1.080985853853284					False				High					1.0245917633790957		9.0	40.0	40.0	False	True	False			16.328661017111735	0.0958	-0.24081704509654964	Right	0.0958	
452072.9797	0.09580000001005828	states																																	"       state_name
id               
3   wait_for_poke"
452073.07550000004	0.49270000000251457	states																																	"        state_name
id                
1   nose_in_center"
452073.56820000004	2.0	states																																	"          state_name
id                  
2   punish_violation"
452075.7308	9.333400000003166	trials	1.0	2.0	80.0	1.062417702100679	0.0	0.35	True	1845.0	True	False	24754.0	False	High	True	True	0.025	0.0	100.0	1.5	9.0													
452075.7308	9.333400000003166	processed_trials			80.0	1.062417702100679					True				High					100.0		9.0	40.0	40.0	False	False	True	7.953599999999998	7.953599999999998	16.328661017111735	0.1153	-0.24003128935626913	Left	0.1153	
452075.7308	0.11530000000493601	states																																	"       state_name
id               
3   wait_for_poke"
452075.8461	1.0623999999952503	states																																	"        state_name
id                
1   nose_in_center"
452076.9085	0.001999999978579581	states																																	"   state_name
id           
5      go_cue"
452076.9105	7.953600000008009	states																																	"            state_name
id                    
6   wait_for_side_poke"
452084.8641	0.20000000001164153	states																																	"   state_name
id           
0     opt_out"
452085.0641	0.00010000000474974513	states																																	"    state_name
id            
7   stop_sound"
452085.2185	2.050199999997858	trials	1.0	2.0	80.0	0.8627283090948945	0.0	0.35	True	1845.0	False	False	24755.0	False	High	True	False	0.025	0.0	9.682370752389481	1.5	9.0													
452085.2185	2.050199999997858	processed_trials			80.0	0.8627283090948945					False				High					9.682370752389481		9.0	40.0	40.0	False	True	False			16.328661017111735	0.0357	-0.24323878458326015	Right	0.0357	
452085.2185	0.035700000007636845	states																																	"       state_name
id               
3   wait_for_poke"
452085.2542	0.014499999990221113	states																																	"        state_name
id                
1   nose_in_center"
452085.2687	2.0	states																																	"          state_name
id                  
2   punish_violation"
452087.4225	14.34210000000894	trials	1.0	2.0	80.0	1.050030971124953	0.0	0.35	True	1845.0	True	False	24756.0	False	High	True	True	0.025	0.0	100.0	1.5	9.0													
452087.4225	14.34210000000894	processed_trials			80.0	1.050030971124953					True				High					100.0		9.0	40.0	40.0	False	False	True	13.0159	13.0159	16.328661017111735	0.0741	-0.2416914502024002	Left	0.0741	
452087.4225	0.07410000002710149	states																																	"       state_name
id               
3   wait_for_poke"
452087.4966	1.0499999999883585	states																																	"        state_name
id                
1   nose_in_center"
452088.5466	0.001999999978579581	states																																	"   state_name
id           
5      go_cue"
452088.5486	13.01589999999851	states																																	"            state_name
id                    
6   wait_for_side_poke"
452101.5645	0.20000000001164153	states																																	"   state_name
id           
0     opt_out"
452101.7645	0.00010000000474974513	states																																	"    state_name
id            
7   stop_sound"
452101.9276	2.093899999978021	trials	1.0	2.0	40.0	0.9693163939228944	0.0	0.35	True	1845.0	False	False	24757.0	False	High	True	False	0.025	0.0	1.501329974478289	1.5	9.0													
452101.9276	2.093899999978021	processed_trials			40.0	0.9693163939228944					False				High					1.501329974478289		9.0	40.0	40.0	False	True	False			16.328661017111735	0.0615	-0.24219916929611987	Left	0.0615	
452101.9276	0.06150000001071021	states																																	"       state_name
id               
3   wait_for_poke"
452101.9891	0.03239999996731058	states																																	"        state_name
id                
1   nose_in_center"
452102.0215	2.0	states																																	"          state_name
id                  
2   punish_violation"
452104.1674	2.380600000033155	trials	1.0	2.0	40.0	0.96931639	0.0	0.35	True	1845.0	False	False	24758.0	False	High	True	True	0.025	0.0	0.031206079316070653	1.5	9.0													
452104.1674	2.380600000033155	processed_trials			40.0	0.96931639					False				High					0.031206079316070653		9.0	40.0	40.0	True	False	False	0.031200000000000117	0.031200000000000117	16.328661017111735	0.4039	-0.22840210440011832	Right	0.4039	
452104.1674	0.4038999999756925	states																																	"       state_name
id               
3   wait_for_poke"
452104.57129999995	0.9692999999970198	states																																	"        state_name
id                
1   nose_in_center"
452105.54059999995	0.0020000000367872417	states																																	"   state_name
id           
5      go_cue"
452105.5426	0.031199999968521297	states																																	"            state_name
id                    
6   wait_for_side_poke"
452105.57379999995	0.6572000000160187	states																																	"         state_name
id                 
4   announce_reward"
452106.23099999997	0.3169000000343658	states																																	"   state_name
id           
8      reward"
452106.5479	9.999994654208422e-05	states																																	"    state_name
id            
7   stop_sound"
452106.7145	6.666099999973085	trials	1.0	2.0	20.0	0.9691181774507459	0.0	0.35	True	1885.0	False	False	24759.0	False	High	True	False	0.025	0.0	0.9843111665887336	1.5	9.0													
452106.7145	6.666099999973085	processed_trials			20.0	0.9691181774507459					False				High					0.9843111665887336		9.0	40.0	40.0	False	True	False			16.328661017111735	4.5091	-0.0629823882463056	Left	1.8563	
452106.7145	4.509100000024773	states																																	"       state_name
id               
3   wait_for_poke"
452111.2236	0.1569999999483116	states																																	"        state_name
id                
1   nose_in_center"
452111.3806	2.0	states																																	"          state_name
id                  
2   punish_violation"
452113.5327	7.757600000011735	trials	1.0	2.0	20.0	1.0662122901718336	0.0	0.35	True	1885.0	False	False	24760.0	False	High	True	True	0.025	0.0	3.724719447558356	1.5	9.0													
452113.5327	7.757600000011735	processed_trials			20.0	1.0662122901718336					False				High					3.724719447558356		9.0	40.0	40.0	False	True	False			16.328661017111735	5.6123	-0.018528760929515626	Left	5.6123	
452113.5327	5.612299999978859	states																																	"       state_name
id               
3   wait_for_poke"
452119.14499999996	0.1453000000328757	states																																	"        state_name
id                
1   nose_in_center"
452119.2903	2.0	states																																	"          state_name
id                  
2   punish_violation"
452121.4429	11.846399999980349	trials	1.0	2.0	20.0	0.8982664922895826	0.0	0.35	True	1885.0	False	False	24761.0	False	High	True	True	0.025	0.0	3.7247194	1.5	9.0													
452121.4429	11.846399999980349	processed_trials			20.0	0.8982664922895826					False				High					3.7247194		9.0	40.0	40.0	True	False	False	3.7246999999999995	3.7246999999999995	16.328661017111735	7.0123	0.037884471706004626	Left	7.0123	
452121.4429	7.012300000002142	states																																	"       state_name
id               
3   wait_for_poke"
452128.4552	0.8983000000007451	states																																	"        state_name
id                
1   nose_in_center"
452129.3535	0.001999999978579581	states																																	"   state_name
id           
5      go_cue"
452129.3555	3.7247000000206754	states																																	"            state_name
id                    
6   wait_for_side_poke"
452133.0802	0.04710000002523884	states																																	"         state_name
id                 
4   announce_reward"
452133.12730000005	0.16189999994821846	states																																	"   state_name
id           
8      reward"
452133.2892	0.00010000000474974513	states																																	"    state_name
id            
7   stop_sound"
452133.4436	6.423400000028778	trials	1.0	2.0	20.0	1.1637826079696059	0.0	0.35	True	1905.0	False	False	24762.0	False	High	True	False	0.025	0.0	0.34482507318236705	1.5	9.0													
452133.4436	6.423400000028778	processed_trials			20.0	1.1637826079696059					False				High					0.34482507318236705		9.0	40.0	40.0	False	True	False			16.328661017111735	3.9566999999999997	-0.08524143803763519	Right	0.7860999999999998	
452133.4436	3.9566999999806285	states																																	"       state_name
id               
3   wait_for_poke"
452137.4003	0.4667000000481494	states																																	"        state_name
id                
1   nose_in_center"
452137.867	2.0	states																																	"          state_name
id                  
2   punish_violation"
452140.0144	2.739400000020396	trials	1.0	2.0	20.0	1.1911211342564139	0.0	0.35	True	1905.0	False	False	24763.0	False	High	True	True	0.025	0.0	2.314883905416941	1.5	9.0													
452140.0144	2.739400000020396	processed_trials			20.0	1.1911211342564139					False				High					2.314883905416941		9.0	40.0	40.0	False	True	False			16.328661017111735	0.1047	-0.24045841811765237	Left	0.1047	
452140.0144	0.10470000002533197	states																																	"       state_name
id               
3   wait_for_poke"
452140.1191	0.634699999995064	states																																	"        state_name
id                
1   nose_in_center"
452140.7538	2.0	states																																	"          state_name
id                  
2   punish_violation"
452142.9149	4.954900000011548	trials	1.0	2.0	20.0	1.1973067362316372	0.0	0.35	True	1905.0	False	False	24764.0	False	High	True	True	0.025	0.0	3.521515609563026	1.5	9.0													
452142.9149	4.954900000011548	processed_trials			20.0	1.1973067362316372					False				High					3.521515609563026		9.0	40.0	40.0	False	True	False			16.328661017111735	1.8558	-0.169897552640467	Left	1.8558	
452142.9149	1.8558000000193715	states																																	"       state_name
id               
3   wait_for_poke"
452144.7707	1.099099999992177	states																																	"        state_name
id                
1   nose_in_center"
452145.8698	2.0	states																																	"          state_name
id                  
2   punish_violation"
452148.0342	12.04769999999553	trials	1.0	2.0	20.0	1.15830132209559	0.0	0.35	True	1905.0	False	False	24765.0	False	High	True	True	0.025	0.0	2.5729878757306435	1.5	9.0													
452148.0342	12.04769999999553	processed_trials			20.0	1.15830132209559					False				High					2.5729878757306435		9.0	40.0	40.0	True	False	False	2.5730000000000004	2.5730000000000004	16.328661017111735	7.9448	0.07545971415787796	Right	7.9448	
452148.0342	7.944799999997485	states																																	"       state_name
id               
3   wait_for_poke"
452155.979	1.1583000000100583	states																																	"        state_name
id                
1   nose_in_center"
452157.1373	0.001999999978579581	states																																	"   state_name
id           
5      go_cue"
452157.1393	2.573000000033062	states																																	"            state_name
id                    
6   wait_for_side_poke"
452159.7123	0.19769999996060506	states																																	"         state_name
id                 
4   announce_reward"
452159.91	0.1718000000109896	states																																	"   state_name
id           
8      reward"
452160.0818	0.00010000000474974513	states																																	"    state_name
id            
7   stop_sound"
452160.2332	6.0917999999946915	trials	1.0	2.0	40.0	0.8087814164605432	0.0	0.35	True	1925.0	True	False	24766.0	False	High	True	False	0.025	0.0	100.0	1.5	9.0													
452160.2332	6.0917999999946915	processed_trials			40.0	0.8087814164605432					True				High					100.0		9.0	40.0	40.0	False	True	False			16.328661017111735	3.7971999999999997	-0.09166851704146768	Left	1.021	
452160.2332	3.797199999971781	states																																	"       state_name
id               
3   wait_for_poke"
452164.0304	0.29460000002291054	states																																	"        state_name
id                
1   nose_in_center"
452164.325	2.0	states																																	"          state_name
id                  
2   punish_violation"
452166.4776	2.377299999992829	trials	1.0	2.0	40.0	1.0843022736359857	0.0	0.35	True	1925.0	False	False	24767.0	False	High	True	True	0.025	0.0	0.25553327008329757	1.5	9.0													
452166.4776	2.377299999992829	processed_trials			40.0	1.0843022736359857					False				High					0.25553327008329757		9.0	40.0	40.0	False	True	False			16.328661017111735	0.1163	-0.23999099419010095	Right	0.1163	
452166.4776	0.1162999999942258	states																																	"       state_name
id               
3   wait_for_poke"
452166.5939	0.260999999998603	states																																	"        state_name
id                
1   nose_in_center"
452166.8549	2.0	states																																	"          state_name
id                  
2   punish_violation"
452169.0206	2.0595000000321306	trials	1.0	2.0	40.0	0.8975139894680212	0.0	0.35	True	1925.0	True	False	24768.0	False	High	True	True	0.025	0.0	100.0	1.5	9.0													
452169.0206	2.0595000000321306	processed_trials			40.0	0.8975139894680212					True				High					100.0		9.0	40.0	40.0	False	True	False			16.328661017111735	0.0399	-0.2430695448853536	Right	0.0399	
452169.0206	0.0398999999742955	states																																	"       state_name
id               
3   wait_for_poke"
452169.06049999996	0.01959999999962747	states																																	"        state_name
id                
1   nose_in_center"
452169.08009999996	2.0	states																																	"          state_name
id                  
2   punish_violation"
452171.2506	8.812899999960791	trials	1.0	2.0	40.0	1.1703079077322338	0.0	0.35	True	1925.0	False	False	24769.0	False	High	True	True	0.025	0.0	11.290788877458663	1.5	9.0													
452171.2506	8.812899999960791	processed_trials			40.0	1.1703079077322338					False				High					11.290788877458663		9.0	40.0	40.0	False	False	True	7.3846	7.3846	16.328661017111735	0.0559	-0.24242482222666195	Left	0.0559	
452171.2506	0.055899999977555126	states																																	"       state_name
id               
3   wait_for_poke"
452171.3065	1.170299999997951	states																																	"        state_name
id                
1   nose_in_center"
452172.4768	0.0020000000367872417	states																																	"   state_name
id           
5      go_cue"
452172.47880000004	7.384599999990314	states																																	"            state_name
id                    
6   wait_for_side_poke"
452179.86340000003	0.20000000001164153	states																																	"   state_name
id           
0     opt_out"
452180.06340000004	0.00010000000474974513	states																																	"    state_name
id            
7   stop_sound"
452180.2222	2.272899999981746	trials	1.0	2.0	80.0	0.9161374933611961	0.0	0.35	True	1925.0	False	False	24770.0	False	High	True	False	0.025	0.0	0.43962065911224196	1.5	9.0													
452180.2222	2.272899999981746	processed_trials			80.0	0.9161374933611961					False				High					0.43962065911224196		9.0	40.0	40.0	False	True	False			16.328661017111735	0.2469	-0.23472844548853025	Right	0.2469	
452180.2222	0.24690000002738088	states																																	"       state_name
id               
3   wait_for_poke"
452180.46910000005	0.025999999954365194	states																																	"        state_name
id                
1   nose_in_center"
452180.4951	2.0	states																																	"          state_name
id                  
2   punish_violation"
452182.6523	7.576000000000931	trials	1.0	2.0	80.0	0.9274208852599273	0.0	0.35	True	1925.0	True	False	24771.0	False	High	True	True	0.025	0.0	100.0	1.5	9.0													
452182.6523	7.576000000000931	processed_trials			80.0	0.9274208852599273					True				High					100.0		9.0	40.0	40.0	False	False	True	6.3267999999999995	6.3267999999999995	16.328661017111735	0.1197	-0.23985399062512897	Left	0.1197	
452182.6523	0.11969999998109415	states																																	"       state_name
id               
3   wait_for_poke"
452182.772	0.9274000000441447	states																																	"        state_name
id                
1   nose_in_center"
452183.69940000004	0.001999999978579581	states																																	"   state_name
id           
5      go_cue"
452183.7014	6.326799999980722	states																																	"            state_name
id                    
6   wait_for_side_poke"
452190.0282	0.20000000001164153	states																																	"   state_name
id           
0     opt_out"
452190.2282	0.00010000000474974513	states																																	"    state_name
id            
7   stop_sound"
452190.4015	2.16890000004787	trials	1.0	2.0	80.0	1.1750425776265883	0.0	0.35	True	1925.0	False	False	24772.0	False	High	True	False	0.025	0.0	1.6772565078486497	1.5	9.0													
452190.4015	2.16890000004787	processed_trials			80.0	1.1750425776265883					False				High					1.6772565078486497		9.0	40.0	40.0	False	True	False			16.328661017111735	0.1465	-0.23877408017182045	Right	0.1465	
452190.4015	0.1464999999734573	states																																	"       state_name
id               
3   wait_for_poke"
452190.54799999995	0.022400000016205013	states																																	"        state_name
id                
1   nose_in_center"
452190.57039999997	2.0	states																																	"          state_name
id                  
2   punish_violation"
452192.7381	6.084199999982957	trials	1.0	2.0	80.0	0.8086113188530691	0.0	0.35	True	1925.0	False	False	24773.0	False	High	True	True	0.025	0.0	4.399160530934584	1.5	9.0													
452192.7381	6.084199999982957	processed_trials			80.0	0.8086113188530691					False				High					4.399160530934584		9.0	40.0	40.0	True	False	False	4.3992	4.3992	16.328661017111735	0.16319999999999998	-0.238101150896811	Right	0.16319999999999998	
452192.7381	0.16320000000996515	states																																	"       state_name
id               
3   wait_for_poke"
452192.9013	0.8085999999893829	states																																	"        state_name
id                
1   nose_in_center"
452193.7099	0.001999999978579581	states																																	"   state_name
id           
5      go_cue"
452193.7119	4.399200000043493	states																																	"            state_name
id                    
6   wait_for_side_poke"
452198.11110000004	0.09659999998984858	states																																	"         state_name
id                 
4   announce_reward"
452198.2077	0.614499999966938	states																																	"   state_name
id           
8      reward"
452198.8222	0.00010000000474974513	states																																	"    state_name
id            
7   stop_sound"
452198.9996	8.569699999992736	trials	1.0	2.0	40.0	1.0738199488449796	0.0	0.35	True	2005.0	False	False	24774.0	False	High	True	False	0.025	0.0	0.6590660951618544	1.5	9.0													
452198.9996	8.569699999992736	processed_trials			40.0	1.0738199488449796					False				High					0.6590660951618544		9.0	40.0	40.0	False	True	False			16.328661017111735	6.1156999999999995	0.001755825719570703	Left	1.5180999999999987	
452198.9996	6.115700000023935	states																																	"       state_name
id               
3   wait_for_poke"
452205.1153	0.4539999999688007	states																																	"        state_name
id                
1   nose_in_center"
452205.5693	2.0	states																																	"          state_name
id                  
2   punish_violation"
452207.7347	2.757500000006985	trials	1.0	2.0	40.0	1.0738199	0.0	0.35	True	2005.0	False	False	24775.0	False	High	True	True	0.025	0.0	14.228344944742874	1.5	9.0													
452207.7347	2.757500000006985	processed_trials			40.0	1.0738199					False				High					14.228344944742874		9.0	40.0	40.0	False	True	False			16.328661017111735	0.1358	-0.23920523844982047	Right	0.1358	
452207.7347	0.13579999998910353	states																																	"       state_name
id               
3   wait_for_poke"
452207.87049999996	0.6217000000178814	states																																	"        state_name
id                
1   nose_in_center"
452208.4922	2.0	states																																	"          state_name
id                  
2   punish_violation"
452210.6499	1.8262000000104308	trials	1.0	2.0	40.0	0.8753126725533623	0.0	0.35	True	2005.0	False	False	24776.0	False	High	True	True	0.025	0.0	0.14767243312784611	1.5	9.0													
452210.6499	1.8262000000104308	processed_trials			40.0	0.8753126725533623					False				High					0.14767243312784611		9.0	40.0	40.0	True	False	False	0.14770000000000016	0.14770000000000016	16.328661017111735	0.0225	-0.2437706807766808	Right	0.0225	
452210.6499	0.022500000020954758	states																																	"       state_name
id               
3   wait_for_poke"
452210.67240000004	0.8752999999560416	states																																	"        state_name
id                
1   nose_in_center"
452211.5477	0.0020000000367872417	states																																	"   state_name
id           
5      go_cue"
452211.54970000003	0.1476999999722466	states																																	"            state_name
id                    
6   wait_for_side_poke"
452211.6974	0.4616999999852851	states																																	"         state_name
id                 
4   announce_reward"
452212.1591	0.3169000000343658	states																																	"   state_name
id           
8      reward"
452212.476	0.00010000000474974513	states																																	"    state_name
id            
7   stop_sound"
452212.6553	6.964299999992363	trials	1.0	2.0	40.0	1.053453718863008	0.0	0.35	True	2045.0	True	False	24777.0	False	High	True	False	0.025	0.0	100.0	1.5	9.0													
452212.6553	6.964299999992363	processed_trials			40.0	1.053453718863008					True				High					100.0		9.0	40.0	40.0	False	True	False			16.328661017111735	4.6977	-0.05538271990697766	Right	1.4563000000000001	
452212.6553	4.697700000018813	states																																	"       state_name
id               
3   wait_for_poke"
452217.353	0.26659999997355044	states																																	"        state_name
id                
1   nose_in_center"
452217.6196	2.0	states																																	"          state_name
id                  
2   punish_violation"
452219.788	4.764599999994971	trials	1.0	2.0	40.0	1.0508216732778695	0.0	0.35	True	2045.0	False	False	24778.0	False	High	True	True	0.025	0.0	3.184839991773196	1.5	9.0													
452219.788	4.764599999994971	processed_trials			40.0	1.0508216732778695					False				High					3.184839991773196		9.0	40.0	40.0	True	False	False	3.1848	3.1848	16.328661017111735	0.0664	-0.24200172298189557	Left	0.0664	
452219.788	0.06640000001061708	states																																	"       state_name
id               
3   wait_for_poke"
452219.8544	1.0507999999681488	states																																	"        state_name
id                
1   nose_in_center"
452220.9052	0.0020000000367872417	states																																	"   state_name
id           
5      go_cue"
452220.9072	3.184799999988172	states																																	"            state_name
id                    
6   wait_for_side_poke"
452224.092	0.1638999999850057	states																																	"         state_name
id                 
4   announce_reward"
452224.2559	0.2966000000014901	states																																	"   state_name
id           
8      reward"
452224.5525	0.00010000000474974513	states																																	"    state_name
id            
7   stop_sound"
452224.7198	8.851899999950547	trials	1.0	2.0	40.0	1.180425663299975	0.0	0.35	True	2085.0	False	False	24779.0	False	High	True	False	0.025	0.0	4.626547012692679	1.5	9.0													
452224.7198	8.851899999950547	processed_trials			40.0	1.180425663299975					False				High					4.626547012692679		9.0	40.0	40.0	False	True	False			16.328661017111735	6.2953	0.008992837563384615	Left	0.6467999999999998	
452224.7198	6.295299999997951	states																																	"       state_name
id               
3   wait_for_poke"
452231.0151	0.5566000000108033	states																																	"        state_name
id                
1   nose_in_center"
452231.57170000003	2.0	states																																	"          state_name
id                  
2   punish_violation"
452233.7395	2.7127999999793246	trials	1.0	2.0	40.0	0.859020374727552	0.0	0.35	True	2085.0	False	False	24780.0	False	High	True	True	0.025	0.0	0.6939051682835445	1.5	9.0													
452233.7395	2.7127999999793246	processed_trials			40.0	0.859020374727552					False				High					0.6939051682835445		9.0	40.0	40.0	False	True	False			16.328661017111735	0.2807	-0.2333664688720441	Right	0.2807	
452233.7395	0.28070000000298023	states																																	"       state_name
id               
3   wait_for_poke"
452234.0202	0.4320999999763444	states																																	"        state_name
id                
1   nose_in_center"
452234.4523	2.0	states																																	"          state_name
id                  
2   punish_violation"
452236.6281	2.44960000005085	trials	1.0	2.0	40.0	1.0725224480641635	0.0	0.35	True	2085.0	False	False	24781.0	False	High	True	True	0.025	0.0	1.1910667219916988	1.5	9.0													
452236.6281	2.44960000005085	processed_trials			40.0	1.0725224480641635					False				High					1.1910667219916988		9.0	40.0	40.0	False	True	False			16.328661017111735	0.025	-0.2436699428612602	Right	0.025	
452236.6281	0.025000000023283064	states																																	"       state_name
id               
3   wait_for_poke"
452236.6531	0.4245999999693595	states																																	"        state_name
id                
1   nose_in_center"
452237.07769999997	2.0	states																																	"          state_name
id                  
2   punish_violation"
452239.2435	5.706800000043586	trials	1.0	2.0	40.0	0.8031362052302173	0.0	0.35	True	2085.0	False	False	24782.0	False	High	True	True	0.025	0.0	4.255172835704634	1.5	9.0													
452239.2435	5.706800000043586	processed_trials			40.0	0.8031362052302173					False				High					4.255172835704634		9.0	40.0	40.0	True	False	False	4.255199999999999	4.255199999999999	16.328661017111735	0.1041	-0.24048259521735332	Right	0.1041	
452239.2435	0.1040999999968335	states																																	"       state_name
id               
3   wait_for_poke"
452239.3476	0.8031000000191852	states																																	"        state_name
id                
1   nose_in_center"
452240.1507	0.001999999978579581	states																																	"   state_name
id           
5      go_cue"
452240.1527	4.255200000014156	states																																	"            state_name
id                    
6   wait_for_side_poke"
452244.4079	0.22539999999571592	states																																	"         state_name
id                 
4   announce_reward"
452244.6333	0.31689999997615814	states																																	"   state_name
id           
8      reward"
452244.95019999996	0.00010000000474974513	states																																	"    state_name
id            
7   stop_sound"
452245.1131	6.419699999969453	trials	1.0	2.0	20.0	0.9124733445967345	0.0	0.35	True	2125.0	False	False	24783.0	False	High	True	False	0.025	0.0	1.035374622993615	1.5	9.0													
452245.1131	6.419699999969453	processed_trials			20.0	0.9124733445967345					False				High					1.035374622993615		9.0	40.0	40.0	False	True	False			16.328661017111735	3.9094	-0.0871473993973924	Right	1.1768000000000005	
452245.1131	3.909400000004098	states																																	"       state_name
id               
3   wait_for_poke"
452249.0225	0.5103000000235625	states																																	"        state_name
id                
1   nose_in_center"
452249.53280000004	2.0	states																																	"          state_name
id                  
2   punish_violation"
452251.6994	3.433900000003632	trials	1.0	2.0	20.0	1.0403129018050195	0.0	0.35	True	2125.0	False	False	24784.0	False	High	True	True	0.025	0.0	0.4703680349660069	1.5	9.0													
452251.6994	3.433900000003632	processed_trials			20.0	1.0403129018050195					False				High					0.4703680349660069		9.0	40.0	40.0	False	True	False			16.328661017111735	0.904	-0.20825049179938715	Left	0.904	
452251.6994	0.9039999999804422	states																																	"       state_name
id               
3   wait_for_poke"
452252.60339999996	0.5299000000231899	states																																	"        state_name
id                
1   nose_in_center"
452253.1333	2.0	states																																	"          state_name
id                  
2   punish_violation"
452255.3054	4.3945999999996275	trials	1.0	2.0	20.0	1.0047363701336733	0.0	0.35	True	2125.0	True	False	24785.0	False	High	True	True	0.025	0.0	100.0	1.5	9.0													
452255.3054	4.3945999999996275	processed_trials			20.0	1.0047363701336733					True				High					100.0		9.0	40.0	40.0	False	True	False			16.328661017111735	1.5148	-0.18363820430383299	Right	1.5148	
452255.3054	1.5148000000044703	states																																	"       state_name
id               
3   wait_for_poke"
452256.8202	0.8797999999951571	states																																	"        state_name
id                
1   nose_in_center"
452257.7	2.0	states																																	"          state_name
id                  
2   punish_violation"
452259.8721	5.189200000022538	trials	1.0	2.0	20.0	1.0114718478115121	0.0	0.35	True	2125.0	False	False	24786.0	False	High	True	True	0.025	0.0	3.7079764097951626	1.5	9.0													
452259.8721	5.189200000022538	processed_trials			20.0	1.0114718478115121					False				High					3.7079764097951626		9.0	40.0	40.0	True	False	False	3.708	3.708	16.328661017111735	0.1755	-0.2376055203529418	Right	0.1755	
452259.8721	0.1755000000121072	states																																	"       state_name
id               
3   wait_for_poke"
452260.0476	1.011499999964144	states																																	"        state_name
id                
1   nose_in_center"
452261.05909999995	0.0020000000367872417	states																																	"   state_name
id           
5      go_cue"
452261.0611	3.7079999999841675	states																																	"            state_name
id                    
6   wait_for_side_poke"
452264.7691	0.12030000000959262	states																																	"         state_name
id                 
4   announce_reward"
452264.8894	0.1718000000109896	states																																	"   state_name
id           
8      reward"
452265.0612	0.00010000000474974513	states																																	"    state_name
id            
7   stop_sound"
452265.2272	4.451699999975972	trials	1.0	2.0	80.0	1.0114718	0.0	0.35	True	2145.0	False	False	24787.0	False	High	True	False	0.025	0.0	2.161320795752194	1.5	9.0													
452265.2272	4.451699999975972	processed_trials			80.0	1.0114718					False				High					2.161320795752194		9.0	40.0	40.0	False	True	False			16.328661017111735	2.0686999999999998	-0.1613187117632511	Left	0.9721999999999997	
452265.2272	2.068700000003446	states																																	"       state_name
id               
3   wait_for_poke"
452267.2959	0.382999999972526	states																																	"        state_name
id                
1   nose_in_center"
452267.6789	2.0	states																																	"          state_name
id                  
2   punish_violation"
452269.8533	14.024999999965075	trials	1.0	2.0	80.0	1.087201995024486	0.0	0.35	True	2145.0	True	False	24788.0	False	High	True	True	0.025	0.0	100.0	1.5	9.0													
452269.8533	14.024999999965075	processed_trials			80.0	1.087201995024486					True				High					100.0		9.0	40.0	40.0	False	False	True	8.797699999999999	8.797699999999999	16.328661017111735	3.938	-0.08599495764498105	Right	3.938	
452269.8533	3.9380000000237487	states																																	"       state_name
id               
3   wait_for_poke"
452273.79130000004	1.0871999999508262	states																																	"        state_name
id                
1   nose_in_center"
452274.8785	0.0020000000367872417	states																																	"   state_name
id           
5      go_cue"
452274.8805	8.79769999999553	states																																	"            state_name
id                    
6   wait_for_side_poke"
452283.6782	0.20000000001164153	states																																	"   state_name
id           
0     opt_out"
452283.87820000004	0.00010000000474974513	states																																	"    state_name
id            
7   stop_sound"
452284.0501	2.569100000022445	trials	1.0	2.0	40.0	0.9656757663484594	0.0	0.35	True	2145.0	False	False	24789.0	False	High	True	False	0.025	0.0	0.1191826908155364	1.5	9.0													
452284.0501	2.569100000022445	processed_trials			40.0	0.9656757663484594					False				High					0.1191826908155364		9.0	40.0	40.0	False	True	False			16.328661017111735	0.2944	-0.2328144250955394	Left	0.2944	
452284.0501	0.29440000001341105	states																																	"       state_name
id               
3   wait_for_poke"
452284.3445	0.27470000000903383	states																																	"        state_name
id                
1   nose_in_center"
452284.6192	2.0	states																																	"          state_name
id                  
2   punish_violation"
452286.7845	2.456499999971129	trials	1.0	2.0	40.0	1.1251294179487519	0.0	0.35	True	2145.0	False	False	24790.0	False	High	True	True	0.025	0.0	3.41411927732252	1.5	9.0													
452286.7845	2.456499999971129	processed_trials			40.0	1.1251294179487519					False				High					3.41411927732252		9.0	40.0	40.0	False	True	False			16.328661017111735	0.1431	-0.23891108373679237	Right	0.1431	
452286.7845	0.14309999998658895	states																																	"       state_name
id               
3   wait_for_poke"
452286.9276	0.31339999998454005	states																																	"        state_name
id                
1   nose_in_center"
452287.241	2.0	states																																	"          state_name
id                  
2   punish_violation"
452289.4308	2.3552000000490807	trials	1.0	2.0	40.0	1.1251294	0.0	0.35	True	2145.0	False	False	24791.0	False	High	True	True	0.025	0.0	0.5704270968855286	1.5	9.0													
452289.4308	2.3552000000490807	processed_trials			40.0	1.1251294					False				High					0.5704270968855286		9.0	40.0	40.0	True	False	False	0.5704000000000002	0.5704000000000002	16.328661017111735	0.1145	-0.24006352548920376	Right	0.1145	
452289.4308	0.11450000002514571	states																																	"       state_name
id               
3   wait_for_poke"
452289.5453	1.125099999946542	states																																	"        state_name
id                
1   nose_in_center"
452290.67039999994	0.0020000000367872417	states																																	"   state_name
id           
5      go_cue"
452290.6724	0.5703999999677762	states																																	"            state_name
id                    
6   wait_for_side_poke"
452291.24279999995	0.22620000003371388	states																																	"         state_name
id                 
4   announce_reward"
452291.469	0.31689999997615814	states																																	"   state_name
id           
8      reward"
452291.78589999996	0.00010000000474974513	states																																	"    state_name
id            
7   stop_sound"
452291.9542	7.6784000000334345	trials	1.0	2.0	80.0	1.06694577942805	0.0	0.35	True	2185.0	False	False	24792.0	False	High	True	False	0.025	0.0	0.3192981253183156	1.5	9.0													
452291.9542	7.6784000000334345	processed_trials			80.0	1.06694577942805					False				High					0.3192981253183156		9.0	40.0	40.0	True	False	False	0.31930000000000014	0.31930000000000014	16.328661017111735	5.2865	-0.03165692606712456	Right	1.4646	
452291.9542	5.286499999987427	states																																	"       state_name
id               
3   wait_for_poke"
452297.24069999997	1.0669000000343658	states																																	"        state_name
id                
1   nose_in_center"
452298.3076	0.001999999978579581	states																																	"   state_name
id           
5      go_cue"
452298.3096	0.3192999999737367	states																																	"            state_name
id                    
6   wait_for_side_poke"
452298.62889999995	0.3891000000294298	states																																	"         state_name
id                 
4   announce_reward"
452299.018	0.6145000000251457	states																																	"   state_name
id           
8      reward"
452299.6325	9.999994654208422e-05	states																																	"    state_name
id            
7   stop_sound"
452299.822	10.143900000024587	trials	1.0	2.0	20.0	1.1210622750411086	0.0	0.35	True	2265.0	True	False	24793.0	False	High	True	False	0.025	0.0	100.0	1.5	9.0													
452299.822	10.143900000024587	processed_trials			20.0	1.1210622750411086					True				High					100.0		9.0	40.0	40.0	False	True	False			16.328661017111735	7.0872	0.04090257965200498	Left	1.1670999999999996	
452299.822	7.087200000009034	states																																	"       state_name
id               
3   wait_for_poke"
452306.9092	1.056700000015553	states																																	"        state_name
id                
1   nose_in_center"
452307.9659	2.0	states																																	"          state_name
id                  
2   punish_violation"
452310.1415	7.578599999949802	trials	1.0	2.0	20.0	0.957962972010405	0.0	0.35	True	2265.0	True	False	24794.0	False	High	True	True	0.025	0.0	100.0	1.5	9.0													
452310.1415	7.578599999949802	processed_trials			20.0	0.957962972010405					True				High					100.0		9.0	40.0	40.0	False	False	True	6.1758	6.1758	16.328661017111735	0.2427	-0.2348976851864368	Left	0.2427	
452310.1415	0.24270000000251457	states																																	"       state_name
id               
3   wait_for_poke"
452310.38420000003	0.9579999999841675	states																																	"        state_name
id                
1   nose_in_center"
452311.3422	0.0020000000367872417	states																																	"   state_name
id           
5      go_cue"
452311.34420000005	6.175799999968149	states																																	"            state_name
id                    
6   wait_for_side_poke"
452317.52	0.20000000001164153	states																																	"   state_name
id           
0     opt_out"
452317.72000000003	0.00010000000474974513	states																																	"    state_name
id            
7   stop_sound"
452317.9078	2.2353000000002794	trials	1.0	2.0	40.0	0.9013272681214446	0.0	0.35	True	2265.0	False	False	24795.0	False	High	True	False	0.025	0.0	1.702124936596866	1.5	9.0													
452317.9078	2.2353000000002794	processed_trials			40.0	0.9013272681214446					False				High					1.702124936596866		9.0	40.0	40.0	False	True	False			16.328661017111735	0.0219	-0.24379485787638175	Left	0.0219	
452317.9078	0.021899999992456287	states																																	"       state_name
id               
3   wait_for_poke"
452317.9297	0.2134000000078231	states																																	"        state_name
id                
1   nose_in_center"
452318.1431	2.0	states																																	"          state_name
id                  
2   punish_violation"
452320.3318	4.084900000016205	trials	1.0	2.0	40.0	0.8829726966469533	0.0	0.35	True	2265.0	False	False	24796.0	False	High	True	True	0.025	0.0	2.077549584481374	1.5	9.0													
452320.3318	4.084900000016205	processed_trials			40.0	0.8829726966469533					False				High					2.077549584481374		9.0	40.0	40.0	True	False	False	2.0775	2.0775	16.328661017111735	0.715	-0.21586627820518237	Right	0.715	
452320.3318	0.7150000000256114	states																																	"       state_name
id               
3   wait_for_poke"
452321.0468	0.882999999972526	states																																	"        state_name
id                
1   nose_in_center"
452321.9298	0.001999999978579581	states																																	"   state_name
id           
5      go_cue"
452321.93179999996	2.07750000001397	states																																	"            state_name
id                    
6   wait_for_side_poke"
452324.0093	0.09039999998640269	states																																	"         state_name
id                 
4   announce_reward"
452324.09969999996	0.3169000000343658	states																																	"   state_name
id           
8      reward"
452324.4166	0.00010000000474974513	states																																	"    state_name
id            
7   stop_sound"
452324.6028	8.306299999996554	trials	1.0	2.0	20.0	1.0868301892907823	0.0	0.35	True	2305.0	True	False	24797.0	False	High	True	False	0.025	0.0	100.0	1.5	9.0													
452324.6028	8.306299999996554	processed_trials			20.0	1.0868301892907823					True				High					100.0		9.0	40.0	40.0	False	True	False			16.328661017111735	5.4641	-0.024500504555647132	Right	1.0419	
452324.6028	5.464099999982864	states																																	"       state_name
id               
3   wait_for_poke"
452330.0669	0.8422000000136904	states																																	"        state_name
id                
1   nose_in_center"
452330.9091	2.0	states																																	"          state_name
id                  
2   punish_violation"
452333.081	4.216899999999441	trials	1.0	2.0	20.0	1.0868302	0.0	0.35	True	2305.0	False	False	24798.0	False	High	True	True	0.025	0.0	1.0171152213105137	1.5	9.0													
452333.081	4.216899999999441	processed_trials			20.0	1.0868302					False				High					1.0171152213105137		9.0	40.0	40.0	True	False	False	1.0171000000000006	1.0171000000000006	16.328661017111735	1.8389000000000002	-0.17057854094871003	Right	1.8389000000000002	
452333.081	1.8388999999733642	states																																	"       state_name
id               
3   wait_for_poke"
452334.9199	1.0868000000482425	states																																	"        state_name
id                
1   nose_in_center"
452336.0067	0.001999999978579581	states																																	"   state_name
id           
5      go_cue"
452336.0087	1.0170999999972992	states																																	"            state_name
id                    
6   wait_for_side_poke"
452337.0258	0.10019999998621643	states																																	"         state_name
id                 
4   announce_reward"
452337.126	0.1718000000109896	states																																	"   state_name
id           
8      reward"
452337.2978	0.00010000000474974513	states																																	"    state_name
id            
7   stop_sound"
452337.4727	10.73399999999674	trials	1.0	2.0	40.0	1.1682948632248784	0.0	0.35	True	2325.0	True	False	24799.0	False	High	True	False	0.025	0.0	100.0	1.5	9.0													
452337.4727	10.73399999999674	processed_trials			40.0	1.1682948632248784					True				High					100.0		9.0	40.0	40.0	False	False	True	6.334099999999999	6.334099999999999	16.328661017111735	3.0295	-0.12260311610881688	Left	0.8138000000000001	
452337.4727	3.029500000004191	states																																	"       state_name
id               
3   wait_for_poke"
452340.5022	1.1683000000193715	states																																	"        state_name
id                
1   nose_in_center"
452341.6705	0.001999999978579581	states																																	"   state_name
id           
5      go_cue"
452341.6725	6.334099999978207	states																																	"            state_name
id                    
6   wait_for_side_poke"
452348.00659999996	0.20000000001164153	states																																	"   state_name
id           
0     opt_out"
452348.2066	0.00010000000474974513	states																																	"    state_name
id            
7   stop_sound"
452348.3897	2.117499999993015	trials	1.0	2.0	80.0	1.0908870991082271	0.0	0.35	True	2325.0	False	False	24800.0	False	High	True	False	0.025	0.0	3.2893604595960584	1.5	9.0													
452348.3897	2.117499999993015	processed_trials			80.0	1.0908870991082271					False				High					3.2893604595960584		9.0	40.0	40.0	False	True	False			16.328661017111735	0.092	-0.2409701667279889	Left	0.092	
452348.3897	0.09200000000419095	states																																	"       state_name
id               
3   wait_for_poke"
452348.4817	0.02549999998882413	states																																	"        state_name
id                
1   nose_in_center"
452348.5072	2.0	states																																	"          state_name
id                  
2   punish_violation"
452350.7001	11.89249999995809	trials	1.0	2.0	80.0	0.8839875199142616	0.0	0.35	True	2325.0	True	False	24801.0	False	High	True	True	0.025	0.0	100.0	1.5	9.0													
452350.7001	11.89249999995809	processed_trials			80.0	0.8839875199142616					True				High					100.0		9.0	40.0	40.0	False	False	True	10.5771	10.5771	16.328661017111735	0.2293	-0.23543764041309106	Right	0.2293	
452350.7001	0.229300000006333	states																																	"       state_name
id               
3   wait_for_poke"
452350.9294	0.8840000000200234	states																																	"        state_name
id                
1   nose_in_center"
452351.81340000004	0.001999999978579581	states																																	"   state_name
id           
5      go_cue"
452351.8154	10.57709999999497	states																																	"            state_name
id                    
6   wait_for_side_poke"
452362.3925	0.20000000001164153	states																																	"   state_name
id           
0     opt_out"
452362.5925	0.00010000000474974513	states																																	"    state_name
id            
7   stop_sound"
452362.7891	2.5380000000004657	trials	1.0	2.0	40.0	0.9816476752125202	0.0	0.35	True	2325.0	False	False	24802.0	False	High	True	False	0.025	0.0	1.7523098044895546	1.5	9.0													
452362.7891	2.5380000000004657	processed_trials			40.0	0.9816476752125202					False				High					1.7523098044895546		9.0	40.0	40.0	False	True	False			16.328661017111735	0.1066	-0.24038185730193273	Left	0.1066	
452362.7891	0.10659999999916181	states																																	"       state_name
id               
3   wait_for_poke"
452362.8957	0.43140000000130385	states																																	"        state_name
id                
1   nose_in_center"
452363.3271	2.0	states																																	"          state_name
id                  
2   punish_violation"
452365.5182	8.072800000023562	trials	1.0	2.0	40.0	0.9051559321664605	0.0	0.35	True	2325.0	True	False	24803.0	False	High	True	True	0.025	0.0	100.0	1.5	9.0													
452365.5182	8.072800000023562	processed_trials			40.0	0.9051559321664605					True				High					100.0		9.0	40.0	40.0	False	False	True	6.8703	6.8703	16.328661017111735	0.0952	-0.24084122219625057	Left	0.0952	
452365.5182	0.09519999998155981	states																																	"       state_name
id               
3   wait_for_poke"
452365.6134	0.9052000000374392	states																																	"        state_name
id                
1   nose_in_center"
452366.5186	0.001999999978579581	states																																	"   state_name
id           
5      go_cue"
452366.5206	6.870300000009593	states																																	"            state_name
id                    
6   wait_for_side_poke"
452373.3909	0.20000000001164153	states																																	"   state_name
id           
0     opt_out"
452373.5909	0.00010000000474974513	states																																	"    state_name
id            
7   stop_sound"
452373.7739	10.005100000009406	trials	1.0	2.0	80.0	1.0484310020441532	0.0	0.35	True	2325.0	True	False	24804.0	False	High	True	False	0.025	0.0	100.0	1.5	9.0													
452373.7739	10.005100000009406	processed_trials			80.0	1.0484310020441532					True				High					100.0		9.0	40.0	40.0	False	False	True	8.532399999999999	8.532399999999999	16.328661017111735	0.22219999999999998	-0.23572373609288552	Right	0.22219999999999998	
452373.7739	0.22220000001834705	states																																	"       state_name
id               
3   wait_for_poke"
452373.9961	1.0483999999705702	states																																	"        state_name
id                
1   nose_in_center"
452375.04449999996	0.0020000000367872417	states																																	"   state_name
id           
5      go_cue"
452375.0465	8.53239999996731	states																																	"            state_name
id                    
6   wait_for_side_poke"
452383.57889999996	0.20000000001164153	states																																	"   state_name
id           
0     opt_out"
452383.7789	0.00010000000474974513	states																																	"    state_name
id            
7   stop_sound"
452383.9736	2.3747999999905005	trials	1.0	2.0	20.0	0.9309533338264734	0.0	0.35	True	2325.0	True	False	24805.0	False	High	True	False	0.025	0.0	100.0	1.5	9.0													
452383.9736	2.3747999999905005	processed_trials			20.0	0.9309533338264734					True				High					100.0		9.0	40.0	40.0	False	True	False			16.328661017111735	0.3391	-0.23101323116781955	Right	0.3391	
452383.9736	0.33909999998286366	states																																	"       state_name
id               
3   wait_for_poke"
452384.3127	0.035700000007636845	states																																	"        state_name
id                
1   nose_in_center"
452384.3484	2.0	states																																	"          state_name
id                  
2   punish_violation"
452386.5344	2.563099999970291	trials	1.0	2.0	20.0	1.146774224827205	0.0	0.35	True	2325.0	False	False	24806.0	False	High	True	True	0.025	0.0	0.009132380214154055	1.5	9.0													
452386.5344	2.563099999970291	processed_trials			20.0	1.146774224827205					False				High					0.009132380214154055		9.0	40.0	40.0	False	True	False			16.328661017111735	0.2849	-0.23319722917413754	Right	0.2849	
452386.5344	0.28490000002784654	states																																	"       state_name
id               
3   wait_for_poke"
452386.81930000003	0.2782000000006519	states																																	"        state_name
id                
1   nose_in_center"
452387.09750000003	2.0	states																																	"          state_name
id                  
2   punish_violation"
452389.2893	7.77990000002319	trials	1.0	2.0	20.0	1.1698971757229342	0.0	0.35	True	2325.0	True	False	24807.0	False	High	True	True	0.025	0.0	100.0	1.5	9.0													
452389.2893	7.77990000002319	processed_trials			20.0	1.1698971757229342					True				High					100.0		9.0	40.0	40.0	False	False	True	6.2757000000000005	6.2757000000000005	16.328661017111735	0.13219999999999998	-0.2393503010480261	Left	0.13219999999999998	
452389.2893	0.13219999999273568	states																																	"       state_name
id               
3   wait_for_poke"
452389.4215	1.169899999978952	states																																	"        state_name
id                
1   nose_in_center"
452390.5914	0.0020000000367872417	states																																	"   state_name
id           
5      go_cue"
452390.5934	6.275699999998324	states																																	"            state_name
id                    
6   wait_for_side_poke"
452396.8691	0.20000000001164153	states																																	"   state_name
id           
0     opt_out"
452397.0691	0.00010000000474974513	states																																	"    state_name
id            
7   stop_sound"
452397.2532	3.288700000033714	trials	1.0	2.0	40.0	0.8010878882195905	0.0	0.35	True	2325.0	False	False	24808.0	False	High	True	False	0.025	0.0	1.8026986583664042	1.5	9.0													
452397.2532	3.288700000033714	processed_trials			40.0	0.8010878882195905					False				High					1.8026986583664042		9.0	40.0	40.0	True	False	False	1.8027000000000002	1.8027000000000002	16.328661017111735	0.3195	-0.23180301642471687	Right	0.3195	
452397.2532	0.3194999999832362	states																																	"       state_name
id               
3   wait_for_poke"
452397.57269999996	0.8011000000406057	states																																	"        state_name
id                
1   nose_in_center"
452398.3738	0.001999999978579581	states																																	"   state_name
id           
5      go_cue"
452398.3758	1.8027000000001863	states																																	"            state_name
id                    
6   wait_for_side_poke"
452400.1785	0.046399999991990626	states																																	"         state_name
id                 
4   announce_reward"
452400.2249	0.3169000000343658	states																																	"   state_name
id           
8      reward"
452400.5418	9.999994654208422e-05	states																																	"    state_name
id            
7   stop_sound"
452400.736	7.123500000045169	trials	1.0	2.0	80.0	1.1507223713566814	0.0	0.35	True	2365.0	False	False	24809.0	False	High	True	False	0.025	0.0	1.8026987	1.5	9.0													
452400.736	7.123500000045169	processed_trials			80.0	1.1507223713566814					False				High					1.8026987		9.0	40.0	40.0	False	True	False			16.328661017111735	4.7622	-0.05278368168912691	Right	1.1715	
452400.736	4.762199999997392	states																																	"       state_name
id               
3   wait_for_poke"
452405.4982	0.3612999999895692	states																																	"        state_name
id                
1   nose_in_center"
452405.85949999996	2.0	states																																	"          state_name
id                  
2   punish_violation"
452408.0542	13.480400000000373	trials	1.0	2.0	80.0	0.9613179154172018	0.0	0.35	True	2365.0	False	False	24810.0	False	High	True	True	0.025	0.0	2.0723959266407914	1.5	9.0													
452408.0542	13.480400000000373	processed_trials			80.0	0.9613179154172018					False				High					2.0723959266407914		9.0	40.0	40.0	True	False	False	2.0724	2.0724	16.328661017111735	9.7151	0.14679424682549333	Right	9.7151	
452408.0542	9.715099999972153	states																																	"       state_name
id               
3   wait_for_poke"
452417.7693	0.9613000000244938	states																																	"        state_name
id                
1   nose_in_center"
452418.7306	0.001999999978579581	states																																	"   state_name
id           
5      go_cue"
452418.7326	2.0724000000045635	states																																	"            state_name
id                    
6   wait_for_side_poke"
452420.805	0.11500000004889444	states																																	"         state_name
id                 
4   announce_reward"
452420.92000000004	0.614499999966938	states																																	"   state_name
id           
8      reward"
452421.5345	0.00010000000474974513	states																																	"    state_name
id            
7   stop_sound"
452421.7211	8.636100000003353	trials	1.0	2.0	80.0	0.8720650646509914	0.0	0.35	True	2445.0	True	False	24811.0	False	High	True	False	0.025	0.0	2.0723959	1.5	9.0													
452421.7211	8.636100000003353	processed_trials			80.0	0.8720650646509914					False				High					2.0723959		9.0	40.0	40.0	False	True	False			16.328661017111735	6.289899999999999	0.008775243666076151	Left	0.7835000000000001	
452421.7211	6.2898999999742955	states																																	"       state_name
id               
3   wait_for_poke"
452428.011	0.34620000002905726	states																																	"        state_name
id                
1   nose_in_center"
452428.3572	2.0	states																																	"          state_name
id                  
2   punish_violation"
452430.5502	8.463300000003073	trials	1.0	2.0	80.0	1.1181999335828798	0.0	0.35	True	2445.0	False	False	24812.0	False	High	True	True	0.025	0.0	7.397631812722488	1.5	9.0													
452430.5502	8.463300000003073	processed_trials			80.0	1.1181999335828798					False				High					7.397631812722488		9.0	40.0	40.0	False	False	True	7.004100000000001	7.004100000000001	16.328661017111735	0.1389	-0.23908032343469898	Left	0.1389	
452430.5502	0.1389000000199303	states																																	"       state_name
id               
3   wait_for_poke"
452430.6891	1.1181999999680556	states																																	"        state_name
id                
1   nose_in_center"
452431.8073	0.0020000000367872417	states																																	"   state_name
id           
5      go_cue"
452431.8093	7.004099999961909	states																																	"            state_name
id                    
6   wait_for_side_poke"
452438.8134	0.20000000001164153	states																																	"   state_name
id           
0     opt_out"
452439.0134	0.00010000000474974513	states																																	"    state_name
id            
7   stop_sound"
452439.212	2.1741000000038184	trials	1.0	2.0	20.0	1.0449160425511996	0.0	0.35	True	2445.0	True	False	24813.0	False	High	True	False	0.025	0.0	100.0	1.5	9.0													
452439.212	2.1741000000038184	processed_trials			20.0	1.0449160425511996					True				High					100.0		9.0	40.0	40.0	False	True	False			16.328661017111735	0.1288	-0.23948730461299808	Left	0.1288	
452439.212	0.12880000000586733	states																																	"       state_name
id               
3   wait_for_poke"
452439.3408	0.04529999999795109	states																																	"        state_name
id                
1   nose_in_center"
452439.3861	2.0	states																																	"          state_name
id                  
2   punish_violation"
452441.5809	7.123800000001211	trials	1.0	2.0	20.0	1.024571359180203	0.0	0.35	True	2445.0	True	False	24814.0	False	High	True	True	0.025	0.0	100.0	1.5	9.0													
452441.5809	7.123800000001211	processed_trials			20.0	1.024571359180203					True				High					100.0		9.0	40.0	40.0	False	False	True	5.7408	5.7408	16.328661017111735	0.15630000000000002	-0.23837918754337178	Right	0.15630000000000002	
452441.5809	0.15629999997327104	states																																	"       state_name
id               
3   wait_for_poke"
452441.7372	1.024600000004284	states																																	"        state_name
id                
1   nose_in_center"
452442.7618	0.0020000000367872417	states																																	"   state_name
id           
5      go_cue"
452442.7638	5.740799999970477	states																																	"            state_name
id                    
6   wait_for_side_poke"
452448.5046	0.20000000001164153	states																																	"   state_name
id           
0     opt_out"
452448.7046	0.00010000000474974513	states																																	"    state_name
id            
7   stop_sound"
452448.8994	2.315999999991618	trials	1.0	2.0	80.0	1.0664104322593426	0.0	0.35	True	2445.0	False	False	24815.0	False	High	True	False	0.025	0.0	1.2375935186002347	1.5	9.0													
452448.8994	2.315999999991618	processed_trials			80.0	1.0664104322593426					False				High					1.2375935186002347		9.0	40.0	40.0	False	True	False			16.328661017111735	0.2955	-0.23277010041275434	Left	0.2955	
452448.8994	0.2955000000074506	states																																	"       state_name
id               
3   wait_for_poke"
452449.1949	0.020499999984167516	states																																	"        state_name
id                
1   nose_in_center"
452449.2154	2.0	states																																	"          state_name
id                  
2   punish_violation"
452451.4002	2.1515000000363216	trials	1.0	2.0	80.0	0.818887099828846	0.0	0.35	True	2445.0	True	False	24816.0	False	High	True	True	0.025	0.0	100.0	1.5	9.0													
452451.4002	2.1515000000363216	processed_trials			80.0	0.818887099828846					True				High					100.0		9.0	40.0	40.0	False	True	False			16.328661017111735	0.1178	-0.2399305514408486	Right	0.1178	
452451.4002	0.11780000000726432	states																																	"       state_name
id               
3   wait_for_poke"
452451.518	0.0336999999708496	states																																	"        state_name
id                
1   nose_in_center"
452451.55169999995	2.0	states																																	"          state_name
id                  
2   punish_violation"
452453.7329	3.948900000017602	trials	1.0	2.0	80.0	1.1747856677557513	0.0	0.35	True	2445.0	False	False	24817.0	False	High	True	True	0.025	0.0	1.514432580468859	1.5	9.0													
452453.7329	3.948900000017602	processed_trials			80.0	1.1747856677557513					False				High					1.514432580468859		9.0	40.0	40.0	True	False	False	1.5144	1.5144	16.328661017111735	0.019	-0.2439117138582696	Left	0.019	
452453.7329	0.018999999971129	states																																	"       state_name
id               
3   wait_for_poke"
452453.7519	1.1748000000370666	states																																	"        state_name
id                
1   nose_in_center"
452454.9267	0.001999999978579581	states																																	"   state_name
id           
5      go_cue"
452454.9287	1.5143999999854714	states																																	"            state_name
id                    
6   wait_for_side_poke"
452456.4431	0.6700000000419095	states																																	"         state_name
id                 
4   announce_reward"
452457.1131	0.5685999999986961	states																																	"   state_name
id           
8      reward"
452457.6817	0.00010000000474974513	states																																	"    state_name
id            
7   stop_sound"
452457.8839	8.576799999980722	trials	1.0	2.0	40.0	1.1747857	0.0	0.35	True	2525.0	False	False	24818.0	False	High	True	False	0.025	0.0	0.05276696144865642	1.5	9.0													
452457.8839	8.576799999980722	processed_trials			40.0	1.1747857					False				High					0.05276696144865642		9.0	40.0	40.0	True	False	False	0.052799999999999514	0.052799999999999514	16.328661017111735	6.4043	0.013385010675721551	Left	2.2864000000000004	
452457.8839	6.4042999999946915	states																																	"       state_name
id               
3   wait_for_poke"
452464.2882	1.174799999978859	states																																	"        state_name
id                
1   nose_in_center"
452465.463	0.0020000000367872417	states																																	"   state_name
id           
5      go_cue"
452465.465	0.05280000000493601	states																																	"            state_name
id                    
6   wait_for_side_poke"
452465.51780000003	0.6461999999592081	states																																	"         state_name
id                 
4   announce_reward"
452466.164	0.2966000000014901	states																																	"   state_name
id           
8      reward"
452466.4606	0.00010000000474974513	states																																	"    state_name
id            
7   stop_sound"
452466.6575	6.4584000000031665	trials	1.0	2.0	20.0	1.1970047887198312	0.0	0.35	True	2565.0	True	False	24819.0	False	High	True	False	0.025	0.0	100.0	1.5	9.0													
452466.6575	6.4584000000031665	processed_trials			20.0	1.1970047887198312					True				High					100.0		9.0	40.0	40.0	False	True	False			16.328661017111735	4.418699999999999	-0.06662507126791352	Left	1.1771999999999996	
452466.6575	4.418699999980163	states																																	"       state_name
id               
3   wait_for_poke"
452471.07619999995	0.03970000002300367	states																																	"        state_name
id                
1   nose_in_center"
452471.1159	2.0	states																																	"          state_name
id                  
2   punish_violation"
452473.3085	9.300099999993108	trials	1.0	2.0	20.0	0.8675513815239495	0.0	0.35	True	2565.0	True	False	24820.0	False	High	True	True	0.025	0.0	100.0	1.5	9.0													
452473.3085	9.300099999993108	processed_trials			20.0	0.8675513815239495					True				High					100.0		9.0	40.0	40.0	False	True	False			16.328661017111735	7.163600000000001	0.043981130347257674	Right	7.163600000000001	
452473.3085	7.163600000028964	states																																	"       state_name
id               
3   wait_for_poke"
452480.4721	0.13649999996414408	states																																	"        state_name
id                
1   nose_in_center"
452480.6086	2.0	states																																	"          state_name
id                  
2   punish_violation"
452482.7975	7.87220000004163	trials	1.0	2.0	20.0	1.1277964231192565	0.0	0.35	True	2565.0	True	False	24821.0	False	High	True	True	0.025	0.0	100.0	1.5	9.0													
452482.7975	7.87220000004163	processed_trials			20.0	1.1277964231192565					True				High					100.0		9.0	40.0	40.0	False	False	True	5.8766	5.8766	16.328661017111735	0.6657000000000001	-0.21785282989727603	Left	0.6657000000000001	
452482.7975	0.6657000000122935	states																																	"       state_name
id               
3   wait_for_poke"
452483.4632	1.1278000000165775	states																																	"        state_name
id                
1   nose_in_center"
452484.591	0.001999999978579581	states																																	"   state_name
id           
5      go_cue"
452484.593	5.876600000017788	states																																	"            state_name
id                    
6   wait_for_side_poke"
452490.4696	0.19999999995343387	states																																	"   state_name
id           
0     opt_out"
452490.66959999996	0.00010000000474974513	states																																	"    state_name
id            
7   stop_sound"
452490.8607	2.2691999999806285	trials	1.0	2.0	80.0	1.1476735089822458	0.0	0.35	True	2565.0	False	False	24822.0	False	High	True	False	0.025	0.0	0.39611595903010643	1.5	9.0													
452490.8607	2.2691999999806285	processed_trials			80.0	1.1476735089822458					False				High					0.39611595903010643		9.0	40.0	40.0	False	True	False			16.328661017111735	0.226	-0.23557061446144623	Right	0.226	
452490.8607	0.2260000000242144	states																																	"       state_name
id               
3   wait_for_poke"
452491.08670000004	0.043199999956414104	states																																	"        state_name
id                
1   nose_in_center"
452491.1299	2.0	states																																	"          state_name
id                  
2   punish_violation"
452493.3242	2.1163000000524335	trials	1.0	2.0	80.0	1.191795983410226	0.0	0.35	True	2565.0	False	False	24823.0	False	High	True	True	0.025	0.0	1.1874370482630479	1.5	9.0													
452493.3242	2.1163000000524335	processed_trials			80.0	1.191795983410226					False				High					1.1874370482630479		9.0	40.0	40.0	False	True	False			16.328661017111735	0.0538	-0.24250944207561523	Right	0.0538	
452493.3242	0.0537999999942258	states																																	"       state_name
id               
3   wait_for_poke"
452493.37799999997	0.0625	states																																	"        state_name
id                
1   nose_in_center"
452493.44049999997	2.0	states																																	"          state_name
id                  
2   punish_violation"
452495.6412	2.1499999999650754	trials	1.0	2.0	80.0	0.992139456543266	0.0	0.35	True	2565.0	False	False	24824.0	False	High	True	True	0.025	0.0	0.021172431432653804	1.5	9.0													
452495.6412	2.1499999999650754	processed_trials			80.0	0.992139456543266					False				High					0.021172431432653804		9.0	40.0	40.0	False	True	False			16.328661017111735	0.0747	-0.24166727310269925	Left	0.0747	
452495.6412	0.0746999999973923	states																																	"       state_name
id               
3   wait_for_poke"
452495.7159	0.07530000002589077	states																																	"        state_name
id                
1   nose_in_center"
452495.79120000004	2.0	states																																	"          state_name
id                  
2   punish_violation"
452497.9839	2.5016000000177883	trials	1.0	2.0	80.0	0.9551278291014855	0.0	0.35	True	2565.0	False	False	24825.0	False	High	True	True	0.025	0.0	0.021172431	1.5	9.0													
452497.9839	2.5016000000177883	processed_trials			80.0	0.9551278291014855					False				High					0.021172431		9.0	40.0	40.0	False	True	False			16.328661017111735	0.12040000000000001	-0.2398257840088112	Left	0.12040000000000001	
452497.9839	0.12040000001434237	states																																	"       state_name
id               
3   wait_for_poke"
452498.1043	0.3812000000034459	states																																	"        state_name
id                
1   nose_in_center"
452498.4855	2.0	states																																	"          state_name
id                  
2   punish_violation"
452500.6851	2.4922999999835156	trials	1.0	2.0	80.0	0.8784402513643546	0.0	0.35	True	2565.0	False	False	24826.0	False	High	True	True	0.025	0.0	0.3424620854066779	1.5	9.0													
452500.6851	2.4922999999835156	processed_trials			80.0	0.8784402513643546					False				High					0.3424620854066779		9.0	40.0	40.0	True	False	False	0.3425	0.3425	16.328661017111735	0.2089	-0.23625966180292296	Right	0.2089	
452500.6851	0.20890000002691522	states																																	"       state_name
id               
3   wait_for_poke"
452500.89400000003	0.8783999999868684	states																																	"        state_name
id                
1   nose_in_center"
452501.7724	0.001999999978579581	states																																	"   state_name
id           
5      go_cue"
452501.7744	0.3425000000279397	states																																	"            state_name
id                    
6   wait_for_side_poke"
452502.1169	0.44589999999152496	states																																	"         state_name
id                 
4   announce_reward"
452502.5628	0.614499999966938	states																																	"   state_name
id           
8      reward"
452503.1773	0.00010000000474974513	states																																	"    state_name
id            
7   stop_sound"
452503.3787	7.857000000018161	trials	1.0	2.0	40.0	0.9194924400934763	0.0	0.35	True	2645.0	True	False	24827.0	False	High	True	False	0.025	0.0	100.0	1.5	9.0													
452503.3787	7.857000000018161	processed_trials			40.0	0.9194924400934763					True				High					100.0		9.0	40.0	40.0	False	True	False			16.328661017111735	5.49	-0.023456859751890005	Left	0.8645000000000005	
452503.3787	5.489999999990687	states																																	"       state_name
id               
3   wait_for_poke"
452508.8687	0.367000000027474	states																																	"        state_name
id                
1   nose_in_center"
452509.2357	2.0	states																																	"          state_name
id                  
2   punish_violation"
452511.4353	7.592599999974482	trials	1.0	2.0	40.0	0.8384477023283853	0.0	0.35	True	2645.0	True	False	24828.0	False	High	True	True	0.025	0.0	100.0	1.5	9.0													
452511.4353	7.592599999974482	processed_trials			40.0	0.8384477023283853					True				High					100.0		9.0	40.0	40.0	False	False	True	6.4229	6.4229	16.328661017111735	0.12919999999999998	-0.2394711865465308	Left	0.12919999999999998	
452511.4353	0.1292000000248663	states																																	"       state_name
id               
3   wait_for_poke"
452511.56450000004	0.8383999999496154	states																																	"        state_name
id                
1   nose_in_center"
452512.4029	0.0020000000367872417	states																																	"   state_name
id           
5      go_cue"
452512.4049	6.422900000005029	states																																	"            state_name
id                    
6   wait_for_side_poke"
452518.8278	0.20000000001164153	states																																	"   state_name
id           
0     opt_out"
452519.02780000004	9.999994654208422e-05	states																																	"    state_name
id            
7   stop_sound"
452519.234	2.2114999999757856	trials	1.0	2.0	80.0	1.1392581760985663	0.0	0.35	True	2645.0	True	False	24829.0	False	High	True	False	0.025	0.0	100.0	1.5	9.0													
452519.234	2.2114999999757856	processed_trials			80.0	1.1392581760985663					True				High					100.0		9.0	40.0	40.0	False	True	False			16.328661017111735	0.1819	-0.23734763128946515	Left	0.1819	
452519.234	0.18190000002505258	states																																	"       state_name
id               
3   wait_for_poke"
452519.4159	0.029599999950733036	states																																	"        state_name
id                
1   nose_in_center"
452519.4455	2.0	states																																	"          state_name
id                  
2   punish_violation"
452521.6468	2.059899999992922	trials	1.0	2.0	80.0	0.8319718116582783	0.0	0.35	True	2645.0	False	False	24830.0	False	High	True	True	0.025	0.0	3.9733974978575426	1.5	9.0													
452521.6468	2.059899999992922	processed_trials			80.0	0.8319718116582783					False				High					3.9733974978575426		9.0	40.0	40.0	False	True	False			16.328661017111735	0.019100000000000002	-0.24390768434165278	Left	0.019100000000000002	
452521.6468	0.019099999975878745	states																																	"       state_name
id               
3   wait_for_poke"
452521.66589999996	0.0408000000170432	states																																	"        state_name
id                
1   nose_in_center"
452521.7067	2.0	states																																	"          state_name
id                  
2   punish_violation"
452523.9089	3.2069999999948777	trials	1.0	2.0	80.0	1.1795777490478425	0.0	0.35	True	2645.0	True	False	24831.0	False	High	True	True	0.025	0.0	100.0	1.5	9.0													
452523.9089	3.2069999999948777	processed_trials			80.0	1.1795777490478425					True				High					100.0		9.0	40.0	40.0	False	True	False			16.328661017111735	0.031100000000000003	-0.24342414234763401	Left	0.031100000000000003	
452523.9089	0.031100000021979213	states																																	"       state_name
id               
3   wait_for_poke"
452523.94	1.1758999999728985	states																																	"        state_name
id                
1   nose_in_center"
452525.1159	2.0	states																																	"          state_name
id                  
2   punish_violation"
452527.3126	9.71830000000773	trials	1.0	2.0	80.0	1.1638125700666724	0.0	0.35	True	2645.0	True	False	24832.0	False	High	True	True	0.025	0.0	100.0	1.5	9.0													
452527.3126	9.71830000000773	processed_trials			80.0	1.1638125700666724					True				High					100.0		9.0	40.0	40.0	False	False	True	8.2156	8.2156	16.328661017111735	0.1368	-0.23916494328365223	Right	0.1368	
452527.3126	0.13679999997839332	states																																	"       state_name
id               
3   wait_for_poke"
452527.4494	1.1638000000384636	states																																	"        state_name
id                
1   nose_in_center"
452528.6132	0.001999999978579581	states																																	"   state_name
id           
5      go_cue"
452528.6152	8.215599999995902	states																																	"            state_name
id                    
6   wait_for_side_poke"
452536.8308	0.20000000001164153	states																																	"   state_name
id           
0     opt_out"
452537.0308	0.00010000000474974513	states																																	"    state_name
id            
7   stop_sound"
452537.2396	2.688700000056997	trials	1.0	2.0	40.0	1.1638126	0.0	0.35	True	2645.0	True	False	24833.0	False	High	True	False	0.025	0.0	100.0	1.5	9.0													
452537.2396	2.688700000056997	processed_trials			40.0	1.1638126					True				High					100.0		9.0	40.0	40.0	False	True	False			16.328661017111735	0.18730000000000002	-0.23713003739215668	Right	0.18730000000000002	
452537.2396	0.1872999999905005	states																																	"       state_name
id               
3   wait_for_poke"
452537.42689999996	0.5014000000082888	states																																	"        state_name
id                
1   nose_in_center"
452537.92829999997	2.0	states																																	"          state_name
id                  
2   punish_violation"
452540.124	7.245699999970384	trials	1.0	2.0	40.0	0.8477175265907229	0.0	0.35	True	2645.0	False	False	24834.0	False	High	True	True	0.025	0.0	6.434041693541865	1.5	9.0													
452540.124	7.245699999970384	processed_trials			40.0	0.8477175265907229					False				High					6.434041693541865		9.0	40.0	40.0	False	False	True	6.0951	6.0951	16.328661017111735	0.1008	-0.24061556926570848	Left	0.1008	
452540.124	0.1008000000147149	states																																	"       state_name
id               
3   wait_for_poke"
452540.2248	0.8476999999838881	states																																	"        state_name
id                
1   nose_in_center"
452541.0725	0.001999999978579581	states																																	"   state_name
id           
5      go_cue"
452541.0745	6.095100000035018	states																																	"            state_name
id                    
6   wait_for_side_poke"
452547.1696	0.20000000001164153	states																																	"   state_name
id           
0     opt_out"
452547.36960000003	0.00010000000474974513	states																																	"    state_name
id            
7   stop_sound"
452547.5696	7.32839999999851	trials	1.0	2.0	40.0	0.9214094862439959	0.0	0.35	True	2645.0	True	False	24835.0	False	High	True	False	0.025	0.0	100.0	1.5	9.0													
452547.5696	7.32839999999851	processed_trials			40.0	0.9214094862439959					True				High					100.0		9.0	40.0	40.0	False	False	True	6.1215	6.1215	16.328661017111735	0.0834	-0.24131670515703565	Left	0.0834	
452547.5696	0.0834000000031665	states																																	"       state_name
id               
3   wait_for_poke"
452547.653	0.9213999999919906	states																																	"        state_name
id                
1   nose_in_center"
452548.5744	0.001999999978579581	states																																	"   state_name
id           
5      go_cue"
452548.57639999996	6.121500000008382	states																																	"            state_name
id                    
6   wait_for_side_poke"
452554.69789999997	0.20000000001164153	states																																	"   state_name
id           
0     opt_out"
452554.8979	0.00010000000474974513	states																																	"    state_name
id            
7   stop_sound"
452555.1098	2.15580000000773	trials	1.0	2.0	80.0	0.9826200899946473	0.0	0.35	True	2645.0	False	False	24836.0	False	High	True	False	0.025	0.0	0.46891229667723255	1.5	9.0													
452555.1098	2.15580000000773	processed_trials			80.0	0.9826200899946473					False				High					0.46891229667723255		9.0	40.0	40.0	False	True	False			16.328661017111735	0.1253	-0.23962833769458686	Right	0.1253	
452555.1098	0.12530000001424924	states																																	"       state_name
id               
3   wait_for_poke"
452555.2351	0.030499999993480742	states																																	"        state_name
id                
1   nose_in_center"
452555.2656	2.0	states																																	"          state_name
id                  
2   punish_violation"
452557.4819	6.533400000014808	trials	1.0	2.0	80.0	1.0578481877089723	0.0	0.35	True	2645.0	False	False	24837.0	False	High	True	True	0.025	0.0	6.878528035345315	1.5	9.0													
452557.4819	6.533400000014808	processed_trials			80.0	1.0578481877089723					False				High					6.878528035345315		9.0	40.0	40.0	False	False	True	5.2315000000000005	5.2315000000000005	16.328661017111735	0.042	-0.24298492503640035	Left	0.042	
452557.4819	0.042000000015832484	states																																	"       state_name
id               
3   wait_for_poke"
452557.52390000003	1.0578000000095926	states																																	"        state_name
id                
1   nose_in_center"
452558.58170000004	0.001999999978579581	states																																	"   state_name
id           
5      go_cue"
452558.5837	5.231499999994412	states																																	"            state_name
id                    
6   wait_for_side_poke"
452563.8152	0.20000000001164153	states																																	"   state_name
id           
0     opt_out"
452564.0152	0.00010000000474974513	states																																	"    state_name
id            
7   stop_sound"
452564.2319	4.180799999972805	trials	1.0	2.0	80.0	0.8996375821228771	0.0	0.35	True	2645.0	False	False	24838.0	True	Mixed	True	False	0.025	0.0	2.2347845271854276	1.5	9.0													
452564.2319	4.180799999972805	processed_trials			80.0	0.8996375821228771					False				Mixed					2.2347845271854276		9.0	40.0	40.0	True	False	False	2.2348	2.2348	16.328661017111735	0.4178	-0.22784200159037998	Left	0.4178	
452564.2319	0.4177999999956228	states																																	"       state_name
id               
3   wait_for_poke"
452564.6497	0.8996000000042841	states																																	"        state_name
id                
1   nose_in_center"
452565.5493	0.001999999978579581	states																																	"   state_name
id           
5      go_cue"
452565.5513	2.2348000000347383	states																																	"            state_name
id                    
6   wait_for_side_poke"
452567.7861	0.05790000001434237	states																																	"         state_name
id                 
4   announce_reward"
452567.84400000004	0.5685999999986961	states																																	"   state_name
id           
8      reward"
452568.41260000004	9.999994654208422e-05	states																																	"    state_name
id            
7   stop_sound"
452568.627	9.816800000029616	trials	1.0	2.0	5.0	1.1045900074924382	0.0	0.35	True	2725.0	False	False	24839.0	False	Mixed	True	False	0.025	0.0	11.178281937438	1.5	9.0													
452568.627	9.816800000029616	processed_trials			5.0	1.1045900074924382					False				Mixed					11.178281937438		9.0	40.0	40.0	False	True	False			16.328661017111735	7.7326999999999995	0.06691310941359661	Left	1.1558000000000002	
452568.627	7.732699999993201	states																																	"       state_name
id               
3   wait_for_poke"
452576.3597	0.08409999997820705	states																																	"        state_name
id                
1   nose_in_center"
452576.44379999995	2.0	states																																	"          state_name
id                  
2   punish_violation"
452578.6621	1.8061999999918044	trials	1.0	2.0	5.0	0.8651039436419192	0.0	0.35	True	2725.0	False	False	24840.0	False	Mixed	True	True	0.025	0.0	0.5707429204677917	1.5	9.0													
452578.6621	1.8061999999918044	processed_trials			5.0	0.8651039436419192					False				Mixed					0.5707429204677917		9.0	40.0	40.0	True	False	False	0.5706999999999998	0.5706999999999998	16.328661017111735	0.18280000000000002	-0.2373113656399137	Left	0.18280000000000002	
452578.6621	0.18280000000959262	states																																	"       state_name
id               
3   wait_for_poke"
452578.8449	0.8650999999954365	states																																	"        state_name
id                
1   nose_in_center"
452579.71	0.001999999978579581	states																																	"   state_name
id           
5      go_cue"
452579.712	0.5707000000402331	states																																	"            state_name
id                    
6   wait_for_side_poke"
452580.28270000004	0.1240999999572523	states																																	"         state_name
id                 
4   announce_reward"
452580.4068	0.061400000005960464	states																																	"   state_name
id           
8      reward"
452580.4682	0.00010000000474974513	states																																	"    state_name
id            
7   stop_sound"
452580.6819	3.983699999982491	trials	1.0	2.0	20.0	0.9289568613498883	0.0	0.35	True	2730.0	False	False	24841.0	False	Mixed	True	False	0.025	0.0	4.639075385040326	1.5	9.0													
452580.6819	3.983699999982491	processed_trials			20.0	0.9289568613498883					False				Mixed					4.639075385040326		9.0	40.0	40.0	False	True	False			16.328661017111735	1.7387000000000001	-0.1746161165987666	Right	0.48240000000000016	
452580.6819	1.7386999999871477	states																																	"       state_name
id               
3   wait_for_poke"
452582.4206	0.2449999999953434	states																																	"        state_name
id                
1   nose_in_center"
452582.6656	2.0	states																																	"          state_name
id                  
2   punish_violation"
452584.8682	2.8099999999976717	trials	1.0	2.0	20.0	1.0470551652303808	0.0	0.35	True	2730.0	False	False	24842.0	False	Mixed	True	True	0.025	0.0	0.7708285301990077	1.5	9.0													
452584.8682	2.8099999999976717	processed_trials			20.0	1.0470551652303808					False				Mixed					0.7708285301990077		9.0	40.0	40.0	True	False	False	0.7707999999999999	0.7707999999999999	16.328661017111735	0.7016	-0.21640623343183663	Right	0.7016	
452584.8682	0.7015999999712221	states																																	"       state_name
id               
3   wait_for_poke"
452585.5698	1.0471000000252388	states																																	"        state_name
id                
1   nose_in_center"
452586.6169	0.001999999978579581	states																																	"   state_name
id           
5      go_cue"
452586.6189	0.7707999999984168	states																																	"            state_name
id                    
6   wait_for_side_poke"
452587.3897	0.11660000000847504	states																																	"         state_name
id                 
4   announce_reward"
452587.5063	0.1718000000109896	states																																	"   state_name
id           
8      reward"
452587.6781	0.00010000000474974513	states																																	"    state_name
id            
7   stop_sound"
452587.8833	4.4795000000158325	trials	1.0	2.0	5.0	1.0470552	0.0	0.35	True	2750.0	False	False	24843.0	False	Mixed	True	False	0.025	0.0	0.6885801385778698	1.5	9.0													
452587.8833	4.4795000000158325	processed_trials			5.0	1.0470552					False				Mixed					0.6885801385778698		9.0	40.0	40.0	True	False	False	0.6885999999999997	0.6885999999999997	16.328661017111735	2.6317	-0.1386325332105383	Left	0.8456000000000001	
452587.8833	2.6317000000271946	states																																	"       state_name
id               
3   wait_for_poke"
452590.515	1.0470999999670312	states																																	"        state_name
id                
1   nose_in_center"
452591.5621	0.001999999978579581	states																																	"   state_name
id           
5      go_cue"
452591.56409999996	0.6886000000522472	states																																	"            state_name
id                    
6   wait_for_side_poke"
452592.2527	0.0485999999800697	states																																	"         state_name
id                 
4   announce_reward"
452592.3013	0.061400000005960464	states																																	"   state_name
id           
8      reward"
452592.3627	0.00010000000474974513	states																																	"    state_name
id            
7   stop_sound"
452592.5826	8.943700000003446	trials	1.0	2.0	10.0	1.083480595416275	0.0	0.35	True	2755.0	False	False	24844.0	False	Mixed	True	False	0.025	0.0	8.259705373114691	1.5	9.0													
452592.5826	8.943700000003446	processed_trials			10.0	1.083480595416275					False				Mixed					8.259705373114691		9.0	40.0	40.0	False	False	True	6.304100000000001	6.304100000000001	16.328661017111735	1.354	-0.19011766702368418	Right	0.5359	
452592.5826	1.3539999999920838	states																																	"       state_name
id               
3   wait_for_poke"
452593.9366	1.0835000000079162	states																																	"        state_name
id                
1   nose_in_center"
452595.0201	0.001999999978579581	states																																	"   state_name
id           
5      go_cue"
452595.0221	6.304100000008475	states																																	"            state_name
id                    
6   wait_for_side_poke"
452601.3262	0.20000000001164153	states																																	"   state_name
id           
0     opt_out"
452601.5262	0.00010000000474974513	states																																	"    state_name
id            
7   stop_sound"
452601.7478	2.170899999968242	trials	1.0	2.0	5.0	1.140462251875285	0.0	0.35	True	2755.0	True	False	24845.0	False	Mixed	True	False	0.025	0.0	100.0	1.5	9.0													
452601.7478	2.170899999968242	processed_trials			5.0	1.140462251875285					True				Mixed					100.0		9.0	40.0	40.0	False	True	False			16.328661017111735	0.1257	-0.23961221962811957	Right	0.1257	
452601.7478	0.12569999997504056	states																																	"       state_name
id               
3   wait_for_poke"
452601.8735	0.045200000051409006	states																																	"        state_name
id                
1   nose_in_center"
452601.91870000004	2.0	states																																	"          state_name
id                  
2   punish_violation"
452604.1366	38.20159999997122	trials	1.0	2.0	5.0	1.005810717124734	0.0	0.35	True	2755.0	False	False	24846.0	False	Mixed	True	True	0.025	0.0	2.0568328636696407	1.5	9.0													
452604.1366	38.20159999997122	processed_trials			5.0	1.005810717124734					False				Mixed					2.0568328636696407		9.0	40.0	40.0	True	False	False	2.0568000000000026	2.0568000000000026	16.328661017111735	34.7577	1.155889975109979	Left	34.7577	
452604.1366	34.757700000016484	states																																	"       state_name
id               
3   wait_for_poke"
452638.89430000004	1.005799999984447	states																																	"        state_name
id                
1   nose_in_center"
452639.9001	0.001999999978579581	states																																	"   state_name
id           
5      go_cue"
452639.9021	2.056800000020303	states																																	"            state_name
id                    
6   wait_for_side_poke"
452641.9589	0.31780000001890585	states																																	"         state_name
id                 
4   announce_reward"
452642.27670000005	0.061400000005960464	states																																	"   state_name
id           
8      reward"
452642.33810000005	9.999994654208422e-05	states																																	"    state_name
id            
7   stop_sound"
452642.5615	11.043999999994412	trials	1.0	2.0	80.0	0.935111010125425	0.0	0.35	True	2760.0	False	False	24847.0	False	Mixed	True	False	0.025	0.0	7.615187706067062	1.5	9.0													
452642.5615	11.043999999994412	processed_trials			80.0	0.935111010125425					False				Mixed					7.615187706067062		9.0	40.0	40.0	True	False	False	7.6152	7.6152	16.328661017111735	1.624	-0.1792379721582624	Right	0.5176000000000001	
452642.5615	1.6240000000107102	states																																	"       state_name
id               
3   wait_for_poke"
452644.1855	0.9351000000024214	states																																	"        state_name
id                
1   nose_in_center"
452645.1206	0.001999999978579581	states																																	"   state_name
id           
5      go_cue"
452645.1226	7.615200000000186	states																																	"            state_name
id                    
6   wait_for_side_poke"
452652.7378	0.2531000000308268	states																																	"         state_name
id                 
4   announce_reward"
452652.99090000003	0.614499999966938	states																																	"   state_name
id           
8      reward"
452653.6054	0.00010000000474974513	states																																	"    state_name
id            
7   stop_sound"
452653.8224	7.809899999992922	trials	1.0	2.0	20.0	0.9494617350531702	0.0	0.35	True	2840.0	False	False	24848.0	False	Mixed	True	False	0.025	0.0	0.29885689863344744	1.5	9.0													
452653.8224	7.809899999992922	processed_trials			20.0	0.9494617350531702					False				Mixed					0.29885689863344744		9.0	40.0	40.0	False	True	False			16.328661017111735	5.5634	-0.020499194555142035	Left	1.6296999999999997	
452653.8224	5.56339999998454	states																																	"       state_name
id               
3   wait_for_poke"
452659.3858	0.2465000000083819	states																																	"        state_name
id                
1   nose_in_center"
452659.6323	2.0	states																																	"          state_name
id                  
2   punish_violation"
452661.8547	2.7344999999622814	trials	1.0	2.0	20.0	1.1792574703927428	0.0	0.35	True	2840.0	False	False	24849.0	False	Mixed	True	True	0.025	0.0	0.2988569	1.5	9.0													
452661.8547	2.7344999999622814	processed_trials			20.0	1.1792574703927428					False				Mixed					0.2988569		9.0	40.0	40.0	False	True	False			16.328661017111735	0.155	-0.23843157125939046	Left	0.155	
452661.8547	0.15500000002793968	states																																	"       state_name
id               
3   wait_for_poke"
452662.00970000005	0.5794999999925494	states																																	"        state_name
id                
1   nose_in_center"
452662.58920000005	2.0	states																																	"          state_name
id                  
2   punish_violation"
452664.8104	2.1854999999632128	trials	1.0	2.0	20.0	1.0651356977330644	0.0	0.35	True	2840.0	False	False	24850.0	False	Mixed	True	True	0.025	0.0	0.6208344718837139	1.5	9.0													
452664.8104	2.1854999999632128	processed_trials			20.0	1.0651356977330644					False				Mixed					0.6208344718837139		9.0	40.0	40.0	True	False	False	0.6207999999999998	0.6207999999999998	16.328661017111735	0.24719999999999998	-0.2347163569386798	Left	0.24719999999999998	
452664.8104	0.24719999998342246	states																																	"       state_name
id               
3   wait_for_poke"
452665.0576	1.065100000007078	states																																	"        state_name
id                
1   nose_in_center"
452666.1227	0.0020000000367872417	states																																	"   state_name
id           
5      go_cue"
452666.12470000004	0.6207999999751337	states																																	"            state_name
id                    
6   wait_for_side_poke"
452666.7455	0.08840000000782311	states																																	"         state_name
id                 
4   announce_reward"
452666.8339	0.16190000000642613	states																																	"   state_name
id           
8      reward"
452666.99580000003	0.00010000000474974513	states																																	"    state_name
id            
7   stop_sound"
452667.2034	5.7333000000217	trials	1.0	2.0	5.0	0.8297180637820929	0.0	0.35	True	2860.0	False	False	24851.0	False	Mixed	True	False	0.025	0.0	2.7592295550890222	1.5	9.0													
452667.2034	5.7333000000217	processed_trials			5.0	0.8297180637820929					False				Mixed					2.7592295550890222		9.0	40.0	40.0	False	True	False			16.328661017111735	3.5596	-0.10124264852303883	Left	0.3994000000000004	
452667.2034	3.5595999999786727	states																																	"       state_name
id               
3   wait_for_poke"
452670.763	0.1737000000430271	states																																	"        state_name
id                
1   nose_in_center"
452670.9367	2.0	states																																	"          state_name
id                  
2   punish_violation"
452673.159	17.586200000019744	trials	1.0	2.0	5.0	0.8532480697636187	0.0	0.35	True	2860.0	False	False	24852.0	False	Mixed	True	True	0.025	0.0	1.0679309663380172	1.5	9.0													
452673.159	17.586200000019744	processed_trials			5.0	0.8532480697636187					False				Mixed					1.0679309663380172		9.0	40.0	40.0	False	True	False			16.328661017111735	15.3279	0.37296295549452774	Right	15.3279	
452673.159	15.327899999974761	states																																	"       state_name
id               
3   wait_for_poke"
452688.48689999996	0.2583000000449829	states																																	"        state_name
id                
1   nose_in_center"
452688.7452	2.0	states																																	"          state_name
id                  
2   punish_violation"
452690.9583	2.5543000000179745	trials	1.0	2.0	5.0	1.079539567705329	0.0	0.35	True	2860.0	False	False	24853.0	False	Mixed	True	True	0.025	0.0	1.067931	1.5	9.0													
452690.9583	2.5543000000179745	processed_trials			5.0	1.079539567705329					False				Mixed					1.067931		9.0	40.0	40.0	True	False	False	1.0679	1.0679	16.328661017111735	0.2292	-0.23544166992970791	Left	0.2292	
452690.9583	0.22920000000158325	states																																	"       state_name
id               
3   wait_for_poke"
452691.1875	1.0794999999925494	states																																	"        state_name
id                
1   nose_in_center"
452692.267	0.001999999978579581	states																																	"   state_name
id           
5      go_cue"
452692.269	1.0679000000236556	states																																	"            state_name
id                    
6   wait_for_side_poke"
452693.3369	0.11420000001089647	states																																	"         state_name
id                 
4   announce_reward"
452693.4511	0.061400000005960464	states																																	"   state_name
id           
8      reward"
452693.5125	0.00010000000474974513	states																																	"    state_name
id            
7   stop_sound"
452693.7265	5.189300000027288	trials	1.0	2.0	20.0	1.0795396	0.0	0.35	True	2865.0	True	False	24854.0	False	Mixed	True	False	0.025	0.0	100.0	1.5	9.0													
452693.7265	5.189300000027288	processed_trials			20.0	1.0795396					True				Mixed					100.0		9.0	40.0	40.0	False	True	False			16.328661017111735	2.9042	-0.12765210042969596	Left	0.45289999999999964	
452693.7265	2.9041999999899417	states																																	"       state_name
id               
3   wait_for_poke"
452696.6307	0.28510000003734604	states																																	"        state_name
id                
1   nose_in_center"
452696.9158	2.0	states																																	"          state_name
id                  
2   punish_violation"
452699.1301	3.0437999999849126	trials	1.0	2.0	20.0	0.9496718785316378	0.0	0.35	True	2865.0	False	False	24855.0	False	Mixed	True	True	0.025	0.0	0.6168641292712513	1.5	9.0													
452699.1301	3.0437999999849126	processed_trials			20.0	0.9496718785316378					False				Mixed					0.6168641292712513		9.0	40.0	40.0	False	True	False			16.328661017111735	0.5799	-0.22131015515451005	Left	0.5799	
452699.1301	0.5799000000115484	states																																	"       state_name
id               
3   wait_for_poke"
452699.71	0.4638999999733642	states																																	"        state_name
id                
1   nose_in_center"
452700.1739	2.0	states																																	"          state_name
id                  
2   punish_violation"
452702.3921	11.159199999994598	trials	1.0	2.0	20.0	1.1139913561201282	0.0	0.35	True	2865.0	False	False	24856.0	False	Mixed	True	True	0.025	0.0	0.8956940295774893	1.5	9.0													
452702.3921	11.159199999994598	processed_trials			20.0	1.1139913561201282					False				Mixed					0.8956940295774893		9.0	40.0	40.0	True	False	False	0.8956999999999979	0.8956999999999979	16.328661017111735	8.9201	0.11475958972175146	Right	8.9201	
452702.3921	8.920099999988452	states																																	"       state_name
id               
3   wait_for_poke"
452711.3122	1.114000000001397	states																																	"        state_name
id                
1   nose_in_center"
452712.4262	0.0020000000367872417	states																																	"   state_name
id           
5      go_cue"
452712.4282	0.895699999993667	states																																	"            state_name
id                    
6   wait_for_side_poke"
452713.3239	0.055499999958556145	states																																	"         state_name
id                 
4   announce_reward"
452713.3794	0.1718000000109896	states																																	"   state_name
id           
8      reward"
452713.5512	0.00010000000474974513	states																																	"    state_name
id            
7   stop_sound"
452713.7645	12.674899999983609	trials	1.0	2.0	40.0	1.030167443010338	0.0	0.35	True	2885.0	True	False	24857.0	False	Mixed	True	False	0.025	0.0	100.0	1.5	9.0													
452713.7645	12.674899999983609	processed_trials			40.0	1.030167443010338					True				Mixed					100.0		9.0	40.0	40.0	False	False	True	7.8189	7.8189	16.328661017111735	3.6237	-0.09865972837165536	Right	0.9255	
452713.7645	3.623699999996461	states																																	"       state_name
id               
3   wait_for_poke"
452717.3882	1.0301999999792315	states																																	"        state_name
id                
1   nose_in_center"
452718.41839999997	0.0020000000367872417	states																																	"   state_name
id           
5      go_cue"
452718.4204	7.818900000012945	states																																	"            state_name
id                    
6   wait_for_side_poke"
452726.2393	0.19999999995343387	states																																	"   state_name
id           
0     opt_out"
452726.43929999997	0.00010000000474974513	states																																	"    state_name
id            
7   stop_sound"
452726.6651	2.3632000000216067	trials	1.0	2.0	10.0	1.0301674	0.0	0.35	True	2885.0	True	False	24858.0	False	Mixed	True	False	0.025	0.0	100.0	1.5	9.0													
452726.6651	2.3632000000216067	processed_trials			10.0	1.0301674					True				Mixed					100.0		9.0	40.0	40.0	False	True	False			16.328661017111735	0.21009999999999998	-0.23621130760352108	Right	0.21009999999999998	
452726.6651	0.2101000000257045	states																																	"       state_name
id               
3   wait_for_poke"
452726.8752	0.15309999999590218	states																																	"        state_name
id                
1   nose_in_center"
452727.0283	2.0	states																																	"          state_name
id                  
2   punish_violation"
452729.2553	4.433900000003632	trials	1.0	2.0	10.0	1.0913911749153966	0.0	0.35	True	2885.0	True	False	24859.0	False	Mixed	True	True	0.025	0.0	100.0	1.5	9.0													
452729.2553	4.433900000003632	processed_trials			10.0	1.0913911749153966					True				Mixed					100.0		9.0	40.0	40.0	False	True	False			16.328661017111735	2.4215999999999998	-0.14709854762248317	Left	2.4215999999999998	
452729.2553	2.42160000000149	states																																	"       state_name
id               
3   wait_for_poke"
452731.6769	0.012300000002142042	states																																	"        state_name
id                
1   nose_in_center"
452731.6892	2.0	states																																	"          state_name
id                  
2   punish_violation"
452733.9041	2.897400000016205	trials	1.0	2.0	10.0	0.951526877594325	0.0	0.35	True	2885.0	True	False	24860.0	False	Mixed	True	True	0.025	0.0	100.0	1.5	9.0													
452733.9041	2.897400000016205	processed_trials			10.0	0.951526877594325					True				Mixed					100.0		9.0	40.0	40.0	False	True	False			16.328661017111735	0.2621	-0.23411595896277318	Left	0.2621	
452733.9041	0.26209999999264255	states																																	"       state_name
id               
3   wait_for_poke"
452734.1662	0.6353000000235625	states																																	"        state_name
id                
1   nose_in_center"
452734.8015	2.0	states																																	"          state_name
id                  
2   punish_violation"
452737.0198	3.4417999999714084	trials	1.0	2.0	10.0	0.9979709871432945	0.0	0.35	True	2885.0	True	False	24861.0	False	Mixed	True	True	0.025	0.0	100.0	1.5	9.0													
452737.0198	3.4417999999714084	processed_trials			10.0	0.9979709871432945					True				Mixed					100.0		9.0	40.0	40.0	False	True	False			16.328661017111735	1.3066	-0.19202765790005824	Right	1.3066	
452737.0198	1.3066000000108033	states																																	"       state_name
id               
3   wait_for_poke"
452738.3264	0.13519999996060506	states																																	"        state_name
id                
1   nose_in_center"
452738.4616	2.0	states																																	"          state_name
id                  
2   punish_violation"
452740.6925	5.516100000008009	trials	1.0	2.0	10.0	0.9282001397202089	0.0	0.35	True	2885.0	False	False	24862.0	False	Mixed	True	True	0.025	0.0	4.296414631043234	1.5	9.0													
452740.6925	5.516100000008009	processed_trials			10.0	0.9282001397202089					False				Mixed					4.296414631043234		9.0	40.0	40.0	True	False	False	4.296400000000001	4.296400000000001	16.328661017111735	0.0265	-0.24360950011200785	Left	0.0265	
452740.6925	0.02649999997811392	states																																	"       state_name
id               
3   wait_for_poke"
452740.719	0.928200000023935	states																																	"        state_name
id                
1   nose_in_center"
452741.6472	0.001999999978579581	states																																	"   state_name
id           
5      go_cue"
452741.6492	4.296399999991991	states																																	"            state_name
id                    
6   wait_for_side_poke"
452745.9456	0.16800000000512227	states																																	"         state_name
id                 
4   announce_reward"
452746.1136	0.09490000002551824	states																																	"   state_name
id           
8      reward"
452746.2085	0.00010000000474974513	states																																	"    state_name
id            
7   stop_sound"
452746.4251	4.7832000000053085	trials	1.0	2.0	10.0	0.8915337029768807	0.0	0.35	True	2895.0	False	False	24863.0	False	Mixed	True	False	0.025	0.0	4.2964146	1.5	9.0													
452746.4251	4.7832000000053085	processed_trials			10.0	0.8915337029768807					False				Mixed					4.2964146		9.0	40.0	40.0	False	True	False			16.328661017111735	2.5818000000000003	-0.1406432620023329	Right	0.8167000000000004	
452746.4251	2.5817999999853782	states																																	"       state_name
id               
3   wait_for_poke"
452749.0069	0.2014000000199303	states																																	"        state_name
id                
1   nose_in_center"
452749.2083	2.0	states																																	"          state_name
id                  
2   punish_violation"
452751.4292	2.9623999999603257	trials	1.0	2.0	10.0	0.8915337	0.0	0.35	True	2895.0	False	False	24864.0	False	Mixed	True	True	0.025	0.0	1.1723568125124688	1.5	9.0													
452751.4292	2.9623999999603257	processed_trials			10.0	0.8915337					False				Mixed					1.1723568125124688		9.0	40.0	40.0	True	False	False	1.1724000000000003	1.1724000000000003	16.328661017111735	0.37639999999999996	-0.22951022146974462	Right	0.37639999999999996	
452751.4292	0.37640000000828877	states																																	"       state_name
id               
3   wait_for_poke"
452751.8056	0.8914999999688007	states																																	"        state_name
id                
1   nose_in_center"
452752.6971	0.0020000000367872417	states																																	"   state_name
id           
5      go_cue"
452752.6991	1.1723999999812804	states																																	"            state_name
id                    
6   wait_for_side_poke"
452753.8715	0.4198999999789521	states																																	"         state_name
id                 
4   announce_reward"
452754.2914	0.10010000003967434	states																																	"   state_name
id           
8      reward"
452754.3915	0.00010000000474974513	states																																	"    state_name
id            
7   stop_sound"
452754.6228	5.1674999999813735	trials	1.0	2.0	80.0	1.1313703705399851	0.0	0.35	True	2905.0	False	False	24865.0	False	Mixed	True	False	0.025	0.0	3.6629057472531956	1.5	9.0													
452754.6228	5.1674999999813735	processed_trials			80.0	1.1313703705399851					False				Mixed					3.6629057472531956		9.0	40.0	40.0	False	True	False			16.328661017111735	2.7394000000000003	-0.13429274381422004	Left	0.6645000000000003	
452754.6228	2.739400000020396	states																																	"       state_name
id               
3   wait_for_poke"
452757.36220000003	0.4280999999609776	states																																	"        state_name
id                
1   nose_in_center"
452757.7903	2.0	states																																	"          state_name
id                  
2   punish_violation"
452760.0057	2.4908000000286847	trials	1.0	2.0	80.0	0.967681131216316	0.0	0.35	True	2905.0	False	False	24866.0	False	Mixed	True	True	0.025	0.0	0.21748213396434204	1.5	9.0													
452760.0057	2.4908000000286847	processed_trials			80.0	0.967681131216316					False				Mixed					0.21748213396434204		9.0	40.0	40.0	False	True	False			16.328661017111735	0.0417	-0.2429970135862508	Right	0.0417	
452760.0057	0.04170000000158325	states																																	"       state_name
id               
3   wait_for_poke"
452760.0474	0.4491000000271015	states																																	"        state_name
id                
1   nose_in_center"
452760.4965	2.0	states																																	"          state_name
id                  
2   punish_violation"
452762.733	5.130100000009406	trials	1.0	2.0	80.0	1.0868318032860282	0.0	0.35	True	2905.0	False	False	24867.0	False	Mixed	True	True	0.025	0.0	3.282835739829218	1.5	9.0													
452762.733	5.130100000009406	processed_trials			80.0	1.0868318032860282					False				Mixed					3.282835739829218		9.0	40.0	40.0	True	False	False	3.2827999999999995	3.2827999999999995	16.328661017111735	0.06459999999999999	-0.24207425428099835	Right	0.06459999999999999	
452762.733	0.06459999998332933	states																																	"       state_name
id               
3   wait_for_poke"
452762.7976	1.0867999999900348	states																																	"        state_name
id                
1   nose_in_center"
452763.8844	0.0020000000367872417	states																																	"   state_name
id           
5      go_cue"
452763.8864	3.2827999999863096	states																																	"            state_name
id                    
6   wait_for_side_poke"
452767.1692	0.07929999998304993	states																																	"         state_name
id                 
4   announce_reward"
452767.2485	0.6145000000251457	states																																	"   state_name
id           
8      reward"
452767.863	0.00010000000474974513	states																																	"    state_name
id            
7   stop_sound"
452768.0881	8.131700000027195	trials	1.0	2.0	20.0	0.8869756056358905	0.0	0.35	True	2985.0	False	False	24868.0	False	Mixed	True	False	0.025	0.0	1.3484140696918376	1.5	9.0													
452768.0881	8.131700000027195	processed_trials			20.0	0.8869756056358905					False				Mixed					1.3484140696918376		9.0	40.0	40.0	False	True	False			16.328661017111735	5.9701	-0.004111150474523368	Left	1.5456000000000003	
452768.0881	5.97009999997681	states																																	"       state_name
id               
3   wait_for_poke"
452774.05819999997	0.16160000005038455	states																																	"        state_name
id                
1   nose_in_center"
452774.2198	2.0	states																																	"          state_name
id                  
2   punish_violation"
452776.4501	6.708899999968708	trials	1.0	2.0	20.0	1.0257679233352222	0.0	0.35	True	2985.0	True	False	24869.0	False	Mixed	True	True	0.025	0.0	100.0	1.5	9.0													
452776.4501	6.708899999968708	processed_trials			20.0	1.0257679233352222					True				Mixed					100.0		9.0	40.0	40.0	False	False	True	5.3885000000000005	5.3885000000000005	16.328661017111735	0.0925	-0.24095001914490477	Left	0.0925	
452776.4501	0.09250000002793968	states																																	"       state_name
id               
3   wait_for_poke"
452776.54260000004	1.0257999999448657	states																																	"        state_name
id                
1   nose_in_center"
452777.5684	0.0020000000367872417	states																																	"   state_name
id           
5      go_cue"
452777.5704	5.388500000000931	states																																	"            state_name
id                    
6   wait_for_side_poke"
452782.9589	0.20000000001164153	states																																	"   state_name
id           
0     opt_out"
452783.15890000004	0.00010000000474974513	states																																	"    state_name
id            
7   stop_sound"
452783.3932	2.431700000015553	trials	1.0	2.0	10.0	0.9834518124960101	0.0	0.35	True	2985.0	False	False	24870.0	False	Mixed	True	False	0.025	0.0	4.607316594677644	1.5	9.0													
452783.3932	2.431700000015553	processed_trials			10.0	0.9834518124960101					False				Mixed					4.607316594677644		9.0	40.0	40.0	False	True	False			16.328661017111735	0.2908	-0.23295948769374503	Left	0.2908	
452783.3932	0.2908000000170432	states																																	"       state_name
id               
3   wait_for_poke"
452783.684	0.14089999999850988	states																																	"        state_name
id                
1   nose_in_center"
452783.8249	2.0	states																																	"          state_name
id                  
2   punish_violation"
452786.0621	3.1376000000163913	trials	1.0	2.0	10.0	1.18479232515524	0.0	0.35	True	2985.0	False	False	24871.0	False	Mixed	True	True	0.025	0.0	3.441715715728957	1.5	9.0													
452786.0621	3.1376000000163913	processed_trials			10.0	1.18479232515524					False				Mixed					3.441715715728957		9.0	40.0	40.0	False	True	False			16.328661017111735	0.0579	-0.2423442318943255	Left	0.0579	
452786.0621	0.05790000001434237	states																																	"       state_name
id               
3   wait_for_poke"
452786.12	1.079700000002049	states																																	"        state_name
id                
1   nose_in_center"
452787.1997	2.0	states																																	"          state_name
id                  
2   punish_violation"
452789.4379	10.045899999968242	trials	1.0	2.0	10.0	1.06654250022078	0.0	0.35	True	2985.0	True	False	24872.0	False	Mixed	True	True	0.025	0.0	100.0	1.5	9.0													
452789.4379	10.045899999968242	processed_trials			10.0	1.06654250022078					True				Mixed					100.0		9.0	40.0	40.0	False	False	True	8.479199999999999	8.479199999999999	16.328661017111735	0.29810000000000003	-0.23266533298071695	Right	0.29810000000000003	
452789.4379	0.29810000001452863	states																																	"       state_name
id               
3   wait_for_poke"
452789.73600000003	1.0664999999571592	states																																	"        state_name
id                
1   nose_in_center"
452790.8025	0.0020000000367872417	states																																	"   state_name
id           
5      go_cue"
452790.8045	8.479200000001583	states																																	"            state_name
id                    
6   wait_for_side_poke"
452799.2837	0.20000000001164153	states																																	"   state_name
id           
0     opt_out"
452799.48370000004	0.00010000000474974513	states																																	"    state_name
id            
7   stop_sound"
452799.7136	2.4692999999970198	trials	1.0	2.0	10.0	1.070674334718317	0.0	0.35	True	2985.0	False	False	24873.0	False	Mixed	True	False	0.025	0.0	3.250741038942462	1.5	9.0													
452799.7136	2.4692999999970198	processed_trials			10.0	1.070674334718317					False				Mixed					3.250741038942462		9.0	40.0	40.0	False	True	False			16.328661017111735	0.3347	-0.23119052989895977	Left	0.3347	
452799.7136	0.3347000000067055	states																																	"       state_name
id               
3   wait_for_poke"
452800.0483	0.13459999999031425	states																																	"        state_name
id                
1   nose_in_center"
452800.1829	2.0	states																																	"          state_name
id                  
2   punish_violation"
452802.4198	3.284400000004098	trials	1.0	2.0	10.0	1.031703909233201	0.0	0.35	True	2985.0	False	False	24874.0	False	Mixed	True	True	0.025	0.0	1.6434869717491527	1.5	9.0													
452802.4198	3.284400000004098	processed_trials			10.0	1.031703909233201					False				Mixed					1.6434869717491527		9.0	40.0	40.0	True	False	False	1.6435	1.6435	16.328661017111735	0.18180000000000002	-0.23735166080608194	Right	0.18180000000000002	
452802.4198	0.18180000002030283	states																																	"       state_name
id               
3   wait_for_poke"
452802.6016	1.03169999999227	states																																	"        state_name
id                
1   nose_in_center"
452803.6333	0.001999999978579581	states																																	"   state_name
id           
5      go_cue"
452803.63529999997	1.643500000005588	states																																	"            state_name
id                    
6   wait_for_side_poke"
452805.2788	0.325200000021141	states																																	"         state_name
id                 
4   announce_reward"
452805.604	0.10009999998146668	states																																	"   state_name
id           
8      reward"
452805.7041	0.00010000000474974513	states																																	"    state_name
id            
7   stop_sound"
452805.9467	7.647100000001956	trials	1.0	2.0	5.0	0.9730719895490902	0.0	0.35	True	2995.0	False	False	24875.0	False	Mixed	True	False	0.025	0.0	4.341412607433986	1.5	9.0													
452805.9467	7.647100000001956	processed_trials			5.0	0.9730719895490902					False				Mixed					4.341412607433986		9.0	40.0	40.0	True	False	False	4.3414	4.3414	16.328661017111735	2.1444	-0.15826836768431618	Right	0.9679	
452805.9467	2.144399999990128	states																																	"       state_name
id               
3   wait_for_poke"
452808.09109999996	0.9731000000028871	states																																	"        state_name
id                
1   nose_in_center"
452809.06419999996	0.001999999978579581	states																																	"   state_name
id           
5      go_cue"
452809.06619999994	4.3414000000339	states																																	"            state_name
id                    
6   wait_for_side_poke"
452813.4076	0.12160000001313165	states																																	"         state_name
id                 
4   announce_reward"
452813.5292	0.06449999997857958	states																																	"   state_name
id           
8      reward"
452813.59369999997	0.00010000000474974513	states																																	"    state_name
id            
7   stop_sound"
452813.8162	4.6599000000278465	trials	1.0	2.0	20.0	0.8685616104101169	0.0	0.35	True	3000.0	False	False	24876.0	False	Mixed	True	False	0.025	0.0	4.57783633357438	1.5	9.0													
452813.8162	4.6599000000278465	processed_trials			20.0	0.8685616104101169					False				Mixed					4.57783633357438		9.0	40.0	40.0	False	True	False			16.328661017111735	2.652	-0.13781454133732324	Left	1.1013000000000002	
452813.8162	2.6520000000018626	states																																	"       state_name
id               
3   wait_for_poke"
452816.4682	0.0079000000259839	states																																	"        state_name
id                
1   nose_in_center"
452816.4761	2.0	states																																	"          state_name
id                  
2   punish_violation"
452818.7123	2.1524999999674037	trials	1.0	2.0	20.0	1.1151052725943251	0.0	0.35	True	3000.0	False	False	24877.0	False	Mixed	True	True	0.025	0.0	0.6637932689759195	1.5	9.0													
452818.7123	2.1524999999674037	processed_trials			20.0	1.1151052725943251					False				Mixed					0.6637932689759195		9.0	40.0	40.0	True	False	False	0.6638	0.6638	16.328661017111735	0.15990000000000001	-0.23823412494516613	Left	0.15990000000000001	
452818.7123	0.15990000002784654	states																																	"       state_name
id               
3   wait_for_poke"
452818.87220000004	1.1150999999954365	states																																	"        state_name
id                
1   nose_in_center"
452819.98730000004	0.001999999978579581	states																																	"   state_name
id           
5      go_cue"
452819.9893	0.663799999980256	states																																	"            state_name
id                    
6   wait_for_side_poke"
452820.6531	0.04970000003231689	states																																	"         state_name
id                 
4   announce_reward"
452820.7028	0.16190000000642613	states																																	"   state_name
id           
8      reward"
452820.86470000003	0.00010000000474974513	states																																	"    state_name
id            
7   stop_sound"
452821.0958	15.194900000002235	trials	1.0	2.0	40.0	0.9430739127754795	0.0	0.35	True	3020.0	True	False	24878.0	False	High	True	False	0.025	0.0	100.0	1.5	9.0													
452821.0958	15.194900000002235	processed_trials			40.0	0.9430739127754795					True				High					100.0		9.0	40.0	40.0	False	False	True	10.8006	10.8006	16.328661017111735	3.2491	-0.11375429761827387	Right	0.8858999999999999	
452821.0958	3.24910000001546	states																																	"       state_name
id               
3   wait_for_poke"
452824.3449	0.9430999999749474	states																																	"        state_name
id                
1   nose_in_center"
452825.288	0.0020000000367872417	states																																	"   state_name
id           
5      go_cue"
452825.29000000004	10.80059999995865	states																																	"            state_name
id                    
6   wait_for_side_poke"
452836.0906	0.20000000001164153	states																																	"   state_name
id           
0     opt_out"
452836.2906	0.00010000000474974513	states																																	"    state_name
id            
7   stop_sound"
452836.5336	2.2581999999820255	trials	1.0	2.0	40.0	0.9967046570473298	0.0	0.35	True	3020.0	True	False	24879.0	False	High	True	False	0.025	0.0	100.0	1.5	9.0													
452836.5336	2.2581999999820255	processed_trials			40.0	0.9967046570473298					True				High					100.0		9.0	40.0	40.0	False	True	False			16.328661017111735	0.22440000000000002	-0.2356350867273154	Right	0.22440000000000002	
452836.5336	0.22440000000642613	states																																	"       state_name
id               
3   wait_for_poke"
452836.75800000003	0.03379999997559935	states																																	"        state_name
id                
1   nose_in_center"
452836.7918	2.0	states																																	"          state_name
id                  
2   punish_violation"
452839.0239	6.353900000045542	trials	1.0	2.0	40.0	1.1457558556066831	0.0	0.35	True	3020.0	False	False	24880.0	False	High	True	True	0.025	0.0	4.842878046917541	1.5	9.0													
452839.0239	6.353900000045542	processed_trials			40.0	1.1457558556066831					False				High					4.842878046917541		9.0	40.0	40.0	True	False	False	4.8429	4.8429	16.328661017111735	0.0516	-0.24259809144118535	Left	0.0516	
452839.0239	0.05160000000614673	states																																	"       state_name
id               
3   wait_for_poke"
452839.0755	1.1457999999984168	states																																	"        state_name
id                
1   nose_in_center"
452840.2213	0.001999999978579581	states																																	"   state_name
id           
5      go_cue"
452840.22329999995	4.842899999988731	states																																	"            state_name
id                    
6   wait_for_side_poke"
452845.06619999994	0.014900000009220093	states																																	"         state_name
id                 
4   announce_reward"
452845.08109999995	0.2966000000014901	states																																	"   state_name
id           
8      reward"
452845.37769999995	0.00010000000474974513	states																																	"    state_name
id            
7   stop_sound"
452845.6153	16.70669999998063	trials	1.0	2.0	80.0	1.0856547872195978	0.0	0.35	True	3060.0	True	False	24881.0	False	High	True	False	0.025	0.0	100.0	1.5	9.0													
452845.6153	16.70669999998063	processed_trials			80.0	1.0856547872195978					True				High					100.0		9.0	40.0	40.0	False	False	True	9.474799999999998	9.474799999999998	16.328661017111735	5.944100000000001	-0.005158824794897307	Right	0.7773000000000003	
452845.6153	5.944100000022445	states																																	"       state_name
id               
3   wait_for_poke"
452851.5594	1.0856999999959953	states																																	"        state_name
id                
1   nose_in_center"
452852.6451	0.001999999978579581	states																																	"   state_name
id           
5      go_cue"
452852.6471	9.474800000025425	states																																	"            state_name
id                    
6   wait_for_side_poke"
452862.1219	0.19999999995343387	states																																	"   state_name
id           
0     opt_out"
452862.3219	0.00010000000474974513	states																																	"    state_name
id            
7   stop_sound"
452862.5481	2.2981999999610707	trials	1.0	2.0	20.0	1.0856548	0.0	0.35	True	3060.0	False	False	24882.0	False	High	True	False	0.025	0.0	0.33670080630106763	1.5	9.0													
452862.5481	2.2981999999610707	processed_trials			20.0	1.0856548					False				High					0.33670080630106763		9.0	40.0	40.0	False	True	False			16.328661017111735	0.2439	-0.23484933098703495	Right	0.2439	
452862.5481	0.24390000000130385	states																																	"       state_name
id               
3   wait_for_poke"
452862.792	0.054300000017974526	states																																	"        state_name
id                
1   nose_in_center"
452862.84630000003	2.0	states																																	"          state_name
id                  
2   punish_violation"
452865.0867	2.9038000000291504	trials	1.0	2.0	20.0	0.9602628277715813	0.0	0.35	True	3060.0	False	False	24883.0	False	High	True	True	0.025	0.0	0.3497588214109338	1.5	9.0													
452865.0867	2.9038000000291504	processed_trials			20.0	0.9602628277715813					False				High					0.3497588214109338		9.0	40.0	40.0	False	True	False			16.328661017111735	0.0519	-0.24258600289133486	Right	0.0519	
452865.0867	0.051900000020395964	states																																	"       state_name
id               
3   wait_for_poke"
452865.1386	0.8518999999505468	states																																	"        state_name
id                
1   nose_in_center"
452865.99049999996	2.0	states																																	"          state_name
id                  
2   punish_violation"
452868.2404	3.3927999999723397	trials	1.0	2.0	20.0	0.9673897926167826	0.0	0.35	True	3060.0	False	False	24884.0	False	High	True	True	0.025	0.0	1.4322635595022741	1.5	9.0													
452868.2404	3.3927999999723397	processed_trials			20.0	0.9673897926167826					False				High					1.4322635595022741		9.0	40.0	40.0	True	False	False	1.4323	1.4323	16.328661017111735	0.7098	-0.2160758130692572	Right	0.7098	
452868.2404	0.7098000000114553	states																																	"       state_name
id               
3   wait_for_poke"
452868.9502	0.9673999999649823	states																																	"        state_name
id                
1   nose_in_center"
452869.9176	0.0020000000367872417	states																																	"   state_name
id           
5      go_cue"
452869.9196	1.432299999985844	states																																	"            state_name
id                    
6   wait_for_side_poke"
452871.3519	0.10940000001573935	states																																	"         state_name
id                 
4   announce_reward"
452871.4613	0.1718000000109896	states																																	"   state_name
id           
8      reward"
452871.63310000004	9.999994654208422e-05	states																																	"    state_name
id            
7   stop_sound"
452871.875	4.760000000009313	trials	1.0	2.0	80.0	0.96738979	0.0	0.35	True	3080.0	True	False	24885.0	False	High	True	False	0.025	0.0	100.0	1.5	9.0													
452871.875	4.760000000009313	processed_trials			80.0	0.96738979					True				High					100.0		9.0	40.0	40.0	False	True	False			16.328661017111735	2.3799	-0.1487788560516983	Right	1.1101	
452871.875	2.379899999999907	states																																	"       state_name
id               
3   wait_for_poke"
452874.2549	0.38010000000940636	states																																	"        state_name
id                
1   nose_in_center"
452874.635	2.0	states																																	"          state_name
id                  
2   punish_violation"
452876.8661	12.189400000032037	trials	1.0	2.0	80.0	1.1028224422376038	0.0	0.35	True	3080.0	True	False	24886.0	False	High	True	True	0.025	0.0	100.0	1.5	9.0													
452876.8661	12.189400000032037	processed_trials			80.0	1.1028224422376038					True				High					100.0		9.0	40.0	40.0	False	False	True	10.8397	10.8397	16.328661017111735	0.0448	-0.24287209857112926	Right	0.0448	
452876.8661	0.044799999974202365	states																																	"       state_name
id               
3   wait_for_poke"
452876.91089999996	1.1028000000515021	states																																	"        state_name
id                
1   nose_in_center"
452878.0137	0.001999999978579581	states																																	"   state_name
id           
5      go_cue"
452878.0157	10.839700000011362	states																																	"            state_name
id                    
6   wait_for_side_poke"
452888.8554	0.20000000001164153	states																																	"   state_name
id           
0     opt_out"
452889.0554	9.999994654208422e-05	states																																	"    state_name
id            
7   stop_sound"
452889.288	2.263199999986682	trials	1.0	2.0	20.0	1.0338857910140982	0.0	0.35	True	3080.0	True	False	24887.0	False	High	True	False	0.025	0.0	100.0	1.5	9.0													
452889.288	2.263199999986682	processed_trials			20.0	1.0338857910140982					True				High					100.0		9.0	40.0	40.0	False	True	False			16.328661017111735	0.2048	-0.2364248719842127	Left	0.2048	
452889.288	0.20480000000679865	states																																	"       state_name
id               
3   wait_for_poke"
452889.4928	0.05839999997988343	states																																	"        state_name
id                
1   nose_in_center"
452889.5512	2.0	states																																	"          state_name
id                  
2   punish_violation"
452891.7847	3.300099999993108	trials	1.0	2.0	20.0	0.8764727467969441	0.0	0.35	True	3080.0	False	False	24888.0	False	High	True	True	0.025	0.0	0.3079593255811091	1.5	9.0													
452891.7847	3.300099999993108	processed_trials			20.0	0.8764727467969441					False				High					0.3079593255811091		9.0	40.0	40.0	False	True	False			16.328661017111735	0.7497999999999999	-0.21446400642252803	Left	0.7497999999999999	
452891.7847	0.7497999999905005	states																																	"       state_name
id               
3   wait_for_poke"
452892.5345	0.5503000000026077	states																																	"        state_name
id                
1   nose_in_center"
452893.0848	2.0	states																																	"          state_name
id                  
2   punish_violation"
452895.3283	2.9452000000164844	trials	1.0	2.0	20.0	1.1619560840659895	0.0	0.35	True	3080.0	False	False	24889.0	False	High	True	True	0.025	0.0	1.2001676658391016	1.5	9.0													
452895.3283	2.9452000000164844	processed_trials			20.0	1.1619560840659895					False				High					1.2001676658391016		9.0	40.0	40.0	False	True	False			16.328661017111735	0.3629	-0.23005420621301573	Left	0.3629	
452895.3283	0.36290000000735745	states																																	"       state_name
id               
3   wait_for_poke"
452895.6912	0.582300000009127	states																																	"        state_name
id                
1   nose_in_center"
452896.2735	2.0	states																																	"          state_name
id                  
2   punish_violation"
452898.5185	2.650900000007823	trials	1.0	2.0	20.0	0.9410443241333085	0.0	0.35	True	3080.0	False	False	24890.0	False	High	True	True	0.025	0.0	1.1587451855628608	1.5	9.0													
452898.5185	2.650900000007823	processed_trials			20.0	0.9410443241333085					False				High					1.1587451855628608		9.0	40.0	40.0	False	True	False			16.328661017111735	0.047	-0.2427834492055592	Right	0.047	
452898.5185	0.0470000000204891	states																																	"       state_name
id               
3   wait_for_poke"
452898.5655	0.603899999987334	states																																	"        state_name
id                
1   nose_in_center"
452899.1694	2.0	states																																	"          state_name
id                  
2   punish_violation"
452901.4074	6.47199999995064	trials	1.0	2.0	20.0	0.9974789939753065	0.0	0.35	True	3080.0	True	False	24891.0	False	High	True	True	0.025	0.0	100.0	1.5	9.0													
452901.4074	6.47199999995064	processed_trials			20.0	0.9974789939753065					True				High					100.0		9.0	40.0	40.0	False	True	False			16.328661017111735	4.0949	-0.07967264607318597	Right	4.0949	
452901.4074	4.094900000025518	states																																	"       state_name
id               
3   wait_for_poke"
452905.50230000005	0.3770999999833293	states																																	"        state_name
id                
1   nose_in_center"
452905.87940000003	2.0	states																																	"          state_name
id                  
2   punish_violation"
452908.1139	2.5006000000284985	trials	1.0	2.0	20.0	0.99747899	0.0	0.35	True	3080.0	False	False	24892.0	False	High	True	True	0.025	0.0	0.5810650722385812	1.5	9.0													
452908.1139	2.5006000000284985	processed_trials			20.0	0.99747899					False				High					0.5810650722385812		9.0	40.0	40.0	False	True	False			16.328661017111735	0.1097	-0.24025694228681124	Left	0.1097	
452908.1139	0.10969999997178093	states																																	"       state_name
id               
3   wait_for_poke"
452908.22359999997	0.39090000005671754	states																																	"        state_name
id                
1   nose_in_center"
452908.6145	2.0	states																																	"          state_name
id                  
2   punish_violation"
452910.8638	2.1990000000223517	trials	1.0	2.0	20.0	0.9681193915470008	0.0	0.35	True	3080.0	False	False	24893.0	False	High	True	True	0.025	0.0	0.4258309511176648	1.5	9.0													
452910.8638	2.1990000000223517	processed_trials			20.0	0.9681193915470008					False				High					0.4258309511176648		9.0	40.0	40.0	False	True	False			16.328661017111735	0.0682	-0.24192919168279273	Left	0.0682	
452910.8638	0.06819999997969717	states																																	"       state_name
id               
3   wait_for_poke"
452910.932	0.13080000004265457	states																																	"        state_name
id                
1   nose_in_center"
452911.0628	2.0	states																																	"          state_name
id                  
2   punish_violation"
452913.3131	6.827999999979511	trials	1.0	2.0	20.0	0.9085052977036006	0.0	0.35	True	3080.0	False	False	24894.0	False	High	True	True	0.025	0.0	4.802398954440068	1.5	9.0													
452913.3131	6.827999999979511	processed_trials			20.0	0.9085052977036006					False				High					4.802398954440068		9.0	40.0	40.0	True	False	False	4.8024000000000004	4.8024000000000004	16.328661017111735	0.0638	-0.24210649041393295	Right	0.0638	
452913.3131	0.06380000000353903	states																																	"       state_name
id               
3   wait_for_poke"
452913.37690000003	0.9085000000195578	states																																	"        state_name
id                
1   nose_in_center"
452914.28540000005	0.001999999978579581	states																																	"   state_name
id           
5      go_cue"
452914.28740000003	4.802399999985937	states																																	"            state_name
id                    
6   wait_for_side_poke"
452919.0898	0.8794000000343658	states																																	"         state_name
id                 
4   announce_reward"
452919.96920000005	0.17179999995278195	states																																	"   state_name
id           
8      reward"
452920.141	0.00010000000474974513	states																																	"    state_name
id            
7   stop_sound"
452920.383	4.848600000026636	trials	1.0	2.0	40.0	1.1862217891504556	0.0	0.35	True	3100.0	False	False	24895.0	False	High	True	False	0.025	0.0	7.131038789190615	1.5	9.0													
452920.383	4.848600000026636	processed_trials			40.0	1.1862217891504556					False				High					7.131038789190615		9.0	40.0	40.0	False	True	False			16.328661017111735	2.5252	-0.14292396840745467	Right	0.9334	
452920.383	2.525199999974575	states																																	"       state_name
id               
3   wait_for_poke"
452922.90819999995	0.32340000005206093	states																																	"        state_name
id                
1   nose_in_center"
452923.2316	2.0	states																																	"          state_name
id                  
2   punish_violation"
452925.4665	3.3601999999955297	trials	1.0	2.0	40.0	0.912438365249864	0.0	0.35	True	3100.0	False	False	24896.0	False	High	True	True	0.025	0.0	1.1733397759912025	1.5	9.0													
452925.4665	3.3601999999955297	processed_trials			40.0	0.912438365249864					False				High					1.1733397759912025		9.0	40.0	40.0	True	False	False	1.1733	1.1733	16.328661017111735	0.9752000000000001	-0.20538147596820924	Left	0.9752000000000001	
452925.4665	0.9751999999862164	states																																	"       state_name
id               
3   wait_for_poke"
452926.44169999997	0.9124000000301749	states																																	"        state_name
id                
1   nose_in_center"
452927.3541	0.001999999978579581	states																																	"   state_name
id           
5      go_cue"
452927.3561	1.1733000000240281	states																																	"            state_name
id                    
6   wait_for_side_poke"
452928.5294	0.0005999999702908099	states																																	"         state_name
id                 
4   announce_reward"
452928.52999999997	0.2966000000014901	states																																	"   state_name
id           
8      reward"
452928.8266	0.00010000000474974513	states																																	"    state_name
id            
7   stop_sound"
452929.0719	8.265300000028219	trials	1.0	2.0	80.0	0.9242754816186475	0.0	0.35	True	3140.0	False	False	24897.0	False	High	True	False	0.025	0.0	1.1733398	1.5	9.0													
452929.0719	8.265300000028219	processed_trials			80.0	0.9242754816186475					False				High					1.1733398		9.0	40.0	40.0	False	True	False			16.328661017111735	5.892600000000001	-0.007234025852561084	Left	0.803700000000001	
452929.0719	5.892600000021048	states																																	"       state_name
id               
3   wait_for_poke"
452934.9645	0.3727000000071712	states																																	"        state_name
id                
1   nose_in_center"
452935.3372	2.0	states																																	"          state_name
id                  
2   punish_violation"
452937.5886	2.5834000000031665	trials	1.0	2.0	80.0	1.1758300084609443	0.0	0.35	True	3140.0	False	False	24898.0	False	High	True	True	0.025	0.0	0.41458797786104845	1.5	9.0													
452937.5886	2.5834000000031665	processed_trials			80.0	1.1758300084609443					False				High					0.41458797786104845		9.0	40.0	40.0	True	False	False	0.4146000000000001	0.4146000000000001	16.328661017111735	0.068	-0.2419372507160264	Left	0.068	
452937.5886	0.06800000002840534	states																																	"       state_name
id               
3   wait_for_poke"
452937.65660000005	1.1757999999681488	states																																	"        state_name
id                
1   nose_in_center"
452938.8324	0.001999999978579581	states																																	"   state_name
id           
5      go_cue"
452938.8344	0.4146000000182539	states																																	"            state_name
id                    
6   wait_for_side_poke"
452939.249	0.354300000006333	states																																	"         state_name
id                 
4   announce_reward"
452939.6033	0.5685999999986961	states																																	"   state_name
id           
8      reward"
452940.1719	0.00010000000474974513	states																																	"    state_name
id            
7   stop_sound"
452940.4175	9.709200000041164	trials	1.0	2.0	80.0	1.199142925739576	0.0	0.35	True	3220.0	False	False	24899.0	False	High	True	False	0.025	0.0	1.789811495691786	1.5	9.0													
452940.4175	9.709200000041164	processed_trials			80.0	1.199142925739576					False				High					1.789811495691786		9.0	40.0	40.0	True	False	False	1.7897999999999996	1.7897999999999996	16.328661017111735	5.9316	-0.005662514372000174	Left	1.8950000000000005	
452940.4175	5.931600000010803	states																																	"       state_name
id               
3   wait_for_poke"
452946.3491	1.1990999999688938	states																																	"        state_name
id                
1   nose_in_center"
452947.54819999996	0.0020000000367872417	states																																	"   state_name
id           
5      go_cue"
452947.5502	1.7897999999695458	states																																	"            state_name
id                    
6   wait_for_side_poke"
452949.33999999997	0.21799999999348074	states																																	"         state_name
id                 
4   announce_reward"
452949.55799999996	0.5685999999986961	states																																	"   state_name
id           
8      reward"
452950.12659999996	0.00010000000474974513	states																																	"    state_name
id            
7   stop_sound"
452950.3804	8.920799999963492	trials	1.0	2.0	20.0	0.957305094076471	0.0	0.35	True	3300.0	False	False	24900.0	False	High	True	False	0.025	0.0	1.6596987123420597	1.5	9.0													
452950.3804	8.920799999963492	processed_trials			20.0	0.957305094076471					False				High					1.6596987123420597		9.0	40.0	40.0	False	True	False			16.328661017111735	6.4836	0.016580417352862087	Left	1.1345999999999998	
452950.3804	6.483599999977741	states																																	"       state_name
id               
3   wait_for_poke"
452956.864	0.4372000000439584	states																																	"        state_name
id                
1   nose_in_center"
452957.30120000005	2.0	states																																	"          state_name
id                  
2   punish_violation"
452959.5475	2.31349999998929	trials	1.0	2.0	20.0	0.9223266317660026	0.0	0.35	True	3300.0	False	False	24901.0	False	High	True	True	0.025	0.0	0.37861987591753365	1.5	9.0													
452959.5475	2.31349999998929	processed_trials			20.0	0.9223266317660026					False				High					0.37861987591753365		9.0	40.0	40.0	False	True	False			16.328661017111735	0.0348	-0.2432750502328116	Left	0.0348	
452959.5475	0.0348000000230968	states																																	"       state_name
id               
3   wait_for_poke"
452959.5823	0.278699999966193	states																																	"        state_name
id                
1   nose_in_center"
452959.861	2.0	states																																	"          state_name
id                  
2   punish_violation"
452962.1221	3.1265000000130385	trials	1.0	2.0	20.0	1.0778125646279892	0.0	0.35	True	3300.0	False	False	24902.0	False	High	True	True	0.025	0.0	1.7677891813795241	1.5	9.0													
452962.1221	3.1265000000130385	processed_trials			20.0	1.0778125646279892					False				High					1.7677891813795241		9.0	40.0	40.0	False	True	False			16.328661017111735	0.26380000000000003	-0.2340474571802872	Right	0.26380000000000003	
452962.1221	0.26380000001518056	states																																	"       state_name
id               
3   wait_for_poke"
452962.3859	0.862699999997858	states																																	"        state_name
id                
1   nose_in_center"
452963.2486	2.0	states																																	"          state_name
id                  
2   punish_violation"
452965.49	3.2311000000336207	trials	1.0	2.0	20.0	1.0814205897076608	0.0	0.35	True	3300.0	False	False	24903.0	False	High	True	True	0.025	0.0	1.7677892	1.5	9.0													
452965.49	3.2311000000336207	processed_trials			20.0	1.0814205897076608					False				High					1.7677892		9.0	40.0	40.0	True	False	False	1.7677999999999996	1.7677999999999996	16.328661017111735	0.1125	-0.24014411582154022	Right	0.1125	
452965.49	0.11249999998835847	states																																	"       state_name
id               
3   wait_for_poke"
452965.6025	1.081400000024587	states																																	"        state_name
id                
1   nose_in_center"
452966.6839	0.001999999978579581	states																																	"   state_name
id           
5      go_cue"
452966.6859	1.7678000000305474	states																																	"            state_name
id                    
6   wait_for_side_poke"
452968.4537	0.09549999999580905	states																																	"         state_name
id                 
4   announce_reward"
452968.5492	0.1718000000109896	states																																	"   state_name
id           
8      reward"
452968.721	9.999994654208422e-05	states																																	"    state_name
id            
7   stop_sound"
452968.9821	4.3430999999982305	trials	1.0	2.0	80.0	1.0478442627667417	0.0	0.35	True	3320.0	True	False	24904.0	False	High	True	False	0.025	0.0	100.0	1.5	9.0													
452968.9821	4.3430999999982305	processed_trials			80.0	1.0478442627667417					True				High					100.0		9.0	40.0	40.0	False	True	False			16.328661017111735	1.9489	-0.1661460726702049	Right	1.1316000000000002	
452968.9821	1.948900000017602	states																																	"       state_name
id               
3   wait_for_poke"
452970.93100000004	0.3941999999806285	states																																	"        state_name
id                
1   nose_in_center"
452971.3252	2.0	states																																	"          state_name
id                  
2   punish_violation"
452973.5723	2.745200000004843	trials	1.0	2.0	80.0	0.9042559945032047	0.0	0.35	True	3320.0	True	False	24905.0	False	High	True	True	0.025	0.0	100.0	1.5	9.0													
452973.5723	2.745200000004843	processed_trials			80.0	0.9042559945032047					True				High					100.0		9.0	40.0	40.0	False	True	False			16.328661017111735	0.1098	-0.24025291277019442	Right	0.1098	
452973.5723	0.10979999997653067	states																																	"       state_name
id               
3   wait_for_poke"
452973.6821	0.6354000000283122	states																																	"        state_name
id                
1   nose_in_center"
452974.3175	2.0	states																																	"          state_name
id                  
2   punish_violation"
452976.5616	2.6321999999927357	trials	1.0	2.0	80.0	1.1676944735449752	0.0	0.35	True	3320.0	True	False	24906.0	False	High	True	True	0.025	0.0	100.0	1.5	9.0													
452976.5616	2.6321999999927357	processed_trials			80.0	1.1676944735449752					True				High					100.0		9.0	40.0	40.0	False	True	False			16.328661017111735	0.0688	-0.24190501458309177	Right	0.0688	
452976.5616	0.06880000000819564	states																																	"       state_name
id               
3   wait_for_poke"
452976.6304	0.56339999998454	states																																	"        state_name
id                
1   nose_in_center"
452977.1938	2.0	states																																	"          state_name
id                  
2   punish_violation"
452979.4374	10.793200000014622	trials	1.0	2.0	80.0	1.0129978471981813	0.0	0.35	True	3320.0	True	False	24907.0	False	High	True	True	0.025	0.0	100.0	1.5	9.0													
452979.4374	10.793200000014622	processed_trials			80.0	1.0129978471981813					True				High					100.0		9.0	40.0	40.0	False	False	True	9.5201	9.5201	16.328661017111735	0.058	-0.24234020237770867	Left	0.058	
452979.4374	0.05800000001909211	states																																	"       state_name
id               
3   wait_for_poke"
452979.4954	1.0129999999771826	states																																	"        state_name
id                
1   nose_in_center"
452980.5084	0.001999999978579581	states																																	"   state_name
id           
5      go_cue"
452980.51039999997	9.520100000023376	states																																	"            state_name
id                    
6   wait_for_side_poke"
452990.0305	0.20000000001164153	states																																	"   state_name
id           
0     opt_out"
452990.2305	0.00010000000474974513	states																																	"    state_name
id            
7   stop_sound"
452990.4751	2.2497000000439584	trials	1.0	2.0	20.0	1.0129978	0.0	0.35	True	3320.0	True	False	24908.0	False	High	True	False	0.025	0.0	100.0	1.5	9.0													
452990.4751	2.2497000000439584	processed_trials			20.0	1.0129978					True				High					100.0		9.0	40.0	40.0	False	True	False			16.328661017111735	0.1651	-0.23802459008109136	Right	0.1651	
452990.4751	0.165099999983795	states																																	"       state_name
id               
3   wait_for_poke"
452990.64019999997	0.08460000000195578	states																																	"        state_name
id                
1   nose_in_center"
452990.72479999997	2.0	states																																	"          state_name
id                  
2   punish_violation"
452992.9763	2.4900999999954365	trials	1.0	2.0	20.0	0.8850092294206043	0.0	0.35	True	3320.0	False	False	24909.0	False	High	True	True	0.025	0.0	2.098389237042655	1.5	9.0													
452992.9763	2.4900999999954365	processed_trials			20.0	0.8850092294206043					False				High					2.098389237042655		9.0	40.0	40.0	False	True	False			16.328661017111735	0.25630000000000003	-0.23434967092654888	Left	0.25630000000000003	
452992.9763	0.25630000000819564	states																																	"       state_name
id               
3   wait_for_poke"
452993.2326	0.23379999998724088	states																																	"        state_name
id                
1   nose_in_center"
452993.4664	2.0	states																																	"          state_name
id                  
2   punish_violation"
452995.7164	6.806500000006054	trials	1.0	2.0	20.0	0.8447669592162017	0.0	0.35	True	3320.0	False	False	24910.0	False	High	True	True	0.025	0.0	5.123541114229494	1.5	9.0													
452995.7164	6.806500000006054	processed_trials			20.0	0.8447669592162017					False				High					5.123541114229494		9.0	40.0	40.0	True	False	False	5.123499999999999	5.123499999999999	16.328661017111735	0.6416000000000001	-0.21882394340193034	Right	0.6416000000000001	
452995.7164	0.6415999999735504	states																																	"       state_name
id               
3   wait_for_poke"
452996.35799999995	0.8448000000207685	states																																	"        state_name
id                
1   nose_in_center"
452997.20279999997	0.001999999978579581	states																																	"   state_name
id           
5      go_cue"
452997.20479999995	5.123500000045169	states																																	"            state_name
id                    
6   wait_for_side_poke"
453002.3283	0.022699999972246587	states																																	"         state_name
id                 
4   announce_reward"
453002.35099999997	0.1718000000109896	states																																	"   state_name
id           
8      reward"
453002.5228	0.00010000000474974513	states																																	"    state_name
id            
7   stop_sound"
453002.778	9.196200000005774	trials	1.0	2.0	20.0	0.946039838190475	0.0	0.35	True	3340.0	True	False	24911.0	False	High	True	False	0.025	0.0	100.0	1.5	9.0													
453002.778	9.196200000005774	processed_trials			20.0	0.946039838190475					True				High					100.0		9.0	40.0	40.0	False	False	True	5.807600000000001	5.807600000000001	16.328661017111735	2.2405	-0.1543960022155494	Left	0.8064	
453002.778	2.2405000000144355	states																																	"       state_name
id               
3   wait_for_poke"
453005.0185	0.9459999999962747	states																																	"        state_name
id                
1   nose_in_center"
453005.9645	0.001999999978579581	states																																	"   state_name
id           
5      go_cue"
453005.9665	5.807600000000093	states																																	"            state_name
id                    
6   wait_for_side_poke"
453011.7741	0.20000000001164153	states																																	"   state_name
id           
0     opt_out"
453011.9741	0.00010000000474974513	states																																	"    state_name
id            
7   stop_sound"
453012.2203	2.5278999999864027	trials	1.0	2.0	80.0	0.8871785136204182	0.0	0.35	True	3340.0	True	False	24912.0	False	High	True	False	0.025	0.0	100.0	1.5	9.0													
453012.2203	2.5278999999864027	processed_trials			80.0	0.8871785136204182					True				High					100.0		9.0	40.0	40.0	False	True	False			16.328661017111735	0.19640000000000002	-0.23676335138002583	Right	0.19640000000000002	
453012.2203	0.1964000000152737	states																																	"       state_name
id               
3   wait_for_poke"
453012.4167	0.331499999971129	states																																	"        state_name
id                
1   nose_in_center"
453012.7482	2.0	states																																	"          state_name
id                  
2   punish_violation"
453015.008	2.0563000000547618	trials	1.0	2.0	80.0	0.88717851	0.0	0.35	True	3340.0	False	False	24913.0	False	High	True	True	0.025	0.0	2.4074180009005275	1.5	9.0													
453015.008	2.0563000000547618	processed_trials			80.0	0.88717851					False				High					2.4074180009005275		9.0	40.0	40.0	False	True	False			16.328661017111735	0.0015	-0.2446168792662136	Left	0.0015	
453015.008	0.001500000013038516	states																																	"       state_name
id               
3   wait_for_poke"
453015.0095	0.05479999998351559	states																																	"        state_name
id                
1   nose_in_center"
453015.06429999997	2.0	states																																	"          state_name
id                  
2   punish_violation"
453017.3304	2.8294000000460073	trials	1.0	2.0	80.0	1.1098644802697217	0.0	0.35	True	3340.0	False	False	24914.0	False	High	True	True	0.025	0.0	0.6118075067299581	1.5	9.0													
453017.3304	2.8294000000460073	processed_trials			80.0	1.1098644802697217					False				High					0.6118075067299581		9.0	40.0	40.0	True	False	False	0.6118000000000001	0.6118000000000001	16.328661017111735	0.0484	-0.24272703597292367	Right	0.0484	
453017.3304	0.04840000002877787	states																																	"       state_name
id               
3   wait_for_poke"
453017.3788	1.1098999999812804	states																																	"        state_name
id                
1   nose_in_center"
453018.4887	0.001999999978579581	states																																	"   state_name
id           
5      go_cue"
453018.49069999997	0.6118000000133179	states																																	"            state_name
id                    
6   wait_for_side_poke"
453019.1025	0.4427000000141561	states																																	"         state_name
id                 
4   announce_reward"
453019.5452	0.614499999966938	states																																	"   state_name
id           
8      reward"
453020.15969999996	0.00010000000474974513	states																																	"    state_name
id            
7   stop_sound"
453020.4273	7.7295000000158325	trials	1.0	2.0	80.0	1.1913777005973296	0.0	0.35	True	3420.0	False	False	24915.0	False	High	True	False	0.025	0.0	4.688161477171351	1.5	9.0													
453020.4273	7.7295000000158325	processed_trials			80.0	1.1913777005973296					False				High					4.688161477171351		9.0	40.0	40.0	False	True	False			16.328661017111735	5.3754	-0.028074685794769034	Left	2.1948	
453020.4273	5.375400000018999	states																																	"       state_name
id               
3   wait_for_poke"
453025.8027	0.3540999999968335	states																																	"        state_name
id                
1   nose_in_center"
453026.1568	2.0	states																																	"          state_name
id                  
2   punish_violation"
453028.4087	5.98689999995986	trials	1.0	2.0	80.0	1.1353326851977836	0.0	0.35	True	3420.0	False	False	24916.0	False	High	True	True	0.025	0.0	4.01501962853123	1.5	9.0													
453028.4087	5.98689999995986	processed_trials			80.0	1.1353326851977836					False				High					4.01501962853123		9.0	40.0	40.0	True	False	False	4.015	4.015	16.328661017111735	0.0487	-0.2427149474230732	Left	0.0487	
453028.4087	0.04869999998481944	states																																	"       state_name
id               
3   wait_for_poke"
453028.4574	1.1353000000235625	states																																	"        state_name
id                
1   nose_in_center"
453029.59270000004	0.001999999978579581	states																																	"   state_name
id           
5      go_cue"
453029.5947	4.01500000001397	states																																	"            state_name
id                    
6   wait_for_side_poke"
453033.60970000003	0.21720000001369044	states																																	"         state_name
id                 
4   announce_reward"
453033.82690000004	0.5685999999986961	states																																	"   state_name
id           
8      reward"
453034.39550000004	0.00010000000474974513	states																																	"    state_name
id            
7   stop_sound"
453034.6658	21.303099999960978	trials	1.0	2.0	80.0	1.1791626461066007	0.0	0.35	True	3500.0	False	False	24917.0	False	High	True	False	0.025	0.0	0.839614614142513	1.5	9.0													
453034.6658	21.303099999960978	processed_trials			80.0	1.1791626461066007					False				High					0.839614614142513		9.0	40.0	40.0	False	True	False			16.328661017111735	18.169400000000003	0.4874616701615499	Right	10.253000000000004	
453034.6658	18.16940000001341	states																																	"       state_name
id               
3   wait_for_poke"
453052.83520000003	1.1337000000057742	states																																	"        state_name
id                
1   nose_in_center"
453053.96890000004	2.0	states																																	"          state_name
id                  
2   punish_violation"
453056.2174	16.665899999963585	trials	1.0	2.0	80.0	0.8076590603610733	0.0	0.35	True	3500.0	True	False	24918.0	False	High	True	True	0.025	0.0	100.0	1.5	9.0													
453056.2174	16.665899999963585	processed_trials			80.0	0.8076590603610733					True				High					100.0		9.0	40.0	40.0	False	False	True	15.582999999999998	15.582999999999998	16.328661017111735	0.0731	-0.2417317453685684	Right	0.0731	
453056.2174	0.07309999997960404	states																																	"       state_name
id               
3   wait_for_poke"
453056.2905	0.8077000000048429	states																																	"        state_name
id                
1   nose_in_center"
453057.0982	0.0020000000367872417	states																																	"   state_name
id           
5      go_cue"
453057.10020000004	15.582999999984168	states																																	"            state_name
id                    
6   wait_for_side_poke"
453072.6832	0.20000000001164153	states																																	"   state_name
id           
0     opt_out"
453072.88320000004	0.00010000000474974513	states																																	"    state_name
id            
7   stop_sound"
453073.1525	8.351299999980256	trials	1.0	2.0	40.0	1.1225555948853798	0.0	0.35	True	3500.0	False	False	24919.0	False	High	True	False	0.025	0.0	15.33835174378763	1.5	9.0													
453073.1525	8.351299999980256	processed_trials			40.0	1.1225555948853798					False				High					15.33835174378763		9.0	40.0	40.0	False	False	True	6.5097	6.5097	16.328661017111735	0.5169	-0.2238487506231085	Right	0.5169	
453073.1525	0.5168999999877997	states																																	"       state_name
id               
3   wait_for_poke"
453073.6694	1.1226000000024214	states																																	"        state_name
id                
1   nose_in_center"
453074.792	0.0020000000367872417	states																																	"   state_name
id           
5      go_cue"
453074.79400000005	6.509699999995064	states																																	"            state_name
id                    
6   wait_for_side_poke"
453081.30370000005	0.19999999995343387	states																																	"   state_name
id           
0     opt_out"
453081.5037	0.00010000000474974513	states																																	"    state_name
id            
7   stop_sound"
453081.7568	2.097200000018347	trials	1.0	2.0	40.0	0.9021472028677375	0.0	0.35	True	3500.0	True	False	24920.0	False	High	True	False	0.025	0.0	100.0	1.5	9.0													
453081.7568	2.097200000018347	processed_trials			40.0	0.9021472028677375					True				High					100.0		9.0	40.0	40.0	False	True	False			16.328661017111735	0.055	-0.24246108787621337	Right	0.055	
453081.7568	0.05499999999301508	states																																	"       state_name
id               
3   wait_for_poke"
453081.81179999997	0.042200000025331974	states																																	"        state_name
id                
1   nose_in_center"
453081.854	2.0	states																																	"          state_name
id                  
2   punish_violation"
453084.1111	7.278099999995902	trials	1.0	2.0	40.0	1.172088085764679	0.0	0.35	True	3500.0	False	False	24921.0	False	High	True	True	0.025	0.0	5.530739479735373	1.5	9.0													
453084.1111	7.278099999995902	processed_trials			40.0	1.172088085764679					False				High					5.530739479735373		9.0	40.0	40.0	True	False	False	5.5306999999999995	5.5306999999999995	16.328661017111735	0.0747	-0.24166727310269925	Left	0.0747	
453084.1111	0.0746999999973923	states																																	"       state_name
id               
3   wait_for_poke"
453084.1858	1.1721000000252388	states																																	"        state_name
id                
1   nose_in_center"
453085.3579	0.001999999978579581	states																																	"   state_name
id           
5      go_cue"
453085.3599	5.53070000000298	states																																	"            state_name
id                    
6   wait_for_side_poke"
453090.8906	0.20189999998547137	states																																	"         state_name
id                 
4   announce_reward"
453091.09249999997	0.2966000000014901	states																																	"   state_name
id           
8      reward"
453091.3891	0.00010000000474974513	states																																	"    state_name
id            
7   stop_sound"
453091.6594	16.666900000011083	trials	1.0	2.0	80.0	1.1720881	0.0	0.35	True	3540.0	True	False	24922.0	False	High	True	False	0.025	0.0	100.0	1.5	9.0													
453091.6594	16.666900000011083	processed_trials			80.0	1.1720881					True				High					100.0		9.0	40.0	40.0	False	False	True	9.764399999999998	9.764399999999998	16.328661017111735	5.5283	-0.02191355488764686	Left	1.5661999999999998	
453091.6594	5.528300000005402	states																																	"       state_name
id               
3   wait_for_poke"
453097.1877	1.1720999999670312	states																																	"        state_name
id                
1   nose_in_center"
453098.3598	0.0020000000367872417	states																																	"   state_name
id           
5      go_cue"
453098.3618	9.764399999985471	states																																	"            state_name
id                    
6   wait_for_side_poke"
453108.1262	0.20000000001164153	states																																	"   state_name
id           
0     opt_out"
453108.3262	0.00010000000474974513	states																																	"    state_name
id            
7   stop_sound"
453108.5975	2.050600000016857	trials	1.0	2.0	40.0	1.1211155453966994	0.0	0.35	True	3540.0	False	False	24923.0	False	High	True	False	0.025	0.0	2.8826490700829766	1.5	9.0													
453108.5975	2.050600000016857	processed_trials			40.0	1.1211155453966994					False				High					2.8826490700829766		9.0	40.0	40.0	False	True	False			16.328661017111735	0.0292	-0.24350070316335365	Left	0.0292	
453108.5975	0.029199999989941716	states																																	"       state_name
id               
3   wait_for_poke"
453108.62669999996	0.021400000026915222	states																																	"        state_name
id                
1   nose_in_center"
453108.6481	2.0	states																																	"          state_name
id                  
2   punish_violation"
453110.9096	2.5349999999743886	trials	1.0	2.0	40.0	1.1211155	0.0	0.35	True	3540.0	True	False	24924.0	False	High	True	True	0.025	0.0	100.0	1.5	9.0													
453110.9096	2.5349999999743886	processed_trials			40.0	1.1211155					True				High					100.0		9.0	40.0	40.0	False	True	False			16.328661017111735	0.15930000000000002	-0.2382583020448671	Left	0.15930000000000002	
453110.9096	0.15929999999934807	states																																	"       state_name
id               
3   wait_for_poke"
453111.0689	0.37569999997504056	states																																	"        state_name
id                
1   nose_in_center"
453111.4446	2.0	states																																	"          state_name
id                  
2   punish_violation"
453113.712	2.422900000005029	trials	1.0	2.0	40.0	1.1062459892276393	0.0	0.35	True	3540.0	False	False	24925.0	False	High	True	True	0.025	0.0	5.3362446715733824	1.5	9.0													
453113.712	2.422900000005029	processed_trials			40.0	1.1062459892276393					False				High					5.3362446715733824		9.0	40.0	40.0	False	True	False			16.328661017111735	0.10779999999999999	-0.24033350310253088	Right	0.10779999999999999	
453113.712	0.10779999999795109	states																																	"       state_name
id               
3   wait_for_poke"
453113.8198	0.31510000000707805	states																																	"        state_name
id                
1   nose_in_center"
453114.1349	2.0	states																																	"          state_name
id                  
2   punish_violation"
453116.3992	6.019800000009127	trials	1.0	2.0	40.0	0.8323140739378885	0.0	0.35	True	3540.0	False	False	24926.0	False	High	True	True	0.025	0.0	4.176513613809638	1.5	9.0													
453116.3992	6.019800000009127	processed_trials			40.0	0.8323140739378885					False				High					4.176513613809638		9.0	40.0	40.0	True	False	False	4.1765	4.1765	16.328661017111735	0.5444	-0.22274063355348223	Right	0.5444	
453116.3992	0.544400000013411	states																																	"       state_name
id               
3   wait_for_poke"
453116.9436	0.832300000009127	states																																	"        state_name
id                
1   nose_in_center"
453117.7759	0.001999999978579581	states																																	"   state_name
id           
5      go_cue"
453117.7779	4.176500000001397	states																																	"            state_name
id                    
6   wait_for_side_poke"
453121.9544	0.1476000000257045	states																																	"         state_name
id                 
4   announce_reward"
453122.102	0.31689999997615814	states																																	"   state_name
id           
8      reward"
453122.4189	0.00010000000474974513	states																																	"    state_name
id            
7   stop_sound"
453122.6806	6.977899999998044	trials	1.0	2.0	40.0	1.0000488035974633	0.0	0.35	True	3580.0	True	False	24927.0	False	High	True	False	0.025	0.0	100.0	1.5	9.0													
453122.6806	6.977899999998044	processed_trials			40.0	1.0000488035974633					True				High					100.0		9.0	40.0	40.0	False	True	False			16.328661017111735	4.4425	-0.06566604631310966	Right	1.2823000000000002	
453122.6806	4.442500000004657	states																																	"       state_name
id               
3   wait_for_poke"
453127.1231	0.5353999999933876	states																																	"        state_name
id                
1   nose_in_center"
453127.6585	2.0	states																																	"          state_name
id                  
2   punish_violation"
453129.9292	28.762999999977183	trials	1.0	2.0	40.0	1.1869517858747702	0.0	0.35	True	3580.0	True	False	24928.0	False	High	True	True	0.025	0.0	100.0	1.5	9.0													
453129.9292	28.762999999977183	processed_trials			40.0	1.1869517858747702					True				High					100.0		9.0	40.0	40.0	False	False	True		27.0633	16.328661017111735	0.31060000000000004	-0.2321616434036141	Right	0.31060000000000004	
453129.9292	0.31060000002617016	states																																	"       state_name
id               
3   wait_for_poke"
453130.23980000004	1.1869999999762513	states																																	"        state_name
id                
1   nose_in_center"
453131.4268	0.001999999978579581	states																																	"   state_name
id           
5      go_cue"
453131.4288	27.063300000037998	states																																	"            state_name
id                    
6   wait_for_side_poke"
453158.49210000003	0.19999999995343387	states																																	"   state_name
id           
0     opt_out"
453158.6921	0.00010000000474974513	states																																	"    state_name
id            
7   stop_sound"
453158.9561	2.3092000000178814	trials	1.0	2.0	20.0	1.130249582414272	0.0	0.35	True	3580.0	True	False	24929.0	False	High	True	False	0.025	0.0	100.0	1.5	9.0													
453158.9561	2.3092000000178814	processed_trials			20.0	1.130249582414272					True				High					100.0		9.0	40.0	40.0	False	True	False			16.328661017111735	0.1216	-0.23977742980940933	Right	0.1216	
453158.9561	0.12160000001313165	states																																	"       state_name
id               
3   wait_for_poke"
453159.0777	0.18760000000474975	states																																	"        state_name
id                
1   nose_in_center"
453159.2653	2.0	states																																	"          state_name
id                  
2   punish_violation"
453161.5211	2.8237000000081025	trials	1.0	2.0	20.0	1.126076787136089	0.0	0.35	True	3580.0	False	False	24930.0	False	High	True	True	0.025	0.0	0.8653420294288052	1.5	9.0													
453161.5211	2.8237000000081025	processed_trials			20.0	1.126076787136089					False				High					0.8653420294288052		9.0	40.0	40.0	True	False	False	0.8653000000000004	0.8653000000000004	16.328661017111735	0.4745	-0.2255572656686414	Right	0.4745	
453161.5211	0.47450000001117587	states																																	"       state_name
id               
3   wait_for_poke"
453161.9956	1.1260999999940395	states																																	"        state_name
id                
1   nose_in_center"
453163.1217	0.001999999978579581	states																																	"   state_name
id           
5      go_cue"
453163.1237	0.865300000004936	states																																	"            state_name
id                    
6   wait_for_side_poke"
453163.989	0.18390000000363216	states																																	"         state_name
id                 
4   announce_reward"
453164.1729	0.1718000000109896	states																																	"   state_name
id           
8      reward"
453164.3447	0.00010000000474974513	states																																	"    state_name
id            
7   stop_sound"
453164.617	6.301099999982398	trials	1.0	2.0	20.0	0.8482148800341536	0.0	0.35	True	3600.0	False	False	24931.0	False	High	True	False	0.025	0.0	0.5602999447215148	1.5	9.0													
453164.617	6.301099999982398	processed_trials			20.0	0.8482148800341536					False				High					0.5602999447215148		9.0	40.0	40.0	False	True	False			16.328661017111735	3.7401999999999997	-0.09396534151305672	Right	1.3159999999999998	
453164.617	3.7402000000001863	states																																	"       state_name
id               
3   wait_for_poke"
453168.3572	0.5608999999822117	states																																	"        state_name
id                
1   nose_in_center"
453168.9181	2.0	states																																	"          state_name
id                  
2   punish_violation"
453171.1823	6.265300000028219	trials	1.0	2.0	20.0	1.096040436518735	0.0	0.35	True	3600.0	False	False	24932.0	False	High	True	True	0.025	0.0	0.6933851022593458	1.5	9.0													
453171.1823	6.265300000028219	processed_trials			20.0	1.096040436518735					False				High					0.6933851022593458		9.0	40.0	40.0	False	True	False			16.328661017111735	3.9043	-0.08735290474485036	Left	3.9043	
453171.1823	3.9042999999946915	states																																	"       state_name
id               
3   wait_for_poke"
453175.0866	0.3610000000335276	states																																	"        state_name
id                
1   nose_in_center"
453175.4476	2.0	states																																	"          state_name
id                  
2   punish_violation"
453177.722	3.5166999999783	trials	1.0	2.0	20.0	1.0960404	0.0	0.35	True	3600.0	False	False	24933.0	False	High	True	True	0.025	0.0	1.4849395684504545	1.5	9.0													
453177.722	3.5166999999783	processed_trials			20.0	1.0960404					False				High					1.4849395684504545		9.0	40.0	40.0	True	False	False	1.4849	1.4849	16.328661017111735	0.7089	-0.21611207871880858	Right	0.7089	
453177.722	0.7089000000269152	states																																	"       state_name
id               
3   wait_for_poke"
453178.43090000004	1.0959999999613501	states																																	"        state_name
id                
1   nose_in_center"
453179.5269	0.0020000000367872417	states																																	"   state_name
id           
5      go_cue"
453179.52890000003	1.4848999999812804	states																																	"            state_name
id                    
6   wait_for_side_poke"
453181.0138	0.0530000000144355	states																																	"         state_name
id                 
4   announce_reward"
453181.06680000003	0.17179999995278195	states																																	"   state_name
id           
8      reward"
453181.2386	0.00010000000474974513	states																																	"    state_name
id            
7   stop_sound"
453181.508	6.271000000007916	trials	1.0	2.0	40.0	0.9976617911948367	0.0	0.35	True	3620.0	False	False	24934.0	False	High	True	False	0.025	0.0	0.8684397979897351	1.5	9.0													
453181.508	6.271000000007916	processed_trials			40.0	0.9976617911948367					False				High					0.8684397979897351		9.0	40.0	40.0	False	True	False			16.328661017111735	3.8829000000000002	-0.08821522130085045	Right	1.4042000000000003	
453181.508	3.882900000025984	states																																	"       state_name
id               
3   wait_for_poke"
453185.3909	0.38809999998193234	states																																	"        state_name
id                
1   nose_in_center"
453185.779	2.0	states																																	"          state_name
id                  
2   punish_violation"
453188.0496	2.0517999999574386	trials	1.0	2.0	40.0	1.0137786867856955	0.0	0.35	True	3620.0	False	False	24935.0	False	High	True	True	0.025	0.0	2.2430385120621676	1.5	9.0													
453188.0496	2.0517999999574386	processed_trials			40.0	1.0137786867856955					False				High					2.2430385120621676		9.0	40.0	40.0	False	True	False			16.328661017111735	0.001	-0.2446370268492977	Left	0.001	
453188.0496	0.0009999999892897904	states																																	"       state_name
id               
3   wait_for_poke"
453188.0506	0.05080000002635643	states																																	"        state_name
id                
1   nose_in_center"
453188.10140000004	2.0	states																																	"          state_name
id                  
2   punish_violation"
453190.3653	8.661399999982677	trials	1.0	2.0	40.0	0.8470206507566755	0.0	0.35	True	3620.0	True	False	24936.0	False	High	True	True	0.025	0.0	100.0	1.5	9.0													
453190.3653	8.661399999982677	processed_trials			40.0	0.8470206507566755					True				High					100.0		9.0	40.0	40.0	False	False	True	7.561999999999999	7.561999999999999	16.328661017111735	0.0503	-0.24265047515720403	Right	0.0503	
453190.3653	0.0503000000026077	states																																	"       state_name
id               
3   wait_for_poke"
453190.4156	0.8470000000088476	states																																	"        state_name
id                
1   nose_in_center"
453191.2626	0.001999999978579581	states																																	"   state_name
id           
5      go_cue"
453191.2646	7.562000000034459	states																																	"            state_name
id                    
6   wait_for_side_poke"
453198.82660000003	0.19999999995343387	states																																	"   state_name
id           
0     opt_out"
453199.0266	0.00010000000474974513	states																																	"    state_name
id            
7   stop_sound"
453199.3029	2.397400000016205	trials	1.0	2.0	40.0	1.1094433705075655	0.0	0.35	True	3620.0	False	False	24937.0	False	High	True	False	0.025	0.0	0.7945937252627928	1.5	9.0													
453199.3029	2.397400000016205	processed_trials			40.0	1.1094433705075655					False				High					0.7945937252627928		9.0	40.0	40.0	True	False	False	0.7946000000000002	0.7946000000000002	16.328661017111735	0.13419999999999999	-0.23926971071568964	Left	0.13419999999999999	
453199.3029	0.13419999997131526	states																																	"       state_name
id               
3   wait_for_poke"
453199.4371	1.1094000000157394	states																																	"        state_name
id                
1   nose_in_center"
453200.5465	0.0020000000367872417	states																																	"   state_name
id           
5      go_cue"
453200.54850000003	0.7945999999647029	states																																	"            state_name
id                    
6   wait_for_side_poke"
453201.3431	0.06050000002142042	states																																	"         state_name
id                 
4   announce_reward"
453201.4036	0.2966000000014901	states																																	"   state_name
id           
8      reward"
453201.7002	0.00010000000474974513	states																																	"    state_name
id            
7   stop_sound"
453201.9715	6.997900000016671	trials	1.0	2.0	80.0	1.1434641630788764	0.0	0.35	True	3660.0	True	False	24938.0	False	High	True	False	0.025	0.0	100.0	1.5	9.0													
453201.9715	6.997900000016671	processed_trials			80.0	1.1434641630788764					True				High					100.0		9.0	40.0	40.0	False	True	False			16.328661017111735	4.6712	-0.05645054181043574	Left	0.9695	
453201.9715	4.671199999982491	states																																	"       state_name
id               
3   wait_for_poke"
453206.64269999997	0.32670000003417954	states																																	"        state_name
id                
1   nose_in_center"
453206.9694	2.0	states																																	"          state_name
id                  
2   punish_violation"
453209.235	4.7088000000221655	trials	1.0	2.0	80.0	0.9020086411050571	0.0	0.35	True	3660.0	False	False	24939.0	False	High	True	True	0.025	0.0	3.105588656218234	1.5	9.0													
453209.235	4.7088000000221655	processed_trials			80.0	0.9020086411050571					False				High					3.105588656218234		9.0	40.0	40.0	True	False	False	3.1056	3.1056	16.328661017111735	0.0319	-0.24339190621469942	Right	0.0319	
453209.235	0.03190000000176951	states																																	"       state_name
id               
3   wait_for_poke"
453209.2669	0.9020000000018626	states																																	"        state_name
id                
1   nose_in_center"
453210.1689	0.001999999978579581	states																																	"   state_name
id           
5      go_cue"
453210.17089999997	3.105600000009872	states																																	"            state_name
id                    
6   wait_for_side_poke"
453213.2765	0.052700000000186265	states																																	"         state_name
id                 
4   announce_reward"
453213.3292	0.6145000000251457	states																																	"   state_name
id           
8      reward"
453213.9437	0.00010000000474974513	states																																	"    state_name
id            
7   stop_sound"
453214.2201	12.334900000016205	trials	1.0	2.0	20.0	0.8199486334926032	0.0	0.35	True	3740.0	False	False	24940.0	False	High	True	False	0.025	0.0	7.425291692804753	1.5	9.0													
453214.2201	12.334900000016205	processed_trials			20.0	0.8199486334926032					False				High					7.425291692804753		9.0	40.0	40.0	False	False	True	5.588799999999998	5.588799999999998	16.328661017111735	5.7241	-0.014023761351907662	Right	1.5693000000000001	
453214.2201	5.724099999992177	states																																	"       state_name
id               
3   wait_for_poke"
453219.94419999997	0.8199000000022352	states																																	"        state_name
id                
1   nose_in_center"
453220.7641	0.001999999978579581	states																																	"   state_name
id           
5      go_cue"
453220.76609999995	5.588800000026822	states																																	"            state_name
id                    
6   wait_for_side_poke"
453226.3549	0.20000000001164153	states																																	"   state_name
id           
0     opt_out"
453226.5549	0.00010000000474974513	states																																	"    state_name
id            
7   stop_sound"
453226.8229	2.633299999986775	trials	1.0	2.0	20.0	1.0360216430284772	0.0	0.35	True	3740.0	False	False	24941.0	False	High	True	False	0.025	0.0	2.0232287037887957	1.5	9.0													
453226.8229	2.633299999986775	processed_trials			20.0	1.0360216430284772					False				High					2.0232287037887957		9.0	40.0	40.0	False	True	False			16.328661017111735	0.1623	-0.23813741654636242	Left	0.1623	
453226.8229	0.1623000000254251	states																																	"       state_name
id               
3   wait_for_poke"
453226.98520000005	0.4709999999613501	states																																	"        state_name
id                
1   nose_in_center"
453227.4562	2.0	states																																	"          state_name
id                  
2   punish_violation"
453229.7216	4.476200000033714	trials	1.0	2.0	20.0	1.0892043846763824	0.0	0.35	True	3740.0	False	False	24942.0	False	High	True	True	0.025	0.0	2.9644404381522795	1.5	9.0													
453229.7216	4.476200000033714	processed_trials			20.0	1.0892043846763824					False				High					2.9644404381522795		9.0	40.0	40.0	True	False	False	2.9644000000000004	2.9644000000000004	16.328661017111735	0.1631	-0.23810518041342782	Left	0.1631	
453229.7216	0.1631000000052154	states																																	"       state_name
id               
3   wait_for_poke"
453229.8847	1.0891999999876134	states																																	"        state_name
id                
1   nose_in_center"
453230.9739	0.001999999978579581	states																																	"   state_name
id           
5      go_cue"
453230.97589999996	2.9644000000553206	states																																	"            state_name
id                    
6   wait_for_side_poke"
453233.9403	0.09549999999580905	states																																	"         state_name
id                 
4   announce_reward"
453234.0358	0.16190000000642613	states																																	"   state_name
id           
8      reward"
453234.1977	9.999994654208422e-05	states																																	"    state_name
id            
7   stop_sound"
453234.4764	5.617300000041723	trials	1.0	2.0	20.0	0.9200637301345655	0.0	0.35	True	3760.0	False	False	24943.0	False	High	True	False	0.025	0.0	1.30476472257518	1.5	9.0													
453234.4764	5.617300000041723	processed_trials			20.0	0.9200637301345655					False				High					1.30476472257518		9.0	40.0	40.0	False	True	False			16.328661017111735	3.5831999999999997	-0.10029168260146863	Left	0.6321999999999997	
453234.4764	3.583199999993667	states																																	"       state_name
id               
3   wait_for_poke"
453238.0596	0.034099999989848584	states																																	"        state_name
id                
1   nose_in_center"
453238.09369999997	2.0	states																																	"          state_name
id                  
2   punish_violation"
453240.3537	7.10740000003716	trials	1.0	2.0	20.0	1.1097063999442844	0.0	0.35	True	3760.0	False	False	24944.0	False	High	True	True	0.025	0.0	5.5169837087870075	1.5	9.0													
453240.3537	7.10740000003716	processed_trials			20.0	1.1097063999442844					False				High					5.5169837087870075		9.0	40.0	40.0	True	False	False	5.5169999999999995	5.5169999999999995	16.328661017111735	0.1422	-0.23894734938634382	Right	0.1422	
453240.3537	0.1422000000020489	states																																	"       state_name
id               
3   wait_for_poke"
453240.4959	1.109699999971781	states																																	"        state_name
id                
1   nose_in_center"
453241.60559999995	0.0020000000367872417	states																																	"   state_name
id           
5      go_cue"
453241.6076	5.516999999992549	states																																	"            state_name
id                    
6   wait_for_side_poke"
453247.1246	0.16460000001825392	states																																	"         state_name
id                 
4   announce_reward"
453247.2892	0.17179999995278195	states																																	"   state_name
id           
8      reward"
453247.46099999995	0.00010000000474974513	states																																	"    state_name
id            
7   stop_sound"
453247.7284	4.768500000005588	trials	1.0	2.0	80.0	1.0754414270226036	0.0	0.35	True	3780.0	False	False	24945.0	False	High	True	False	0.025	0.0	6.3860362044176275	1.5	9.0													
453247.7284	4.768500000005588	processed_trials			80.0	1.0754414270226036					False				High					6.3860362044176275		9.0	40.0	40.0	False	True	False			16.328661017111735	2.4943	-0.14416908904205292	Right	0.8397999999999999	
453247.7284	2.494300000020303	states																																	"       state_name
id               
3   wait_for_poke"
453250.22270000004	0.2741999999852851	states																																	"        state_name
id                
1   nose_in_center"
453250.4969	2.0	states																																	"          state_name
id                  
2   punish_violation"
453252.7803	2.466899999999441	trials	1.0	2.0	80.0	1.0754414	0.0	0.35	True	3780.0	False	False	24946.0	False	High	True	True	0.025	0.0	2.57852220026306	1.5	9.0													
453252.7803	2.466899999999441	processed_trials			80.0	1.0754414					False				High					2.57852220026306		9.0	40.0	40.0	False	True	False			16.328661017111735	0.1755	-0.2376055203529418	Right	0.1755	
453252.7803	0.1755000000121072	states																																	"       state_name
id               
3   wait_for_poke"
453252.9558	0.291399999987334	states																																	"        state_name
id                
1   nose_in_center"
453253.2472	2.0	states																																	"          state_name
id                  
2   punish_violation"
453255.5198	8.2956000000122	trials	1.0	2.0	80.0	1.0141904408520739	0.0	0.35	True	3780.0	True	False	24947.0	False	High	True	True	0.025	0.0	100.0	1.5	9.0													
453255.5198	8.2956000000122	processed_trials			80.0	1.0141904408520739					True				High					100.0		9.0	40.0	40.0	False	False	True	7.048299999999999	7.048299999999999	16.328661017111735	0.031	-0.24342817186425086	Left	0.031	
453255.5198	0.031000000017229468	states																																	"       state_name
id               
3   wait_for_poke"
453255.5508	1.0141999999759719	states																																	"        state_name
id                
1   nose_in_center"
453256.565	0.001999999978579581	states																																	"   state_name
id           
5      go_cue"
453256.567	7.048300000024028	states																																	"            state_name
id                    
6   wait_for_side_poke"
453263.6153	0.20000000001164153	states																																	"   state_name
id           
0     opt_out"
453263.8153	0.00010000000474974513	states																																	"    state_name
id            
7   stop_sound"
453264.0972	2.0755999999819323	trials	1.0	2.0	40.0	0.9109957300146982	0.0	0.35	True	3780.0	False	False	24948.0	False	High	True	False	0.025	0.0	2.255885877033661	1.5	9.0													
453264.0972	2.0755999999819323	processed_trials			40.0	0.9109957300146982					False				High					2.255885877033661		9.0	40.0	40.0	False	True	False			16.328661017111735	0.0441	-0.24290030518744704	Right	0.0441	
453264.0972	0.04409999999916181	states																																	"       state_name
id               
3   wait_for_poke"
453264.1413	0.03149999998277053	states																																	"        state_name
id                
1   nose_in_center"
453264.1728	2.0	states																																	"          state_name
id                  
2   punish_violation"
453266.4478	2.778099999995902	trials	1.0	2.0	40.0	1.0912566031842683	0.0	0.35	True	3780.0	False	False	24949.0	False	High	True	True	0.025	0.0	1.3030643437227116	1.5	9.0													
453266.4478	2.778099999995902	processed_trials			40.0	1.0912566031842683					False				High					1.3030643437227116		9.0	40.0	40.0	True	False	False	1.3031	1.3031	16.328661017111735	0.018600000000000002	-0.24392783192473688	Right	0.018600000000000002	
453266.4478	0.01860000001033768	states																																	"       state_name
id               
3   wait_for_poke"
453266.46640000003	1.0912999999709427	states																																	"        state_name
id                
1   nose_in_center"
453267.5577	0.0020000000367872417	states																																	"   state_name
id           
5      go_cue"
453267.55970000004	1.3030999999609776	states																																	"            state_name
id                    
6   wait_for_side_poke"
453268.8628	0.04610000003594905	states																																	"         state_name
id                 
4   announce_reward"
453268.90890000004	0.31689999997615814	states																																	"   state_name
id           
8      reward"
453269.2258	0.00010000000474974513	states																																	"    state_name
id            
7   stop_sound"
453269.5102	6.7801999999792315	trials	1.0	2.0	80.0	1.0134098699915604	0.0	0.35	True	3820.0	False	False	24950.0	False	High	True	False	0.025	0.0	1.194028864953627	1.5	9.0													
453269.5102	6.7801999999792315	processed_trials			80.0	1.0134098699915604					False				High					1.194028864953627		9.0	40.0	40.0	False	True	False			16.328661017111735	4.237100000000001	-0.0739426734440638	Left	1.4105000000000008	
453269.5102	4.237100000027567	states																																	"       state_name
id               
3   wait_for_poke"
453273.74730000005	0.5430999999516644	states																																	"        state_name
id                
1   nose_in_center"
453274.2904	2.0	states																																	"          state_name
id                  
2   punish_violation"
453276.5602	8.43849999998929	trials	1.0	2.0	80.0	0.8303105003068327	0.0	0.35	True	3820.0	True	False	24951.0	False	High	True	True	0.025	0.0	100.0	1.5	9.0													
453276.5602	8.43849999998929	processed_trials			80.0	0.8303105003068327					True				High					100.0		9.0	40.0	40.0	False	False	True	7.3971	7.3971	16.328661017111735	0.009	-0.24431466551995187	Left	0.009	
453276.5602	0.009000000020023435	states																																	"       state_name
id               
3   wait_for_poke"
453276.5692	0.8302999999723397	states																																	"        state_name
id                
1   nose_in_center"
453277.3995	0.001999999978579581	states																																	"   state_name
id           
5      go_cue"
453277.4015	7.397100000001956	states																																	"            state_name
id                    
6   wait_for_side_poke"
453284.7986	0.20000000001164153	states																																	"   state_name
id           
0     opt_out"
453284.9986	0.00010000000474974513	states																																	"    state_name
id            
7   stop_sound"
453285.2889	2.617599999997765	trials	1.0	2.0	80.0	0.9623801535928376	0.0	0.35	True	3820.0	True	False	24952.0	False	High	True	False	0.025	0.0	100.0	1.5	9.0													
453285.2889	2.617599999997765	processed_trials			80.0	0.9623801535928376					True				High					100.0		9.0	40.0	40.0	False	True	False			16.328661017111735	0.0587	-0.2423119957613909	Right	0.0587	
453285.2889	0.05869999999413267	states																																	"       state_name
id               
3   wait_for_poke"
453285.3476	0.5589000000036322	states																																	"        state_name
id                
1   nose_in_center"
453285.9065	2.0	states																																	"          state_name
id                  
2   punish_violation"
453288.1799	2.709199999982957	trials	1.0	2.0	80.0	1.1706776578980558	0.0	0.35	True	3820.0	False	False	24953.0	False	High	True	True	0.025	0.0	3.183359532913928	1.5	9.0													
453288.1799	2.709199999982957	processed_trials			80.0	1.1706776578980558					False				High					3.183359532913928		9.0	40.0	40.0	False	True	False			16.328661017111735	0.13269999999999998	-0.239330153464942	Right	0.13269999999999998	
453288.1799	0.1327000000164844	states																																	"       state_name
id               
3   wait_for_poke"
453288.3126	0.5764999999664724	states																																	"        state_name
id                
1   nose_in_center"
453288.8891	2.0	states																																	"          state_name
id                  
2   punish_violation"
453291.1746	4.980499999946915	trials	1.0	2.0	80.0	0.8250521232557271	0.0	0.35	True	3820.0	False	False	24954.0	False	High	True	True	0.025	0.0	3.1833595	1.5	9.0													
453291.1746	4.980499999946915	processed_trials			80.0	0.8250521232557271					False				High					3.1833595		9.0	40.0	40.0	True	False	False	3.1834000000000007	3.1834000000000007	16.328661017111735	0.26330000000000003	-0.2340676047633713	Left	0.26330000000000003	
453291.1746	0.26329999999143183	states																																	"       state_name
id               
3   wait_for_poke"
453291.4379	0.8251000000163913	states																																	"        state_name
id                
1   nose_in_center"
453292.26300000004	0.001999999978579581	states																																	"   state_name
id           
5      go_cue"
453292.265	3.183400000038091	states																																	"            state_name
id                    
6   wait_for_side_poke"
453295.44840000005	0.1379999999771826	states																																	"         state_name
id                 
4   announce_reward"
453295.58640000003	0.5685999999986961	states																																	"   state_name
id           
8      reward"
453296.155	0.00010000000474974513	states																																	"    state_name
id            
7   stop_sound"
453296.4798	9.380300000018906	trials	1.0	2.0	40.0	0.8570065175400252	0.0	0.35	True	3900.0	False	False	24955.0	False	High	True	False	0.025	0.0	0.6332780798074387	1.5	9.0													
453296.4798	9.380300000018906	processed_trials			40.0	0.8570065175400252					False				High					0.6332780798074387		9.0	40.0	40.0	False	True	False			16.328661017111735	7.0526	0.039508366902584253	Left	0.4939	
453296.4798	7.0525999999954365	states																																	"       state_name
id               
3   wait_for_poke"
453303.53239999997	0.32770000002346933	states																																	"        state_name
id                
1   nose_in_center"
453303.8601	2.0	states																																	"          state_name
id                  
2   punish_violation"
453306.1427	9.669399999955203	trials	1.0	2.0	40.0	0.9779952075267273	0.0	0.35	True	3900.0	True	False	24956.0	False	High	True	True	0.025	0.0	100.0	1.5	9.0													
453306.1427	9.669399999955203	processed_trials			40.0	0.9779952075267273					True				High					100.0		9.0	40.0	40.0	False	False	True	8.3464	8.3464	16.328661017111735	0.1429	-0.23891914277002604	Right	0.1429	
453306.1427	0.14289999997708946	states																																	"       state_name
id               
3   wait_for_poke"
453306.2856	0.978000000002794	states																																	"        state_name
id                
1   nose_in_center"
453307.2636	0.0020000000367872417	states																																	"   state_name
id           
5      go_cue"
453307.26560000004	8.346399999980349	states																																	"            state_name
id                    
6   wait_for_side_poke"
453315.612	0.20000000001164153	states																																	"   state_name
id           
0     opt_out"
453315.81200000003	0.00010000000474974513	states																																	"    state_name
id            
7   stop_sound"
453316.0876	2.9646999999531545	trials	1.0	2.0	40.0	1.104998722803672	0.0	0.35	True	3900.0	False	False	24957.0	False	High	True	False	0.025	0.0	3.406494103795609	1.5	9.0													
453316.0876	2.9646999999531545	processed_trials			40.0	1.104998722803672					False				High					3.406494103795609		9.0	40.0	40.0	False	True	False			16.328661017111735	0.6349	-0.2190939210152575	Right	0.6349	
453316.0876	0.6349000000045635	states																																	"       state_name
id               
3   wait_for_poke"
453316.72250000003	0.32980000000679865	states																																	"        state_name
id                
1   nose_in_center"
453317.05230000004	2.0	states																																	"          state_name
id                  
2   punish_violation"
453319.3254	9.82540000003064	trials	1.0	2.0	40.0	0.9260692017634555	0.0	0.35	True	3900.0	True	False	24958.0	False	High	True	True	0.025	0.0	100.0	1.5	9.0													
453319.3254	9.82540000003064	processed_trials			40.0	0.9260692017634555					True				High					100.0		9.0	40.0	40.0	False	False	True	8.636899999999999	8.636899999999999	16.328661017111735	0.0603	-0.24224752349552175	Left	0.0603	
453319.3254	0.06030000001192093	states																																	"       state_name
id               
3   wait_for_poke"
453319.3857	0.926099999982398	states																																	"        state_name
id                
1   nose_in_center"
453320.31179999997	0.001999999978579581	states																																	"   state_name
id           
5      go_cue"
453320.31379999995	8.63690000004135	states																																	"            state_name
id                    
6   wait_for_side_poke"
453328.9507	0.20000000001164153	states																																	"   state_name
id           
0     opt_out"
453329.1507	9.999994654208422e-05	states																																	"    state_name
id            
7   stop_sound"
453329.4397	2.198900000017602	trials	1.0	2.0	80.0	1.1171332572570056	0.0	0.35	True	3900.0	True	False	24959.0	False	High	True	False	0.025	0.0	100.0	1.5	9.0													
453329.4397	2.198900000017602	processed_trials			80.0	1.1171332572570056					True				High					100.0		9.0	40.0	40.0	False	True	False			16.328661017111735	0.16519999999999999	-0.23802056056447457	Left	0.16519999999999999	
453329.4397	0.16519999998854473	states																																	"       state_name
id               
3   wait_for_poke"
453329.6049	0.033700000029057264	states																																	"        state_name
id                
1   nose_in_center"
453329.6386	2.0	states																																	"          state_name
id                  
2   punish_violation"
453331.9201	6.026100000017323	trials	1.0	2.0	80.0	1.16591669527124	0.0	0.35	True	3900.0	False	False	24960.0	False	High	True	True	0.025	0.0	4.031785066543756	1.5	9.0													
453331.9201	6.026100000017323	processed_trials			80.0	1.16591669527124					False				High					4.031785066543756		9.0	40.0	40.0	True	False	False	4.0318	4.0318	16.328661017111735	0.0882	-0.24112328835942817	Right	0.0882	
453331.9201	0.08819999999832362	states																																	"       state_name
id               
3   wait_for_poke"
453332.0083	1.165900000021793	states																																	"        state_name
id                
1   nose_in_center"
453333.1742	0.001999999978579581	states																																	"   state_name
id           
5      go_cue"
453333.1762	4.03179999999702	states																																	"            state_name
id                    
6   wait_for_side_poke"
453337.208	0.12359999999171123	states																																	"         state_name
id                 
4   announce_reward"
453337.3316	0.6145000000251457	states																																	"   state_name
id           
8      reward"
453337.9461	0.00010000000474974513	states																																	"    state_name
id            
7   stop_sound"
453338.2322	8.14089999999851	trials	1.0	2.0	20.0	0.8354942191359437	0.0	0.35	True	3980.0	False	False	24961.0	False	High	True	False	0.025	0.0	0.0516987473289081	1.5	9.0													
453338.2322	8.14089999999851	processed_trials			20.0	0.8354942191359437					False				High					0.0516987473289081		9.0	40.0	40.0	False	True	False			16.328661017111735	5.925800000000001	-0.005896226335775893	Left	1.5792000000000002	
453338.2322	5.925800000026356	states																																	"       state_name
id               
3   wait_for_poke"
453344.15800000005	0.21509999997215346	states																																	"        state_name
id                
1   nose_in_center"
453344.3731	2.0	states																																	"          state_name
id                  
2   punish_violation"
453346.6551	5.100000000034925	trials	1.0	2.0	20.0	1.0280622011375684	0.0	0.35	True	3980.0	False	False	24962.0	False	High	True	True	0.025	0.0	0.16156701298634377	1.5	9.0													
453346.6551	5.100000000034925	processed_trials			20.0	1.0280622011375684					False				High					0.16156701298634377		9.0	40.0	40.0	True	False	False	0.16159999999999997	0.16159999999999997	16.328661017111735	2.9919000000000002	-0.12411821435674228	Right	2.9919000000000002	
453346.6551	2.9919000000227243	states																																	"       state_name
id               
3   wait_for_poke"
453349.647	1.0280999999959022	states																																	"        state_name
id                
1   nose_in_center"
453350.6751	0.001999999978579581	states																																	"   state_name
id           
5      go_cue"
453350.6771	0.1615999999921769	states																																	"            state_name
id                    
6   wait_for_side_poke"
453350.83869999996	0.7445000000298023	states																																	"         state_name
id                 
4   announce_reward"
453351.5832	0.17179999995278195	states																																	"   state_name
id           
8      reward"
453351.75499999995	0.00010000000474974513	states																																	"    state_name
id            
7   stop_sound"
453352.0487	7.29759999999078	trials	1.0	2.0	40.0	0.8431835178385018	0.0	0.35	True	4000.0	False	False	24963.0	False	High	True	False	0.025	0.0	4.02130343019398	1.5	9.0													
453352.0487	7.29759999999078	processed_trials			40.0	0.8431835178385018					False				High					4.02130343019398		9.0	40.0	40.0	False	True	False			16.328661017111735	4.8585	-0.04890325718712647	Left	1.1652	
453352.0487	4.858499999972992	states																																	"       state_name
id               
3   wait_for_poke"
453356.90719999996	0.43910000001778826	states																																	"        state_name
id                
1   nose_in_center"
453357.3463	2.0	states																																	"          state_name
id                  
2   punish_violation"
453359.64	2.518099999986589	trials	1.0	2.0	40.0	0.802504426912539	0.0	0.35	True	4000.0	False	False	24964.0	False	High	True	True	0.025	0.0	4.0213034	1.5	9.0													
453359.64	2.518099999986589	processed_trials			40.0	0.802504426912539					False				High					4.0213034		9.0	40.0	40.0	False	True	False			16.328661017111735	0.045700000000000005	-0.24283583292157787	Right	0.045700000000000005	
453359.64	0.04570000001695007	states																																	"       state_name
id               
3   wait_for_poke"
453359.68570000003	0.4723999999696389	states																																	"        state_name
id                
1   nose_in_center"
453360.1581	2.0	states																																	"          state_name
id                  
2   punish_violation"
453362.4489	10.429599999974016	trials	1.0	2.0	40.0	1.1973391867316105	0.0	0.35	True	4000.0	True	False	24965.0	False	High	True	True	0.025	0.0	100.0	1.5	9.0													
453362.4489	10.429599999974016	processed_trials			40.0	1.1973391867316105					True				High					100.0		9.0	40.0	40.0	False	False	True	8.419599999999999	8.419599999999999	16.328661017111735	0.6106	-0.22007309355314547	Right	0.6106	
453362.4489	0.6106000000145286	states																																	"       state_name
id               
3   wait_for_poke"
453363.05950000003	1.1972999999998137	states																																	"        state_name
id                
1   nose_in_center"
453364.25680000003	0.001999999978579581	states																																	"   state_name
id           
5      go_cue"
453364.2588	8.41960000002291	states																																	"            state_name
id                    
6   wait_for_side_poke"
453372.67840000003	0.20000000001164153	states																																	"   state_name
id           
0     opt_out"
453372.87840000005	9.999994654208422e-05	states																																	"    state_name
id            
7   stop_sound"
453373.1674	2.3426000000326894	trials	1.0	2.0	20.0	0.8723457570633877	0.0	0.35	True	4000.0	True	False	24966.0	False	High	True	False	0.025	0.0	100.0	1.5	9.0													
453373.1674	2.3426000000326894	processed_trials			20.0	0.8723457570633877					True				High					100.0		9.0	40.0	40.0	False	True	False			16.328661017111735	0.2409	-0.23497021648553965	Left	0.2409	
453373.1674	0.24089999997522682	states																																	"       state_name
id               
3   wait_for_poke"
453373.40829999995	0.10169999999925494	states																																	"        state_name
id                
1   nose_in_center"
453373.50999999995	2.0	states																																	"          state_name
id                  
2   punish_violation"
453375.8037	2.900599999993574	trials	1.0	2.0	20.0	0.8151497596604197	0.0	0.35	True	4000.0	True	False	24967.0	False	High	True	True	0.025	0.0	100.0	1.5	9.0													
453375.8037	2.900599999993574	processed_trials			20.0	0.8151497596604197					True				High					100.0		9.0	40.0	40.0	False	True	False			16.328661017111735	0.5585	-0.22217247171051016	Left	0.5585	
453375.8037	0.5584999999846332	states																																	"       state_name
id               
3   wait_for_poke"
453376.3622	0.3421000000089407	states																																	"        state_name
id                
1   nose_in_center"
453376.7043	2.0	states																																	"          state_name
id                  
2   punish_violation"
453378.9934	2.937900000018999	trials	1.0	2.0	20.0	1.135735594967061	0.0	0.35	True	4000.0	False	False	24968.0	False	High	True	True	0.025	0.0	0.05635052787203294	1.5	9.0													
453378.9934	2.937900000018999	processed_trials			20.0	1.135735594967061					False				High					0.05635052787203294		9.0	40.0	40.0	False	True	False			16.328661017111735	0.3982	-0.22863178684727725	Right	0.3982	
453378.9934	0.3981999999959953	states																																	"       state_name
id               
3   wait_for_poke"
453379.3916	0.5397000000230037	states																																	"        state_name
id                
1   nose_in_center"
453379.9313	2.0	states																																	"          state_name
id                  
2   punish_violation"
453382.2236	117.28029999998398	trials	1.0	2.0	20.0	1.0272871744309646	0.0	0.35	True	4000.0	False	False	24969.0	False	High	True	True	0.025	0.0	3.8086139682058167	1.5	9.0													
453382.2236	117.28029999998398	processed_trials			20.0	1.0272871744309646					False				High					3.8086139682058167		9.0	40.0	40.0	False	True	False			16.328661017111735	115.064	4.391845677965609	Right	115.064	
453382.2236	115.06400000001304	states																																	"       state_name
id               
3   wait_for_poke"
453497.28760000004	0.21629999997094274	states																																	"        state_name
id                
1   nose_in_center"
453497.5039	2.0	states																																	"          state_name
id                  
2   punish_violation"
453499.7942	14.45120000001043	trials	1.0	2.0	20.0	1.0272872	0.0	0.35	True	4000.0	True	False	24970.0	False	High	True	True	0.025	0.0	100.0	1.5	9.0													
453499.7942	14.45120000001043	processed_trials			20.0	1.0272872					True				High					100.0		9.0	40.0	40.0	False	False	True	10.621200000000002	10.621200000000002	16.328661017111735	2.6006	-0.1398857128783702	Right	2.6006	
453499.7942	2.6006000000052154	states																																	"       state_name
id               
3   wait_for_poke"
453502.3948	1.0273000000161119	states																																	"        state_name
id                
1   nose_in_center"
453503.4221	0.001999999978579581	states																																	"   state_name
id           
5      go_cue"
453503.4241	10.621199999994133	states																																	"            state_name
id                    
6   wait_for_side_poke"
453514.0453	0.20000000001164153	states																																	"   state_name
id           
0     opt_out"
453514.2453	0.00010000000474974513	states																																	"    state_name
id            
7   stop_sound"
453514.5389	2.5485000000335276	trials	1.0	2.0	80.0	1.085973949263059	0.0	0.35	True	4000.0	True	False	24971.0	False	High	True	False	0.025	0.0	100.0	1.5	9.0													
453514.5389	2.5485000000335276	processed_trials			80.0	1.085973949263059					True				High					100.0		9.0	40.0	40.0	False	True	False			16.328661017111735	0.2721	-0.2337130073010909	Left	0.2721	
453514.5389	0.2721000000019558	states																																	"       state_name
id               
3   wait_for_poke"
453514.811	0.2763999999733642	states																																	"        state_name
id                
1   nose_in_center"
453515.08739999996	2.0	states																																	"          state_name
id                  
2   punish_violation"
453517.39	2.156399999978021	trials	1.0	2.0	80.0	1.0859739	0.0	0.35	True	4000.0	False	False	24972.0	False	High	True	True	0.025	0.0	3.0108116308440893	1.5	9.0													
453517.39	2.156399999978021	processed_trials			80.0	1.0859739					False				High					3.0108116308440893		9.0	40.0	40.0	False	True	False			16.328661017111735	0.1183	-0.2399104038577645	Right	0.1183	
453517.39	0.11829999997280538	states																																	"       state_name
id               
3   wait_for_poke"
453517.5083	0.038100000005215406	states																																	"        state_name
id                
1   nose_in_center"
453517.5464	2.0	states																																	"          state_name
id                  
2   punish_violation"
453519.8483	2.4575999999651685	trials	1.0	2.0	80.0	0.8781897052611329	0.0	0.35	True	4000.0	False	False	24973.0	False	High	True	True	0.025	0.0	0.14422033150486155	1.5	9.0													
453519.8483	2.4575999999651685	processed_trials			80.0	0.8781897052611329					False				High					0.14422033150486155		9.0	40.0	40.0	True	False	False	0.1442000000000001	0.1442000000000001	16.328661017111735	0.1275	-0.23953968832901676	Right	0.1275	
453519.8483	0.1275000000023283	states																																	"       state_name
id               
3   wait_for_poke"
453519.9758	0.8781999999773689	states																																	"        state_name
id                
1   nose_in_center"
453520.854	0.0020000000367872417	states																																	"   state_name
id           
5      go_cue"
453520.856	0.1441999999806285	states																																	"            state_name
id                    
6   wait_for_side_poke"
453521.0002	0.6910999999963678	states																																	"         state_name
id                 
4   announce_reward"
453521.6913	0.6145000000251457	states																																	"   state_name
id           
8      reward"
453522.30580000003	0.00010000000474974513	states																																	"    state_name
id            
7   stop_sound"
453522.5951	7.2070999999996275	trials	1.0	2.0	20.0	1.0771060603428328	0.0	0.35	True	4080.0	True	False	24974.0	False	High	True	False	0.025	0.0	100.0	1.5	9.0													
453522.5951	7.2070999999996275	processed_trials			20.0	1.0771060603428328					True				High					100.0		9.0	40.0	40.0	False	True	False			16.328661017111735	5.043	-0.04146879902908827	Right	1.3680000000000003	
453522.5951	5.043000000005122	states																																	"       state_name
id               
3   wait_for_poke"
453527.6381	0.1640999999945052	states																																	"        state_name
id                
1   nose_in_center"
453527.8022	2.0	states																																	"          state_name
id                  
2   punish_violation"
453530.09	12.012099999992643	trials	1.0	2.0	20.0	1.1075734313200705	0.0	0.35	True	4080.0	True	False	24975.0	False	High	True	True	0.025	0.0	100.0	1.5	9.0													
453530.09	12.012099999992643	processed_trials			20.0	1.1075734313200705					True				High					100.0		9.0	40.0	40.0	False	False	True	7.452999999999999	7.452999999999999	16.328661017111735	3.2494	-0.11374220906842339	Left	3.2494	
453530.09	3.2493999999715015	states																																	"       state_name
id               
3   wait_for_poke"
453533.3394	1.1076000000466593	states																																	"        state_name
id                
1   nose_in_center"
453534.44700000004	0.001999999978579581	states																																	"   state_name
id           
5      go_cue"
453534.449	7.452999999979511	states																																	"            state_name
id                    
6   wait_for_side_poke"
453541.902	0.20000000001164153	states																																	"   state_name
id           
0     opt_out"
453542.102	0.00010000000474974513	states																																	"    state_name
id            
7   stop_sound"
453542.407	2.109500000020489	trials	1.0	2.0	40.0	1.0930244875795703	0.0	0.35	True	4080.0	False	False	24976.0	False	High	True	False	0.025	0.0	3.4630673551173863	1.5	9.0													
453542.407	2.109500000020489	processed_trials			40.0	1.0930244875795703					False				High					3.4630673551173863		9.0	40.0	40.0	False	True	False			16.328661017111735	0.0627	-0.242150815096718	Left	0.0627	
453542.407	0.06270000000949949	states																																	"       state_name
id               
3   wait_for_poke"
453542.4697	0.046800000010989606	states																																	"        state_name
id                
1   nose_in_center"
453542.5165	2.0	states																																	"          state_name
id                  
2   punish_violation"
453544.8104	2.302099999971688	trials	1.0	2.0	40.0	1.1754571970286478	0.0	0.35	True	4080.0	False	False	24977.0	False	High	True	True	0.025	0.0	0.04396290670095476	1.5	9.0													
453544.8104	2.302099999971688	processed_trials			40.0	1.1754571970286478					False				High					0.04396290670095476		9.0	40.0	40.0	True	False	False	0.04400000000000004	0.04400000000000004	16.328661017111735	0.09809999999999999	-0.24072436621436272	Right	0.09809999999999999	
453544.8104	0.0981000000028871	states																																	"       state_name
id               
3   wait_for_poke"
453544.9085	1.1755000000121072	states																																	"        state_name
id                
1   nose_in_center"
453546.08400000003	0.001999999978579581	states																																	"   state_name
id           
5      go_cue"
453546.086	0.043999999994412065	states																																	"            state_name
id                    
6   wait_for_side_poke"
453546.13	0.665500000002794	states																																	"         state_name
id                 
4   announce_reward"
453546.7955	0.3169000000343658	states																																	"   state_name
id           
8      reward"
453547.11240000004	9.999994654208422e-05	states																																	"    state_name
id            
7   stop_sound"
453547.4176	6.964000000036322	trials	1.0	2.0	20.0	1.168609998366542	0.0	0.35	True	4120.0	False	False	24978.0	False	High	True	False	0.025	0.0	1.999935209279019	1.5	9.0													
453547.4176	6.964000000036322	processed_trials			20.0	1.168609998366542					False				High					1.999935209279019		9.0	40.0	40.0	False	True	False			16.328661017111735	4.695399999999999	-0.05547539878916462	Left	1.4276999999999997	
453547.4176	4.695400000025984	states																																	"       state_name
id               
3   wait_for_poke"
453552.113	0.26859999995213	states																																	"        state_name
id                
1   nose_in_center"
453552.38159999996	2.0	states																																	"          state_name
id                  
2   punish_violation"
453554.6748	59.91060000000289	trials	1.0	2.0	20.0	1.1322887186461443	0.0	0.35	True	4120.0	False	False	24979.0	False	High	True	True	0.025	0.0	2.787383223092066	1.5	9.0													
453554.6748	59.91060000000289	processed_trials			20.0	1.1322887186461443					False				High					2.787383223092066		9.0	40.0	40.0	False	True	False			16.328661017111735	57.7016	2.0804182381572027	Right	57.7016	
453554.6748	57.70159999997122	states																																	"       state_name
id               
3   wait_for_poke"
453612.37639999995	0.20900000003166497	states																																	"        state_name
id                
1   nose_in_center"
453612.5854	2.0	states																																	"          state_name
id                  
2   punish_violation"
453614.8801	3.308599999989383	trials	1.0	2.0	20.0	0.9785810091216413	0.0	0.35	True	4120.0	False	False	24980.0	False	High	True	True	0.025	0.0	0.383034006646126	1.5	9.0													
453614.8801	3.308599999989383	processed_trials			20.0	0.9785810091216413					False				High					0.383034006646126		9.0	40.0	40.0	True	False	False	0.383	0.383	16.328661017111735	1.369	-0.18951323953116075	Left	1.369	
453614.8801	1.3690000000060536	states																																	"       state_name
id               
3   wait_for_poke"
453616.2491	0.9785999999730848	states																																	"        state_name
id                
1   nose_in_center"
453617.2277	0.0020000000367872417	states																																	"   state_name
id           
5      go_cue"
453617.2297	0.382999999972526	states																																	"            state_name
id                    
6   wait_for_side_poke"
453617.6127	0.41399999998975545	states																																	"         state_name
id                 
4   announce_reward"
453618.0267	0.16190000000642613	states																																	"   state_name
id           
8      reward"
453618.1886	0.00010000000474974513	states																																	"    state_name
id            
7   stop_sound"
453618.4814	7.625300000014249	trials	1.0	2.0	80.0	0.8461097366118345	0.0	0.35	True	4140.0	False	False	24981.0	False	High	True	False	0.025	0.0	2.088336772843156	1.5	9.0													
453618.4814	7.625300000014249	processed_trials			80.0	0.8461097366118345					False				High					2.088336772843156		9.0	40.0	40.0	False	True	False			16.328661017111735	4.9063	-0.04697714824428515	Left	1.5849999999999995	
453618.4814	4.906299999973271	states																																	"       state_name
id               
3   wait_for_poke"
453623.38769999996	0.7190000000409782	states																																	"        state_name
id                
1   nose_in_center"
453624.1067	2.0	states																																	"          state_name
id                  
2   punish_violation"
453626.4072	3.4294999999692664	trials	1.0	2.0	80.0	0.9495203478560695	0.0	0.35	True	4140.0	False	False	24982.0	False	High	True	True	0.025	0.0	4.820155741643329	1.5	9.0													
453626.4072	3.4294999999692664	processed_trials			80.0	0.9495203478560695					False				High					4.820155741643329		9.0	40.0	40.0	False	True	False			16.328661017111735	0.9776	-0.2052847675694055	Right	0.9776	
453626.4072	0.977599999983795	states																																	"       state_name
id               
3   wait_for_poke"
453627.3848	0.45190000004367903	states																																	"        state_name
id                
1   nose_in_center"
453627.83670000004	2.0	states																																	"          state_name
id                  
2   punish_violation"
453630.1353	2.7574999999487773	trials	1.0	2.0	80.0	1.016093866651714	0.0	0.35	True	4140.0	False	False	24983.0	False	High	True	True	0.025	0.0	0.6732920679307509	1.5	9.0													
453630.1353	2.7574999999487773	processed_trials			80.0	1.016093866651714					False				High					0.6732920679307509		9.0	40.0	40.0	True	False	False	0.6733	0.6733	16.328661017111735	0.25660000000000005	-0.23433758237669844	Right	0.25660000000000005	
453630.1353	0.2566000000224449	states																																	"       state_name
id               
3   wait_for_poke"
453630.39190000005	1.0160999999498017	states																																	"        state_name
id                
1   nose_in_center"
453631.408	0.0020000000367872417	states																																	"   state_name
id           
5      go_cue"
453631.41000000003	0.6732999999658205	states																																	"            state_name
id                    
6   wait_for_side_poke"
453632.0833	0.19490000000223517	states																																	"         state_name
id                 
4   announce_reward"
453632.2782	0.6145000000251457	states																																	"   state_name
id           
8      reward"
453632.8927	0.00010000000474974513	states																																	"    state_name
id            
7   stop_sound"
453633.1912	9.023199999995995	trials	1.0	2.0	20.0	0.8218348193727517	0.0	0.35	True	4220.0	False	False	24984.0	False	High	True	False	0.025	0.0	6.159673965442033	1.5	9.0													
453633.1912	9.023199999995995	processed_trials			20.0	0.8218348193727517					False				High					6.159673965442033		9.0	40.0	40.0	False	True	False			16.328661017111735	6.8145	0.02991408783792898	Right	1.5413999999999994	
453633.1912	6.81449999997858	states																																	"       state_name
id               
3   wait_for_poke"
453640.0057	0.20870000001741573	states																																	"        state_name
id                
1   nose_in_center"
453640.2144	2.0	states																																	"          state_name
id                  
2   punish_violation"
453642.5095	8.323100000037812	trials	1.0	2.0	20.0	0.9823581944746143	0.0	0.35	True	4220.0	False	False	24985.0	False	High	True	True	0.025	0.0	3.5804412822332266	1.5	9.0													
453642.5095	8.323100000037812	processed_trials			20.0	0.9823581944746143					False				High					3.5804412822332266		9.0	40.0	40.0	False	True	False			16.328661017111735	6.197	0.005031822729047726	Left	6.197	
453642.5095	6.1969999999855645	states																																	"       state_name
id               
3   wait_for_poke"
453648.7065	0.12609999999403954	states																																	"        state_name
id                
1   nose_in_center"
453648.83259999997	2.0	states																																	"          state_name
id                  
2   punish_violation"
453651.131	18.675900000031106	trials	1.0	2.0	20.0	1.176491950347637	0.0	0.35	True	4220.0	False	False	24986.0	False	High	True	True	0.025	0.0	0.22936210924578548	1.5	9.0													
453651.131	18.675900000031106	processed_trials			20.0	1.176491950347637					False				High					0.22936210924578548		9.0	40.0	40.0	True	False	False	0.22939999999999827	0.22939999999999827	16.328661017111735	16.7282	0.42938827667989854	Right	16.7282	
453651.131	16.728200000012293	states																																	"       state_name
id               
3   wait_for_poke"
453667.8592	1.176500000001397	states																																	"        state_name
id                
1   nose_in_center"
453669.0357	0.001999999978579581	states																																	"   state_name
id           
5      go_cue"
453669.0377	0.22940000001108274	states																																	"            state_name
id                    
6   wait_for_side_poke"
453669.2671	0.36790000001201406	states																																	"         state_name
id                 
4   announce_reward"
453669.635	0.1718000000109896	states																																	"   state_name
id           
8      reward"
453669.8068	9.999994654208422e-05	states																																	"    state_name
id            
7   stop_sound"
453670.1022	6.929699999978766	trials	1.0	2.0	20.0	1.1837240478803548	0.0	0.35	True	4240.0	False	False	24987.0	False	High	True	False	0.025	0.0	1.7958944496694984	1.5	9.0													
453670.1022	6.929699999978766	processed_trials			20.0	1.1837240478803548					False				High					1.7958944496694984		9.0	40.0	40.0	True	False	False	1.7958999999999996	1.7958999999999996	16.328661017111735	3.7614	-0.09311108399029025	Right	1.4630999999999998	
453670.1022	3.761400000017602	states																																	"       state_name
id               
3   wait_for_poke"
453673.86360000004	1.1836999999941327	states																																	"        state_name
id                
1   nose_in_center"
453675.04730000003	0.001999999978579581	states																																	"   state_name
id           
5      go_cue"
453675.0493	1.7959000000264496	states																																	"            state_name
id                    
6   wait_for_side_poke"
453676.84520000004	0.014800000004470348	states																																	"         state_name
id                 
4   announce_reward"
453676.86000000004	0.17179999995278195	states																																	"   state_name
id           
8      reward"
453677.0318	0.00010000000474974513	states																																	"    state_name
id            
7   stop_sound"
453677.3416	4.982799999997951	trials	1.0	2.0	40.0	1.0216104158426598	0.0	0.35	True	4260.0	False	False	24988.0	False	High	True	False	0.025	0.0	1.7958944	1.5	9.0													
453677.3416	4.982799999997951	processed_trials			40.0	1.0216104158426598					False				High					1.7958944		9.0	40.0	40.0	False	True	False			16.328661017111735	2.2557	-0.15378351568979232	Left	1.2236	
453677.3416	2.255699999979697	states																																	"       state_name
id               
3   wait_for_poke"
453679.59729999996	0.7271000000182539	states																																	"        state_name
id                
1   nose_in_center"
453680.3244	2.0	states																																	"          state_name
id                  
2   punish_violation"
453682.6356	6.492599999997765	trials	1.0	2.0	40.0	0.8239696310726279	0.0	0.35	True	4260.0	False	False	24989.0	False	High	True	True	0.025	0.0	5.794077705146976	1.5	9.0													
453682.6356	6.492599999997765	processed_trials			40.0	0.8239696310726279					False				High					5.794077705146976		9.0	40.0	40.0	False	True	False			16.328661017111735	4.0589	-0.08112327205524218	Right	4.0589	
453682.6356	4.058900000003632	states																																	"       state_name
id               
3   wait_for_poke"
453686.6945	0.43369999999413267	states																																	"        state_name
id                
1   nose_in_center"
453687.1282	2.0	states																																	"          state_name
id                  
2   punish_violation"
453689.4369	4.599500000011176	trials	1.0	2.0	40.0	0.9638609487959012	0.0	0.35	True	4260.0	False	False	24990.0	False	High	True	True	0.025	0.0	3.176276164671277	1.5	9.0													
453689.4369	4.599500000011176	processed_trials			40.0	0.9638609487959012					False				High					3.176276164671277		9.0	40.0	40.0	True	False	False	3.176300000000001	3.176300000000001	16.328661017111735	0.0999	-0.24065183491525988	Left	0.0999	
453689.4369	0.09989999997196719	states																																	"       state_name
id               
3   wait_for_poke"
453689.53679999994	0.9639000000315718	states																																	"        state_name
id                
1   nose_in_center"
453690.5007	0.001999999978579581	states																																	"   state_name
id           
5      go_cue"
453690.50269999995	3.1762999999918975	states																																	"            state_name
id                    
6   wait_for_side_poke"
453693.67899999995	0.06070000003091991	states																																	"         state_name
id                 
4   announce_reward"
453693.7397	0.2966000000014901	states																																	"   state_name
id           
8      reward"
453694.0363	0.00010000000474974513	states																																	"    state_name
id            
7   stop_sound"
453694.3583	9.612299999978859	trials	1.0	2.0	40.0	0.9186196278961261	0.0	0.35	True	4300.0	False	False	24991.0	False	High	True	False	0.025	0.0	2.227469644719747	1.5	9.0													
453694.3583	9.612299999978859	processed_trials			40.0	0.9186196278961261					False				High					2.227469644719747		9.0	40.0	40.0	False	True	False			16.328661017111735	7.0866999999999996	0.04088243206892084	Right	1.2380999999999993	
453694.3583	7.086699999985285	states																																	"       state_name
id               
3   wait_for_poke"
453701.445	0.5255999999935739	states																																	"        state_name
id                
1   nose_in_center"
453701.9706	2.0	states																																	"          state_name
id                  
2   punish_violation"
453704.2852	3.93650000001071	trials	1.0	2.0	40.0	1.0734966514465145	0.0	0.35	True	4300.0	True	False	24992.0	False	High	True	True	0.025	0.0	100.0	1.5	9.0													
453704.2852	3.93650000001071	processed_trials			40.0	1.0734966514465145					True				High					100.0		9.0	40.0	40.0	False	True	False			16.328661017111735	1.5617999999999999	-0.18174433149392627	Right	1.5617999999999999	
453704.2852	1.5618000000249594	states																																	"       state_name
id               
3   wait_for_poke"
453705.847	0.37469999998575076	states																																	"        state_name
id                
1   nose_in_center"
453706.2217	2.0	states																																	"          state_name
id                  
2   punish_violation"
453708.5387	4.181100000045262	trials	1.0	2.0	40.0	0.9235871932515507	0.0	0.35	True	4300.0	False	False	24993.0	False	High	True	True	0.025	0.0	1.7895639830896404	1.5	9.0													
453708.5387	4.181100000045262	processed_trials			40.0	0.9235871932515507					False				High					1.7895639830896404		9.0	40.0	40.0	True	False	False	1.7895999999999996	1.7895999999999996	16.328661017111735	1.0797999999999999	-0.20116660158701252	Right	1.0797999999999999	
453708.5387	1.0798000000067987	states																																	"       state_name
id               
3   wait_for_poke"
453709.6185	0.9235999999800697	states																																	"        state_name
id                
1   nose_in_center"
453710.54209999996	0.0020000000367872417	states																																	"   state_name
id           
5      go_cue"
453710.5441	1.7895999999600463	states																																	"            state_name
id                    
6   wait_for_side_poke"
453712.33369999996	0.06910000002244487	states																																	"         state_name
id                 
4   announce_reward"
453712.4028	0.31689999997615814	states																																	"   state_name
id           
8      reward"
453712.71969999996	0.00010000000474974513	states																																	"    state_name
id            
7   stop_sound"
453713.0337	7.754699999990407	trials	1.0	2.0	80.0	1.1016506314298296	0.0	0.35	True	4340.0	True	False	24994.0	False	High	True	False	0.025	0.0	100.0	1.5	9.0													
453713.0337	7.754699999990407	processed_trials			80.0	1.1016506314298296					True				High					100.0		9.0	40.0	40.0	False	True	False			16.328661017111735	5.4047	-0.026894037426039925	Left	1.7151	
453713.0337	5.40470000001369	states																																	"       state_name
id               
3   wait_for_poke"
453718.43840000004	0.34999999997671694	states																																	"        state_name
id                
1   nose_in_center"
453718.7884	2.0	states																																	"          state_name
id                  
2   punish_violation"
453721.1021	9.274700000009034	trials	1.0	2.0	80.0	1.149878830790478	0.0	0.35	True	4340.0	True	False	24995.0	False	High	True	True	0.025	0.0	100.0	1.5	9.0													
453721.1021	9.274700000009034	processed_trials			80.0	1.149878830790478					True				High					100.0		9.0	40.0	40.0	False	False	True	7.9199	7.9199	16.328661017111735	0.0028	-0.2445644955501949	Right	0.0028	
453721.1021	0.002800000016577542	states																																	"       state_name
id               
3   wait_for_poke"
453721.10490000003	1.1498999999603257	states																																	"        state_name
id                
1   nose_in_center"
453722.2548	0.0020000000367872417	states																																	"   state_name
id           
5      go_cue"
453722.25680000003	7.919899999978952	states																																	"            state_name
id                    
6   wait_for_side_poke"
453730.1767	0.20000000001164153	states																																	"   state_name
id           
0     opt_out"
453730.3767	0.00010000000474974513	states																																	"    state_name
id            
7   stop_sound"
453730.6796	2.329100000031758	trials	1.0	2.0	20.0	1.1666758705720133	0.0	0.35	True	4340.0	False	False	24996.0	False	High	True	False	0.025	0.0	0.5493940896790748	1.5	9.0													
453730.6796	2.329100000031758	processed_trials			20.0	1.1666758705720133					False				High					0.5493940896790748		9.0	40.0	40.0	False	True	False			16.328661017111735	0.2306	-0.2353852566970724	Right	0.2306	
453730.6796	0.23060000000987202	states																																	"       state_name
id               
3   wait_for_poke"
453730.9102	0.09849999996367842	states																																	"        state_name
id                
1   nose_in_center"
453731.00869999995	2.0	states																																	"          state_name
id                  
2   punish_violation"
453733.3122	10.085100000025705	trials	1.0	2.0	20.0	0.9583543888195252	0.0	0.35	True	4340.0	True	False	24997.0	False	High	True	True	0.025	0.0	100.0	1.5	9.0													
453733.3122	10.085100000025705	processed_trials			20.0	0.9583543888195252					True				High					100.0		9.0	40.0	40.0	False	False	True	7.0685	7.0685	16.328661017111735	1.8560999999999999	-0.16988546409061653	Right	1.8560999999999999	
453733.3122	1.856099999975413	states																																	"       state_name
id               
3   wait_for_poke"
453735.16829999996	0.9584000000031665	states																																	"        state_name
id                
1   nose_in_center"
453736.12669999996	0.0020000000367872417	states																																	"   state_name
id           
5      go_cue"
453736.1287	7.068499999993946	states																																	"            state_name
id                    
6   wait_for_side_poke"
453743.1972	0.20000000001164153	states																																	"   state_name
id           
0     opt_out"
453743.3972	0.00010000000474974513	states																																	"    state_name
id            
7   stop_sound"
453743.7192	2.3650999999954365	trials	1.0	2.0	10.0	1.1591296451809212	0.0	0.35	True	4340.0	True	False	24998.0	True	Mixed	True	False	0.025	0.0	100.0	1.5	9.0													
453743.7192	2.3650999999954365	processed_trials			10.0	1.1591296451809212					True				Mixed					100.0		9.0	40.0	40.0	False	True	False			16.328661017111735	0.247	-0.23472441597191343	Right	0.247	
453743.7192	0.24699999997392297	states																																	"       state_name
id               
3   wait_for_poke"
453743.96619999997	0.11810000002151355	states																																	"        state_name
id                
1   nose_in_center"
453744.0843	2.0	states																																	"          state_name
id                  
2   punish_violation"
453746.3893	4.074300000036601	trials	1.0	2.0	10.0	0.9122809771000321	0.0	0.35	True	4340.0	False	False	24999.0	True	Mixed	True	True	0.025	0.0	0.0019118215165650706	1.5	9.0													
453746.3893	4.074300000036601	processed_trials			10.0	0.9122809771000321					False				Mixed					0.0019118215165650706		9.0	40.0	40.0	True	False	False	0.0019000000000000128	0.0019000000000000128	16.328661017111735	2.1075999999999997	-0.159751229799307	Right	2.1075999999999997	
453746.3893	2.1075999999884516	states																																	"       state_name
id               
3   wait_for_poke"
453748.49689999997	0.9123000000254251	states																																	"        state_name
id                
1   nose_in_center"
453749.4092	0.001999999978579581	states																																	"   state_name
id           
5      go_cue"
453749.4112	0.0019000000320374966	states																																	"            state_name
id                    
6   wait_for_side_poke"
453749.4131	0.9502999999676831	states																																	"         state_name
id                 
4   announce_reward"
453750.3634	0.10009999998146668	states																																	"   state_name
id           
8      reward"
453750.46349999995	0.00010000000474974513	states																																	"    state_name
id            
7   stop_sound"
453750.7752	4.749700000043958	trials	1.0	2.0	10.0	1.1742534896140424	0.0	0.35	True	4350.0	False	False	25000.0	False	Mixed	True	False	0.025	0.0	0.3750942670401407	1.5	9.0													
453750.7752	4.749700000043958	processed_trials			10.0	1.1742534896140424					False				Mixed					0.3750942670401407		9.0	40.0	40.0	True	False	False	0.37509999999999977	0.37509999999999977	16.328661017111735	2.8274	-0.13074676919141592	Right	0.6510999999999996	
453750.7752	2.82740000000922	states																																	"       state_name
id               
3   wait_for_poke"
453753.6026	1.174300000013318	states																																	"        state_name
id                
1   nose_in_center"
453754.7769	0.001999999978579581	states																																	"   state_name
id           
5      go_cue"
453754.7789	0.37510000000474975	states																																	"            state_name
id                    
6   wait_for_side_poke"
453755.154	0.270699999993667	states																																	"         state_name
id                 
4   announce_reward"
453755.4247	0.10009999998146668	states																																	"   state_name
id           
8      reward"
453755.52479999996	0.00010000000474974513	states																																	"    state_name
id            
7   stop_sound"
453755.8405	7.567600000009406	trials	1.0	2.0	5.0	1.1688424288942374	0.0	0.35	True	4360.0	False	False	25001.0	False	Mixed	True	False	0.025	0.0	3.658773459549452	1.5	9.0													
453755.8405	7.567600000009406	processed_trials			5.0	1.1688424288942374					False				Mixed					3.658773459549452		9.0	40.0	40.0	True	False	False	3.6588000000000003	3.6588000000000003	16.328661017111735	2.544	-0.14216641928349197	Right	1.1137000000000001	
453755.8405	2.543999999994412	states																																	"       state_name
id               
3   wait_for_poke"
453758.3845	1.1687999999849126	states																																	"        state_name
id                
1   nose_in_center"
453759.55329999997	0.0020000000367872417	states																																	"   state_name
id           
5      go_cue"
453759.5553	3.6587999999755993	states																																	"            state_name
id                    
6   wait_for_side_poke"
453763.2141	0.1294000000343658	states																																	"         state_name
id                 
4   announce_reward"
453763.3435	0.06449999997857958	states																																	"   state_name
id           
8      reward"
453763.408	0.00010000000474974513	states																																	"    state_name
id            
7   stop_sound"
453763.7216	5.456999999994878	trials	1.0	2.0	80.0	0.9857263228183262	0.0	0.35	True	4365.0	True	False	25002.0	False	Mixed	True	False	0.025	0.0	100.0	1.5	9.0													
453763.7216	5.456999999994878	processed_trials			80.0	0.9857263228183262					True				Mixed					100.0		9.0	40.0	40.0	False	True	False			16.328661017111735	3.0009	-0.12375555786122823	Right	0.46640000000000015	
453763.7216	3.00089999998454	states																																	"       state_name
id               
3   wait_for_poke"
453766.7225	0.4561000000103377	states																																	"        state_name
id                
1   nose_in_center"
453767.1786	2.0	states																																	"          state_name
id                  
2   punish_violation"
453769.4961	10.558699999994133	trials	1.0	2.0	80.0	0.8653314883703469	0.0	0.35	True	4365.0	True	False	25003.0	False	Mixed	True	True	0.025	0.0	100.0	1.5	9.0													
453769.4961	10.558699999994133	processed_trials			80.0	0.8653314883703469					True				Mixed					100.0		9.0	40.0	40.0	False	False	True	9.445500000000001	9.445500000000001	16.328661017111735	0.0458	-0.24283180340496108	Left	0.0458	
453769.4961	0.045800000021699816	states																																	"       state_name
id               
3   wait_for_poke"
453769.5419	0.865300000004936	states																																	"        state_name
id                
1   nose_in_center"
453770.4072	0.001999999978579581	states																																	"   state_name
id           
5      go_cue"
453770.4092	9.445499999972526	states																																	"            state_name
id                    
6   wait_for_side_poke"
453779.85469999997	0.20000000001164153	states																																	"   state_name
id           
0     opt_out"
453780.0547	0.00010000000474974513	states																																	"    state_name
id            
7   stop_sound"
453780.3829	2.618399999977555	trials	1.0	2.0	40.0	1.0995677790790084	0.0	0.35	True	4365.0	False	False	25004.0	False	Mixed	True	False	0.025	0.0	2.7183111325676763	1.5	9.0													
453780.3829	2.618399999977555	processed_trials			40.0	1.0995677790790084					False				Mixed					2.7183111325676763		9.0	40.0	40.0	False	True	False			16.328661017111735	0.1402	-0.23902793971868025	Right	0.1402	
453780.3829	0.14020000002346933	states																																	"       state_name
id               
3   wait_for_poke"
453780.52310000005	0.4781999999540858	states																																	"        state_name
id                
1   nose_in_center"
453781.0013	2.0	states																																	"          state_name
id                  
2   punish_violation"
453783.322	8.526300000026822	trials	1.0	2.0	40.0	1.1022550106966136	0.0	0.35	True	4365.0	True	False	25005.0	False	Mixed	True	True	0.025	0.0	100.0	1.5	9.0													
453783.322	8.526300000026822	processed_trials			40.0	1.1022550106966136					True				Mixed					100.0		9.0	40.0	40.0	False	False	True	7.1690000000000005	7.1690000000000005	16.328661017111735	0.052899999999999996	-0.24254570772516662	Left	0.052899999999999996	
453783.322	0.052900000009685755	states																																	"       state_name
id               
3   wait_for_poke"
453783.3749	1.1022999999695458	states																																	"        state_name
id                
1   nose_in_center"
453784.47719999996	0.0020000000367872417	states																																	"   state_name
id           
5      go_cue"
453784.4792	7.168999999994412	states																																	"            state_name
id                    
6   wait_for_side_poke"
453791.6482	0.20000000001164153	states																																	"   state_name
id           
0     opt_out"
453791.8482	0.00010000000474974513	states																																	"    state_name
id            
7   stop_sound"
453792.174	13.20270000002347	trials	1.0	2.0	40.0	0.9405327506156905	0.0	0.35	True	4365.0	True	False	25006.0	False	Mixed	True	False	0.025	0.0	100.0	1.5	9.0													
453792.174	13.20270000002347	processed_trials			40.0	0.9405327506156905					True				Mixed					100.0		9.0	40.0	40.0	False	False	True	11.969500000000002	11.969500000000002	16.328661017111735	0.0906	-0.2410265799606244	Right	0.0906	
453792.174	0.09059999999590218	states																																	"       state_name
id               
3   wait_for_poke"
453792.2646	0.940500000026077	states																																	"        state_name
id                
1   nose_in_center"
453793.2051	0.001999999978579581	states																																	"   state_name
id           
5      go_cue"
453793.2071	11.96950000000652	states																																	"            state_name
id                    
6   wait_for_side_poke"
453805.1766	0.20000000001164153	states																																	"   state_name
id           
0     opt_out"
453805.3766	0.00010000000474974513	states																																	"    state_name
id            
7   stop_sound"
453805.6854	2.292399999976624	trials	1.0	2.0	20.0	0.9689080489482909	0.0	0.35	True	4365.0	False	False	25007.0	False	Mixed	True	False	0.025	0.0	0.3476785423572693	1.5	9.0													
453805.6854	2.292399999976624	processed_trials			20.0	0.9689080489482909					False				Mixed					0.3476785423572693		9.0	40.0	40.0	False	True	False			16.328661017111735	0.215	-0.23601386128929677	Right	0.215	
453805.6854	0.21500000002561137	states																																	"       state_name
id               
3   wait_for_poke"
453805.90040000004	0.07739999995101243	states																																	"        state_name
id                
1   nose_in_center"
453805.9778	2.0	states																																	"          state_name
id                  
2   punish_violation"
453808.3038	3.0010999999940395	trials	1.0	2.0	20.0	1.1443112990164597	0.0	0.35	True	4365.0	False	False	25008.0	False	Mixed	True	True	0.025	0.0	0.46776065151534374	1.5	9.0													
453808.3038	3.0010999999940395	processed_trials			20.0	1.1443112990164597					False				Mixed					0.46776065151534374		9.0	40.0	40.0	False	True	False			16.328661017111735	0.116	-0.2400030827399514	Left	0.116	
453808.3038	0.11599999997997656	states																																	"       state_name
id               
3   wait_for_poke"
453808.4198	0.885100000014063	states																																	"        state_name
id                
1   nose_in_center"
453809.3049	2.0	states																																	"          state_name
id                  
2   punish_violation"
453811.6096	2.312699999951292	trials	1.0	2.0	20.0	1.041474011315839	0.0	0.35	True	4365.0	False	False	25009.0	False	Mixed	True	True	0.025	0.0	0.037714063649026276	1.5	9.0													
453811.6096	2.312699999951292	processed_trials			20.0	1.041474011315839					False				Mixed					0.037714063649026276		9.0	40.0	40.0	True	False	False	0.03770000000000007	0.03770000000000007	16.328661017111735	0.48410000000000003	-0.2251704320734264	Left	0.48410000000000003	
453811.6096	0.4841000000014901	states																																	"       state_name
id               
3   wait_for_poke"
453812.0937	1.0414999999920838	states																																	"        state_name
id                
1   nose_in_center"
453813.1352	0.001999999978579581	states																																	"   state_name
id           
5      go_cue"
453813.1372	0.03770000004442409	states																																	"            state_name
id                    
6   wait_for_side_poke"
453813.17490000004	0.5853999999817461	states																																	"         state_name
id                 
4   announce_reward"
453813.7603	0.16190000000642613	states																																	"   state_name
id           
8      reward"
453813.92220000003	0.00010000000474974513	states																																	"    state_name
id            
7   stop_sound"
453814.2502	6.139299999980722	trials	1.0	2.0	10.0	1.1427436364501316	0.0	0.35	True	4385.0	True	False	25010.0	False	Mixed	True	False	0.025	0.0	100.0	1.5	9.0													
453814.2502	6.139299999980722	processed_trials			10.0	1.1427436364501316					True				Mixed					100.0		9.0	40.0	40.0	False	True	False			16.328661017111735	3.8226	-0.09064501982079466	Right	1.3504	
453814.2502	3.822600000014063	states																																	"       state_name
id               
3   wait_for_poke"
453818.0728	0.31669999996665865	states																																	"        state_name
id                
1   nose_in_center"
453818.3895	2.0	states																																	"          state_name
id                  
2   punish_violation"
453820.704	29.56089999998221	trials	1.0	2.0	10.0	0.8785030664824177	0.0	0.35	True	4385.0	False	False	25011.0	False	Mixed	True	True	0.025	0.0	2.661213452843574	1.5	9.0													
453820.704	29.56089999998221	processed_trials			10.0	0.8785030664824177					False				Mixed					2.661213452843574		9.0	40.0	40.0	True	False	False	2.661200000000001	2.661200000000001	16.328661017111735	25.911099999999998	0.7994147580861263	Left	25.911099999999998	
453820.704	25.911100000026636	states																																	"       state_name
id               
3   wait_for_poke"
453846.61510000005	0.8784999999916181	states																																	"        state_name
id                
1   nose_in_center"
453847.49360000005	0.001999999978579581	states																																	"   state_name
id           
5      go_cue"
453847.4956	2.6612000000313856	states																																	"            state_name
id                    
6   wait_for_side_poke"
453850.15680000006	0.013099999981932342	states																																	"         state_name
id                 
4   announce_reward"
453850.16990000004	0.09489999996731058	states																																	"   state_name
id           
8      reward"
453850.2648	0.00010000000474974513	states																																	"    state_name
id            
7   stop_sound"
453850.5839	36.91339999996126	trials	1.0	2.0	20.0	0.9903367238287348	0.0	0.35	True	4395.0	True	False	25012.0	False	Mixed	True	False	0.025	0.0	100.0	1.5	9.0													
453850.5839	36.91339999996126	processed_trials			20.0	0.9903367238287348					True				Mixed					100.0		9.0	40.0	40.0	False	False	True	4.607300000000002	4.607300000000002	16.328661017111735	31.1137	1.0090543895929533	Left	29.881700000000002	
453850.5839	31.113699999987148	states																																	"       state_name
id               
3   wait_for_poke"
453881.6976	0.990300000004936	states																																	"        state_name
id                
1   nose_in_center"
453882.6879	0.0020000000367872417	states																																	"   state_name
id           
5      go_cue"
453882.68990000006	4.607299999974202	states																																	"            state_name
id                    
6   wait_for_side_poke"
453887.29720000003	0.20000000001164153	states																																	"   state_name
id           
0     opt_out"
453887.49720000004	0.00010000000474974513	states																																	"    state_name
id            
7   stop_sound"
453887.8172	2.1431999999913387	trials	1.0	2.0	5.0	0.8388051384123233	0.0	0.35	True	4395.0	False	False	25013.0	False	Mixed	True	False	0.025	0.0	0.5739701934924545	1.5	9.0													
453887.8172	2.1431999999913387	processed_trials			5.0	0.8388051384123233					False				Mixed					0.5739701934924545		9.0	40.0	40.0	False	True	False			16.328661017111735	0.0501	-0.2426585341904377	Left	0.0501	
453887.8172	0.05009999999310821	states																																	"       state_name
id               
3   wait_for_poke"
453887.8673	0.09309999999823049	states																																	"        state_name
id                
1   nose_in_center"
453887.9604	2.0	states																																	"          state_name
id                  
2   punish_violation"
453890.2842	3.556800000020303	trials	1.0	2.0	5.0	1.0335899724847546	0.0	0.35	True	4395.0	False	False	25014.0	False	Mixed	True	True	0.025	0.0	3.8513004130579525	1.5	9.0													
453890.2842	3.556800000020303	processed_trials			5.0	1.0335899724847546					False				Mixed					3.8513004130579525		9.0	40.0	40.0	False	True	False			16.328661017111735	0.5435	-0.22277689920303362	Left	0.5435	
453890.2842	0.543500000028871	states																																	"       state_name
id               
3   wait_for_poke"
453890.8277	1.0132999999914318	states																																	"        state_name
id                
1   nose_in_center"
453891.841	2.0	states																																	"          state_name
id                  
2   punish_violation"
453894.165	10.349600000015926	trials	1.0	2.0	5.0	1.0051444787610522	0.0	0.35	True	4395.0	False	False	25015.0	False	Mixed	True	True	0.025	0.0	2.0341393743049343	1.5	9.0													
453894.165	10.349600000015926	processed_trials			5.0	1.0051444787610522					False				Mixed					2.0341393743049343		9.0	40.0	40.0	False	True	False			16.328661017111735	7.717899999999999	0.06631674095430683	Right	7.717899999999999	
453894.165	7.717899999988731	states																																	"       state_name
id               
3   wait_for_poke"
453901.88289999997	0.6317000000271946	states																																	"        state_name
id                
1   nose_in_center"
453902.5146	2.0	states																																	"          state_name
id                  
2   punish_violation"
453904.8272	72.76169999997364	trials	1.0	2.0	5.0	1.040445902832464	0.0	0.35	True	4395.0	False	False	25016.0	False	Mixed	True	True	0.025	0.0	3.9412997206073292	1.5	9.0													
453904.8272	72.76169999997364	processed_trials			5.0	1.040445902832464					False				Mixed					3.9412997206073292		9.0	40.0	40.0	False	True	False			16.328661017111735	70.4812	2.5953743437206995	Right	70.4812	
453904.8272	70.48119999998016	states																																	"       state_name
id               
3   wait_for_poke"
453975.3084	0.28049999999348074	states																																	"        state_name
id                
1   nose_in_center"
453975.5889	2.0	states																																	"          state_name
id                  
2   punish_violation"
453977.9089	294.6993000000366	trials	1.0	2.0	5.0	0.9978820539468767	0.0	0.35	True	4395.0	True	False	25017.0	False	Mixed	True	True	0.025	0.0	100.0	1.5	9.0													
453977.9089	294.6993000000366	processed_trials			5.0	0.9978820539468767					True				Mixed					100.0		9.0	40.0	40.0	False	False	True	6.323200000000043	6.323200000000043	16.328661017111735	287.17609999999996	11.327131347028413	Left	287.17609999999996	
453977.9089	287.1760999999824	states																																	"       state_name
id               
3   wait_for_poke"
454265.08499999996	0.9979000000166707	states																																	"        state_name
id                
1   nose_in_center"
454266.0829	0.001999999978579581	states																																	"   state_name
id           
5      go_cue"
454266.08489999996	6.323200000042561	states																																	"            state_name
id                    
6   wait_for_side_poke"
454272.4081	0.19999999995343387	states																																	"   state_name
id           
0     opt_out"
454272.60809999995	0.00010000000474974513	states																																	"    state_name
id            
7   stop_sound"
454272.9339	2.4306999999680556	trials	1.0	2.0	5.0	0.8782822239199168	0.0	0.35	True	4395.0	True	False	25018.0	False	Mixed	True	False	0.025	0.0	100.0	1.5	9.0													
454272.9339	2.4306999999680556	processed_trials			5.0	0.8782822239199168					True				Mixed					100.0		9.0	40.0	40.0	False	True	False			16.328661017111735	0.0469	-0.24278747872217601	Left	0.0469	
454272.9339	0.04690000001573935	states																																	"       state_name
id               
3   wait_for_poke"
454272.9808	0.38380000001052395	states																																	"        state_name
id                
1   nose_in_center"
454273.36460000003	2.0	states																																	"          state_name
id                  
2   punish_violation"
454275.6834	8.870400000014342	trials	1.0	2.0	5.0	0.9378784545171398	0.0	0.35	True	4395.0	False	False	25019.0	False	Mixed	True	True	0.025	0.0	1.4118532616610495	1.5	9.0													
454275.6834	8.870400000014342	processed_trials			5.0	0.9378784545171398					False				Mixed					1.4118532616610495		9.0	40.0	40.0	True	False	False	1.4118999999999984	1.4118999999999984	16.328661017111735	6.437	0.014702662609422637	Right	6.437	
454275.6834	6.436999999976251	states																																	"       state_name
id               
3   wait_for_poke"
454282.12039999996	0.937900000018999	states																																	"        state_name
id                
1   nose_in_center"
454283.0583	0.001999999978579581	states																																	"   state_name
id           
5      go_cue"
454283.06029999995	1.4119000000064261	states																																	"            state_name
id                    
6   wait_for_side_poke"
454284.47219999996	0.01699999999254942	states																																	"         state_name
id                 
4   announce_reward"
454284.48919999995	0.06450000003678724	states																																	"   state_name
id           
8      reward"
454284.5537	0.00010000000474974513	states																																	"    state_name
id            
7   stop_sound"
454284.8844	6.799300000013318	trials	1.0	2.0	80.0	0.8148814406011763	0.0	0.35	True	4400.0	False	False	25020.0	False	Mixed	True	False	0.025	0.0	1.1966816954233659	1.5	9.0													
454284.8844	6.799300000013318	processed_trials			80.0	0.8148814406011763					False				Mixed					1.1966816954233659		9.0	40.0	40.0	False	True	False			16.328661017111735	4.339600000000001	-0.06981241891182036	Left	2.236500000000001	
454284.8844	4.339600000006612	states																																	"       state_name
id               
3   wait_for_poke"
454289.224	0.4597000000067055	states																																	"        state_name
id                
1   nose_in_center"
454289.6837	2.0	states																																	"          state_name
id                  
2   punish_violation"
454292.0182	47.87670000002254	trials	1.0	2.0	80.0	1.1478499923189562	0.0	0.35	True	4400.0	False	False	25021.0	False	Mixed	True	True	0.025	0.0	6.821769625757998	1.5	9.0													
454292.0182	47.87670000002254	processed_trials			80.0	1.1478499923189562					False				Mixed					6.821769625757998		9.0	40.0	40.0	False	True	False			16.328661017111735	44.8493	1.5625326740132763	Left	44.8493	
454292.0182	44.849300000001676	states																																	"       state_name
id               
3   wait_for_poke"
454336.8675	1.0274000000208616	states																																	"        state_name
id                
1   nose_in_center"
454337.8949	2.0	states																																	"          state_name
id                  
2   punish_violation"
454340.2088	6.475899999961257	trials	1.0	2.0	80.0	1.0188654364736387	0.0	0.35	True	4400.0	False	False	25022.0	False	Mixed	True	True	0.025	0.0	1.7618714812730158	1.5	9.0													
454340.2088	6.475899999961257	processed_trials			80.0	1.0188654364736387					False				Mixed					1.7618714812730158		9.0	40.0	40.0	True	False	False	1.7618999999999998	1.7618999999999998	16.328661017111735	2.8632	-0.12930420224259334	Left	2.8632	
454340.2088	2.8632000000216067	states																																	"       state_name
id               
3   wait_for_poke"
454343.07200000004	1.0188999999663793	states																																	"        state_name
id                
1   nose_in_center"
454344.0909	0.0020000000367872417	states																																	"   state_name
id           
5      go_cue"
454344.09290000005	1.761899999983143	states																																	"            state_name
id                    
6   wait_for_side_poke"
454345.85480000003	0.2612000000081025	states																																	"         state_name
id                 
4   announce_reward"
454346.11600000004	0.5685999999986961	states																																	"   state_name
id           
8      reward"
454346.68460000004	0.00010000000474974513	states																																	"    state_name
id            
7   stop_sound"
454347.0183	8.191099999996368	trials	1.0	2.0	20.0	1.0188654	0.0	0.35	True	4480.0	False	False	25023.0	False	Mixed	True	False	0.025	0.0	1.2903263137153418	1.5	9.0													
454347.0183	8.191099999996368	processed_trials			20.0	1.0188654					False				Mixed					1.2903263137153418		9.0	40.0	40.0	False	True	False			16.328661017111735	6.0999	0.001119162094112705	Right	2.2372	
454347.0183	6.099899999971967	states																																	"       state_name
id               
3   wait_for_poke"
454353.11819999997	0.09120000002440065	states																																	"        state_name
id                
1   nose_in_center"
454353.2094	2.0	states																																	"          state_name
id                  
2   punish_violation"
454355.5419	5.201100000005681	trials	1.0	2.0	20.0	1.0488919184796293	0.0	0.35	True	4480.0	False	False	25024.0	False	Mixed	True	True	0.025	0.0	3.2730291978867276	1.5	9.0													
454355.5419	5.201100000005681	processed_trials			20.0	1.0488919184796293					False				Mixed					3.2730291978867276		9.0	40.0	40.0	True	False	False	3.2729999999999997	3.2729999999999997	16.328661017111735	0.454	-0.2263833165750901	Right	0.454	
454355.5419	0.45400000002700835	states																																	"       state_name
id               
3   wait_for_poke"
454355.99590000004	1.048899999994319	states																																	"        state_name
id                
1   nose_in_center"
454357.04480000003	0.001999999978579581	states																																	"   state_name
id           
5      go_cue"
454357.0468	3.272999999986496	states																																	"            state_name
id                    
6   wait_for_side_poke"
454360.3198	0.251300000003539	states																																	"         state_name
id                 
4   announce_reward"
454360.5711	0.1718000000109896	states																																	"   state_name
id           
8      reward"
454360.7429	0.00010000000474974513	states																																	"    state_name
id            
7   stop_sound"
454361.0758	5.388099999981932	trials	1.0	2.0	5.0	1.0302665904766772	0.0	0.35	True	4500.0	False	False	25025.0	False	Mixed	True	False	0.025	0.0	2.282269928277813	1.5	9.0													
454361.0758	5.388099999981932	processed_trials			5.0	1.0302665904766772					False				Mixed					2.282269928277813		9.0	40.0	40.0	False	True	False			16.328661017111735	3.1175	-0.11905714148601275	Left	1.1370000000000002	
454361.0758	3.117499999993015	states																																	"       state_name
id               
3   wait_for_poke"
454364.1933	0.27059999998891726	states																																	"        state_name
id                
1   nose_in_center"
454364.4639	2.0	states																																	"          state_name
id                  
2   punish_violation"
454366.7903	47.1142000000109	trials	1.0	2.0	5.0	0.9182257540221704	0.0	0.35	True	4500.0	True	False	25026.0	False	Mixed	True	True	0.025	0.0	100.0	1.5	9.0													
454366.7903	47.1142000000109	processed_trials			5.0	0.9182257540221704					True				Mixed					100.0		9.0	40.0	40.0	False	False	True	7.157499999999999	7.157499999999999	16.328661017111735	38.836400000000005	1.3202418693603337	Right	38.836400000000005	
454366.7903	38.836399999971036	states																																	"       state_name
id               
3   wait_for_poke"
454405.62669999996	0.9182000000146218	states																																	"        state_name
id                
1   nose_in_center"
454406.5449	0.0020000000367872417	states																																	"   state_name
id           
5      go_cue"
454406.5469	7.15749999997206	states																																	"            state_name
id                    
6   wait_for_side_poke"
454413.7044	0.20000000001164153	states																																	"   state_name
id           
0     opt_out"
454413.9044	0.00010000000474974513	states																																	"    state_name
id            
7   stop_sound"
454414.2397	6.785499999998137	trials	1.0	2.0	40.0	0.8771459627278	0.0	0.35	True	4500.0	False	False	25027.0	False	Mixed	True	False	0.025	0.0	5.295028146458817	1.5	9.0													
454414.2397	6.785499999998137	processed_trials			40.0	0.8771459627278					False				Mixed					5.295028146458817		9.0	40.0	40.0	True	False	False	5.295000000000001	5.295000000000001	16.328661017111735	0.2822	-0.2333060261227918	Right	0.2822	
454414.2397	0.28220000001601875	states																																	"       state_name
id               
3   wait_for_poke"
454414.5219	0.8770999999833293	states																																	"        state_name
id                
1   nose_in_center"
454415.399	0.001999999978579581	states																																	"   state_name
id           
5      go_cue"
454415.40099999995	5.2950000000419095	states																																	"            state_name
id                    
6   wait_for_side_poke"
454420.696	0.012199999997392297	states																																	"         state_name
id                 
4   announce_reward"
454420.7082	0.31689999997615814	states																																	"   state_name
id           
8      reward"
454421.02509999997	0.00010000000474974513	states																																	"    state_name
id            
7   stop_sound"
454421.3484	7.853399999963585	trials	1.0	2.0	5.0	0.985802096280869	0.0	0.35	True	4540.0	True	False	25028.0	False	Mixed	True	False	0.025	0.0	100.0	1.5	9.0													
454421.3484	7.853399999963585	processed_trials			5.0	0.985802096280869					True				Mixed					100.0		9.0	40.0	40.0	False	True	False			16.328661017111735	5.452100000000001	-0.02498404654966586	Right	2.1272000000000006	
454421.3484	5.452099999994971	states																																	"       state_name
id               
3   wait_for_poke"
454426.8005	0.4013000000268221	states																																	"        state_name
id                
1   nose_in_center"
454427.20180000004	2.0	states																																	"          state_name
id                  
2   punish_violation"
454429.5416	6.81150000001071	trials	1.0	2.0	5.0	0.9512932172456656	0.0	0.35	True	4540.0	False	False	25029.0	False	Mixed	True	True	0.025	0.0	3.6901668488953177	1.5	9.0													
454429.5416	6.81150000001071	processed_trials			5.0	0.9512932172456656					False				Mixed					3.6901668488953177		9.0	40.0	40.0	False	True	False			16.328661017111735	4.6232	-0.05838470978651072	Left	4.6232	
454429.5416	4.623199999972712	states																																	"       state_name
id               
3   wait_for_poke"
454434.16479999997	0.18830000003799796	states																																	"        state_name
id                
1   nose_in_center"
454434.3531	2.0	states																																	"          state_name
id                  
2   punish_violation"
454436.6771	4.969200000050478	trials	1.0	2.0	5.0	0.8502434103883207	0.0	0.35	True	4540.0	False	False	25030.0	False	Mixed	True	True	0.025	0.0	3.6901668	1.5	9.0													
454436.6771	4.969200000050478	processed_trials			5.0	0.8502434103883207					False				Mixed					3.6901668		9.0	40.0	40.0	True	False	False	3.6902000000000004	3.6902000000000004	16.328661017111735	0.1774	-0.23752895953722214	Right	0.1774	
454436.6771	0.17739999998593703	states																																	"       state_name
id               
3   wait_for_poke"
454436.85449999996	0.8501999999862164	states																																	"        state_name
id                
1   nose_in_center"
454437.70469999994	0.0020000000367872417	states																																	"   state_name
id           
5      go_cue"
454437.7067	3.690200000011828	states																																	"            state_name
id                    
6   wait_for_side_poke"
454441.3969	0.1847999999881722	states																																	"         state_name
id                 
4   announce_reward"
454441.5817	0.06449999997857958	states																																	"   state_name
id           
8      reward"
454441.64619999996	0.00010000000474974513	states																																	"    state_name
id            
7   stop_sound"
454441.9809	4.411999999952968	trials	1.0	2.0	20.0	1.1749870046180326	0.0	0.35	True	4545.0	True	False	25031.0	False	Mixed	True	False	0.025	0.0	100.0	1.5	9.0													
454441.9809	4.411999999952968	processed_trials			20.0	1.1749870046180326					True				Mixed					100.0		9.0	40.0	40.0	False	True	False			16.328661017111735	1.9977	-0.16417966856119534	Left	0.9014	
454441.9809	1.9977000000071712	states																																	"       state_name
id               
3   wait_for_poke"
454443.97860000003	0.4143000000040047	states																																	"        state_name
id                
1   nose_in_center"
454444.39290000004	2.0	states																																	"          state_name
id                  
2   punish_violation"
454446.7345	14.473200000007637	trials	1.0	2.0	20.0	0.973642451347841	0.0	0.35	True	4545.0	False	False	25032.0	False	Mixed	True	True	0.025	0.0	2.032521223111864	1.5	9.0													
454446.7345	14.473200000007637	processed_trials			20.0	0.973642451347841					False				Mixed					2.032521223111864		9.0	40.0	40.0	True	False	False	2.032499999999999	2.032499999999999	16.328661017111735	10.992299999999998	0.19825923305555507	Right	10.992299999999998	
454446.7345	10.992299999983516	states																																	"       state_name
id               
3   wait_for_poke"
454457.7268	0.9736000000266358	states																																	"        state_name
id                
1   nose_in_center"
454458.70040000003	0.001999999978579581	states																																	"   state_name
id           
5      go_cue"
454458.7024	2.032500000030268	states																																	"            state_name
id                    
6   wait_for_side_poke"
454460.73490000004	0.3008999999728985	states																																	"         state_name
id                 
4   announce_reward"
454461.0358	0.1718000000109896	states																																	"   state_name
id           
8      reward"
454461.2076	0.00010000000474974513	states																																	"    state_name
id            
7   stop_sound"
454461.5469	62.49660000001313	trials	1.0	2.0	80.0	0.8703924187812064	0.0	0.35	True	4565.0	False	False	25033.0	False	Mixed	True	False	0.025	0.0	1.0687123896297686	1.5	9.0													
454461.5469	62.49660000001313	processed_trials			80.0	0.8703924187812064					False				Mixed					1.0687123896297686		9.0	40.0	40.0	False	True	False			16.328661017111735	60.22	2.18189758463527	Right	58.218599999999995	
454461.5469	60.21999999997206	states																																	"       state_name
id               
3   wait_for_poke"
454521.7669	0.2766000000410713	states																																	"        state_name
id                
1   nose_in_center"
454522.0435	2.0	states																																	"          state_name
id                  
2   punish_violation"
454524.3743	3.767099999997299	trials	1.0	2.0	80.0	1.1163924724608187	0.0	0.35	True	4565.0	False	False	25034.0	False	Mixed	True	True	0.025	0.0	0.37075602331496993	1.5	9.0													
454524.3743	3.767099999997299	processed_trials			80.0	1.1163924724608187					False				Mixed					0.37075602331496993		9.0	40.0	40.0	True	False	False	0.37080000000000046	0.37080000000000046	16.328661017111735	0.8096	-0.21205435548566795	Right	0.8096	
454524.3743	0.8095999999786727	states																																	"       state_name
id               
3   wait_for_poke"
454525.1839	1.1163999999989755	states																																	"        state_name
id                
1   nose_in_center"
454526.3003	0.0020000000367872417	states																																	"   state_name
id           
5      go_cue"
454526.30230000004	0.3707999999751337	states																																	"            state_name
id                    
6   wait_for_side_poke"
454526.6731	0.8537000000360422	states																																	"         state_name
id                 
4   announce_reward"
454527.52680000005	0.614499999966938	states																																	"   state_name
id           
8      reward"
454528.1413	0.00010000000474974513	states																																	"    state_name
id            
7   stop_sound"
454528.4843	14.359499999962281	trials	1.0	2.0	40.0	0.8104569812754326	0.0	0.35	True	4645.0	True	False	25035.0	False	Mixed	True	False	0.025	0.0	100.0	1.5	9.0													
454528.4843	14.359499999962281	processed_trials			40.0	0.8104569812754326					True				Mixed					100.0		9.0	40.0	40.0	False	False	True	7.2056	7.2056	16.328661017111735	6.1413	0.0027873819734773888	Right	1.7719000000000005	
454528.4843	6.141300000017509	states																																	"       state_name
id               
3   wait_for_poke"
454534.6256	0.8104999999632128	states																																	"        state_name
id                
1   nose_in_center"
454535.4361	0.0020000000367872417	states																																	"   state_name
id           
5      go_cue"
454535.4381	7.205599999986589	states																																	"            state_name
id                    
6   wait_for_side_poke"
454542.6437	0.20000000001164153	states																																	"   state_name
id           
0     opt_out"
454542.8437	0.00010000000474974513	states																																	"    state_name
id            
7   stop_sound"
454543.1821	2.2102000000304542	trials	1.0	2.0	40.0	0.9099808823732832	0.0	0.35	True	4645.0	False	False	25036.0	False	Mixed	True	False	0.025	0.0	1.1506514451122754	1.5	9.0													
454543.1821	2.2102000000304542	processed_trials			40.0	0.9099808823732832					False				Mixed					1.1506514451122754		9.0	40.0	40.0	False	True	False			16.328661017111735	0.0072	-0.2443871968190547	Right	0.0072	
454543.1821	0.007199999992735684	states																																	"       state_name
id               
3   wait_for_poke"
454543.18929999997	0.2029999999795109	states																																	"        state_name
id                
1   nose_in_center"
454543.39229999995	2.0	states																																	"          state_name
id                  
2   punish_violation"
454545.7291	6.0791999999783	trials	1.0	2.0	40.0	0.9920456659896398	0.0	0.35	True	4645.0	False	False	25037.0	False	Mixed	True	True	0.025	0.0	4.416405299021572	1.5	9.0													
454545.7291	6.0791999999783	processed_trials			40.0	0.9920456659896398					False				Mixed					4.416405299021572		9.0	40.0	40.0	True	False	False	4.416399999999999	4.416399999999999	16.328661017111735	0.198	-0.23669887911415663	Left	0.198	
454545.7291	0.1979999999748543	states																																	"       state_name
id               
3   wait_for_poke"
454545.9271	0.992000000027474	states																																	"        state_name
id                
1   nose_in_center"
454546.9191	0.001999999978579581	states																																	"   state_name
id           
5      go_cue"
454546.9211	4.416400000045542	states																																	"            state_name
id                    
6   wait_for_side_poke"
454551.3375	0.17409999994561076	states																																	"         state_name
id                 
4   announce_reward"
454551.51159999997	0.2966000000014901	states																																	"   state_name
id           
8      reward"
454551.80819999997	0.00010000000474974513	states																																	"    state_name
id            
7   stop_sound"
454552.1553	8.794400000013411	trials	1.0	2.0	10.0	0.9534928728759248	0.0	0.35	True	4685.0	True	False	25038.0	False	Low	True	False	0.025	0.0	100.0	1.5	9.0													
454552.1553	8.794400000013411	processed_trials			10.0	0.9534928728759248					True				Low					100.0		9.0	40.0	40.0	False	True	False			16.328661017111735	6.5843	0.020638140586002718	Left	0.8507999999999996	
454552.1553	6.5842999999877065	states																																	"       state_name
id               
3   wait_for_poke"
454558.7396	0.2101000000257045	states																																	"        state_name
id                
1   nose_in_center"
454558.9497	2.0	states																																	"          state_name
id                  
2   punish_violation"
454561.2798	2.8757999999797903	trials	1.0	2.0	10.0	0.9505630310939581	0.0	0.35	True	4685.0	False	False	25039.0	False	Low	True	True	0.025	0.0	2.8408860269307983	1.5	9.0													
454561.2798	2.8757999999797903	processed_trials			10.0	0.9505630310939581					False				Low					2.8408860269307983		9.0	40.0	40.0	False	True	False			16.328661017111735	0.737	-0.21497978454948133	Left	0.737	
454561.2798	0.7370000000228174	states																																	"       state_name
id               
3   wait_for_poke"
454562.01680000004	0.1387999999569729	states																																	"        state_name
id                
1   nose_in_center"
454562.1556	2.0	states																																	"          state_name
id                  
2   punish_violation"
454564.5024	5.255599999974947	trials	1.0	2.0	10.0	0.8698489997868721	0.0	0.35	True	4685.0	False	False	25040.0	False	Low	True	True	0.025	0.0	3.790902898322497	1.5	9.0													
454564.5024	5.255599999974947	processed_trials			10.0	0.8698489997868721					False				Low					3.790902898322497		9.0	40.0	40.0	True	False	False	3.7908999999999997	3.7908999999999997	16.328661017111735	0.1153	-0.24003128935626913	Right	0.1153	
454564.5024	0.11530000000493601	states																																	"       state_name
id               
3   wait_for_poke"
454564.6177	0.8697999999858439	states																																	"        state_name
id                
1   nose_in_center"
454565.4875	0.0020000000367872417	states																																	"   state_name
id           
5      go_cue"
454565.4895	3.7908999999635853	states																																	"            state_name
id                    
6   wait_for_side_poke"
454569.2804	0.37739999999757856	states																																	"         state_name
id                 
4   announce_reward"
454569.6578	0.10010000003967434	states																																	"   state_name
id           
8      reward"
454569.7579	9.999994654208422e-05	states																																	"    state_name
id            
7   stop_sound"
454570.1004	4.681299999996554	trials	1.0	2.0	10.0	1.0476212501302455	0.0	0.35	True	4695.0	False	False	25041.0	False	Low	True	False	0.025	0.0	1.4026264912226518	1.5	9.0													
454570.1004	4.681299999996554	processed_trials			10.0	1.0476212501302455					False				Low					1.4026264912226518		9.0	40.0	40.0	True	False	False	1.4025999999999996	1.4025999999999996	16.328661017111735	1.9888	-0.16453829554009258	Right	0.6524999999999999	
454570.1004	1.9887999999918975	states																																	"       state_name
id               
3   wait_for_poke"
454572.0892	1.04759999999078	states																																	"        state_name
id                
1   nose_in_center"
454573.1368	0.0020000000367872417	states																																	"   state_name
id           
5      go_cue"
454573.1388	1.4025999999721535	states																																	"            state_name
id                    
6   wait_for_side_poke"
454574.5414	0.14010000001871958	states																																	"         state_name
id                 
4   announce_reward"
454574.6815	0.10009999998146668	states																																	"   state_name
id           
8      reward"
454574.7816	0.00010000000474974513	states																																	"    state_name
id            
7   stop_sound"
454575.1247	4.760700000042561	trials	1.0	2.0	10.0	1.1161332692282806	0.0	0.35	True	4705.0	False	False	25042.0	False	Low	True	False	0.025	0.0	2.2158944486717513	1.5	9.0													
454575.1247	4.760700000042561	processed_trials			10.0	1.1161332692282806					False				Low					2.2158944486717513		9.0	40.0	40.0	False	True	False			16.328661017111735	2.5109	-0.14350018928366035	Left	1.2254999999999998	
454575.1247	2.5108999999938533	states																																	"       state_name
id               
3   wait_for_poke"
454577.6356	0.2497999999905005	states																																	"        state_name
id                
1   nose_in_center"
454577.88539999997	2.0	states																																	"          state_name
id                  
2   punish_violation"
454580.2354	3.7668999999877997	trials	1.0	2.0	10.0	1.1161333	0.0	0.35	True	4705.0	False	False	25043.0	False	Low	True	True	0.025	0.0	1.4147417601053336	1.5	9.0													
454580.2354	3.7668999999877997	processed_trials			10.0	1.1161333					False				Low					1.4147417601053336		9.0	40.0	40.0	True	False	False	1.4146999999999998	1.4146999999999998	16.328661017111735	1.0209	-0.20353998687432118	Left	1.0209	
454580.2354	1.0209000000031665	states																																	"       state_name
id               
3   wait_for_poke"
454581.2563	1.1160999999847263	states																																	"        state_name
id                
1   nose_in_center"
454582.3724	0.0020000000367872417	states																																	"   state_name
id           
5      go_cue"
454582.37440000003	1.414699999964796	states																																	"            state_name
id                    
6   wait_for_side_poke"
454583.7891	0.1182000000262633	states																																	"         state_name
id                 
4   announce_reward"
454583.9073	0.09489999996731058	states																																	"   state_name
id           
8      reward"
454584.0022	0.00010000000474974513	states																																	"    state_name
id            
7   stop_sound"
454584.3387	5.10999999998603	trials	1.0	2.0	5.0	0.8244865452629389	0.0	0.35	True	4715.0	False	False	25044.0	False	Low	True	False	0.025	0.0	2.6565901803786103	1.5	9.0													
454584.3387	5.10999999998603	processed_trials			5.0	0.8244865452629389					False				Low					2.6565901803786103		9.0	40.0	40.0	True	False	False	2.6566	2.6566	16.328661017111735	1.4879	-0.18472214427375835	Right	0.551	
454584.3387	1.4879000000073574	states																																	"       state_name
id               
3   wait_for_poke"
454585.82660000003	0.8244999999878928	states																																	"        state_name
id                
1   nose_in_center"
454586.6511	0.001999999978579581	states																																	"   state_name
id           
5      go_cue"
454586.6531	2.656600000045728	states																																	"            state_name
id                    
6   wait_for_side_poke"
454589.30970000004	0.07439999998314306	states																																	"         state_name
id                 
4   announce_reward"
454589.3841	0.06449999997857958	states																																	"   state_name
id           
8      reward"
454589.4486	0.00010000000474974513	states																																	"    state_name
id            
7   stop_sound"
454589.8027	5.136100000003353	trials	1.0	2.0	5.0	1.104510959153881	0.0	0.35	True	4720.0	False	False	25045.0	False	Low	True	False	0.025	0.0	0.3375988497737523	1.5	9.0													
454589.8027	5.136100000003353	processed_trials			5.0	1.104510959153881					False				Low					0.3375988497737523		9.0	40.0	40.0	True	False	False	0.33759999999999923	0.33759999999999923	16.328661017111735	3.2580999999999998	-0.1133916411227598	Left	0.9612999999999996	
454589.8027	3.2580999999772757	states																																	"       state_name
id               
3   wait_for_poke"
454593.0608	1.1045000000158325	states																																	"        state_name
id                
1   nose_in_center"
454594.1653	0.001999999978579581	states																																	"   state_name
id           
5      go_cue"
454594.1673	0.3376000000280328	states																																	"            state_name
id                    
6   wait_for_side_poke"
454594.5049	0.37239999999292195	states																																	"         state_name
id                 
4   announce_reward"
454594.8773	0.061400000005960464	states																																	"   state_name
id           
8      reward"
454594.9387	0.00010000000474974513	states																																	"    state_name
id            
7   stop_sound"
454595.2889	3.819500000041444	trials	1.0	2.0	5.0	1.104511	0.0	0.35	True	4725.0	False	False	25046.0	False	Low	True	False	0.025	0.0	1.107296108487668	1.5	9.0													
454595.2889	3.819500000041444	processed_trials			5.0	1.104511					False				Low					1.107296108487668		9.0	40.0	40.0	False	True	False			16.328661017111735	1.7085	-0.1758330306170471	Right	0.814	
454595.2889	1.7085000000079162	states																																	"       state_name
id               
3   wait_for_poke"
454596.9974	0.11099999997531995	states																																	"        state_name
id                
1   nose_in_center"
454597.10839999997	2.0	states																																	"          state_name
id                  
2   punish_violation"
454599.4426	2.328800000017509	trials	1.0	2.0	5.0	1.0157493856677449	0.0	0.35	True	4725.0	False	False	25047.0	False	Low	True	True	0.025	0.0	0.7875327152034446	1.5	9.0													
454599.4426	2.328800000017509	processed_trials			5.0	1.0157493856677449					False				Low					0.7875327152034446		9.0	40.0	40.0	True	False	False	0.7875000000000003	0.7875000000000003	16.328661017111735	0.3466	-0.23071101742155783	Right	0.3466	
454599.4426	0.3465999999898486	states																																	"       state_name
id               
3   wait_for_poke"
454599.7892	1.0156999999890104	states																																	"        state_name
id                
1   nose_in_center"
454600.8049	0.0020000000367872417	states																																	"   state_name
id           
5      go_cue"
454600.8069	0.7874999999767169	states																																	"            state_name
id                    
6   wait_for_side_poke"
454601.5944	0.11239999998360872	states																																	"         state_name
id                 
4   announce_reward"
454601.7068	0.06450000003678724	states																																	"   state_name
id           
8      reward"
454601.7713	0.00010000000474974513	states																																	"    state_name
id            
7   stop_sound"
454602.1181	5.1204999999608845	trials	1.0	2.0	5.0	1.0157494	0.0	0.35	True	4730.0	True	False	25048.0	False	Low	True	False	0.025	0.0	0.78753272	1.5	9.0													
454602.1181	5.1204999999608845	processed_trials			5.0	1.0157494					False				Low					0.78753272		9.0	40.0	40.0	False	False	False	0.7874999999999996	0.7874999999999996	16.328661017111735	3.3153	-0.11108675761793711	Left	1.1949999999999998	
454602.1181	3.3153000000165775	states																																	"       state_name
id               
3   wait_for_poke"
454605.43340000004	1.0156999999890104	states																																	"        state_name
id                
1   nose_in_center"
454606.4491	0.001999999978579581	states																																	"   state_name
id           
5      go_cue"
454606.4511	0.7875000000349246	states																																	"            state_name
id                    
6   wait_for_side_poke"
454607.5838	4.87510000000475	trials	1.0	2.0	10.0	1.1060136375616993	0.0	0.35	True	4730.0	False	False	25049.0	False	Low	True	False	0.025	0.0	1.249482049512972	1.5	9.0													
454607.5838	4.87510000000475	processed_trials			10.0	1.1060136375616993					False				Low					1.249482049512972		9.0	40.0	40.0	False	True	False			16.328661017111735	2.6355	-0.13847941157909902	Right	2.6355	
454607.5838	2.6354999999748543	states																																	"       state_name
id               
3   wait_for_poke"
454610.2193	0.23960000002989545	states																																	"        state_name
id                
1   nose_in_center"
454610.4589	2.0	states																																	"          state_name
id                  
2   punish_violation"
454612.7957	36.20559999998659	trials	1.0	2.0	10.0	0.8672608366601087	0.0	0.35	True	4730.0	False	False	25050.0	False	Low	True	True	0.025	0.0	2.5892657527904888	1.5	9.0													
454612.7957	36.20559999998659	processed_trials			10.0	0.8672608366601087					False				Low					2.5892657527904888		9.0	40.0	40.0	True	False	False	2.5893000000000015	2.5893000000000015	16.328661017111735	32.576299999999996	1.0679900996306047	Right	32.576299999999996	
454612.7957	32.57630000001518	states																																	"       state_name
id               
3   wait_for_poke"
454645.37200000003	0.8672999999835156	states																																	"        state_name
id                
1   nose_in_center"
454646.2393	0.001999999978579581	states																																	"   state_name
id           
5      go_cue"
454646.2413	2.589300000050571	states																																	"            state_name
id                    
6   wait_for_side_poke"
454648.83060000004	0.07049999997252598	states																																	"         state_name
id                 
4   announce_reward"
454648.9011	0.10009999998146668	states																																	"   state_name
id           
8      reward"
454649.0012	0.00010000000474974513	states																																	"    state_name
id            
7   stop_sound"
454649.3545	7.215399999986403	trials	1.0	2.0	10.0	0.9254966660545484	0.0	0.35	True	4740.0	False	False	25051.0	False	Low	True	False	0.025	0.0	0.6360446007661914	1.5	9.0													
454649.3545	7.215399999986403	processed_trials			10.0	0.9254966660545484					False				Low					0.6360446007661914		9.0	40.0	40.0	True	False	False	0.6359999999999992	0.6359999999999992	16.328661017111735	5.4571000000000005	-0.02478257071882472	Left	2.8784000000000005	
454649.3545	5.4570999999996275	states																																	"       state_name
id               
3   wait_for_poke"
454654.8116	0.9255000000121072	states																																	"        state_name
id                
1   nose_in_center"
454655.7371	0.001999999978579581	states																																	"   state_name
id           
5      go_cue"
454655.7391	0.635999999998603	states																																	"            state_name
id                    
6   wait_for_side_poke"
454656.3751	0.0998000000254251	states																																	"         state_name
id                 
4   announce_reward"
454656.47490000003	0.09489999996731058	states																																	"   state_name
id           
8      reward"
454656.5698	0.00010000000474974513	states																																	"    state_name
id            
7   stop_sound"
454656.9134	5.057600000000093	trials	1.0	2.0	5.0	0.92549667	0.0	0.35	True	4750.0	False	False	25052.0	False	Low	True	False	0.025	0.0	1.2337282540124814	1.5	9.0													
454656.9134	5.057600000000093	processed_trials			5.0	0.92549667					False				Low					1.2337282540124814		9.0	40.0	40.0	True	False	False	1.2336999999999998	1.2336999999999998	16.328661017111735	2.4985	-0.14399984934414636	Left	0.8152999999999999	
454656.9134	2.4984999999869615	states																																	"       state_name
id               
3   wait_for_poke"
454659.4119	0.9255000000121072	states																																	"        state_name
id                
1   nose_in_center"
454660.3374	0.001999999978579581	states																																	"   state_name
id           
5      go_cue"
454660.3394	1.2337000000406988	states																																	"            state_name
id                    
6   wait_for_side_poke"
454661.57310000004	0.33639999997103587	states																																	"         state_name
id                 
4   announce_reward"
454661.9095	0.061400000005960464	states																																	"   state_name
id           
8      reward"
454661.9709	0.00010000000474974513	states																																	"    state_name
id            
7   stop_sound"
454662.3187	7.041900000011083	trials	1.0	2.0	5.0	0.9941097529674809	0.0	0.35	True	4755.0	False	False	25053.0	False	Low	True	False	0.025	0.0	1.747621247618703	1.5	9.0													
454662.3187	7.041900000011083	processed_trials			5.0	0.9941097529674809					False				Low					1.747621247618703		9.0	40.0	40.0	False	True	False			16.328661017111735	4.913399999999999	-0.04669105256449075	Right	2.1244999999999994	
454662.3187	4.913400000019465	states																																	"       state_name
id               
3   wait_for_poke"
454667.2321	0.1284999999916181	states																																	"        state_name
id                
1   nose_in_center"
454667.3606	2.0	states																																	"          state_name
id                  
2   punish_violation"
454669.7006	4.165200000046752	trials	1.0	2.0	5.0	1.1149245864180697	0.0	0.35	True	4755.0	True	False	25054.0	False	Low	True	True	0.025	0.0	1.7476212	1.5	9.0													
454669.7006	4.165200000046752	processed_trials			5.0	1.1149245864180697					False				Low					1.7476212		9.0	40.0	40.0	False	False	False	1.7475999999999998	1.7475999999999998	16.328661017111735	1.3007	-0.19226539938045079	Left	1.3007	
454669.7006	1.3007000000216067	states																																	"       state_name
id               
3   wait_for_poke"
454671.0013	1.114899999985937	states																																	"        state_name
id                
1   nose_in_center"
454672.1162	0.001999999978579581	states																																	"   state_name
id           
5      go_cue"
454672.11819999997	1.7476000000024214	states																																	"            state_name
id                    
6   wait_for_side_poke"
454674.2236	15.432399999990594	trials	1.0	2.0	20.0	0.8705398605377697	0.0	0.35	True	4755.0	True	False	25055.0	False	Low	True	False	0.025	0.0	100.0	1.5	9.0													
454674.2236	15.432399999990594	processed_trials			20.0	0.8705398605377697					True				Low					100.0		9.0	40.0	40.0	False	False	True	7.464699999999998	7.464699999999998	16.328661017111735	6.8951	0.03316187823108823	Right	6.8951	
454674.2236	6.895100000023376	states																																	"       state_name
id               
3   wait_for_poke"
454681.11870000005	0.8704999999608845	states																																	"        state_name
id                
1   nose_in_center"
454681.9892	0.0020000000367872417	states																																	"   state_name
id           
5      go_cue"
454681.99120000005	7.4646999999531545	states																																	"            state_name
id                    
6   wait_for_side_poke"
454689.4559	0.20000000001164153	states																																	"   state_name
id           
0     opt_out"
454689.6559	0.00010000000474974513	states																																	"    state_name
id            
7   stop_sound"
454690.01	2.128900000010617	trials	1.0	2.0	10.0	0.848339111996994	0.0	0.35	True	4755.0	True	False	25056.0	False	Low	True	False	0.025	0.0	100.0	1.5	9.0													
454690.01	2.128900000010617	processed_trials			10.0	0.848339111996994					True				Low					100.0		9.0	40.0	40.0	False	True	False			16.328661017111735	0.0916	-0.2409862847944562	Right	0.0916	
454690.01	0.09159999998519197	states																																	"       state_name
id               
3   wait_for_poke"
454690.1016	0.037300000025425106	states																																	"        state_name
id                
1   nose_in_center"
454690.1389	2.0	states																																	"          state_name
id                  
2   punish_violation"
454692.4951	2.785299999988638	trials	1.0	2.0	10.0	0.84833911	0.0	0.35	True	4755.0	True	False	25057.0	False	Low	True	True	0.025	0.0	100.0	1.5	9.0													
454692.4951	2.785299999988638	processed_trials			10.0	0.84833911					True				Low					100.0		9.0	40.0	40.0	False	True	False			16.328661017111735	0.738	-0.21493948938331311	Left	0.738	
454692.4951	0.7380000000121072	states																																	"       state_name
id               
3   wait_for_poke"
454693.2331	0.04729999997653067	states																																	"        state_name
id                
1   nose_in_center"
454693.2804	2.0	states																																	"          state_name
id                  
2   punish_violation"
454695.6149	170.46840000001248	trials	1.0	2.0	10.0	1.0469398608183251	0.0	0.35	True	4755.0	True	False	25058.0	False	Low	True	True	0.025	0.0	100.0	1.5	9.0													
454695.6149	170.46840000001248	processed_trials			10.0	1.0469398608183251					True				Low					100.0		9.0	40.0	40.0	False	True	False			16.328661017111735	168.2463	6.534835293674202	Left	168.2463	
454695.6149	168.24629999999888	states																																	"       state_name
id               
3   wait_for_poke"
454863.8612	0.2221000000135973	states																																	"        state_name
id                
1   nose_in_center"
454864.0833	2.0	states																																	"          state_name
id                  
2   punish_violation"
454866.4315	6.691699999966659	trials	1.0	2.0	10.0	0.8405551335558867	0.0	0.35	True	4755.0	False	False	25059.0	False	Low	True	True	0.025	0.0	1.418122308867929	1.5	9.0													
454866.4315	6.691699999966659	processed_trials			10.0	0.8405551335558867					False				Low					1.418122308867929		9.0	40.0	40.0	True	False	False	1.4181	1.4181	16.328661017111735	4.3058000000000005	-0.0711743955283065	Right	4.3058000000000005	
454866.4315	4.305799999972805	states																																	"       state_name
id               
3   wait_for_poke"
454870.7373	0.8406000000541098	states																																	"        state_name
id                
1   nose_in_center"
454871.57790000003	0.001999999978579581	states																																	"   state_name
id           
5      go_cue"
454871.5799	1.418100000009872	states																																	"            state_name
id                    
6   wait_for_side_poke"
454872.998	0.024999999965075403	states																																	"         state_name
id                 
4   announce_reward"
454873.023	0.10010000003967434	states																																	"   state_name
id           
8      reward"
454873.1231	0.00010000000474974513	states																																	"    state_name
id            
7   stop_sound"
454873.4692	4.9799999999813735	trials	1.0	2.0	5.0	0.9765172325892124	0.0	0.35	True	4765.0	False	False	25060.0	False	Low	True	False	0.025	0.0	0.10673163763327181	1.5	9.0													
454873.4692	4.9799999999813735	processed_trials			5.0	0.9765172325892124					False				Low					0.10673163763327181		9.0	40.0	40.0	True	False	False	0.10669999999999913	0.10669999999999913	16.328661017111735	3.1623	-0.1172519180416761	Left	0.8999999999999999	
454873.4692	3.162300000025425	states																																	"       state_name
id               
3   wait_for_poke"
454876.6315	0.9764999999897555	states																																	"        state_name
id                
1   nose_in_center"
454877.608	0.001999999978579581	states																																	"   state_name
id           
5      go_cue"
454877.61	0.10670000000391155	states																																	"            state_name
id                    
6   wait_for_side_poke"
454877.7167	0.6710000000311993	states																																	"         state_name
id                 
4   announce_reward"
454878.3877	0.061399999947752804	states																																	"   state_name
id           
8      reward"
454878.44909999997	0.00010000000474974513	states																																	"    state_name
id            
7   stop_sound"
454878.7993	24.167299999971874	trials	1.0	2.0	10.0	0.97651723	0.0	0.35	True	4770.0	True	False	25061.0	False	Low	True	False	0.025	0.0	100.0	1.5	9.0													
454878.7993	24.167299999971874	processed_trials			10.0	0.97651723					True				Low					100.0		9.0	40.0	40.0	False	False	True		19.971700000000002	16.328661017111735	3.017	-0.12310680568591975	Left	1.4517999999999998	
454878.7993	3.0169999999925494	states																																	"       state_name
id               
3   wait_for_poke"
454881.8163	0.9764999999897555	states																																	"        state_name
id                
1   nose_in_center"
454882.7928	0.0020000000367872417	states																																	"   state_name
id           
5      go_cue"
454882.79480000003	19.9716999999946	states																																	"            state_name
id                    
6   wait_for_side_poke"
454902.7665	0.20000000001164153	states																																	"   state_name
id           
0     opt_out"
454902.96650000004	9.999994654208422e-05	states																																	"    state_name
id            
7   stop_sound"
454903.3131	2.654399999999441	trials	1.0	2.0	20.0	0.9041634032012906	0.0	0.35	True	4770.0	False	False	25062.0	False	Low	True	False	0.025	0.0	1.221895295335535	1.5	9.0													
454903.3131	2.654399999999441	processed_trials			20.0	0.9041634032012906					False				Low					1.221895295335535		9.0	40.0	40.0	True	False	False	1.2219000000000002	1.2219000000000002	16.328661017111735	0.2299	-0.23541346331339016	Right	0.2299	
454903.3131	0.2298999999766238	states																																	"       state_name
id               
3   wait_for_poke"
454903.543	0.9042000000481494	states																																	"        state_name
id                
1   nose_in_center"
454904.44720000005	0.001999999978579581	states																																	"   state_name
id           
5      go_cue"
454904.44920000003	1.2219000000040978	states																																	"            state_name
id                    
6   wait_for_side_poke"
454905.67110000004	0.12449999997625127	states																																	"         state_name
id                 
4   announce_reward"
454905.7956	0.1718000000109896	states																																	"   state_name
id           
8      reward"
454905.9674	0.00010000000474974513	states																																	"    state_name
id            
7   stop_sound"
454906.3178	5.932399999990594	trials	1.0	2.0	20.0	1.181086188805002	0.0	0.35	True	4790.0	False	False	25063.0	False	Low	True	False	0.025	0.0	1.8294758030055134	1.5	9.0													
454906.3178	5.932399999990594	processed_trials			20.0	1.181086188805002					False				Low					1.8294758030055134		9.0	40.0	40.0	False	True	False			16.328661017111735	3.7056999999999998	-0.0953555247458606	Right	1.9367999999999996	
454906.3178	3.7056999999913387	states																																	"       state_name
id               
3   wait_for_poke"
454910.0235	0.22669999999925494	states																																	"        state_name
id                
1   nose_in_center"
454910.2502	2.0	states																																	"          state_name
id                  
2   punish_violation"
454912.6022	5.157999999995809	trials	1.0	2.0	20.0	1.1165736612357733	0.0	0.35	True	4790.0	False	False	25064.0	False	Low	True	True	0.025	0.0	3.4960812143362228	1.5	9.0													
454912.6022	5.157999999995809	processed_trials			20.0	1.1165736612357733					False				Low					3.4960812143362228		9.0	40.0	40.0	True	False	False	3.4961	3.4961	16.328661017111735	0.2215	-0.23575194270920327	Right	0.2215	
454912.6022	0.22149999998509884	states																																	"       state_name
id               
3   wait_for_poke"
454912.8237	1.116600000008475	states																																	"        state_name
id                
1   nose_in_center"
454913.9403	0.001999999978579581	states																																	"   state_name
id           
5      go_cue"
454913.9423	3.4961000000475906	states																																	"            state_name
id                    
6   wait_for_side_poke"
454917.43840000004	0.14989999996032566	states																																	"         state_name
id                 
4   announce_reward"
454917.5883	0.1718000000109896	states																																	"   state_name
id           
8      reward"
454917.7601	0.00010000000474974513	states																																	"    state_name
id            
7   stop_sound"
454918.124	10.967699999979232	trials	1.0	2.0	5.0	0.9744832618550169	0.0	0.35	True	4810.0	True	False	25065.0	False	Low	True	False	0.025	0.0	100.0	1.5	9.0													
454918.124	10.967699999979232	processed_trials			5.0	0.9744832618550169					True				Low					100.0		9.0	40.0	40.0	False	False	True	5.3084999999999996	5.3084999999999996	16.328661017111735	4.482600000000001	-0.06405021014976366	Right	1.4319000000000006	
454918.124	4.482599999988452	states																																	"       state_name
id               
3   wait_for_poke"
454922.6066	0.9745000000111759	states																																	"        state_name
id                
1   nose_in_center"
454923.5811	0.001999999978579581	states																																	"   state_name
id           
5      go_cue"
454923.5831	5.308500000042841	states																																	"            state_name
id                    
6   wait_for_side_poke"
454928.89160000003	0.19999999995343387	states																																	"   state_name
id           
0     opt_out"
454929.0916	0.00010000000474974513	states																																	"    state_name
id            
7   stop_sound"
454929.4444	2.350700000009965	trials	1.0	2.0	10.0	0.9538930541594691	0.0	0.35	True	4810.0	True	False	25066.0	False	Low	True	False	0.025	0.0	100.0	1.5	9.0													
454929.4444	2.350700000009965	processed_trials			10.0	0.9538930541594691					True				Low					100.0		9.0	40.0	40.0	False	True	False			16.328661017111735	0.1422	-0.23894734938634382	Right	0.1422	
454929.4444	0.1422000000020489	states																																	"       state_name
id               
3   wait_for_poke"
454929.5866	0.20850000000791624	states																																	"        state_name
id                
1   nose_in_center"
454929.7951	2.0	states																																	"          state_name
id                  
2   punish_violation"
454932.1631	9.502500000002328	trials	1.0	2.0	10.0	0.8575053221528355	0.0	0.35	True	4810.0	False	False	25067.0	False	Low	True	True	0.025	0.0	2.604833678897631	1.5	9.0													
454932.1631	9.502500000002328	processed_trials			10.0	0.8575053221528355					False				Low					2.604833678897631		9.0	40.0	40.0	True	False	False	2.6048	2.6048	16.328661017111735	5.053100000000001	-0.04106181785078914	Right	5.053100000000001	
454932.1631	5.053100000019185	states																																	"       state_name
id               
3   wait_for_poke"
454937.2162	0.8574999999837019	states																																	"        state_name
id                
1   nose_in_center"
454938.0737	0.001999999978579581	states																																	"   state_name
id           
5      go_cue"
454938.0757	2.6048000000300817	states																																	"            state_name
id                    
6   wait_for_side_poke"
454940.6805	0.8849000000045635	states																																	"         state_name
id                 
4   announce_reward"
454941.5654	0.10009999998146668	states																																	"   state_name
id           
8      reward"
454941.6655	0.00010000000474974513	states																																	"    state_name
id            
7   stop_sound"
454942.0265	29.431200000050012	trials	1.0	2.0	5.0	1.0984767697872777	0.0	0.35	True	4820.0	True	False	25068.0	False	Low	True	False	0.025	0.0	100.0	1.5	9.0													
454942.0265	29.431200000050012	processed_trials			5.0	1.0984767697872777					True				Low					100.0		9.0	40.0	40.0	False	False	True		24.477899999999998	16.328661017111735	3.6527	-0.09749116855277673	Left	2.0906000000000002	
454942.0265	3.652699999976903	states																																	"       state_name
id               
3   wait_for_poke"
454945.67919999996	1.098500000021886	states																																	"        state_name
id                
1   nose_in_center"
454946.7777	0.001999999978579581	states																																	"   state_name
id           
5      go_cue"
454946.77969999996	24.477899999998044	states																																	"            state_name
id                    
6   wait_for_side_poke"
454971.25759999995	0.20000000001164153	states																																	"   state_name
id           
0     opt_out"
454971.45759999997	0.00010000000474974513	states																																	"    state_name
id            
7   stop_sound"
454971.8144	2.5662000000011176	trials	1.0	2.0	5.0	1.1964006887990912	0.0	0.35	True	4820.0	False	False	25069.0	False	Low	True	False	0.025	0.0	1.5051474949719128	1.5	9.0													
454971.8144	2.5662000000011176	processed_trials			5.0	1.1964006887990912					False				Low					1.5051474949719128		9.0	40.0	40.0	False	True	False			16.328661017111735	0.37789999999999996	-0.22944977872049227	Right	0.37789999999999996	
454971.8144	0.3779000000213273	states																																	"       state_name
id               
3   wait_for_poke"
454972.1923	0.1882999999797903	states																																	"        state_name
id                
1   nose_in_center"
454972.3806	2.0	states																																	"          state_name
id                  
2   punish_violation"
454974.7345	61.67429999995511	trials	1.0	2.0	5.0	0.9698829553093364	0.0	0.35	True	4820.0	False	False	25070.0	False	Low	True	True	0.025	0.0	1.2332006586901394	1.5	9.0													
454974.7345	61.67429999995511	processed_trials			5.0	0.9698829553093364					False				Low					1.2332006586901394		9.0	40.0	40.0	False	True	False			16.328661017111735	59.2173	2.1414936215183875	Left	59.2173	
454974.7345	59.21730000001844	states																																	"       state_name
id               
3   wait_for_poke"
455033.95180000004	0.4569999999948777	states																																	"        state_name
id                
1   nose_in_center"
455034.40880000003	2.0	states																																	"          state_name
id                  
2   punish_violation"
455036.7716	45.27800000004936	trials	1.0	2.0	5.0	1.148540713482179	0.0	0.35	True	4820.0	False	False	25071.0	False	Low	True	True	0.025	0.0	1.067579081804911	1.5	9.0													
455036.7716	45.27800000004936	processed_trials			5.0	1.148540713482179					False				Low					1.067579081804911		9.0	40.0	40.0	True	False	False	1.0675999999999988	1.0675999999999988	16.328661017111735	42.9183	1.4847227081424268	Right	42.9183	
455036.7716	42.91830000001937	states																																	"       state_name
id               
3   wait_for_poke"
455079.6899	1.1484999999520369	states																																	"        state_name
id                
1   nose_in_center"
455080.83839999995	0.0020000000367872417	states																																	"   state_name
id           
5      go_cue"
455080.8404	1.0676000000094064	states																																	"            state_name
id                    
6   wait_for_side_poke"
455081.908	0.07699999999022111	states																																	"         state_name
id                 
4   announce_reward"
455081.985	0.06449999997857958	states																																	"   state_name
id           
8      reward"
455082.04949999996	0.00010000000474974513	states																																	"    state_name
id            
7   stop_sound"
455082.4144	5.990400000009686	trials	1.0	2.0	10.0	1.0845599556748062	0.0	0.35	True	4825.0	False	False	25072.0	False	Low	True	False	0.025	0.0	1.0675791	1.5	9.0													
455082.4144	5.990400000009686	processed_trials			10.0	1.0845599556748062					False				Low					1.0675791		9.0	40.0	40.0	False	True	False			16.328661017111735	3.5964	-0.099759786408048	Left	0.4022000000000001	
455082.4144	3.596399999980349	states																																	"       state_name
id               
3   wait_for_poke"
455086.0108	0.39400000002933666	states																																	"        state_name
id                
1   nose_in_center"
455086.4048	2.0	states																																	"          state_name
id                  
2   punish_violation"
455088.7693	4.464700000011362	trials	1.0	2.0	10.0	1.08456	0.0	0.35	True	4825.0	False	False	25073.0	False	Low	True	True	0.025	0.0	2.8538285234132617	1.5	9.0													
455088.7693	4.464700000011362	processed_trials			10.0	1.08456					False				Low					2.8538285234132617		9.0	40.0	40.0	True	False	False	2.8537999999999997	2.8537999999999997	16.328661017111735	0.346	-0.2307351945212588	Right	0.346	
455088.7693	0.3460000000195578	states																																	"       state_name
id               
3   wait_for_poke"
455089.1153	1.0846000000019558	states																																	"        state_name
id                
1   nose_in_center"
455090.1999	0.001999999978579581	states																																	"   state_name
id           
5      go_cue"
455090.2019	2.8537999999825843	states																																	"            state_name
id                    
6   wait_for_side_poke"
455093.05569999997	0.07810000004246831	states																																	"         state_name
id                 
4   announce_reward"
455093.1338	0.10009999998146668	states																																	"   state_name
id           
8      reward"
455093.2339	0.00010000000474974513	states																																	"    state_name
id            
7   stop_sound"
455093.597	11.021899999992456	trials	1.0	2.0	5.0	1.1863479692926326	0.0	0.35	True	4835.0	True	False	25074.0	False	Low	True	False	0.025	0.0	100.0	1.5	9.0													
455093.597	11.021899999992456	processed_trials			5.0	1.1863479692926326					True				Low					100.0		9.0	40.0	40.0	False	False	True	5.5599	5.5599	16.328661017111735	4.0736	-0.08053093311256924	Right	0.9537999999999998	
455093.597	4.073600000003353	states																																	"       state_name
id               
3   wait_for_poke"
455097.6706	1.1863000000012107	states																																	"        state_name
id                
1   nose_in_center"
455098.8569	0.001999999978579581	states																																	"   state_name
id           
5      go_cue"
455098.8589	5.559899999992922	states																																	"            state_name
id                    
6   wait_for_side_poke"
455104.4188	0.20000000001164153	states																																	"   state_name
id           
0     opt_out"
455104.6188	0.00010000000474974513	states																																	"    state_name
id            
7   stop_sound"
455104.9745	2.4809999999706633	trials	1.0	2.0	20.0	1.0772056546427908	0.0	0.35	True	4835.0	False	False	25075.0	False	Low	True	False	0.025	0.0	17.310441368107472	1.5	9.0													
455104.9745	2.4809999999706633	processed_trials			20.0	1.0772056546427908					False				Low					17.310441368107472		9.0	40.0	40.0	False	True	False			16.328661017111735	0.3468	-0.2307029583883242	Right	0.3468	
455104.9745	0.3467999999993481	states																																	"       state_name
id               
3   wait_for_poke"
455105.3213	0.13420000002952293	states																																	"        state_name
id                
1   nose_in_center"
455105.45550000004	2.0	states																																	"          state_name
id                  
2   punish_violation"
455107.8177	3.620699999970384	trials	1.0	2.0	20.0	0.8837074809390919	0.0	0.35	True	4835.0	True	False	25076.0	False	Low	True	True	0.025	0.0	17.310441	1.5	9.0													
455107.8177	3.620699999970384	processed_trials			20.0	0.8837074809390919					False				Low					17.310441		9.0	40.0	40.0	False	True	False			16.328661017111735	1.1377000000000002	-0.19883351146587205	Left	1.1377000000000002	
455107.8177	1.137700000021141	states																																	"       state_name
id               
3   wait_for_poke"
455108.95540000004	0.4830000000074506	states																																	"        state_name
id                
1   nose_in_center"
455109.43840000004	2.0	states																																	"          state_name
id                  
2   punish_violation"
455111.7908	5.667599999986123	trials	1.0	2.0	20.0	1.0045095997148312	0.0	0.35	True	4835.0	False	False	25077.0	False	Low	True	True	0.025	0.0	3.84475330742784	1.5	9.0													
455111.7908	5.667599999986123	processed_trials			20.0	1.0045095997148312					False				Low					3.84475330742784		9.0	40.0	40.0	True	False	False	3.8447999999999993	3.8447999999999993	16.328661017111735	0.2061	-0.236372488268194	Right	0.2061	
455111.7908	0.20610000001033768	states																																	"       state_name
id               
3   wait_for_poke"
455111.9969	1.0044999999809079	states																																	"        state_name
id                
1   nose_in_center"
455113.0014	0.0020000000367872417	states																																	"   state_name
id           
5      go_cue"
455113.00340000005	3.844799999962561	states																																	"            state_name
id                    
6   wait_for_side_poke"
455116.8482	0.43830000003799796	states																																	"         state_name
id                 
4   announce_reward"
455117.28650000005	0.17179999995278195	states																																	"   state_name
id           
8      reward"
455117.4583	0.00010000000474974513	states																																	"    state_name
id            
7   stop_sound"
455117.8225	7.4355999999679625	trials	1.0	2.0	5.0	0.8675156227956485	0.0	0.35	True	4855.0	False	False	25078.0	True	Mixed	True	False	0.025	0.0	1.8216858872543629	1.5	9.0													
455117.8225	7.4355999999679625	processed_trials			5.0	0.8675156227956485					False				Mixed					1.8216858872543629		9.0	40.0	40.0	True	False	False	1.821699999999999	1.821699999999999	16.328661017111735	4.556	-0.06109254495301568	Right	1.3094000000000001	
455117.8225	4.555999999982305	states																																	"       state_name
id               
3   wait_for_poke"
455122.3785	0.8674999999930151	states																																	"        state_name
id                
1   nose_in_center"
455123.246	0.0020000000367872417	states																																	"   state_name
id           
5      go_cue"
455123.248	1.8216999999713153	states																																	"            state_name
id                    
6   wait_for_side_poke"
455125.0697	0.12380000000121072	states																																	"         state_name
id                 
4   announce_reward"
455125.1935	0.06450000003678724	states																																	"   state_name
id           
8      reward"
455125.25800000003	0.00010000000474974513	states																																	"    state_name
id            
7   stop_sound"
455125.6335	9.197900000028312	trials	1.0	2.0	5.0	1.1835535331683078	0.0	0.35	True	4860.0	False	False	25079.0	False	Mixed	True	False	0.025	0.0	4.2249289058358475	1.5	9.0													
455125.6335	9.197900000028312	processed_trials			5.0	1.1835535331683078					False				Mixed					4.2249289058358475		9.0	40.0	40.0	True	False	False	4.2249	4.2249	16.328661017111735	3.0659	-0.12113637206029336	Right	1.6017000000000001	
455125.6335	3.0658999999868684	states																																	"       state_name
id               
3   wait_for_poke"
455128.6994	1.183599999989383	states																																	"        state_name
id                
1   nose_in_center"
455129.883	0.0020000000367872417	states																																	"   state_name
id           
5      go_cue"
455129.885	4.224899999971967	states																																	"            state_name
id                    
6   wait_for_side_poke"
455134.1099	0.6569000000017695	states																																	"         state_name
id                 
4   announce_reward"
455134.7668	0.06450000003678724	states																																	"   state_name
id           
8      reward"
455134.8313	0.00010000000474974513	states																																	"    state_name
id            
7   stop_sound"
455135.1893	6.315999999991618	trials	1.0	2.0	40.0	1.1835535	0.0	0.35	True	4865.0	False	False	25080.0	False	Mixed	True	False	0.025	0.0	2.15122180376144	1.5	9.0													
455135.1893	6.315999999991618	processed_trials			40.0	1.1835535					False				Mixed					2.15122180376144		9.0	40.0	40.0	False	True	False			16.328661017111735	3.9457	-0.0856846848654857	Left	2.0128	
455135.1893	3.9456999999820255	states																																	"       state_name
id               
3   wait_for_poke"
455139.135	0.3703000000095926	states																																	"        state_name
id                
1   nose_in_center"
455139.5053	2.0	states																																	"          state_name
id                  
2   punish_violation"
455141.8648	2.42070000001695	trials	1.0	2.0	40.0	0.8376450007554311	0.0	0.35	True	4865.0	True	False	25081.0	False	Mixed	True	True	0.025	0.0	100.0	1.5	9.0													
455141.8648	2.42070000001695	processed_trials			40.0	0.8376450007554311					True				Mixed					100.0		9.0	40.0	40.0	False	True	False			16.328661017111735	0.08059999999999999	-0.2414295316223067	Right	0.08059999999999999	
455141.8648	0.08059999998658895	states																																	"       state_name
id               
3   wait_for_poke"
455141.94539999997	0.3401000000303611	states																																	"        state_name
id                
1   nose_in_center"
455142.2855	2.0	states																																	"          state_name
id                  
2   punish_violation"
455144.6562	6.0896999999531545	trials	1.0	2.0	40.0	0.8726699543266163	0.0	0.35	True	4865.0	False	False	25082.0	False	Mixed	True	True	0.025	0.0	4.732509178659927	1.5	9.0													
455144.6562	6.0896999999531545	processed_trials			40.0	0.8726699543266163					False				Mixed					4.732509178659927		9.0	40.0	40.0	True	False	False	4.7325	4.7325	16.328661017111735	0.1735	-0.23768611068527826	Left	0.1735	
455144.6562	0.17349999997531995	states																																	"       state_name
id               
3   wait_for_poke"
455144.8297	0.8727000000071712	states																																	"        state_name
id                
1   nose_in_center"
455145.7024	0.0020000000367872417	states																																	"   state_name
id           
5      go_cue"
455145.70440000005	4.732499999983702	states																																	"            state_name
id                    
6   wait_for_side_poke"
455150.43690000003	0.012300000002142042	states																																	"         state_name
id                 
4   announce_reward"
455150.44920000003	0.2966000000014901	states																																	"   state_name
id           
8      reward"
455150.74580000003	0.00010000000474974513	states																																	"    state_name
id            
7   stop_sound"
455151.1087	9.886700000031851	trials	1.0	2.0	80.0	1.0073749395714746	0.0	0.35	True	4905.0	False	False	25083.0	False	Mixed	True	False	0.025	0.0	1.2037174677182385	1.5	9.0													
455151.1087	9.886700000031851	processed_trials			80.0	1.0073749395714746					False				Mixed					1.2037174677182385		9.0	40.0	40.0	False	True	False			16.328661017111735	7.8681	0.07236907491277482	Left	1.1206000000000005	
455151.1087	7.8681000000215136	states																																	"       state_name
id               
3   wait_for_poke"
455158.9768	0.01859999995213002	states																																	"        state_name
id                
1   nose_in_center"
455158.99539999996	2.0	states																																	"          state_name
id                  
2   punish_violation"
455161.3725	12.557399999990594	trials	1.0	2.0	80.0	0.8954533857123962	0.0	0.35	True	4905.0	True	False	25084.0	False	Mixed	True	True	0.025	0.0	100.0	1.5	9.0													
455161.3725	12.557399999990594	processed_trials			80.0	0.8954533857123962					True				Mixed					100.0		9.0	40.0	40.0	False	False	True	11.2938	11.2938	16.328661017111735	0.166	-0.23798832443153994	Right	0.166	
455161.3725	0.1660000000265427	states																																	"       state_name
id               
3   wait_for_poke"
455161.5385	0.8954999999841675	states																																	"        state_name
id                
1   nose_in_center"
455162.434	0.001999999978579581	states																																	"   state_name
id           
5      go_cue"
455162.436	11.293799999984913	states																																	"            state_name
id                    
6   wait_for_side_poke"
455173.7298	0.20000000001164153	states																																	"   state_name
id           
0     opt_out"
455173.9298	0.00010000000474974513	states																																	"    state_name
id            
7   stop_sound"
455174.3039	3.6511000000173226	trials	1.0	2.0	10.0	1.011929921214245	0.0	0.35	True	4905.0	False	False	25085.0	False	Mixed	True	False	0.025	0.0	1.7384079869574307	1.5	9.0													
455174.3039	3.6511000000173226	processed_trials			10.0	1.011929921214245					False				Mixed					1.7384079869574307		9.0	40.0	40.0	False	True	False			16.328661017111735	1.1548	-0.19814446412439538	Left	1.1548	
455174.3039	1.1548000000184402	states																																	"       state_name
id               
3   wait_for_poke"
455175.4587	0.4962999999988824	states																																	"        state_name
id                
1   nose_in_center"
455175.955	2.0	states																																	"          state_name
id                  
2   punish_violation"
455178.3313	2.7211999999708496	trials	1.0	2.0	10.0	1.049287755639516	0.0	0.35	True	4905.0	False	False	25086.0	False	Mixed	True	True	0.025	0.0	1.2022215261805183	1.5	9.0													
455178.3313	2.7211999999708496	processed_trials			10.0	1.049287755639516					False				Mixed					1.2022215261805183		9.0	40.0	40.0	True	False	False	1.2022	1.2022	16.328661017111735	0.3477	-0.2306666927387728	Left	0.3477	
455178.3313	0.3476999999838881	states																																	"       state_name
id               
3   wait_for_poke"
455178.679	1.049300000013318	states																																	"        state_name
id                
1   nose_in_center"
455179.7283	0.001999999978579581	states																																	"   state_name
id           
5      go_cue"
455179.7303	1.2021999999997206	states																																	"            state_name
id                    
6   wait_for_side_poke"
455180.9325	0.025000000023283064	states																																	"         state_name
id                 
4   announce_reward"
455180.9575	0.09490000002551824	states																																	"   state_name
id           
8      reward"
455181.05240000004	0.00010000000474974513	states																																	"    state_name
id            
7   stop_sound"
455181.4006	6.324299999978393	trials	1.0	2.0	40.0	0.9355581422393433	0.0	0.35	True	4915.0	False	False	25087.0	False	Mixed	True	False	0.025	0.0	2.172472884047812	1.5	9.0													
455181.4006	6.324299999978393	processed_trials			40.0	0.9355581422393433					False				Mixed					2.172472884047812		9.0	40.0	40.0	True	False	False	2.1725000000000008	2.1725000000000008	16.328661017111735	2.8225	-0.13094421550564025	Left	1.4199999999999997	
455181.4006	2.8225000000093132	states																																	"       state_name
id               
3   wait_for_poke"
455184.2231	0.9355999999679625	states																																	"        state_name
id                
1   nose_in_center"
455185.15869999997	0.0020000000367872417	states																																	"   state_name
id           
5      go_cue"
455185.1607	2.17249999998603	states																																	"            state_name
id                    
6   wait_for_side_poke"
455187.3332	0.09499999997206032	states																																	"         state_name
id                 
4   announce_reward"
455187.42819999997	0.2966000000014901	states																																	"   state_name
id           
8      reward"
455187.72479999997	0.00010000000474974513	states																																	"    state_name
id            
7   stop_sound"
455188.0915	14.773600000014994	trials	1.0	2.0	10.0	1.1579122834424722	0.0	0.35	True	4955.0	True	False	25088.0	False	Mixed	True	False	0.025	0.0	100.0	1.5	9.0													
455188.0915	14.773600000014994	processed_trials			10.0	1.1579122834424722					True				Mixed					100.0		9.0	40.0	40.0	False	True	False			16.328661017111735	12.6761	0.26610823384961874	Right	4.6259	
455188.0915	12.676099999982398	states																																	"       state_name
id               
3   wait_for_poke"
455200.76759999996	0.09750000003259629	states																																	"        state_name
id                
1   nose_in_center"
455200.8651	2.0	states																																	"          state_name
id                  
2   punish_violation"
455203.2429	62.30339999997523	trials	1.0	2.0	10.0	0.9123315580530242	0.0	0.35	True	4955.0	False	False	25089.0	False	Mixed	True	True	0.025	0.0	4.119865037005381	1.5	9.0													
455203.2429	62.30339999997523	processed_trials			10.0	0.9123315580530242					False				Mixed					4.119865037005381		9.0	40.0	40.0	False	True	False			16.328661017111735	60.075300000000006	2.176066874090728	Left	60.075300000000006	
455203.2429	60.07530000002589	states																																	"       state_name
id               
3   wait_for_poke"
455263.31820000004	0.22809999994933605	states																																	"        state_name
id                
1   nose_in_center"
455263.5463	2.0	states																																	"          state_name
id                  
2   punish_violation"
455265.9214	21.1366000000271	trials	1.0	2.0	10.0	0.9425497946562569	0.0	0.35	True	4955.0	False	False	25090.0	False	Mixed	True	True	0.025	0.0	1.7031859037271915	1.5	9.0													
455265.9214	21.1366000000271	processed_trials			10.0	0.9425497946562569					False				Mixed					1.7031859037271915		9.0	40.0	40.0	False	True	False			16.328661017111735	18.607599999999998	0.5051190119764676	Right	18.607599999999998	
455265.9214	18.60759999998845	states																																	"       state_name
id               
3   wait_for_poke"
455284.529	0.5290000000386499	states																																	"        state_name
id                
1   nose_in_center"
455285.058	2.0	states																																	"          state_name
id                  
2   punish_violation"
455287.4222	5.455700000049546	trials	1.0	2.0	10.0	1.1044378775536345	0.0	0.35	True	4955.0	True	False	25091.0	False	Mixed	True	True	0.025	0.0	100.0	1.5	9.0													
455287.4222	5.455700000049546	processed_trials			10.0	1.1044378775536345					True				Mixed					100.0		9.0	40.0	40.0	False	True	False			16.328661017111735	2.9655	-0.12518200674358354	Left	2.9655	
455287.4222	2.9654999999911524	states																																	"       state_name
id               
3   wait_for_poke"
455290.38769999996	0.49020000000018626	states																																	"        state_name
id                
1   nose_in_center"
455290.87789999996	2.0	states																																	"          state_name
id                  
2   punish_violation"
455293.2546	15.034099999989849	trials	1.0	2.0	10.0	1.1044379	0.0	0.35	True	4955.0	True	False	25092.0	False	Mixed	True	True	0.025	0.0	100.0	1.5	9.0													
455293.2546	15.034099999989849	processed_trials			10.0	1.1044379					True				Mixed					100.0		9.0	40.0	40.0	False	False	True	10.595699999999999	10.595699999999999	16.328661017111735	3.1319	-0.11847689109319028	Right	3.1319	
455293.2546	3.1318999999784864	states																																	"       state_name
id               
3   wait_for_poke"
455296.38649999996	1.1044000000110827	states																																	"        state_name
id                
1   nose_in_center"
455297.4909	0.0020000000367872417	states																																	"   state_name
id           
5      go_cue"
455297.4929	10.5956999999471	states																																	"            state_name
id                    
6   wait_for_side_poke"
455308.08859999996	0.20000000001164153	states																																	"   state_name
id           
0     opt_out"
455308.28859999997	0.00010000000474974513	states																																	"    state_name
id            
7   stop_sound"
455308.6657	2.181899999966845	trials	1.0	2.0	10.0	1.170003416865766	0.0	0.35	True	4955.0	True	False	25093.0	False	Mixed	True	False	0.025	0.0	100.0	1.5	9.0													
455308.6657	2.181899999966845	processed_trials			10.0	1.170003416865766					True				Mixed					100.0		9.0	40.0	40.0	False	True	False			16.328661017111735	0.056600000000000004	-0.24239661561034417	Left	0.056600000000000004	
455308.6657	0.05660000001080334	states																																	"       state_name
id               
3   wait_for_poke"
455308.7223	0.12530000001424924	states																																	"        state_name
id                
1   nose_in_center"
455308.84760000004	2.0	states																																	"          state_name
id                  
2   punish_violation"
455311.2354	9.481299999984913	trials	1.0	2.0	10.0	0.8501601364502328	0.0	0.35	True	4955.0	False	False	25094.0	False	Mixed	True	True	0.025	0.0	0.3852216223153982	1.5	9.0													
455311.2354	9.481299999984913	processed_trials			10.0	0.8501601364502328					False				Mixed					0.3852216223153982		9.0	40.0	40.0	True	False	False	0.3852000000000011	0.3852000000000011	16.328661017111735	7.9497	0.07565716047210228	Left	7.9497	
455311.2354	7.949699999997392	states																																	"       state_name
id               
3   wait_for_poke"
455319.1851	0.8501999999862164	states																																	"        state_name
id                
1   nose_in_center"
455320.0353	0.0020000000367872417	states																																	"   state_name
id           
5      go_cue"
455320.0373	0.38519999996060506	states																																	"            state_name
id                    
6   wait_for_side_poke"
455320.4225	0.19920000003185123	states																																	"         state_name
id                 
4   announce_reward"
455320.6217	0.09489999996731058	states																																	"   state_name
id           
8      reward"
455320.7166	0.00010000000474974513	states																																	"    state_name
id            
7   stop_sound"
455321.0995	5.79660000000149	trials	1.0	2.0	20.0	1.1504845752094253	0.0	0.35	True	4965.0	False	False	25095.0	False	Mixed	True	False	0.025	0.0	1.6852444930116888	1.5	9.0													
455321.0995	5.79660000000149	processed_trials			20.0	1.1504845752094253					False				Mixed					1.6852444930116888		9.0	40.0	40.0	False	True	False			16.328661017111735	3.6597	-0.09720910238959912	Right	0.5398999999999998	
455321.0995	3.659700000018347	states																																	"       state_name
id               
3   wait_for_poke"
455324.75920000003	0.13689999998314306	states																																	"        state_name
id                
1   nose_in_center"
455324.8961	2.0	states																																	"          state_name
id                  
2   punish_violation"
455327.2672	5.305400000012014	trials	1.0	2.0	20.0	0.8667384852601335	0.0	0.35	True	4965.0	False	False	25096.0	False	Mixed	True	True	0.025	0.0	2.8735138652121806	1.5	9.0													
455327.2672	5.305400000012014	processed_trials			20.0	0.8667384852601335					False				Mixed					2.8735138652121806		9.0	40.0	40.0	True	False	False	2.8735	2.8735	16.328661017111735	0.9576	-0.20609067089277006	Right	0.9576	
455327.2672	0.9576000000233762	states																																	"       state_name
id               
3   wait_for_poke"
455328.2248	0.8666999999550171	states																																	"        state_name
id                
1   nose_in_center"
455329.0915	0.0020000000367872417	states																																	"   state_name
id           
5      go_cue"
455329.0935	2.8734999999869615	states																																	"            state_name
id                    
6   wait_for_side_poke"
455331.967	0.43369999999413267	states																																	"         state_name
id                 
4   announce_reward"
455332.4007	0.1718000000109896	states																																	"   state_name
id           
8      reward"
455332.5725	0.00010000000474974513	states																																	"    state_name
id            
7   stop_sound"
455332.9615	9.157500000030268	trials	1.0	2.0	5.0	1.0769903177861544	0.0	0.35	True	4985.0	False	False	25097.0	False	Mixed	True	False	0.025	0.0	3.3260736247489664	1.5	9.0													
455332.9615	9.157500000030268	processed_trials			5.0	1.0769903177861544					False				Mixed					3.3260736247489664		9.0	40.0	40.0	True	False	False	3.3260999999999994	3.3260999999999994	16.328661017111735	4.284	-0.07205283015077392	Right	2.7887999999999997	
455332.9615	4.283999999985099	states																																	"       state_name
id               
3   wait_for_poke"
455337.24549999996	1.0769999999902211	states																																	"        state_name
id                
1   nose_in_center"
455338.32249999995	0.0020000000367872417	states																																	"   state_name
id           
5      go_cue"
455338.3245	3.326100000005681	states																																	"            state_name
id                    
6   wait_for_side_poke"
455341.6506	0.40379999997094274	states																																	"         state_name
id                 
4   announce_reward"
455342.05439999996	0.06450000003678724	states																																	"   state_name
id           
8      reward"
455342.1189	9.999994654208422e-05	states																																	"    state_name
id            
7   stop_sound"
455342.5093	7.530500000051688	trials	1.0	2.0	40.0	1.0769903	0.0	0.35	True	4990.0	True	False	25098.0	False	Mixed	True	False	0.025	0.0	100.0	1.5	9.0													
455342.5093	7.530500000051688	processed_trials			40.0	1.0769903					True				Mixed					100.0		9.0	40.0	40.0	False	True	False			16.328661017111735	5.1111	-0.03872469821303188	Left	3.9019000000000004	
455342.5093	5.11109999998007	states																																	"       state_name
id               
3   wait_for_poke"
455347.62039999996	0.41940000001341105	states																																	"        state_name
id                
1   nose_in_center"
455348.03979999997	2.0	states																																	"          state_name
id                  
2   punish_violation"
455350.4121	2.5843999999924563	trials	1.0	2.0	40.0	0.9788202148127345	0.0	0.35	True	4990.0	True	False	25099.0	False	Mixed	True	True	0.025	0.0	100.0	1.5	9.0													
455350.4121	2.5843999999924563	processed_trials			40.0	0.9788202148127345					True				Mixed					100.0		9.0	40.0	40.0	False	True	False			16.328661017111735	0.13169999999999998	-0.2393704486311102	Right	0.13169999999999998	
455350.4121	0.13170000002719462	states																																	"       state_name
id               
3   wait_for_poke"
455350.54380000004	0.45269999996526167	states																																	"        state_name
id                
1   nose_in_center"
455350.9965	2.0	states																																	"          state_name
id                  
2   punish_violation"
455353.3841	11.354699999967124	trials	1.0	2.0	40.0	1.1732229380486479	0.0	0.35	True	4990.0	True	False	25100.0	False	Mixed	True	True	0.025	0.0	100.0	1.5	9.0													
455353.3841	11.354699999967124	processed_trials			40.0	1.1732229380486479					True				Mixed					100.0		9.0	40.0	40.0	False	False	True	9.7381	9.7381	16.328661017111735	0.24130000000000001	-0.23495409841907233	Right	0.24130000000000001	
455353.3841	0.2412999999942258	states																																	"       state_name
id               
3   wait_for_poke"
455353.6254	1.1732000000192784	states																																	"        state_name
id                
1   nose_in_center"
455354.79860000004	0.001999999978579581	states																																	"   state_name
id           
5      go_cue"
455354.8006	9.738100000016857	states																																	"            state_name
id                    
6   wait_for_side_poke"
455364.53870000003	0.20000000001164153	states																																	"   state_name
id           
0     opt_out"
455364.73870000005	0.00010000000474974513	states																																	"    state_name
id            
7   stop_sound"
455365.1306	2.339200000045821	trials	1.0	2.0	10.0	1.0696435756330613	0.0	0.35	True	4990.0	True	False	25101.0	False	Mixed	True	False	0.025	0.0	100.0	1.5	9.0													
455365.1306	2.339200000045821	processed_trials			10.0	1.0696435756330613					True				Mixed					100.0		9.0	40.0	40.0	False	True	False			16.328661017111735	0.24480000000000002	-0.23481306533748356	Left	0.24480000000000002	
455365.1306	0.2447999999858439	states																																	"       state_name
id               
3   wait_for_poke"
455365.37539999996	0.09440000000176951	states																																	"        state_name
id                
1   nose_in_center"
455365.46979999996	2.0	states																																	"          state_name
id                  
2   punish_violation"
455367.8397	11.604599999962375	trials	1.0	2.0	10.0	0.9322095405124176	0.0	0.35	True	4990.0	False	False	25102.0	False	Mixed	True	True	0.025	0.0	0.23994796091104448	1.5	9.0													
455367.8397	11.604599999962375	processed_trials			10.0	0.9322095405124176					False				Mixed					0.23994796091104448		9.0	40.0	40.0	False	True	False			16.328661017111735	9.210899999999999	0.12647742404347234	Left	9.210899999999999	
455367.8397	9.210900000005495	states																																	"       state_name
id               
3   wait_for_poke"
455377.0506	0.3937000000150874	states																																	"        state_name
id                
1   nose_in_center"
455377.44430000003	2.0	states																																	"          state_name
id                  
2   punish_violation"
455379.8308	112.33740000001853	trials	1.0	2.0	10.0	1.0948144582964088	0.0	0.35	True	4990.0	False	False	25103.0	False	Mixed	True	True	0.025	0.0	0.8776878887525714	1.5	9.0													
455379.8308	112.33740000001853	processed_trials			10.0	1.0948144582964088					False				Mixed					0.8776878887525714		9.0	40.0	40.0	True	False	False	0.8777000000000044	0.8777000000000044	16.328661017111735	110.172	4.194721725070634	Left	110.172	
455379.8308	110.17200000002049	states																																	"       state_name
id               
3   wait_for_poke"
455490.0028	1.0947999999625608	states																																	"        state_name
id                
1   nose_in_center"
455491.0976	0.0020000000367872417	states																																	"   state_name
id           
5      go_cue"
455491.0996	0.8776999999536201	states																																	"            state_name
id                    
6   wait_for_side_poke"
455491.97729999997	0.09590000001480803	states																																	"         state_name
id                 
4   announce_reward"
455492.0732	0.09490000002551824	states																																	"   state_name
id           
8      reward"
455492.1681	0.00010000000474974513	states																																	"    state_name
id            
7   stop_sound"
455492.5505	14.823199999984354	trials	1.0	2.0	5.0	1.0948145	0.0	0.35	True	5000.0	True	False	25104.0	False	Mixed	True	False	0.025	0.0	100.0	1.5	9.0													
455492.5505	14.823199999984354	processed_trials			5.0	1.0948145					True				Mixed					100.0		9.0	40.0	40.0	False	False	True	7.192100000000001	7.192100000000001	16.328661017111735	6.3342	0.010560319527328712	Left	0.9208000000000007	
455492.5505	6.334199999982957	states																																	"       state_name
id               
3   wait_for_poke"
455498.8847	1.0948000000207685	states																																	"        state_name
id                
1   nose_in_center"
455499.9795	0.001999999978579581	states																																	"   state_name
id           
5      go_cue"
455499.9815	7.192100000043865	states																																	"            state_name
id                    
6   wait_for_side_poke"
455507.17360000004	0.19999999995343387	states																																	"   state_name
id           
0     opt_out"
455507.3736	0.00010000000474974513	states																																	"    state_name
id            
7   stop_sound"
455507.763	2.245600000023842	trials	1.0	2.0	10.0	0.8215798319606706	0.0	0.35	True	5000.0	True	False	25105.0	False	Mixed	True	False	0.025	0.0	100.0	1.5	9.0													
455507.763	2.245600000023842	processed_trials			10.0	0.8215798319606706					True				Mixed					100.0		9.0	40.0	40.0	False	True	False			16.328661017111735	0.1338	-0.23928582878215693	Right	0.1338	
455507.763	0.13380000001052395	states																																	"       state_name
id               
3   wait_for_poke"
455507.8968	0.11180000001331791	states																																	"        state_name
id                
1   nose_in_center"
455508.0086	2.0	states																																	"          state_name
id                  
2   punish_violation"
455510.4062	2.570099999953527	trials	1.0	2.0	10.0	0.8601913658800363	0.0	0.35	True	5000.0	False	False	25106.0	False	Mixed	True	True	0.025	0.0	0.9369083297162719	1.5	9.0													
455510.4062	2.570099999953527	processed_trials			10.0	0.8601913658800363					False				Mixed					0.9369083297162719		9.0	40.0	40.0	True	False	False	0.9369000000000001	0.9369000000000001	16.328661017111735	0.5839	-0.22114897448983717	Left	0.5839	
455510.4062	0.5839000000269152	states																																	"       state_name
id               
3   wait_for_poke"
455510.99010000005	0.8601999999955297	states																																	"        state_name
id                
1   nose_in_center"
455511.85030000005	0.001999999978579581	states																																	"   state_name
id           
5      go_cue"
455511.8523	0.9368999999715015	states																																	"            state_name
id                    
6   wait_for_side_poke"
455512.7892	0.0921000000089407	states																																	"         state_name
id                 
4   announce_reward"
455512.8813	0.09490000002551824	states																																	"   state_name
id           
8      reward"
455512.97620000003	0.00010000000474974513	states																																	"    state_name
id            
7   stop_sound"
455513.3606	14.449099999968894	trials	1.0	2.0	80.0	0.9491954348752605	0.0	0.35	True	5010.0	True	False	25107.0	False	Mixed	True	False	0.025	0.0	100.0	1.5	9.0													
455513.3606	14.449099999968894	processed_trials			80.0	0.9491954348752605					True				Mixed					100.0		9.0	40.0	40.0	False	False	True	10.8724	10.8724	16.328661017111735	2.4254000000000002	-0.14694542599104388	Left	1.4171000000000002	
455513.3606	2.4254000000073574	states																																	"       state_name
id               
3   wait_for_poke"
455515.786	0.9491999999736436	states																																	"        state_name
id                
1   nose_in_center"
455516.7352	0.0020000000367872417	states																																	"   state_name
id           
5      go_cue"
455516.73720000003	10.872399999992922	states																																	"            state_name
id                    
6   wait_for_side_poke"
455527.6096	0.20000000001164153	states																																	"   state_name
id           
0     opt_out"
455527.80960000004	0.00010000000474974513	states																																	"    state_name
id            
7   stop_sound"
455528.204	2.2897999999695458	trials	1.0	2.0	80.0	1.0185431647393346	0.0	0.35	True	5010.0	False	False	25108.0	False	Mixed	True	False	0.025	0.0	0.5415957372757636	1.5	9.0													
455528.204	2.2897999999695458	processed_trials			80.0	1.0185431647393346					False				Mixed					0.5415957372757636		9.0	40.0	40.0	False	True	False			16.328661017111735	0.0303	-0.24345637848056859	Left	0.0303	
455528.204	0.03029999998398125	states																																	"       state_name
id               
3   wait_for_poke"
455528.2343	0.25950000004377216	states																																	"        state_name
id                
1   nose_in_center"
455528.49380000005	2.0	states																																	"          state_name
id                  
2   punish_violation"
455530.8858	3.1282000000355765	trials	1.0	2.0	80.0	1.0185432	0.0	0.35	True	5010.0	False	False	25109.0	False	Mixed	True	True	0.025	0.0	1.3798205426882262	1.5	9.0													
455530.8858	3.1282000000355765	processed_trials			80.0	1.0185432					False				Mixed					1.3798205426882262		9.0	40.0	40.0	True	False	False	1.3798000000000004	1.3798000000000004	16.328661017111735	0.022600000000000002	-0.24376665126006397	Left	0.022600000000000002	
455530.8858	0.022600000025704503	states																																	"       state_name
id               
3   wait_for_poke"
455530.9084	1.0184999999473803	states																																	"        state_name
id                
1   nose_in_center"
455531.92689999996	0.0020000000367872417	states																																	"   state_name
id           
5      go_cue"
455531.9289	1.3797999999951571	states																																	"            state_name
id                    
6   wait_for_side_poke"
455533.3087	0.13659999996889383	states																																	"         state_name
id                 
4   announce_reward"
455533.44529999996	0.5685999999986961	states																																	"   state_name
id           
8      reward"
455534.01389999996	0.00010000000474974513	states																																	"    state_name
id            
7   stop_sound"
455534.3974	10.2210999999661	trials	1.0	2.0	5.0	1.1477572855863076	0.0	0.35	True	5090.0	True	False	25110.0	False	Mixed	True	False	0.025	0.0	1.3798205	1.5	9.0													
455534.3974	10.2210999999661	processed_trials			5.0	1.1477572855863076					False				Mixed					1.3798205		9.0	40.0	40.0	False	True	False			16.328661017111735	8.1167	0.08238645322219648	Left	1.6426999999999996	
455534.3974	8.116700000013225	states																																	"       state_name
id               
3   wait_for_poke"
455542.51410000003	0.10440000001108274	states																																	"        state_name
id                
1   nose_in_center"
455542.61850000004	2.0	states																																	"          state_name
id                  
2   punish_violation"
455545.0132	4.701999999990221	trials	1.0	2.0	5.0	1.1228917916955632	0.0	0.35	True	5090.0	False	False	25111.0	False	Mixed	True	True	0.025	0.0	2.9162015024007433	1.5	9.0													
455545.0132	4.701999999990221	processed_trials			5.0	1.1228917916955632					False				Mixed					2.9162015024007433		9.0	40.0	40.0	False	True	False			16.328661017111735	2.5014000000000003	-0.1438829933622585	Left	2.5014000000000003	
455545.0132	2.5014000000082888	states																																	"       state_name
id               
3   wait_for_poke"
455547.5146	0.20059999998193234	states																																	"        state_name
id                
1   nose_in_center"
455547.7152	2.0	states																																	"          state_name
id                  
2   punish_violation"
455550.0961	3.9899999999906868	trials	1.0	2.0	5.0	1.0762236518298005	0.0	0.35	True	5090.0	False	False	25112.0	False	Mixed	True	True	0.025	0.0	2.168047361146547	1.5	9.0													
455550.0961	3.9899999999906868	processed_trials			5.0	1.0762236518298005					False				Mixed					2.168047361146547		9.0	40.0	40.0	False	True	False			16.328661017111735	1.7412	-0.17451537868334602	Left	1.7412	
455550.0961	1.741199999989476	states																																	"       state_name
id               
3   wait_for_poke"
455551.8373	0.24880000000121072	states																																	"        state_name
id                
1   nose_in_center"
455552.0861	2.0	states																																	"          state_name
id                  
2   punish_violation"
455554.4852	8.105900000024121	trials	1.0	2.0	5.0	1.0762237	0.0	0.35	True	5090.0	True	False	25113.0	False	Mixed	True	True	0.025	0.0	100.0	1.5	9.0													
455554.4852	8.105900000024121	processed_trials			5.0	1.0762237					True				Mixed					100.0		9.0	40.0	40.0	False	False	True	6.469200000000001	6.469200000000001	16.328661017111735	0.3584	-0.23023553446077277	Left	0.3584	
455554.4852	0.35840000002644956	states																																	"       state_name
id               
3   wait_for_poke"
455554.8436	1.0761999999522232	states																																	"        state_name
id                
1   nose_in_center"
455555.9198	0.0020000000367872417	states																																	"   state_name
id           
5      go_cue"
455555.9218	6.46919999999227	states																																	"            state_name
id                    
6   wait_for_side_poke"
455562.391	0.20000000001164153	states																																	"   state_name
id           
0     opt_out"
455562.591	0.00010000000474974513	states																																	"    state_name
id            
7   stop_sound"
455562.9709	2.556799999962095	trials	1.0	2.0	5.0	1.137879896424587	0.0	0.35	True	5090.0	True	False	25114.0	False	Mixed	True	False	0.025	0.0	100.0	1.5	9.0													
455562.9709	2.556799999962095	processed_trials			5.0	1.137879896424587					True				Mixed					100.0		9.0	40.0	40.0	False	True	False			16.328661017111735	0.2339	-0.23525228264871723	Left	0.2339	
455562.9709	0.23389999999199063	states																																	"       state_name
id               
3   wait_for_poke"
455563.2048	0.3229000000283122	states																																	"        state_name
id                
1   nose_in_center"
455563.52770000004	2.0	states																																	"          state_name
id                  
2   punish_violation"
455565.9241	6.625500000023749	trials	1.0	2.0	5.0	0.8579206412500477	0.0	0.35	True	5090.0	True	False	25115.0	False	Mixed	True	True	0.025	0.0	100.0	1.5	9.0													
455565.9241	6.625500000023749	processed_trials			5.0	0.8579206412500477					True				Mixed					100.0		9.0	40.0	40.0	False	False	True	4.8279	4.8279	16.328661017111735	0.7376	-0.21495560744978037	Left	0.7376	
455565.9241	0.7375999999931082	states																																	"       state_name
id               
3   wait_for_poke"
455566.6617	0.8579000000027008	states																																	"        state_name
id                
1   nose_in_center"
455567.5196	0.001999999978579581	states																																	"   state_name
id           
5      go_cue"
455567.5216	4.827900000032969	states																																	"            state_name
id                    
6   wait_for_side_poke"
455572.3495	0.20000000001164153	states																																	"   state_name
id           
0     opt_out"
455572.5495	0.00010000000474974513	states																																	"    state_name
id            
7   stop_sound"
455572.9483	2.1674000000348315	trials	1.0	2.0	5.0	0.9363661076675148	0.0	0.35	True	5090.0	False	False	25116.0	False	Mixed	True	False	0.025	0.0	0.1985944510827755	1.5	9.0													
455572.9483	2.1674000000348315	processed_trials			5.0	0.9363661076675148					False				Mixed					0.1985944510827755		9.0	40.0	40.0	False	True	False			16.328661017111735	0.076	-0.24161488938668058	Left	0.076	
455572.9483	0.07600000000093132	states																																	"       state_name
id               
3   wait_for_poke"
455573.0243	0.09139999997569248	states																																	"        state_name
id                
1   nose_in_center"
455573.11569999997	2.0	states																																	"          state_name
id                  
2   punish_violation"
455575.5009	52.94839999999385	trials	1.0	2.0	5.0	1.1618510935738386	0.0	0.35	True	5090.0	True	False	25117.0	False	Mixed	True	True	0.025	0.0	100.0	1.5	9.0													
455575.5009	52.94839999999385	processed_trials			5.0	1.1618510935738386					True				Mixed					100.0		9.0	40.0	40.0	False	False	True	8.289200000000001	8.289200000000001	16.328661017111735	43.295199999999994	1.499909956271232	Right	43.295199999999994	
455575.5009	43.2951999999932	states																																	"       state_name
id               
3   wait_for_poke"
455618.7961	1.1619000000064261	states																																	"        state_name
id                
1   nose_in_center"
455619.958	0.001999999978579581	states																																	"   state_name
id           
5      go_cue"
455619.95999999996	8.289199999999255	states																																	"            state_name
id                    
6   wait_for_side_poke"
455628.24919999996	0.20000000001164153	states																																	"   state_name
id           
0     opt_out"
455628.4492	0.00010000000474974513	states																																	"    state_name
id            
7   stop_sound"
455628.842	2.262799999967683	trials	1.0	2.0	20.0	1.0756963545777503	0.0	0.35	True	5090.0	False	False	25118.0	False	High	True	False	0.025	0.0	1.5294050035755302	1.5	9.0													
455628.842	2.262799999967683	processed_trials			20.0	1.0756963545777503					False				High					1.5294050035755302		9.0	40.0	40.0	False	True	False			16.328661017111735	0.1408	-0.23900376261897935	Right	0.1408	
455628.842	0.14079999999376014	states																																	"       state_name
id               
3   wait_for_poke"
455628.9828	0.12200000003213063	states																																	"        state_name
id                
1   nose_in_center"
455629.10480000003	2.0	states																																	"          state_name
id                  
2   punish_violation"
455631.4949	9.9039000000339	trials	1.0	2.0	20.0	1.1466513471665118	0.0	0.35	True	5090.0	False	False	25119.0	False	High	True	True	0.025	0.0	1.3013563273678208	1.5	9.0													
455631.4949	9.9039000000339	processed_trials			20.0	1.1466513471665118					False				High					1.3013563273678208		9.0	40.0	40.0	False	True	False			16.328661017111735	7.5861	0.0610058380533343	Left	7.5861	
455631.4949	7.586100000014994	states																																	"       state_name
id               
3   wait_for_poke"
455639.081	0.3177999999606982	states																																	"        state_name
id                
1   nose_in_center"
455639.39879999997	2.0	states																																	"          state_name
id                  
2   punish_violation"
455641.778	20.412000000011176	trials	1.0	2.0	20.0	1.1466513	0.0	0.35	True	5090.0	False	False	25120.0	False	High	True	True	0.025	0.0	3.3359352974087675	1.5	9.0													
455641.778	20.412000000011176	processed_trials			20.0	1.1466513					False				High					3.3359352974087675		9.0	40.0	40.0	False	True	False			16.328661017111735	17.974700000000002	0.4796162013085957	Right	17.974700000000002	
455641.778	17.974700000020675	states																																	"       state_name
id               
3   wait_for_poke"
455659.7527	0.4372999999905005	states																																	"        state_name
id                
1   nose_in_center"
455660.19	2.0	states																																	"          state_name
id                  
2   punish_violation"
455662.5755	312.0847000000067	trials	1.0	2.0	20.0	0.8123071691225492	0.0	0.35	True	5090.0	False	False	25121.0	False	High	True	True	0.025	0.0	5.514575305191471	1.5	9.0													
455662.5755	312.0847000000067	processed_trials			20.0	0.8123071691225492					False				High					5.514575305191471		9.0	40.0	40.0	False	True	False			16.328661017111735	309.55109999999996	12.228735690042532	Left	309.55109999999996	
455662.5755	309.5510999999824	states																																	"       state_name
id               
3   wait_for_poke"
455972.12659999996	0.5336000000243075	states																																	"        state_name
id                
1   nose_in_center"
455972.6602	2.0	states																																	"          state_name
id                  
2   punish_violation"
455975.0538	73.0844999999972	trials	1.0	2.0	20.0	0.9813641236221243	0.0	0.35	True	5090.0	False	False	25122.0	False	High	True	True	0.025	0.0	2.5675420875388824	1.5	9.0													
455975.0538	73.0844999999972	processed_trials			20.0	0.9813641236221243					False				High					2.5675420875388824		9.0	40.0	40.0	False	True	False			16.328661017111735	71.05969999999999	2.6186850973490197	Right	71.05969999999999	
455975.0538	71.05969999998342	states																																	"       state_name
id               
3   wait_for_poke"
456046.1135	0.024800000013783574	states																																	"        state_name
id                
1   nose_in_center"
456046.1383	2.0	states																																	"          state_name
id                  
2   punish_violation"
456048.5346	3.257099999987986	trials	1.0	2.0	20.0	1.0288249803281972	0.0	0.35	True	5090.0	False	False	25123.0	False	High	True	True	0.025	0.0	0.07684070942508366	1.5	9.0													
456048.5346	3.257099999987986	processed_trials			20.0	1.0288249803281972					False				High					0.07684070942508366		9.0	40.0	40.0	True	False	False	0.07680000000000042	0.07680000000000042	16.328661017111735	1.2799	-0.19310353883674997	Right	1.2799	
456048.5346	1.27990000002319	states																																	"       state_name
id               
3   wait_for_poke"
456049.81450000004	1.0287999999709427	states																																	"        state_name
id                
1   nose_in_center"
456050.8433	0.001999999978579581	states																																	"   state_name
id           
5      go_cue"
456050.8453	0.07680000003892928	states																																	"            state_name
id                    
6   wait_for_side_poke"
456050.9221	0.697699999960605	states																																	"         state_name
id                 
4   announce_reward"
456051.6198	0.1718000000109896	states																																	"   state_name
id           
8      reward"
456051.7916	0.00010000000474974513	states																																	"    state_name
id            
7   stop_sound"
456052.1957	7.100399999995716	trials	1.0	2.0	20.0	1.028825	0.0	0.35	True	5110.0	False	False	25124.0	False	High	True	False	0.025	0.0	0.47364485288950287	1.5	9.0													
456052.1957	7.100399999995716	processed_trials			20.0	1.028825					False				High					0.47364485288950287		9.0	40.0	40.0	True	False	False	0.47359999999999935	0.47359999999999935	16.328661017111735	5.1943	-0.03537214038783525	Right	1.8878	
456052.1957	5.194299999973737	states																																	"       state_name
id               
3   wait_for_poke"
456057.38999999996	1.0288000000291504	states																																	"        state_name
id                
1   nose_in_center"
456058.4188	0.001999999978579581	states																																	"   state_name
id           
5      go_cue"
456058.42079999996	0.4736000000266358	states																																	"            state_name
id                    
6   wait_for_side_poke"
456058.8944	0.22979999997187406	states																																	"         state_name
id                 
4   announce_reward"
456059.12419999996	0.1718000000109896	states																																	"   state_name
id           
8      reward"
456059.296	0.00010000000474974513	states																																	"    state_name
id            
7   stop_sound"
456059.7016	11.20090000005439	trials	1.0	2.0	80.0	1.0130285674463024	0.0	0.35	True	5130.0	False	False	25125.0	False	High	True	False	0.025	0.0	5.144755565842381	1.5	9.0													
456059.7016	11.20090000005439	processed_trials			80.0	1.0130285674463024					False				High					5.144755565842381		9.0	40.0	40.0	True	False	False	5.144800000000001	5.144800000000001	16.328661017111735	4.3339	-0.0700421013589793	Right	1.4515999999999996	
456059.7016	4.333900000026915	states																																	"       state_name
id               
3   wait_for_poke"
456064.0355	1.0129999999771826	states																																	"        state_name
id                
1   nose_in_center"
456065.0485	0.001999999978579581	states																																	"   state_name
id           
5      go_cue"
456065.05049999995	5.144800000009127	states																																	"            state_name
id                    
6   wait_for_side_poke"
456070.19529999996	0.09260000003268942	states																																	"         state_name
id                 
4   announce_reward"
456070.2879	0.614499999966938	states																																	"   state_name
id           
8      reward"
456070.90239999996	0.00010000000474974513	states																																	"    state_name
id            
7   stop_sound"
456071.2983	10.011299999954645	trials	1.0	2.0	80.0	1.0140430923823949	0.0	0.35	True	5210.0	True	False	25126.0	False	High	True	False	0.025	0.0	100.0	1.5	9.0													
456071.2983	10.011299999954645	processed_trials			80.0	1.0140430923823949					True				High					100.0		9.0	40.0	40.0	False	True	False			16.328661017111735	7.902399999999999	0.07375119911234503	Right	2.0351999999999997	
456071.2983	7.902400000020862	states																																	"       state_name
id               
3   wait_for_poke"
456079.20070000004	0.10889999999199063	states																																	"        state_name
id                
1   nose_in_center"
456079.30960000004	2.0	states																																	"          state_name
id                  
2   punish_violation"
456081.7015	2.5489999999990687	trials	1.0	2.0	80.0	0.8250075048024317	0.0	0.35	True	5210.0	False	False	25127.0	False	High	True	True	0.025	0.0	6.418148465138054	1.5	9.0													
456081.7015	2.5489999999990687	processed_trials			80.0	0.8250075048024317					False				High					6.418148465138054		9.0	40.0	40.0	False	True	False			16.328661017111735	0.3797	-0.22937724742138949	Left	0.3797	
456081.7015	0.3796999999904074	states																																	"       state_name
id               
3   wait_for_poke"
456082.0812	0.1693000000086613	states																																	"        state_name
id                
1   nose_in_center"
456082.2505	2.0	states																																	"          state_name
id                  
2   punish_violation"
456084.6332	3.5740000000223517	trials	1.0	2.0	80.0	1.1159242827425053	0.0	0.35	True	5210.0	False	False	25128.0	False	High	True	True	0.025	0.0	1.5819282169983624	1.5	9.0													
456084.6332	3.5740000000223517	processed_trials			80.0	1.1159242827425053					False				High					1.5819282169983624		9.0	40.0	40.0	True	False	False	1.5819	1.5819	16.328661017111735	0.0945	-0.24086942881256831	Right	0.0945	
456084.6332	0.09450000000651926	states																																	"       state_name
id               
3   wait_for_poke"
456084.7277	1.1158999999752268	states																																	"        state_name
id                
1   nose_in_center"
456085.84359999996	0.0020000000367872417	states																																	"   state_name
id           
5      go_cue"
456085.8456	1.581899999990128	states																																	"            state_name
id                    
6   wait_for_side_poke"
456087.4275	0.165099999983795	states																																	"         state_name
id                 
4   announce_reward"
456087.5926	0.6145000000251457	states																																	"   state_name
id           
8      reward"
456088.2071	0.00010000000474974513	states																																	"    state_name
id            
7   stop_sound"
456088.6035	10.839699999953154	trials	1.0	2.0	80.0	1.1159243	0.0	0.35	True	5290.0	False	False	25129.0	False	High	True	False	0.025	0.0	1.7160322206776786	1.5	9.0													
456088.6035	10.839699999953154	processed_trials			80.0	1.1159243					False				High					1.7160322206776786		9.0	40.0	40.0	False	True	False			16.328661017111735	8.549700000000001	0.09983426017303959	Right	2.709200000000002	
456088.6035	8.54969999997411	states																																	"       state_name
id               
3   wait_for_poke"
456097.1532	0.2900000000372529	states																																	"        state_name
id                
1   nose_in_center"
456097.44320000004	2.0	states																																	"          state_name
id                  
2   punish_violation"
456099.8387	2.835800000000745	trials	1.0	2.0	80.0	1.0642748248703273	0.0	0.35	True	5290.0	True	False	25130.0	False	High	True	True	0.025	0.0	1.7160322	1.5	9.0													
456099.8387	2.835800000000745	processed_trials			80.0	1.0642748248703273					False				High					1.7160322		9.0	40.0	40.0	False	False	False	1.7160000000000004	1.7160000000000004	16.328661017111735	0.0535	-0.24252153062546572	Left	0.0535	
456099.8387	0.053499999979976565	states																																	"       state_name
id               
3   wait_for_poke"
456099.8922	1.0643000000272878	states																																	"        state_name
id                
1   nose_in_center"
456100.95650000003	0.001999999978579581	states																																	"   state_name
id           
5      go_cue"
456100.9585	1.7160000000149012	states																																	"            state_name
id                    
6   wait_for_side_poke"
456103.0701	6.372299999988172	trials	1.0	2.0	40.0	1.1825724781775784	0.0	0.35	True	5290.0	False	False	25131.0	False	High	True	False	0.025	0.0	5.265383462142042	1.5	9.0													
456103.0701	6.372299999988172	processed_trials			40.0	1.1825724781775784					False				High					5.265383462142042		9.0	40.0	40.0	False	True	False			16.328661017111735	4.3582	-0.06906292882109133	Right	4.3582	
456103.0701	4.35820000001695	states																																	"       state_name
id               
3   wait_for_poke"
456107.4283	0.014099999971222132	states																																	"        state_name
id                
1   nose_in_center"
456107.4424	2.0	states																																	"          state_name
id                  
2   punish_violation"
456109.8501	10.09440000000177	trials	1.0	2.0	40.0	0.9523345898173649	0.0	0.35	True	5290.0	False	False	25132.0	False	High	True	True	0.025	0.0	5.2653835	1.5	9.0													
456109.8501	10.09440000000177	processed_trials			40.0	0.9523345898173649					False				High					5.2653835		9.0	40.0	40.0	True	False	False	5.2654	5.2654	16.328661017111735	3.4436999999999998	-0.10591285828193654	Left	3.4436999999999998	
456109.8501	3.443700000003446	states																																	"       state_name
id               
3   wait_for_poke"
456113.2938	0.9523000000044703	states																																	"        state_name
id                
1   nose_in_center"
456114.2461	0.001999999978579581	states																																	"   state_name
id           
5      go_cue"
456114.24809999997	5.265400000032969	states																																	"            state_name
id                    
6   wait_for_side_poke"
456119.5135	0.134299999976065	states																																	"         state_name
id                 
4   announce_reward"
456119.6478	0.2966000000014901	states																																	"   state_name
id           
8      reward"
456119.9444	0.00010000000474974513	states																																	"    state_name
id            
7   stop_sound"
456120.3421	7.88980000000447	trials	1.0	2.0	40.0	0.9016941560093231	0.0	0.35	True	5330.0	False	False	25133.0	False	High	True	False	0.025	0.0	2.048895195868149	1.5	9.0													
456120.3421	7.88980000000447	processed_trials			40.0	0.9016941560093231					False				High					2.048895195868149		9.0	40.0	40.0	False	True	False			16.328661017111735	5.8517	-0.008882098148841664	Right	1.3921000000000001	
456120.3421	5.851699999999255	states																																	"       state_name
id               
3   wait_for_poke"
456126.1938	0.038100000005215406	states																																	"        state_name
id                
1   nose_in_center"
456126.2319	2.0	states																																	"          state_name
id                  
2   punish_violation"
456128.6267	7.705699999991339	trials	1.0	2.0	40.0	1.1446564957754655	0.0	0.35	True	5330.0	False	False	25134.0	False	High	True	True	0.025	0.0	6.0152840834242705	1.5	9.0													
456128.6267	7.705699999991339	processed_trials			40.0	1.1446564957754655					False				High					6.0152840834242705		9.0	40.0	40.0	True	False	False	6.015300000000001	6.015300000000001	16.328661017111735	0.1331	-0.2393140353984747	Left	0.1331	
456128.6267	0.13309999997727573	states																																	"       state_name
id               
3   wait_for_poke"
456128.7598	1.1447000000043772	states																																	"        state_name
id                
1   nose_in_center"
456129.9045	0.0020000000367872417	states																																	"   state_name
id           
5      go_cue"
456129.90650000004	6.015299999970011	states																																	"            state_name
id                    
6   wait_for_side_poke"
456135.9218	0.11389999999664724	states																																	"         state_name
id                 
4   announce_reward"
456136.0357	0.2966000000014901	states																																	"   state_name
id           
8      reward"
456136.3323	0.00010000000474974513	states																																	"    state_name
id            
7   stop_sound"
456136.7393	8.152000000001863	trials	1.0	2.0	20.0	0.9616242858831036	0.0	0.35	True	5370.0	False	False	25135.0	False	High	True	False	0.025	0.0	1.8000143832907154	1.5	9.0													
456136.7393	8.152000000001863	processed_trials			20.0	0.9616242858831036					False				High					1.8000143832907154		9.0	40.0	40.0	False	True	False			16.328661017111735	5.8493	-0.008978806547645404	Left	1.673	
456136.7393	5.849300000001676	states																																	"       state_name
id               
3   wait_for_poke"
456142.5886	0.30270000000018626	states																																	"        state_name
id                
1   nose_in_center"
456142.8913	2.0	states																																	"          state_name
id                  
2   punish_violation"
456145.3034	7.067100000043865	trials	1.0	2.0	20.0	1.0563014439130447	0.0	0.35	True	5370.0	False	False	25136.0	False	High	True	True	0.025	0.0	0.6289592104633263	1.5	9.0													
456145.3034	7.067100000043865	processed_trials			20.0	1.0563014439130447					False				High					0.6289592104633263		9.0	40.0	40.0	False	True	False			16.328661017111735	4.5771999999999995	-0.060238287430249254	Left	4.5771999999999995	
456145.3034	4.577199999999721	states																																	"       state_name
id               
3   wait_for_poke"
456149.8806	0.48989999998593703	states																																	"        state_name
id                
1   nose_in_center"
456150.37049999996	2.0	states																																	"          state_name
id                  
2   punish_violation"
456152.7702	11.071799999976065	trials	1.0	2.0	20.0	1.0563014	0.0	0.35	True	5370.0	True	False	25137.0	False	High	True	True	0.025	0.0	100.0	1.5	9.0													
456152.7702	11.071799999976065	processed_trials			20.0	1.0563014					True				High					100.0		9.0	40.0	40.0	False	False	True	8.2651	8.2651	16.328661017111735	1.5483	-0.18228831623719732	Left	1.5483	
456152.7702	1.5483000000240281	states																																	"       state_name
id               
3   wait_for_poke"
456154.31850000005	1.056299999996554	states																																	"        state_name
id                
1   nose_in_center"
456155.37480000005	0.001999999978579581	states																																	"   state_name
id           
5      go_cue"
456155.3768	8.26510000001872	states																																	"            state_name
id                    
6   wait_for_side_poke"
456163.64190000005	0.19999999995343387	states																																	"   state_name
id           
0     opt_out"
456163.8419	0.00010000000474974513	states																																	"    state_name
id            
7   stop_sound"
456164.2562	2.1762999999918975	trials	1.0	2.0	20.0	1.0922431277612086	0.0	0.35	True	5370.0	False	False	25138.0	False	High	True	False	0.025	0.0	1.5772457327861187	1.5	9.0													
456164.2562	2.1762999999918975	processed_trials			20.0	1.0922431277612086					False				High					1.5772457327861187		9.0	40.0	40.0	False	True	False			16.328661017111735	0.1445	-0.23885467050415687	Left	0.1445	
456164.2562	0.14449999999487773	states																																	"       state_name
id               
3   wait_for_poke"
456164.4007	0.03179999999701977	states																																	"        state_name
id                
1   nose_in_center"
456164.4325	2.0	states																																	"          state_name
id                  
2   punish_violation"
456166.8431	6.2907000000122935	trials	1.0	2.0	20.0	0.9121445259922152	0.0	0.35	True	5370.0	False	False	25139.0	False	High	True	True	0.025	0.0	3.809009556937368	1.5	9.0													
456166.8431	6.2907000000122935	processed_trials			20.0	0.9121445259922152					False				High					3.809009556937368		9.0	40.0	40.0	False	True	False			16.328661017111735	4.0586	-0.08113536060509266	Right	4.0586	
456166.8431	4.058599999989383	states																																	"       state_name
id               
3   wait_for_poke"
456170.9017	0.23210000002291054	states																																	"        state_name
id                
1   nose_in_center"
456171.1338	2.0	states																																	"          state_name
id                  
2   punish_violation"
456173.5305	74.46520000003511	trials	1.0	2.0	20.0	0.9423625236937773	0.0	0.35	True	5370.0	True	False	25140.0	False	High	True	True	0.025	0.0	100.0	1.5	9.0													
456173.5305	74.46520000003511	processed_trials			20.0	0.9423625236937773					True				High					100.0		9.0	40.0	40.0	False	False	True	9.951100000000011	9.951100000000011	16.328661017111735	63.3696	2.3088112399987235	Right	63.3696	
456173.5305	63.369599999976344	states																																	"       state_name
id               
3   wait_for_poke"
456236.90009999997	0.9423999999999069	states																																	"        state_name
id                
1   nose_in_center"
456237.84249999997	0.0020000000367872417	states																																	"   state_name
id           
5      go_cue"
456237.8445	9.951100000005681	states																																	"            state_name
id                    
6   wait_for_side_poke"
456247.7956	0.19999999995343387	states																																	"   state_name
id           
0     opt_out"
456247.99559999997	0.00010000000474974513	states																																	"    state_name
id            
7   stop_sound"
456248.4115	15.010699999984354	trials	1.0	2.0	20.0	1.0381162852441166	0.0	0.35	True	5370.0	False	False	25141.0	False	High	True	False	0.025	0.0	4.499007029853911	1.5	9.0													
456248.4115	15.010699999984354	processed_trials			20.0	1.0381162852441166					False				High					4.499007029853911		9.0	40.0	40.0	True	False	False	4.4990000000000006	4.4990000000000006	16.328661017111735	9.215	0.12664263422476213	Left	9.215	
456248.4115	9.215000000025611	states																																	"       state_name
id               
3   wait_for_poke"
456257.6265	1.0380999999470077	states																																	"        state_name
id                
1   nose_in_center"
456258.66459999996	0.0020000000367872417	states																																	"   state_name
id           
5      go_cue"
456258.6666	4.49900000001071	states																																	"            state_name
id                    
6   wait_for_side_poke"
456263.1656	0.09459999995306134	states																																	"         state_name
id                 
4   announce_reward"
456263.26019999996	0.16190000000642613	states																																	"   state_name
id           
8      reward"
456263.42209999997	0.00010000000474974513	states																																	"    state_name
id            
7   stop_sound"
456263.8329	7.23519999999553	trials	1.0	2.0	20.0	0.9066319220102094	0.0	0.35	True	5390.0	False	False	25142.0	False	High	True	False	0.025	0.0	4.0307535947041915	1.5	9.0													
456263.8329	7.23519999999553	processed_trials			20.0	0.9066319220102094					False				High					4.0307535947041915		9.0	40.0	40.0	False	True	False			16.328661017111735	4.9943	-0.043431173621481016	Right	1.1519	
456263.8329	4.994300000020303	states																																	"       state_name
id               
3   wait_for_poke"
456268.8272	0.24089999997522682	states																																	"        state_name
id                
1   nose_in_center"
456269.0681	2.0	states																																	"          state_name
id                  
2   punish_violation"
456271.4788	8.714100000041071	trials	1.0	2.0	20.0	1.0620060236505215	0.0	0.35	True	5390.0	False	False	25143.0	False	High	True	True	0.025	0.0	4.450117605882261	1.5	9.0													
456271.4788	8.714100000041071	processed_trials			20.0	1.0620060236505215					False				High					4.450117605882261		9.0	40.0	40.0	False	True	False			16.328661017111735	6.4121999999999995	0.013703342488450532	Right	6.4121999999999995	
456271.4788	6.412200000020675	states																																	"       state_name
id               
3   wait_for_poke"
456277.891	0.3018999999621883	states																																	"        state_name
id                
1   nose_in_center"
456278.19289999997	2.0	states																																	"          state_name
id                  
2   punish_violation"
456280.6001	2.702900000032969	trials	1.0	2.0	20.0	0.8799273926763218	0.0	0.35	True	5390.0	True	False	25144.0	False	High	True	True	0.025	0.0	100.0	1.5	9.0													
456280.6001	2.702900000032969	processed_trials			20.0	0.8799273926763218					True				High					100.0		9.0	40.0	40.0	False	True	False			16.328661017111735	0.4387	-0.22699983261746398	Left	0.4387	
456280.6001	0.4386999999987893	states																																	"       state_name
id               
3   wait_for_poke"
456281.0388	0.2641999999759719	states																																	"        state_name
id                
1   nose_in_center"
456281.30299999996	2.0	states																																	"          state_name
id                  
2   punish_violation"
456283.697	71.07910000003176	trials	1.0	2.0	20.0	0.8737222947596737	0.0	0.35	True	5390.0	False	False	25145.0	False	High	True	True	0.025	0.0	1.989829665573781	1.5	9.0													
456283.697	71.07910000003176	processed_trials			20.0	0.8737222947596737					False				High					1.989829665573781		9.0	40.0	40.0	True	False	False	1.9898000000000025	1.9898000000000025	16.328661017111735	67.86280000000001	2.4898654806258094	Right	67.86280000000001	
456283.697	67.86280000000261	states																																	"       state_name
id               
3   wait_for_poke"
456351.5598	0.873699999996461	states																																	"        state_name
id                
1   nose_in_center"
456352.4335	0.001999999978579581	states																																	"   state_name
id           
5      go_cue"
456352.43549999996	1.989800000039395	states																																	"            state_name
id                    
6   wait_for_side_poke"
456354.4253	0.17889999999897555	states																																	"         state_name
id                 
4   announce_reward"
456354.6042	0.1718000000109896	states																																	"   state_name
id           
8      reward"
456354.776	9.999994654208422e-05	states																																	"    state_name
id            
7   stop_sound"
456355.1834	13.252800000016578	trials	1.0	2.0	40.0	1.0374901096791826	0.0	0.35	True	5410.0	True	False	25146.0	False	High	True	False	0.025	0.0	100.0	1.5	9.0													
456355.1834	13.252800000016578	processed_trials			40.0	1.0374901096791826					True				High					100.0		9.0	40.0	40.0	False	False	True	8.691100000000002	8.691100000000002	16.328661017111735	3.3221	-0.11081275048799316	Right	0.9119000000000002	
456355.1834	3.3220999999903142	states																																	"       state_name
id               
3   wait_for_poke"
456358.50549999997	1.0375000000349246	states																																	"        state_name
id                
1   nose_in_center"
456359.543	0.001999999978579581	states																																	"   state_name
id           
5      go_cue"
456359.545	8.691099999996368	states																																	"            state_name
id                    
6   wait_for_side_poke"
456368.2361	0.20000000001164153	states																																	"   state_name
id           
0     opt_out"
456368.4361	0.00010000000474974513	states																																	"    state_name
id            
7   stop_sound"
456368.8494	2.443599999998696	trials	1.0	2.0	80.0	0.9070233370306361	0.0	0.35	True	5410.0	False	False	25147.0	False	High	True	False	0.025	0.0	1.23412832174264	1.5	9.0													
456368.8494	2.443599999998696	processed_trials			80.0	0.9070233370306361					False				High					1.23412832174264		9.0	40.0	40.0	False	True	False			16.328661017111735	0.2719	-0.23372106633432455	Right	0.2719	
456368.8494	0.2718999999924563	states																																	"       state_name
id               
3   wait_for_poke"
456369.1213	0.17170000000623986	states																																	"        state_name
id                
1   nose_in_center"
456369.293	2.0	states																																	"          state_name
id                  
2   punish_violation"
456371.6838	11.899800000013784	trials	1.0	2.0	80.0	1.1254577451007886	0.0	0.35	True	5410.0	True	False	25148.0	False	High	True	True	0.025	0.0	100.0	1.5	9.0													
456371.6838	11.899800000013784	processed_trials			80.0	1.1254577451007886					True				High					100.0		9.0	40.0	40.0	False	False	True	10.4238	10.4238	16.328661017111735	0.1484	-0.2386975193561008	Left	0.1484	
456371.6838	0.1484000000054948	states																																	"       state_name
id               
3   wait_for_poke"
456371.8322	1.125499999965541	states																																	"        state_name
id                
1   nose_in_center"
456372.95769999997	0.0020000000367872417	states																																	"   state_name
id           
5      go_cue"
456372.9597	10.42379999998957	states																																	"            state_name
id                    
6   wait_for_side_poke"
456383.3835	0.20000000001164153	states																																	"   state_name
id           
0     opt_out"
456383.5835	0.00010000000474974513	states																																	"    state_name
id            
7   stop_sound"
456383.9963	2.3136999999987893	trials	1.0	2.0	40.0	1.1254577	0.0	0.35	True	5410.0	False	False	25149.0	False	High	True	False	0.025	0.0	1.613465267693424	1.5	9.0													
456383.9963	2.3136999999987893	processed_trials			40.0	1.1254577					False				High					1.613465267693424		9.0	40.0	40.0	False	True	False			16.328661017111735	0.077	-0.24157459422051233	Left	0.077	
456383.9963	0.07699999999022111	states																																	"       state_name
id               
3   wait_for_poke"
456384.0733	0.23670000000856817	states																																	"        state_name
id                
1   nose_in_center"
456384.31	2.0	states																																	"          state_name
id                  
2   punish_violation"
456386.6969	4.095000000030268	trials	1.0	2.0	40.0	0.816375796806085	0.0	0.35	True	5410.0	False	False	25150.0	False	High	True	True	0.025	0.0	2.794977272954396	1.5	9.0													
456386.6969	4.095000000030268	processed_trials			40.0	0.816375796806085					False				High					2.794977272954396		9.0	40.0	40.0	True	False	False	2.795	2.795	16.328661017111735	0.1281	-0.23951551122931583	Left	0.1281	
456386.6969	0.12809999997261912	states																																	"       state_name
id               
3   wait_for_poke"
456386.82499999995	0.8164000000106171	states																																	"        state_name
id                
1   nose_in_center"
456387.64139999996	0.0020000000367872417	states																																	"   state_name
id           
5      go_cue"
456387.6434	2.794999999983702	states																																	"            state_name
id                    
6   wait_for_side_poke"
456390.4384	0.05680000002030283	states																																	"         state_name
id                 
4   announce_reward"
456390.4952	0.2966000000014901	states																																	"   state_name
id           
8      reward"
456390.7918	9.999994654208422e-05	states																																	"    state_name
id            
7   stop_sound"
456391.2101	8.310499999963213	trials	1.0	2.0	20.0	1.014717918523748	0.0	0.35	True	5450.0	False	False	25151.0	False	High	True	False	0.025	0.0	5.137465034808643	1.5	9.0													
456391.2101	8.310499999963213	processed_trials			20.0	1.014717918523748					False				High					5.137465034808643		9.0	40.0	40.0	False	True	False			16.328661017111735	6.2566999999999995	0.0074374441492909595	Left	1.4342999999999995	
456391.2101	6.256700000027195	states																																	"       state_name
id               
3   wait_for_poke"
456397.46680000005	0.0537999999942258	states																																	"        state_name
id                
1   nose_in_center"
456397.52060000005	2.0	states																																	"          state_name
id                  
2   punish_violation"
456399.9289	2.3179000000236556	trials	1.0	2.0	20.0	0.8603035722772929	0.0	0.35	True	5450.0	False	False	25152.0	False	High	True	True	0.025	0.0	0.4099664411909784	1.5	9.0													
456399.9289	2.3179000000236556	processed_trials			20.0	0.8603035722772929					False				High					0.4099664411909784		9.0	40.0	40.0	True	False	False	0.4099999999999999	0.4099999999999999	16.328661017111735	0.2246	-0.23562702769408178	Right	0.2246	
456399.9289	0.22460000001592562	states																																	"       state_name
id               
3   wait_for_poke"
456400.1535	0.8603000000002794	states																																	"        state_name
id                
1   nose_in_center"
456401.0138	0.001999999978579581	states																																	"   state_name
id           
5      go_cue"
456401.0158	0.4100000000325963	states																																	"            state_name
id                    
6   wait_for_side_poke"
456401.4258	0.6490999999805354	states																																	"         state_name
id                 
4   announce_reward"
456402.0749	0.1718000000109896	states																																	"   state_name
id           
8      reward"
456402.2467	0.00010000000474974513	states																																	"    state_name
id            
7   stop_sound"
456402.638	9.34030000003986	trials	1.0	2.0	80.0	0.8345964177616775	0.0	0.35	True	5470.0	False	False	25153.0	False	High	True	False	0.025	0.0	4.647907104066445	1.5	9.0													
456402.638	9.34030000003986	processed_trials			80.0	0.8345964177616775					False				High					4.647907104066445		9.0	40.0	40.0	True	False	False	4.647900000000002	4.647900000000002	16.328661017111735	3.1582	-0.11741712822296585	Left	2.1256	
456402.638	3.1582000000053085	states																																	"       state_name
id               
3   wait_for_poke"
456405.7962	0.8346000000019558	states																																	"        state_name
id                
1   nose_in_center"
456406.6308	0.001999999978579581	states																																	"   state_name
id           
5      go_cue"
456406.63279999996	4.647900000039954	states																																	"            state_name
id                    
6   wait_for_side_poke"
456411.2807	0.12889999995240942	states																																	"         state_name
id                 
4   announce_reward"
456411.40959999996	0.5685999999986961	states																																	"   state_name
id           
8      reward"
456411.97819999995	0.00010000000474974513	states																																	"    state_name
id            
7   stop_sound"
456412.3929	10.845000000030268	trials	1.0	2.0	40.0	0.8468446680086895	0.0	0.35	True	5550.0	True	False	25154.0	False	High	True	False	0.025	0.0	100.0	1.5	9.0													
456412.3929	10.845000000030268	processed_trials			40.0	0.8468446680086895					True				High					100.0		9.0	40.0	40.0	False	True	False			16.328661017111735	8.264899999999999	0.08835819684832795	Left	1.5714999999999995	
456412.3929	8.26490000000922	states																																	"       state_name
id               
3   wait_for_poke"
456420.6578	0.5800999999628402	states																																	"        state_name
id                
1   nose_in_center"
456421.23789999995	2.0	states																																	"          state_name
id                  
2   punish_violation"
456423.6513	4.9989999999525025	trials	1.0	2.0	40.0	1.1236892792626625	0.0	0.35	True	5550.0	False	False	25155.0	False	High	True	True	0.025	0.0	3.4349383640988456	1.5	9.0													
456423.6513	4.9989999999525025	processed_trials			40.0	1.1236892792626625					False				High					3.4349383640988456		9.0	40.0	40.0	True	False	False	3.4349000000000007	3.4349000000000007	16.328661017111735	0.0775	-0.24155444663742823	Left	0.0775	
456423.6513	0.07750000001396984	states																																	"       state_name
id               
3   wait_for_poke"
456423.72880000004	1.123699999996461	states																																	"        state_name
id                
1   nose_in_center"
456424.85250000004	0.001999999978579581	states																																	"   state_name
id           
5      go_cue"
456424.8545	3.434899999992922	states																																	"            state_name
id                    
6   wait_for_side_poke"
456428.2894	0.064200000022538	states																																	"         state_name
id                 
4   announce_reward"
456428.35360000003	0.2966000000014901	states																																	"   state_name
id           
8      reward"
456428.65020000003	0.00010000000474974513	states																																	"    state_name
id            
7   stop_sound"
456429.0761	18.89240000001155	trials	1.0	2.0	40.0	0.8074189250429267	0.0	0.35	True	5590.0	True	False	25156.0	False	High	True	False	0.025	0.0	100.0	1.5	9.0													
456429.0761	18.89240000001155	processed_trials			40.0	0.8074189250429267					True				High					100.0		9.0	40.0	40.0	False	False	True	9.2234	9.2234	16.328661017111735	8.6595	0.10425866941831104	Right	2.5039999999999996	
456429.0761	8.659500000008848	states																																	"       state_name
id               
3   wait_for_poke"
456437.7356	0.8073999999905936	states																																	"        state_name
id                
1   nose_in_center"
456438.543	0.001999999978579581	states																																	"   state_name
id           
5      go_cue"
456438.545	9.223400000017136	states																																	"            state_name
id                    
6   wait_for_side_poke"
456447.7684	0.20000000001164153	states																																	"   state_name
id           
0     opt_out"
456447.9684	0.00010000000474974513	states																																	"    state_name
id            
7   stop_sound"
456448.3759	2.930800000031013	trials	1.0	2.0	40.0	0.8732029037110661	0.0	0.35	True	5590.0	True	False	25157.0	False	High	True	False	0.025	0.0	100.0	1.5	9.0													
456448.3759	2.930800000031013	processed_trials			40.0	0.8732029037110661					True				High					100.0		9.0	40.0	40.0	False	True	False			16.328661017111735	0.3488	-0.23062236805598776	Left	0.3488	
456448.3759	0.34879999997792765	states																																	"       state_name
id               
3   wait_for_poke"
456448.72469999996	0.5819999999948777	states																																	"        state_name
id                
1   nose_in_center"
456449.30669999996	2.0	states																																	"          state_name
id                  
2   punish_violation"
456451.7184	82.97269999998389	trials	1.0	2.0	40.0	0.9614327399351843	0.0	0.35	True	5590.0	True	False	25158.0	False	High	True	True	0.025	0.0	100.0	1.5	9.0													
456451.7184	82.97269999998389	processed_trials			40.0	0.9614327399351843					True				High					100.0		9.0	40.0	40.0	False	False	True	11.824100000000016	11.824100000000016	16.328661017111735	69.9851	2.575383911784641	Left	69.9851	
456451.7184	69.98509999999078	states																																	"       state_name
id               
3   wait_for_poke"
456521.7035	0.9614000000292435	states																																	"        state_name
id                
1   nose_in_center"
456522.66490000003	0.001999999978579581	states																																	"   state_name
id           
5      go_cue"
456522.6669	11.824100000027101	states																																	"            state_name
id                    
6   wait_for_side_poke"
456534.49100000004	0.19999999995343387	states																																	"   state_name
id           
0     opt_out"
456534.691	0.00010000000474974513	states																																	"    state_name
id            
7   stop_sound"
456535.0978	2.2518000000272878	trials	1.0	2.0	80.0	0.8015413210763077	0.0	0.35	True	5590.0	True	False	25159.0	False	High	True	False	0.025	0.0	100.0	1.5	9.0													
456535.0978	2.2518000000272878	processed_trials			80.0	0.8015413210763077					True				High					100.0		9.0	40.0	40.0	False	True	False			16.328661017111735	0.21180000000000002	-0.23614280582103508	Left	0.21180000000000002	
456535.0978	0.21179999999003485	states																																	"       state_name
id               
3   wait_for_poke"
456535.3096	0.0400000000372529	states																																	"        state_name
id                
1   nose_in_center"
456535.3496	2.0	states																																	"          state_name
id                  
2   punish_violation"
456537.76	11.217799999983981	trials	1.0	2.0	80.0	0.9796676597435547	0.0	0.35	True	5590.0	True	False	25160.0	False	High	True	True	0.025	0.0	100.0	1.5	9.0													
456537.76	11.217799999983981	processed_trials			80.0	0.9796676597435547					True				High					100.0		9.0	40.0	40.0	False	False	True	9.979800000000001	9.979800000000001	16.328661017111735	0.0562	-0.2424127336768115	Right	0.0562	
456537.76	0.05619999999180436	states																																	"       state_name
id               
3   wait_for_poke"
456537.8162	0.979700000025332	states																																	"        state_name
id                
1   nose_in_center"
456538.7959	0.001999999978579581	states																																	"   state_name
id           
5      go_cue"
456538.7979	9.979800000030082	states																																	"            state_name
id                    
6   wait_for_side_poke"
456548.77770000004	0.19999999995343387	states																																	"   state_name
id           
0     opt_out"
456548.9777	0.00010000000474974513	states																																	"    state_name
id            
7   stop_sound"
456549.3871	3.150000000023283	trials	1.0	2.0	40.0	1.130058562597261	0.0	0.35	True	5590.0	True	False	25161.0	False	High	True	False	0.025	0.0	100.0	1.5	9.0													
456549.3871	3.150000000023283	processed_trials			40.0	1.130058562597261					True				High					100.0		9.0	40.0	40.0	False	True	False			16.328661017111735	0.936	-0.2069610464820038	Left	0.936	
456549.3871	0.9359999999869615	states																																	"       state_name
id               
3   wait_for_poke"
456550.3231	0.21400000003632158	states																																	"        state_name
id                
1   nose_in_center"
456550.5371	2.0	states																																	"          state_name
id                  
2   punish_violation"
456552.9582	2.713900000031572	trials	1.0	2.0	40.0	1.1300586	0.0	0.35	True	5590.0	False	False	25162.0	False	High	True	True	0.025	0.0	0.8182206714268124	1.5	9.0													
456552.9582	2.713900000031572	processed_trials			40.0	1.1300586					False				High					0.8182206714268124		9.0	40.0	40.0	True	False	False	0.8181999999999998	0.8181999999999998	16.328661017111735	0.25939999999999996	-0.23422475591142738	Right	0.25939999999999996	
456552.9582	0.25939999998081475	states																																	"       state_name
id               
3   wait_for_poke"
456553.2176	1.1301000000094064	states																																	"        state_name
id                
1   nose_in_center"
456554.3477	0.0020000000367872417	states																																	"   state_name
id           
5      go_cue"
456554.3497	0.8181999999796972	states																																	"            state_name
id                    
6   wait_for_side_poke"
456555.1679	0.18719999998575076	states																																	"         state_name
id                 
4   announce_reward"
456555.3551	0.3169000000343658	states																																	"   state_name
id           
8      reward"
456555.672	9.999994654208422e-05	states																																	"    state_name
id            
7   stop_sound"
456556.0924	8.2664999999688	trials	1.0	2.0	20.0	1.0503421597822504	0.0	0.35	True	5630.0	False	False	25163.0	False	High	True	False	0.025	0.0	0.8297460109531694	1.5	9.0													
456556.0924	8.2664999999688	processed_trials			20.0	1.0503421597822504					False				High					0.8297460109531694		9.0	40.0	40.0	False	True	False			16.328661017111735	5.2249	-0.034139108303087466	Right	2.3735999999999997	
456556.0924	5.224899999971967	states																																	"       state_name
id               
3   wait_for_poke"
456561.3173	1.0416000000550412	states																																	"        state_name
id                
1   nose_in_center"
456562.35890000005	2.0	states																																	"          state_name
id                  
2   punish_violation"
456564.7687	12.484499999962281	trials	1.0	2.0	20.0	0.822618824338615	0.0	0.35	True	5630.0	True	False	25164.0	False	High	True	True	0.025	0.0	100.0	1.5	9.0													
456564.7687	12.484499999962281	processed_trials			20.0	0.822618824338615					True				High					100.0		9.0	40.0	40.0	False	False	True	5.7614	5.7614	16.328661017111735	5.6983999999999995	-0.015059347122431161	Left	5.6983999999999995	
456564.7687	5.698399999993853	states																																	"       state_name
id               
3   wait_for_poke"
456570.4671	0.822600000014063	states																																	"        state_name
id                
1   nose_in_center"
456571.2897	0.001999999978579581	states																																	"   state_name
id           
5      go_cue"
456571.2917	5.761400000017602	states																																	"            state_name
id                    
6   wait_for_side_poke"
456577.0531	0.20000000001164153	states																																	"   state_name
id           
0     opt_out"
456577.25310000003	0.00010000000474974513	states																																	"    state_name
id            
7   stop_sound"
456577.6773	2.27980000001844	trials	1.0	2.0	80.0	1.129774829002344	0.0	0.35	True	5630.0	True	False	25165.0	False	High	True	False	0.025	0.0	100.0	1.5	9.0													
456577.6773	2.27980000001844	processed_trials			80.0	1.129774829002344					True				High					100.0		9.0	40.0	40.0	False	True	False			16.328661017111735	0.0373	-0.243174312317391	Left	0.0373	
456577.6773	0.037300000025425106	states																																	"       state_name
id               
3   wait_for_poke"
456577.7146	0.24249999999301508	states																																	"        state_name
id                
1   nose_in_center"
456577.9571	2.0	states																																	"          state_name
id                  
2   punish_violation"
456580.3826	3.4817000000039116	trials	1.0	2.0	80.0	0.8959110882170385	0.0	0.35	True	5630.0	False	False	25166.0	False	High	True	True	0.025	0.0	1.3573448003412354	1.5	9.0													
456580.3826	3.4817000000039116	processed_trials			80.0	0.8959110882170385					False				High					1.3573448003412354		9.0	40.0	40.0	False	True	False			16.328661017111735	1.0267	-0.20330627491054545	Left	1.0267	
456580.3826	1.0266999999876134	states																																	"       state_name
id               
3   wait_for_poke"
456581.4093	0.45500000001629815	states																																	"        state_name
id                
1   nose_in_center"
456581.8643	2.0	states																																	"          state_name
id                  
2   punish_violation"
456584.2867	2.1036999999778345	trials	1.0	2.0	80.0	0.994137885176637	0.0	0.35	True	5630.0	False	False	25167.0	False	High	True	True	0.025	0.0	1.1791221441538116	1.5	9.0													
456584.2867	2.1036999999778345	processed_trials			80.0	0.994137885176637					False				High					1.1791221441538116		9.0	40.0	40.0	False	True	False			16.328661017111735	0.0145	-0.24409304210602661	Right	0.0145	
456584.2867	0.014499999990221113	states																																	"       state_name
id               
3   wait_for_poke"
456584.3012	0.08919999998761341	states																																	"        state_name
id                
1   nose_in_center"
456584.3904	2.0	states																																	"          state_name
id                  
2   punish_violation"
456586.8113	12.784299999999348	trials	1.0	2.0	80.0	1.105666043859082	0.0	0.35	True	5630.0	True	False	25168.0	False	High	True	True	0.025	0.0	100.0	1.5	9.0													
456586.8113	12.784299999999348	processed_trials			80.0	1.105666043859082					True				High					100.0		9.0	40.0	40.0	False	False	True	11.3917	11.3917	16.328661017111735	0.0848	-0.24126029192440013	Right	0.0848	
456586.8113	0.08480000001145527	states																																	"       state_name
id               
3   wait_for_poke"
456586.8961	1.1057000000146218	states																																	"        state_name
id                
1   nose_in_center"
456588.0018	0.001999999978579581	states																																	"   state_name
id           
5      go_cue"
456588.0038	11.3916999999783	states																																	"            state_name
id                    
6   wait_for_side_poke"
456599.3955	0.20000000001164153	states																																	"   state_name
id           
0     opt_out"
456599.5955	0.00010000000474974513	states																																	"    state_name
id            
7   stop_sound"
456600.0186	3.167799999995623	trials	1.0	2.0	80.0	1.1122943376336876	0.0	0.35	True	5630.0	False	False	25169.0	False	High	True	False	0.025	0.0	16.18921941864447	1.5	9.0													
456600.0186	3.167799999995623	processed_trials			80.0	1.1122943376336876					False				High					16.18921941864447		9.0	40.0	40.0	False	True	False			16.328661017111735	0.8543999999999999	-0.21024913204133128	Right	0.8543999999999999	
456600.0186	0.8544000000110827	states																																	"       state_name
id               
3   wait_for_poke"
456600.873	0.31339999998454005	states																																	"        state_name
id                
1   nose_in_center"
456601.1864	2.0	states																																	"          state_name
id                  
2   punish_violation"
456603.6173	2.443100000033155	trials	1.0	2.0	80.0	1.0451204371114131	0.0	0.35	True	5630.0	False	False	25170.0	False	High	True	True	0.025	0.0	1.6168022062517302	1.5	9.0													
456603.6173	2.443100000033155	processed_trials			80.0	1.0451204371114131					False				High					1.6168022062517302		9.0	40.0	40.0	False	True	False			16.328661017111735	0.1125	-0.24014411582154022	Left	0.1125	
456603.6173	0.11249999998835847	states																																	"       state_name
id               
3   wait_for_poke"
456603.7298	0.33059999998658895	states																																	"        state_name
id                
1   nose_in_center"
456604.06039999996	2.0	states																																	"          state_name
id                  
2   punish_violation"
456606.4702	4.870400000014342	trials	1.0	2.0	80.0	1.0451204	0.0	0.35	True	5630.0	False	False	25171.0	False	High	True	True	0.025	0.0	2.6419593283412217	1.5	9.0													
456606.4702	4.870400000014342	processed_trials			80.0	1.0451204					False				High					2.6419593283412217		9.0	40.0	40.0	True	False	False	2.642	2.642	16.328661017111735	0.16190000000000002	-0.2381535346128297	Left	0.16190000000000002	
456606.4702	0.16190000000642613	states																																	"       state_name
id               
3   wait_for_poke"
456606.6321	1.0450999999884516	states																																	"        state_name
id                
1   nose_in_center"
456607.6772	0.001999999978579581	states																																	"   state_name
id           
5      go_cue"
456607.67919999996	2.642000000050757	states																																	"            state_name
id                    
6   wait_for_side_poke"
456610.3212	0.4506999999866821	states																																	"         state_name
id                 
4   announce_reward"
456610.7719	0.5685999999986961	states																																	"   state_name
id           
8      reward"
456611.3405	0.00010000000474974513	states																																	"    state_name
id            
7   stop_sound"
456611.7622	11.29879999998957	trials	1.0	2.0	40.0	1.0190642401960126	0.0	0.35	True	5710.0	True	False	25172.0	False	High	True	False	0.025	0.0	2.6419593	1.5	9.0													
456611.7622	11.29879999998957	processed_trials			40.0	1.0190642401960126					False				High					2.6419593		9.0	40.0	40.0	False	True	False			16.328661017111735	8.7697	0.10869919673004988	Right	2.9570999999999996	
456611.7622	8.769700000004377	states																																	"       state_name
id               
3   wait_for_poke"
456620.5319	0.529099999985192	states																																	"        state_name
id                
1   nose_in_center"
456621.061	2.0	states																																	"          state_name
id                  
2   punish_violation"
456623.4804	10.547199999971781	trials	1.0	2.0	40.0	1.059156975939066	0.0	0.35	True	5710.0	True	False	25173.0	False	High	True	True	0.025	0.0	100.0	1.5	9.0													
456623.4804	10.547199999971781	processed_trials			40.0	1.059156975939066					True				High					100.0		9.0	40.0	40.0	False	False	True	9.212900000000001	9.212900000000001	16.328661017111735	0.073	-0.24173577488518522	Right	0.073	
456623.4804	0.07299999997485429	states																																	"       state_name
id               
3   wait_for_poke"
456623.5534	1.0592000000178814	states																																	"        state_name
id                
1   nose_in_center"
456624.6126	0.001999999978579581	states																																	"   state_name
id           
5      go_cue"
456624.6146	9.212900000042282	states																																	"            state_name
id                    
6   wait_for_side_poke"
456633.8275	0.20000000001164153	states																																	"   state_name
id           
0     opt_out"
456634.0275	9.999994654208422e-05	states																																	"    state_name
id            
7   stop_sound"
456634.4522	6.380100000009406	trials	1.0	2.0	80.0	1.1998326188392154	0.0	0.35	True	5710.0	False	False	25174.0	False	High	True	False	0.025	0.0	4.172004348465377	1.5	9.0													
456634.4522	6.380100000009406	processed_trials			80.0	1.1998326188392154					False				High					4.172004348465377		9.0	40.0	40.0	True	False	False	4.172	4.172	16.328661017111735	0.3237	-0.2316337767268103	Left	0.3237	
456634.4522	0.3237000000081025	states																																	"       state_name
id               
3   wait_for_poke"
456634.7759	1.199800000002142	states																																	"        state_name
id                
1   nose_in_center"
456635.9757	0.001999999978579581	states																																	"   state_name
id           
5      go_cue"
456635.9777	4.172000000020489	states																																	"            state_name
id                    
6   wait_for_side_poke"
456640.1497	0.11389999999664724	states																																	"         state_name
id                 
4   announce_reward"
456640.2636	0.5685999999986961	states																																	"   state_name
id           
8      reward"
456640.8322	0.00010000000474974513	states																																	"    state_name
id            
7   stop_sound"
456641.2546	9.241600000008475	trials	1.0	2.0	20.0	1.1998326	0.0	0.35	True	5790.0	False	False	25175.0	False	High	True	False	0.025	0.0	1.9819696763937027	1.5	9.0													
456641.2546	9.241600000008475	processed_trials			20.0	1.1998326					False				High					1.9819696763937027		9.0	40.0	40.0	False	True	False			16.328661017111735	7.0482	0.03933106817144403	Right	2.320899999999999	
456641.2546	7.048200000019278	states																																	"       state_name
id               
3   wait_for_poke"
456648.3028	0.19339999998919666	states																																	"        state_name
id                
1   nose_in_center"
456648.4962	2.0	states																																	"          state_name
id                  
2   punish_violation"
456650.9301	16.558000000019092	trials	1.0	2.0	20.0	1.0567027565563778	0.0	0.35	True	5790.0	True	False	25176.0	False	High	True	True	0.025	0.0	100.0	1.5	9.0													
456650.9301	16.558000000019092	processed_trials			20.0	1.0567027565563778					True				High					100.0		9.0	40.0	40.0	False	False	True	11.8902	11.8902	16.328661017111735	3.409	-0.10731110054797409	Left	3.409	
456650.9301	3.408999999985099	states																																	"       state_name
id               
3   wait_for_poke"
456654.3391	1.056700000015553	states																																	"        state_name
id                
1   nose_in_center"
456655.3958	0.001999999978579581	states																																	"   state_name
id           
5      go_cue"
456655.3978	11.89020000002347	states																																	"            state_name
id                    
6   wait_for_side_poke"
456667.288	0.20000000001164153	states																																	"   state_name
id           
0     opt_out"
456667.488	0.00010000000474974513	states																																	"    state_name
id            
7   stop_sound"
456667.9154	2.103300000017043	trials	1.0	2.0	40.0	1.0567028	0.0	0.35	True	5790.0	False	False	25177.0	False	High	True	False	0.025	0.0	0.12158266102588083	1.5	9.0													
456667.9154	2.103300000017043	processed_trials			40.0	1.0567028					False				High					0.12158266102588083		9.0	40.0	40.0	False	True	False			16.328661017111735	0.0625	-0.24215887412995163	Right	0.0625	
456667.9154	0.0625	states																																	"       state_name
id               
3   wait_for_poke"
456667.9779	0.0408000000170432	states																																	"        state_name
id                
1   nose_in_center"
456668.0187	2.0	states																																	"          state_name
id                  
2   punish_violation"
456670.4594	2.0667000000248663	trials	1.0	2.0	40.0	1.04873435981644	0.0	0.35	True	5790.0	True	False	25178.0	False	High	True	True	0.025	0.0	0.12158266	1.5	9.0													
456670.4594	2.0667000000248663	processed_trials			40.0	1.04873435981644					False				High					0.12158266		9.0	40.0	40.0	False	True	False			16.328661017111735	0.0417	-0.2429970135862508	Left	0.0417	
456670.4594	0.04170000000158325	states																																	"       state_name
id               
3   wait_for_poke"
456670.5011	0.025000000023283064	states																																	"        state_name
id                
1   nose_in_center"
456670.5261	2.0	states																																	"          state_name
id                  
2   punish_violation"
456672.9406	35.12340000004042	trials	1.0	2.0	40.0	1.0487344	0.0	0.35	True	5790.0	True	False	25179.0	False	High	True	True	0.025	0.0	100.0	1.5	9.0													
456672.9406	35.12340000004042	processed_trials			40.0	1.0487344					True				High					100.0		9.0	40.0	40.0	False	False	True	7.146500000000007	7.146500000000007	16.328661017111735	26.7261	0.8322553185132329	Right	26.7261	
456672.9406	26.726100000028964	states																																	"       state_name
id               
3   wait_for_poke"
456699.6667	1.0486999999848194	states																																	"        state_name
id                
1   nose_in_center"
456700.7154	0.001999999978579581	states																																	"   state_name
id           
5      go_cue"
456700.71739999996	7.146500000031665	states																																	"            state_name
id                    
6   wait_for_side_poke"
456707.8639	0.19999999995343387	states																																	"   state_name
id           
0     opt_out"
456708.06389999995	0.00010000000474974513	states																																	"    state_name
id            
7   stop_sound"
456708.5085	2.64179999998305	trials	1.0	2.0	80.0	1.1146008797381877	0.0	0.35	True	5790.0	False	False	25180.0	False	High	True	False	0.025	0.0	10.179804623092199	1.5	9.0													
456708.5085	2.64179999998305	processed_trials			80.0	1.1146008797381877					False				High					10.179804623092199		9.0	40.0	40.0	False	True	False			16.328661017111735	0.2641	-0.23403536863043672	Right	0.2641	
456708.5085	0.26409999997122213	states																																	"       state_name
id               
3   wait_for_poke"
456708.77259999997	0.3777000000118278	states																																	"        state_name
id                
1   nose_in_center"
456709.1503	2.0	states																																	"          state_name
id                  
2   punish_violation"
456711.5745	3.774199999985285	trials	1.0	2.0	80.0	1.0514638365530027	0.0	0.35	True	5790.0	False	False	25181.0	False	High	True	True	0.025	0.0	2.0346401108456504	1.5	9.0													
456711.5745	3.774199999985285	processed_trials			80.0	1.0514638365530027					False				High					2.0346401108456504		9.0	40.0	40.0	True	False	False	2.0346	2.0346	16.328661017111735	0.048600000000000004	-0.24271897693969	Left	0.048600000000000004	
456711.5745	0.0485999999800697	states																																	"       state_name
id               
3   wait_for_poke"
456711.62309999997	1.051500000001397	states																																	"        state_name
id                
1   nose_in_center"
456712.67459999997	0.0020000000367872417	states																																	"   state_name
id           
5      go_cue"
456712.6766	2.0345999999553896	states																																	"            state_name
id                    
6   wait_for_side_poke"
456714.71119999996	0.06880000000819564	states																																	"         state_name
id                 
4   announce_reward"
456714.77999999997	0.5685999999986961	states																																	"   state_name
id           
8      reward"
456715.34859999997	0.00010000000474974513	states																																	"    state_name
id            
7   stop_sound"
456715.7932	12.31349999998929	trials	1.0	2.0	20.0	0.9560015269469708	0.0	0.35	True	5870.0	False	False	25182.0	False	High	True	False	0.025	0.0	1.4485659302633809	1.5	9.0													
456715.7932	12.31349999998929	processed_trials			20.0	0.9560015269469708					False				High					1.4485659302633809		9.0	40.0	40.0	True	False	False	1.448599999999999	1.448599999999999	16.328661017111735	8.9453	0.11577502790919082	Right	1.9491999999999994	
456715.7932	8.945300000021234	states																																	"       state_name
id               
3   wait_for_poke"
456724.73850000004	0.9560000000055879	states																																	"        state_name
id                
1   nose_in_center"
456725.69450000004	0.001999999978579581	states																																	"   state_name
id           
5      go_cue"
456725.6965	1.4486000000033528	states																																	"            state_name
id                    
6   wait_for_side_poke"
456727.1451	0.789699999964796	states																																	"         state_name
id                 
4   announce_reward"
456727.9348	0.1718000000109896	states																																	"   state_name
id           
8      reward"
456728.1066	0.00010000000474974513	states																																	"    state_name
id            
7   stop_sound"
456728.5446	6.019700000004377	trials	1.0	2.0	40.0	1.0723695246949272	0.0	0.35	True	5890.0	False	False	25183.0	False	High	True	False	0.025	0.0	1.4485659	1.5	9.0													
456728.5446	6.019700000004377	processed_trials			40.0	1.0723695246949272					False				High					1.4485659		9.0	40.0	40.0	True	False	False	1.4485999999999999	1.4485999999999999	16.328661017111735	3.1877	-0.1162284208210031	Left	1.064	
456728.5446	3.1877000000094995	states																																	"       state_name
id               
3   wait_for_poke"
456731.73230000003	1.0724000000045635	states																																	"        state_name
id                
1   nose_in_center"
456732.80470000004	0.001999999978579581	states																																	"   state_name
id           
5      go_cue"
456732.8067	1.4486000000033528	states																																	"            state_name
id                    
6   wait_for_side_poke"
456734.2553	0.012300000002142042	states																																	"         state_name
id                 
4   announce_reward"
456734.2676	0.2966000000014901	states																																	"   state_name
id           
8      reward"
456734.5642	0.00010000000474974513	states																																	"    state_name
id            
7   stop_sound"
456734.9922	8.856000000028871	trials	1.0	2.0	40.0	1.0723695	0.0	0.35	True	5930.0	True	False	25184.0	False	High	True	False	0.025	0.0	100.0	1.5	9.0													
456734.9922	8.856000000028871	processed_trials			40.0	1.0723695					True				High					100.0		9.0	40.0	40.0	False	True	False			16.328661017111735	6.571899999999999	0.020138480525516665	Left	2.0280999999999993	
456734.9922	6.571899999980815	states																																	"       state_name
id               
3   wait_for_poke"
456741.56409999996	0.28410000004805624	states																																	"        state_name
id                
1   nose_in_center"
456741.8482	2.0	states																																	"          state_name
id                  
2   punish_violation"
456744.2856	3.631699999968987	trials	1.0	2.0	40.0	0.9588912103724643	0.0	0.35	True	5930.0	True	False	25185.0	False	High	True	True	0.025	0.0	100.0	1.5	9.0													
456744.2856	3.631699999968987	processed_trials			40.0	0.9588912103724643					True				High					100.0		9.0	40.0	40.0	False	True	False			16.328661017111735	1.4433	-0.18651930868486136	Right	1.4433	
456744.2856	1.443299999984447	states																																	"       state_name
id               
3   wait_for_poke"
456745.7289	0.1884000000427477	states																																	"        state_name
id                
1   nose_in_center"
456745.91730000003	2.0	states																																	"          state_name
id                  
2   punish_violation"
456748.3606	4.2489000000059605	trials	1.0	2.0	40.0	1.1038106761101603	0.0	0.35	True	5930.0	False	False	25186.0	False	High	True	True	0.025	0.0	2.432771307136926	1.5	9.0													
456748.3606	4.2489000000059605	processed_trials			40.0	1.1038106761101603					False				High					2.432771307136926		9.0	40.0	40.0	True	False	False	2.4328000000000003	2.4328000000000003	16.328661017111735	0.2392	-0.2350387182680256	Left	0.2392	
456748.3606	0.23920000001089647	states																																	"       state_name
id               
3   wait_for_poke"
456748.5998	1.1037999999825843	states																																	"        state_name
id                
1   nose_in_center"
456749.7036	0.001999999978579581	states																																	"   state_name
id           
5      go_cue"
456749.7056	2.4328000000095926	states																																	"            state_name
id                    
6   wait_for_side_poke"
456752.1384	0.17440000001806766	states																																	"         state_name
id                 
4   announce_reward"
456752.3128	0.2966000000014901	states																																	"   state_name
id           
8      reward"
456752.6094	0.00010000000474974513	states																																	"    state_name
id            
7   stop_sound"
456753.055	8.572500000009313	trials	1.0	2.0	80.0	1.1213144960564259	0.0	0.35	True	5970.0	False	False	25187.0	False	High	True	False	0.025	0.0	3.946904762693222	1.5	9.0													
456753.055	8.572500000009313	processed_trials			80.0	1.1213144960564259					False				High					3.946904762693222		9.0	40.0	40.0	False	True	False			16.328661017111735	5.7906	-0.011344132801720431	Right	1.8237000000000005	
456753.055	5.790600000007544	states																																	"       state_name
id               
3   wait_for_poke"
456758.8456	0.7819000000017695	states																																	"        state_name
id                
1   nose_in_center"
456759.6275	2.0	states																																	"          state_name
id                  
2   punish_violation"
456762.0553	2.3955999999889173	trials	1.0	2.0	80.0	1.1054332444102446	0.0	0.35	True	5970.0	True	False	25188.0	False	High	True	True	0.025	0.0	3.9469048	1.5	9.0													
456762.0553	2.3955999999889173	processed_trials			80.0	1.1054332444102446					False				High					3.9469048		9.0	40.0	40.0	False	True	False			16.328661017111735	0.0621	-0.24217499219641894	Left	0.0621	
456762.0553	0.06209999998100102	states																																	"       state_name
id               
3   wait_for_poke"
456762.1174	0.33350000000791624	states																																	"        state_name
id                
1   nose_in_center"
456762.4509	2.0	states																																	"          state_name
id                  
2   punish_violation"
456764.9023	3.8911000000080094	trials	1.0	2.0	80.0	0.8787371581630419	0.0	0.35	True	5970.0	False	False	25189.0	False	High	True	True	0.025	0.0	2.1595027126141457	1.5	9.0													
456764.9023	3.8911000000080094	processed_trials			80.0	0.8787371581630419					False				High					2.1595027126141457		9.0	40.0	40.0	True	False	False	2.1595	2.1595	16.328661017111735	0.1179	-0.23992652192423178	Right	0.1179	
456764.9023	0.11790000001201406	states																																	"       state_name
id               
3   wait_for_poke"
456765.0202	0.8787000000011176	states																																	"        state_name
id                
1   nose_in_center"
456765.89890000003	0.001999999978579581	states																																	"   state_name
id           
5      go_cue"
456765.9009	2.1595000000088476	states																																	"            state_name
id                    
6   wait_for_side_poke"
456768.0604	0.11839999997755513	states																																	"         state_name
id                 
4   announce_reward"
456768.1788	0.6145000000251457	states																																	"   state_name
id           
8      reward"
456768.7933	0.00010000000474974513	states																																	"    state_name
id            
7   stop_sound"
456769.2339	8.508399999991525	trials	1.0	2.0	80.0	1.1493432179230179	0.0	0.35	True	6050.0	False	False	25190.0	False	High	True	False	0.025	0.0	2.248189248156074	1.5	9.0													
456769.2339	8.508399999991525	processed_trials			80.0	1.1493432179230179					False				High					2.248189248156074		9.0	40.0	40.0	False	True	False			16.328661017111735	5.998399999999999	-0.0029707972719625387	Left	2.0911999999999993	
456769.2339	5.998399999982212	states																																	"       state_name
id               
3   wait_for_poke"
456775.2323	0.5100000000093132	states																																	"        state_name
id                
1   nose_in_center"
456775.7423	2.0	states																																	"          state_name
id                  
2   punish_violation"
456778.1836	5.240600000019185	trials	1.0	2.0	80.0	1.0337112688955217	0.0	0.35	True	6050.0	False	False	25191.0	False	High	True	True	0.025	0.0	2.3026071738835228	1.5	9.0													
456778.1836	5.240600000019185	processed_trials			80.0	1.0337112688955217					False				High					2.3026071738835228		9.0	40.0	40.0	True	False	False	2.3026000000000004	2.3026000000000004	16.328661017111735	1.0225	-0.20347551460845203	Right	1.0225	
456778.1836	1.0225000000209548	states																																	"       state_name
id               
3   wait_for_poke"
456779.2061	1.0336999999708496	states																																	"        state_name
id                
1   nose_in_center"
456780.2398	0.0020000000367872417	states																																	"   state_name
id           
5      go_cue"
456780.2418	2.3025999999954365	states																																	"            state_name
id                    
6   wait_for_side_poke"
456782.5444	0.26519999996526167	states																																	"         state_name
id                 
4   announce_reward"
456782.8096	0.6145000000251457	states																																	"   state_name
id           
8      reward"
456783.4241	0.00010000000474974513	states																																	"    state_name
id            
7   stop_sound"
456783.8598	8.933000000019092	trials	1.0	2.0	80.0	1.1223524289045819	0.0	0.35	True	6130.0	False	False	25192.0	False	High	True	False	0.025	0.0	2.3026072	1.5	9.0													
456783.8598	8.933000000019092	processed_trials			80.0	1.1223524289045819					False				High					2.3026072		9.0	40.0	40.0	False	True	False			16.328661017111735	6.6669	0.023966521311498422	Left	2.1987999999999994	
456783.8598	6.666900000011083	states																																	"       state_name
id               
3   wait_for_poke"
456790.5267	0.2661000000080094	states																																	"        state_name
id                
1   nose_in_center"
456790.7928	2.0	states																																	"          state_name
id                  
2   punish_violation"
456793.2247	3.1234999999869615	trials	1.0	2.0	80.0	1.1223524	0.0	0.35	True	6130.0	False	False	25193.0	False	High	True	True	0.025	0.0	1.2021829379807538	1.5	9.0													
456793.2247	3.1234999999869615	processed_trials			80.0	1.1223524					False				High					1.2021829379807538		9.0	40.0	40.0	False	True	False			16.328661017111735	0.816	-0.21179646642219127	Left	0.816	
456793.2247	0.8159999999916181	states																																	"       state_name
id               
3   wait_for_poke"
456794.0407	0.3074999999953434	states																																	"        state_name
id                
1   nose_in_center"
456794.3482	2.0	states																																	"          state_name
id                  
2   punish_violation"
456796.7818	2.391200000012759	trials	1.0	2.0	80.0	1.0953727158811097	0.0	0.35	True	6130.0	False	False	25194.0	False	High	True	True	0.025	0.0	0.6101589669740746	1.5	9.0													
456796.7818	2.391200000012759	processed_trials			80.0	1.0953727158811097					False				High					0.6101589669740746		9.0	40.0	40.0	False	True	False			16.328661017111735	0.1045	-0.24046647715088604	Left	0.1045	
456796.7818	0.10450000001583248	states																																	"       state_name
id               
3   wait_for_poke"
456796.8863	0.28669999999692664	states																																	"        state_name
id                
1   nose_in_center"
456797.173	2.0	states																																	"          state_name
id                  
2   punish_violation"
456799.6056	8.209700000006706	trials	1.0	2.0	80.0	0.926331674885281	0.0	0.35	True	6130.0	True	False	25195.0	False	High	True	True	0.025	0.0	100.0	1.5	9.0													
456799.6056	8.209700000006706	processed_trials			80.0	0.926331674885281					True				High					100.0		9.0	40.0	40.0	False	False	True	7.025600000000001	7.025600000000001	16.328661017111735	0.0557	-0.2424328812598956	Left	0.0557	
456799.6056	0.0557000000262633	states																																	"       state_name
id               
3   wait_for_poke"
456799.66130000004	0.9262999999918975	states																																	"        state_name
id                
1   nose_in_center"
456800.5876	0.001999999978579581	states																																	"   state_name
id           
5      go_cue"
456800.5896	7.025599999993574	states																																	"            state_name
id                    
6   wait_for_side_poke"
456807.6152	0.20000000001164153	states																																	"   state_name
id           
0     opt_out"
456807.8152	0.00010000000474974513	states																																	"    state_name
id            
7   stop_sound"
456808.2518	2.260699999984354	trials	1.0	2.0	80.0	1.0852693482254072	0.0	0.35	True	6130.0	True	False	25196.0	False	High	True	False	0.025	0.0	100.0	1.5	9.0													
456808.2518	2.260699999984354	processed_trials			80.0	1.0852693482254072					True				High					100.0		9.0	40.0	40.0	False	True	False			16.328661017111735	0.2119	-0.23613877630441826	Left	0.2119	
456808.2518	0.2118999999947846	states																																	"       state_name
id               
3   wait_for_poke"
456808.4637	0.04879999998956919	states																																	"        state_name
id                
1   nose_in_center"
456808.5125	2.0	states																																	"          state_name
id                  
2   punish_violation"
456810.9481	2.349500000011176	trials	1.0	2.0	80.0	0.9618243630798506	0.0	0.35	True	6130.0	False	False	25197.0	False	High	True	True	0.025	0.0	0.1424468083414218	1.5	9.0													
456810.9481	2.349500000011176	processed_trials			80.0	0.9618243630798506					False				High					0.1424468083414218		9.0	40.0	40.0	True	False	False	0.14239999999999986	0.14239999999999986	16.328661017111735	0.0959	-0.2408130155799328	Right	0.0959	
456810.9481	0.09590000001480803	states																																	"       state_name
id               
3   wait_for_poke"
456811.044	0.9617999999900348	states																																	"        state_name
id                
1   nose_in_center"
456812.0058	0.001999999978579581	states																																	"   state_name
id           
5      go_cue"
456812.00779999996	0.1424000000115484	states																																	"            state_name
id                    
6   wait_for_side_poke"
456812.1502	0.5327999999863096	states																																	"         state_name
id                 
4   announce_reward"
456812.68299999996	0.6145000000251457	states																																	"   state_name
id           
8      reward"
456813.2975	0.00010000000474974513	states																																	"    state_name
id            
7   stop_sound"
456813.7334	8.286800000001676	trials	1.0	2.0	10.0	1.0193232357519921	0.0	0.35	True	6210.0	True	False	25198.0	True	Mixed	True	False	0.025	0.0	0.14244681	1.5	9.0													
456813.7334	8.286800000001676	processed_trials			10.0	1.0193232357519921					False				Mixed					0.14244681		9.0	40.0	40.0	False	True	False			16.328661017111735	6.0345	-0.0015161417732894346	Right	2.6075000000000004	
456813.7334	6.034500000008848	states																																	"       state_name
id               
3   wait_for_poke"
456819.76790000004	0.2522999999928288	states																																	"        state_name
id                
1   nose_in_center"
456820.0202	2.0	states																																	"          state_name
id                  
2   punish_violation"
456822.4548	3.5016000000177883	trials	1.0	2.0	10.0	1.0376158614764925	0.0	0.35	True	6210.0	False	False	25199.0	True	Mixed	True	True	0.025	0.0	2.117757807034825	1.5	9.0													
456822.4548	3.5016000000177883	processed_trials			10.0	1.0376158614764925					False				Mixed					2.117757807034825		9.0	40.0	40.0	False	True	False			16.328661017111735	1.2927	-0.1925877607097966	Left	1.2927	
456822.4548	1.292699999990873	states																																	"       state_name
id               
3   wait_for_poke"
456823.7475	0.20890000002691522	states																																	"        state_name
id                
1   nose_in_center"
456823.9564	2.0	states																																	"          state_name
id                  
2   punish_violation"
456826.4094	9.268199999991339	trials	1.0	2.0	10.0	1.17956694479517	0.0	0.35	True	6210.0	False	False	25200.0	True	Mixed	True	True	0.025	0.0	1.8514560449959387	1.5	9.0													
456826.4094	9.268199999991339	processed_trials			10.0	1.17956694479517					False				Mixed					1.8514560449959387		9.0	40.0	40.0	True	False	False	1.8514999999999997	1.8514999999999997	16.328661017111735	5.793399999999999	-0.011231306336449438	Left	5.793399999999999	
456826.4094	5.793400000024121	states																																	"       state_name
id               
3   wait_for_poke"
456832.2028	1.179599999974016	states																																	"        state_name
id                
1   nose_in_center"
456833.3824	0.001999999978579581	states																																	"   state_name
id           
5      go_cue"
456833.3844	1.8515000000479631	states																																	"            state_name
id                    
6   wait_for_side_poke"
456835.2359	0.34669999999459833	states																																	"         state_name
id                 
4   announce_reward"
456835.5826	0.09489999996731058	states																																	"   state_name
id           
8      reward"
456835.6775	0.00010000000474974513	states																																	"    state_name
id            
7   stop_sound"
456836.1323	6.047200000029989	trials	1.0	2.0	5.0	1.1795669	0.0	0.35	True	6220.0	True	False	25201.0	False	Mixed	True	False	0.025	0.0	100.0	1.5	9.0													
456836.1323	6.047200000029989	processed_trials			5.0	1.1795669					True				Mixed					100.0		9.0	40.0	40.0	False	True	False			16.328661017111735	3.9116	-0.0870587500318223	Left	1.701	
456836.1323	3.911599999992177	states																																	"       state_name
id               
3   wait_for_poke"
456840.0439	0.13559999997960404	states																																	"        state_name
id                
1   nose_in_center"
456840.17949999997	2.0	states																																	"          state_name
id                  
2   punish_violation"
456842.6266	39.01370000001043	trials	1.0	2.0	5.0	1.094706742717354	0.0	0.35	True	6220.0	False	False	25202.0	False	Mixed	True	True	0.025	0.0	10.696303638034896	1.5	9.0													
456842.6266	39.01370000001043	processed_trials			5.0	1.094706742717354					False				Mixed					10.696303638034896		9.0	40.0	40.0	False	False	True	6.162100000000002	6.162100000000002	16.328661017111735	31.5548	1.0268285873897591	Left	31.5548	
456842.6266	31.554799999983516	states																																	"       state_name
id               
3   wait_for_poke"
456874.1814	1.0947000000160187	states																																	"        state_name
id                
1   nose_in_center"
456875.2761	0.001999999978579581	states																																	"   state_name
id           
5      go_cue"
456875.2781	6.162100000015926	states																																	"            state_name
id                    
6   wait_for_side_poke"
456881.4402	0.20000000001164153	states																																	"   state_name
id           
0     opt_out"
456881.6402	0.00010000000474974513	states																																	"    state_name
id            
7   stop_sound"
456882.0943	2.048799999989569	trials	1.0	2.0	20.0	1.0947067	0.0	0.35	True	6220.0	False	False	25203.0	False	Mixed	True	False	0.025	0.0	10.696304	1.5	9.0													
456882.0943	2.048799999989569	processed_trials			20.0	1.0947067					False				Mixed					10.696304		9.0	40.0	40.0	False	True	False			16.328661017111735	0.0183	-0.24393992047458735	Left	0.0183	
456882.0943	0.018299999996088445	states																																	"       state_name
id               
3   wait_for_poke"
456882.1126	0.030499999993480742	states																																	"        state_name
id                
1   nose_in_center"
456882.1431	2.0	states																																	"          state_name
id                  
2   punish_violation"
456884.5786	52.71240000001853	trials	1.0	2.0	20.0	1.164393613006766	0.0	0.35	True	6220.0	False	False	25204.0	False	Mixed	True	True	0.025	0.0	15.365228356156189	1.5	9.0													
456884.5786	52.71240000001853	processed_trials			20.0	1.164393613006766					False				Mixed					15.365228356156189		9.0	40.0	40.0	False	False	True	15.365199999999994	15.365199999999994	16.328661017111735	34.5424	1.1472144258339594	Right	34.5424	
456884.5786	34.542399999976624	states																																	"       state_name
id               
3   wait_for_poke"
456919.121	1.1644000000087544	states																																	"        state_name
id                
1   nose_in_center"
456920.2854	0.0020000000367872417	states																																	"   state_name
id           
5      go_cue"
456920.28740000003	15.365200000000186	states																																	"            state_name
id                    
6   wait_for_side_poke"
456935.65260000003	1.4382999999797903	states																																	"         state_name
id                 
4   announce_reward"
456937.0909	0.20000000001164153	states																																	"   state_name
id           
0     opt_out"
456937.2909	0.00010000000474974513	states																																	"    state_name
id            
7   stop_sound"
456937.7471	143.18820000003325	trials	1.0	2.0	5.0	1.1643936	0.0	0.35	True	6220.0	True	False	25205.0	False	Mixed	True	False	0.025	0.0	15.365228	1.5	9.0													
456937.7471	143.18820000003325	processed_trials			5.0	1.1643936					False				Mixed					15.365228		9.0	40.0	40.0	False	True	False			16.328661017111735	141.0366	5.4384159107865475	Left	141.0366	
456937.7471	141.03659999999218	states																																	"       state_name
id               
3   wait_for_poke"
457078.78369999997	0.15159999998286366	states																																	"        state_name
id                
1   nose_in_center"
457078.93529999995	2.0	states																																	"          state_name
id                  
2   punish_violation"
457081.3968	230.5613000000012	trials	1.0	2.0	5.0	0.825414064807739	0.0	0.35	True	6220.0	True	False	25206.0	False	Mixed	True	True	0.025	0.0	100.0	1.5	9.0													
457081.3968	230.5613000000012	processed_trials			5.0	0.825414064807739					True				Mixed					100.0		9.0	40.0	40.0	False	True	False			16.328661017111735	228.31920000000002	8.955482781381592	Right	228.31920000000002	
457081.3968	228.3192000000272	states																																	"       state_name
id               
3   wait_for_poke"
457309.716	0.2420999999740161	states																																	"        state_name
id                
1   nose_in_center"
457309.9581	2.0	states																																	"          state_name
id                  
2   punish_violation"
457312.4113	208.641100000008	trials	1.0	2.0	5.0	1.1112264808920598	0.0	0.35	True	6220.0	False	False	25207.0	False	Mixed	True	True	0.025	0.0	2.6542902499318535	1.5	9.0													
457312.4113	208.641100000008	processed_trials			5.0	1.1112264808920598					False				Mixed					2.6542902499318535		9.0	40.0	40.0	False	True	False			16.328661017111735	206.1436	8.061913294501418	Right	206.1436	
457312.4113	206.14360000001034	states																																	"       state_name
id               
3   wait_for_poke"
457518.5549	0.4974999999976717	states																																	"        state_name
id                
1   nose_in_center"
457519.0524	2.0	states																																	"          state_name
id                  
2   punish_violation"
457521.4994	112.05980000004638	trials	1.0	2.0	5.0	1.1112265	0.0	0.35	True	6220.0	False	False	25208.0	False	Mixed	True	True	0.025	0.0	4.972709304988888	1.5	9.0													
457521.4994	112.05980000004638	processed_trials			5.0	1.1112265					False				Mixed					4.972709304988888		9.0	40.0	40.0	False	True	False			16.328661017111735	109.9538	4.185929319812726	Right	109.9538	
457521.4994	109.95380000001751	states																																	"       state_name
id               
3   wait_for_poke"
457631.4532	0.10599999997066334	states																																	"        state_name
id                
1   nose_in_center"
457631.55919999996	2.0	states																																	"          state_name
id                  
2   punish_violation"
457633.9973	8.581100000010338	trials	1.0	2.0	5.0	1.0619120428586262	0.0	0.35	True	6220.0	True	False	25209.0	False	Mixed	True	True	0.025	0.0	100.0	1.5	9.0													
457633.9973	8.581100000010338	processed_trials			5.0	1.0619120428586262					True				Mixed					100.0		9.0	40.0	40.0	False	False	True	6.879700000000001	6.879700000000001	16.328661017111735	0.43739999999999996	-0.22705221633348266	Right	0.43739999999999996	
457633.9973	0.43739999999525025	states																																	"       state_name
id               
3   wait_for_poke"
457634.4347	1.0619000000297092	states																																	"        state_name
id                
1   nose_in_center"
457635.4966	0.001999999978579581	states																																	"   state_name
id           
5      go_cue"
457635.4986	6.879699999990407	states																																	"            state_name
id                    
6   wait_for_side_poke"
457642.3783	0.20000000001164153	states																																	"   state_name
id           
0     opt_out"
457642.5783	0.00010000000474974513	states																																	"    state_name
id            
7   stop_sound"
457643.0324	2.34419999999227	trials	1.0	2.0	20.0	1.061912	0.0	0.35	True	6220.0	False	False	25210.0	False	Mixed	True	False	0.025	0.0	1.3241610205139813	1.5	9.0													
457643.0324	2.34419999999227	processed_trials			20.0	1.061912					False				Mixed					1.3241610205139813		9.0	40.0	40.0	False	True	False			16.328661017111735	0.16069999999999998	-0.23820188881223156	Right	0.16069999999999998	
457643.0324	0.16070000000763685	states																																	"       state_name
id               
3   wait_for_poke"
457643.19310000003	0.18349999998463318	states																																	"        state_name
id                
1   nose_in_center"
457643.3766	2.0	states																																	"          state_name
id                  
2   punish_violation"
457645.8338	7.47029999998631	trials	1.0	2.0	20.0	0.9628555585987575	0.0	0.35	True	6220.0	True	False	25211.0	False	Mixed	True	True	0.025	0.0	100.0	1.5	9.0													
457645.8338	7.47029999998631	processed_trials			20.0	0.9628555585987575					True				Mixed					100.0		9.0	40.0	40.0	False	False	True	6.198	6.198	16.328661017111735	0.10729999999999999	-0.24035365068561498	Right	0.10729999999999999	
457645.8338	0.10729999997420236	states																																	"       state_name
id               
3   wait_for_poke"
457645.9411	0.962900000042282	states																																	"        state_name
id                
1   nose_in_center"
457646.90400000004	0.001999999978579581	states																																	"   state_name
id           
5      go_cue"
457646.906	6.198000000033062	states																																	"            state_name
id                    
6   wait_for_side_poke"
457653.10400000005	0.19999999995343387	states																																	"   state_name
id           
0     opt_out"
457653.304	0.00010000000474974513	states																																	"    state_name
id            
7   stop_sound"
457653.7676	2.3056999999680556	trials	1.0	2.0	10.0	0.9604322278398552	0.0	0.35	True	6220.0	False	False	25212.0	False	Mixed	True	False	0.025	0.0	3.7679993760748	1.5	9.0													
457653.7676	2.3056999999680556	processed_trials			10.0	0.9604322278398552					False				Mixed					3.7679993760748		9.0	40.0	40.0	False	True	False			16.328661017111735	0.196	-0.2367794694464931	Left	0.196	
457653.7676	0.1959999999962747	states																																	"       state_name
id               
3   wait_for_poke"
457653.9636	0.10970000002998859	states																																	"        state_name
id                
1   nose_in_center"
457654.07330000005	2.0	states																																	"          state_name
id                  
2   punish_violation"
457656.5191	18.942000000039116	trials	1.0	2.0	10.0	0.9162353159878377	0.0	0.35	True	6220.0	False	False	25213.0	False	Mixed	True	True	0.025	0.0	0.6288940335101284	1.5	9.0													
457656.5191	18.942000000039116	processed_trials			10.0	0.9162353159878377					False				Mixed					0.6288940335101284		9.0	40.0	40.0	False	True	False			16.328661017111735	16.5063	0.4204467793071685	Left	16.5063	
457656.5191	16.506300000008196	states																																	"       state_name
id               
3   wait_for_poke"
457673.0254	0.43569999997271225	states																																	"        state_name
id                
1   nose_in_center"
457673.46109999996	2.0	states																																	"          state_name
id                  
2   punish_violation"
