onset	duration	nwb_table	target_duration_for_nose_in_center	violation_time_out	reward_volume_ul	nose_in_center	high_ITI	catch_percentage	punish_sound_enabled	cumulative_reward_volume_ul	is_catch	is_warm_up	trials_in_stage	changed	block_type	auto_change_catch_probability	previous_was_violation	time_increment_for_reward_delay	time_increment_for_nose_in_center	reward_delay	target_reward_delay	training_stage	num_trials_in_adaptation_blocks	num_trials_in_mixed_blocks	is_rewarded	is_violation	is_opt_out	wait_time	wait_time_unthresholded	wait_time_threshold	wait_for_center_poke	z_scored_wait_for_center_poke	rewarded_port	inter_trial_interval	state_type
6946.238	284.1327000000001	trials	1.0	2.0	80.0	1.0528	0.0	0.15	True	0.0	False	False	43714.0	False	High	True	False	0.025	0.0	3.4752	1.5	9.0													
6946.238	284.1327000000001	processed_trials			80.0	1.0528					False				High					3.4752		9.0	40.0	40.0	False	True	False			20.347301156158494			Right	282.0968	
6946.238	282.09680000000026	states																																	"       state_name
id               
3   wait_for_poke"
7228.3348000000005	0.035899999999855936	states																																	"        state_name
id                
1   nose_in_center"
7228.3707	2.0	states																																	"          state_name
id                  
2   punish_violation"
7230.4087	5.651499999999942	trials	1.0	2.0	80.0	1.157385222520766	0.0	0.15	True	0.0	False	False	43716.0	False	High	True	True	0.025	0.0	7.945497099728556	1.5	9.0													
7230.4087	5.651499999999942	processed_trials			80.0	1.157385222520766					False				High					7.945497099728556		9.0	40.0	40.0	False	True	False			20.347301156158494	2.6111999999999997	-0.1078248128781747	Left	2.6111999999999997	
7230.4087	2.611200000000281	states																																	"       state_name
id               
3   wait_for_poke"
7233.0199	1.040299999999661	states																																	"        state_name
id                
1   nose_in_center"
7234.0602	2.0	states																																	"          state_name
id                  
2   punish_violation"
7236.0898	5.7205000000003565	trials	1.0	2.0	80.0	1.1512509605588672	0.0	0.15	True	0.0	False	False	43717.0	False	High	True	True	0.025	0.0	3.10233878483817	1.5	9.0													
7236.0898	5.7205000000003565	processed_trials			80.0	1.1512509605588672					False				High					3.10233878483817		9.0	40.0	40.0	True	False	False	3.1023	3.1023	20.347301156158494	0.6921	-0.19254211841799	Left	0.6921	
7236.0898	0.6921000000002095	states																																	"       state_name
id               
3   wait_for_poke"
7236.7819	1.1512999999995372	states																																	"        state_name
id                
1   nose_in_center"
7237.9331999999995	0.0020000000004074536	states																																	"   state_name
id           
5      go_cue"
7237.9352	3.102299999999559	states																																	"            state_name
id                    
6   wait_for_side_poke"
7241.037499999999	0.15009999999983847	states																																	"         state_name
id                 
4   announce_reward"
7241.187599999999	0.6226000000006024	states																																	"   state_name
id           
8      reward"
7241.8102	0.00010000000020227162	states																																	"    state_name
id            
7   stop_sound"
7241.841	6.45679999999993	trials	1.0	2.0	20.0	1.1267841085640409	0.0	0.15	True	80.0	False	False	43718.0	False	High	True	False	0.025	0.0	4.516297088736441	1.5	9.0													
7241.841	6.45679999999993	processed_trials			20.0	1.1267841085640409					False				High					4.516297088736441		9.0	40.0	40.0	False	True	False			20.347301156158494	4.4145	-0.0282194160359315	Left	1.1781000000000001	
7241.841	4.414499999999862	states																																	"       state_name
id               
3   wait_for_poke"
7246.2555	0.042300000000068394	states																																	"        state_name
id                
1   nose_in_center"
7246.2978	2.0	states																																	"          state_name
id                  
2   punish_violation"
7248.323	3.4971999999997934	trials	1.0	2.0	20.0	1.1841028750640896	0.0	0.15	True	80.0	False	False	43719.0	False	High	True	True	0.025	0.0	1.8516292389038724	1.5	9.0													
7248.323	3.4971999999997934	processed_trials			20.0	1.1841028750640896					False				High					1.8516292389038724		9.0	40.0	40.0	False	True	False			20.347301156158494	1.4272	-0.16009165137493947	Left	1.4272	
7248.323	1.4272000000000844	states																																	"       state_name
id               
3   wait_for_poke"
7249.7502	0.06999999999970896	states																																	"        state_name
id                
1   nose_in_center"
7249.8202	2.0	states																																	"          state_name
id                  
2   punish_violation"
7251.8429	10.093200000000252	trials	1.0	2.0	20.0	0.976915538776932	0.0	0.15	True	80.0	False	False	43720.0	False	High	True	True	0.025	0.0	1.6444375838103644	1.5	9.0													
7251.8429	10.093200000000252	processed_trials			20.0	0.976915538776932					False				High					1.6444375838103644		9.0	40.0	40.0	False	True	False			20.347301156158494	8.005	0.13028065459129315	Left	8.005	
7251.8429	8.00500000000011	states																																	"       state_name
id               
3   wait_for_poke"
7259.8479	0.08820000000014261	states																																	"        state_name
id                
1   nose_in_center"
7259.9361	2.0	states																																	"          state_name
id                  
2   punish_violation"
7261.9676	13.997800000000097	trials	1.0	2.0	20.0	1.1988861660410872	0.0	0.15	True	80.0	False	False	43721.0	False	High	True	True	0.025	0.0	0.8301725099884426	1.5	9.0													
7261.9676	13.997800000000097	processed_trials			20.0	1.1988861660410872					False				High					0.8301725099884426		9.0	40.0	40.0	False	True	False			20.347301156158494	11.8691	0.3008586027630404	Right	11.8691	
7261.9676	11.86909999999989	states																																	"       state_name
id               
3   wait_for_poke"
7273.8367	0.1287000000002081	states																																	"        state_name
id                
1   nose_in_center"
7273.9654	2.0	states																																	"          state_name
id                  
2   punish_violation"
7275.9906	17.68239999999969	trials	1.0	2.0	20.0	0.9508012094761932	0.0	0.15	True	80.0	True	False	43722.0	False	High	True	True	0.025	0.0	100.0	1.5	9.0													
7275.9906	17.68239999999969	processed_trials			20.0	0.9508012094761932					True				High					100.0		9.0	40.0	40.0	False	True	False			20.347301156158494	15.5876	0.46500914241694224	Left	15.5876	
7275.9906	15.587599999999838	states																																	"       state_name
id               
3   wait_for_poke"
7291.5782	0.09479999999985012	states																																	"        state_name
id                
1   nose_in_center"
7291.673	2.0	states																																	"          state_name
id                  
2   punish_violation"
7293.7081	5.746900000000096	trials	1.0	2.0	20.0	1.195134885017167	0.0	0.15	True	80.0	False	False	43723.0	False	High	True	True	0.025	0.0	5.076032368343178	1.5	9.0													
7293.7081	5.746900000000096	processed_trials			20.0	1.195134885017167					False				High					5.076032368343178		9.0	40.0	40.0	False	True	False			20.347301156158494	3.2973000000000003	-0.07753741600939908	Right	3.2973000000000003	
7293.7081	3.2973000000001775	states																																	"       state_name
id               
3   wait_for_poke"
7297.0054	0.4495999999999185	states																																	"        state_name
id                
1   nose_in_center"
7297.455	2.0	states																																	"          state_name
id                  
2   punish_violation"
7299.483	3.36449999999968	trials	1.0	2.0	20.0	1.1194230402479717	0.0	0.15	True	80.0	False	False	43724.0	False	High	True	True	0.025	0.0	6.657532658869475	1.5	9.0													
7299.483	3.36449999999968	processed_trials			20.0	1.1194230402479717					False				High					6.657532658869475		9.0	40.0	40.0	False	True	False			20.347301156158494	1.2893	-0.16617914886539883	Right	1.2893	
7299.483	1.2893000000003667	states																																	"       state_name
id               
3   wait_for_poke"
7300.7723000000005	0.07519999999931315	states																																	"        state_name
id                
1   nose_in_center"
7300.8475	2.0	states																																	"          state_name
id                  
2   punish_violation"
7302.8768	5.222099999999955	trials	1.0	2.0	20.0	0.9640891480187741	0.0	0.15	True	80.0	False	False	43725.0	False	High	True	True	0.025	0.0	2.238814048286723	1.5	9.0													
7302.8768	5.222099999999955	processed_trials			20.0	0.9640891480187741					False				High					2.238814048286723		9.0	40.0	40.0	True	False	False	2.2387999999999995	2.2387999999999995	20.347301156158494	1.612	-0.15193378671767416	Left	1.612	
7302.8768	1.61200000000008	states																																	"       state_name
id               
3   wait_for_poke"
7304.4888	0.9641000000001441	states																																	"        state_name
id                
1   nose_in_center"
7305.4529	0.001999999999497959	states																																	"   state_name
id           
5      go_cue"
7305.4549	2.238800000000083	states																																	"            state_name
id                    
6   wait_for_side_poke"
7307.6937	0.2228000000004613	states																																	"         state_name
id                 
4   announce_reward"
7307.9165	0.18229999999948632	states																																	"   state_name
id           
8      reward"
7308.0988	0.00010000000020227162	states																																	"    state_name
id            
7   stop_sound"
7308.134	5.3814000000002125	trials	1.0	2.0	40.0	1.130776476125336	0.0	0.15	True	100.0	False	False	43726.0	False	Mixed	True	False	0.025	0.0	0.2833022338258034	1.5	9.0													
7308.134	5.3814000000002125	processed_trials			40.0	1.130776476125336					False				Mixed					0.2833022338258034		9.0	40.0	40.0	False	True	False			20.347301156158494	3.2604	-0.0791663402834959	Left	0.9561000000000002	
7308.134	3.260400000000118	states																																	"       state_name
id               
3   wait_for_poke"
7311.3944	0.12100000000009459	states																																	"        state_name
id                
1   nose_in_center"
7311.5154	2.0	states																																	"          state_name
id                  
2   punish_violation"
7313.547	1.832100000000537	trials	1.0	2.0	40.0	0.8840266414521643	0.0	0.15	True	100.0	False	False	43727.0	False	Mixed	True	True	0.025	0.0	0.28330223	1.5	9.0													
7313.547	1.832100000000537	processed_trials			40.0	0.8840266414521643					False				Mixed					0.28330223		9.0	40.0	40.0	True	False	False	0.2832999999999999	0.2832999999999999	20.347301156158494	0.1522	-0.21637562019535767	Left	0.1522	
7313.547	0.1522000000004482	states																																	"       state_name
id               
3   wait_for_poke"
7313.6992	0.8839999999991051	states																																	"        state_name
id                
1   nose_in_center"
7314.583199999999	0.0020000000004074536	states																																	"   state_name
id           
5      go_cue"
7314.5851999999995	0.28330000000005384	states																																	"            state_name
id                    
6   wait_for_side_poke"
7314.8685	0.18320000000039727	states																																	"         state_name
id                 
4   announce_reward"
7315.0517	0.3272999999999229	states																																	"   state_name
id           
8      reward"
7315.379	9.999999929277692e-05	states																																	"    state_name
id            
7   stop_sound"
7315.4144	5.617200000000594	trials	1.0	2.0	80.0	1.077847444748421	0.0	0.15	True	140.0	False	False	43728.0	False	Mixed	True	False	0.025	0.0	0.3228924456812899	1.5	9.0													
7315.4144	5.617200000000594	processed_trials			80.0	1.077847444748421					False				Mixed					0.3228924456812899		9.0	40.0	40.0	False	True	False			20.347301156158494	3.5301	-0.0672606254671298	Left	2.1805000000000003	
7315.4144	3.5300999999999476	states																																	"       state_name
id               
3   wait_for_poke"
7318.9445	0.08709999999973661	states																																	"        state_name
id                
1   nose_in_center"
7319.031599999999	2.0	states																																	"          state_name
id                  
2   punish_violation"
7321.0633	2.774600000000646	trials	1.0	2.0	80.0	1.0778474	0.0	0.15	True	140.0	False	False	43729.0	False	Mixed	True	True	0.025	0.0	0.6440659699419528	1.5	9.0													
7321.0633	2.774600000000646	processed_trials			80.0	1.0778474					False				Mixed					0.6440659699419528		9.0	40.0	40.0	True	False	False	0.6440999999999999	0.6440999999999999	20.347301156158494	0.1019	-0.21859607794568472	Right	0.1019	
7321.0633	0.10189999999965949	states																																	"       state_name
id               
3   wait_for_poke"
7321.1651999999995	1.0778000000000247	states																																	"        state_name
id                
1   nose_in_center"
7322.2429999999995	0.0020000000004074536	states																																	"   state_name
id           
5      go_cue"
7322.245	0.6440999999995256	states																																	"            state_name
id                    
6   wait_for_side_poke"
7322.889099999999	0.028600000000551518	states																																	"         state_name
id                 
4   announce_reward"
7322.9177	0.920100000000275	states																																	"   state_name
id           
8      reward"
7323.8378	9.999999929277692e-05	states																																	"    state_name
id            
7   stop_sound"
7323.8697	4.486499999999978	trials	1.0	2.0	20.0	1.09222773668986	0.0	0.15	True	220.0	False	False	43730.0	False	Mixed	True	False	0.025	0.0	0.23939147136801558	1.5	9.0													
7323.8697	4.486499999999978	processed_trials			20.0	1.09222773668986					False				Mixed					0.23939147136801558		9.0	40.0	40.0	False	True	False			20.347301156158494	2.4029000000000003	-0.11702006833330654	Right	0.7092000000000003	
7323.8697	2.402900000000045	states																																	"       state_name
id               
3   wait_for_poke"
7326.2726	0.08359999999993306	states																																	"        state_name
id                
1   nose_in_center"
7326.3562	2.0	states																																	"          state_name
id                  
2   punish_violation"
7328.399	6.0776999999998225	trials	1.0	2.0	20.0	0.8118303775744667	0.0	0.15	True	220.0	False	False	43731.0	False	Mixed	True	True	0.025	0.0	0.029463158691244787	1.5	9.0													
7328.399	6.0776999999998225	processed_trials			20.0	0.8118303775744667					False				Mixed					0.029463158691244787		9.0	40.0	40.0	True	False	False	0.029499999999999638	0.029499999999999638	20.347301156158494	4.461399999999999	-0.026149048869125575	Right	4.461399999999999	
7328.399	4.46140000000014	states																																	"       state_name
id               
3   wait_for_poke"
7332.8604000000005	0.8117999999994936	states																																	"        state_name
id                
1   nose_in_center"
7333.6722	0.0020000000004074536	states																																	"   state_name
id           
5      go_cue"
7333.6742	0.029499999999643478	states																																	"            state_name
id                    
6   wait_for_side_poke"
7333.7037	0.5333000000000538	states																																	"         state_name
id                 
4   announce_reward"
7334.237	0.23959999999988213	states																																	"   state_name
id           
8      reward"
7334.4766	0.00010000000020227162	states																																	"    state_name
id            
7   stop_sound"
7334.5121	3.860899999999674	trials	1.0	2.0	10.0	0.9688330547822817	0.0	0.15	True	240.0	False	False	43732.0	False	Mixed	True	False	0.025	0.0	0.08427295421356318	1.5	9.0													
7334.5121	3.860899999999674	processed_trials			10.0	0.9688330547822817					False				Mixed					0.08427295421356318		9.0	40.0	40.0	False	True	False			20.347301156158494	1.8022	-0.14353754289834592	Left	0.8364	
7334.5121	1.8022000000000844	states																																	"       state_name
id               
3   wait_for_poke"
7336.3143	0.058699999999589636	states																																	"        state_name
id                
1   nose_in_center"
7336.373	2.0	states																																	"          state_name
id                  
2   punish_violation"
7338.4146	2.1333999999997104	trials	1.0	2.0	10.0	1.0363711032447713	0.0	0.15	True	240.0	False	False	43733.0	False	Mixed	True	True	0.025	0.0	2.792984370135816	1.5	9.0													
7338.4146	2.1333999999997104	processed_trials			10.0	1.0363711032447713					False				Mixed					2.792984370135816		9.0	40.0	40.0	False	True	False			20.347301156158494	0.076	-0.21973941503780148	Left	0.076	
7338.4146	0.07600000000002183	states																																	"       state_name
id               
3   wait_for_poke"
7338.4906	0.05739999999968859	states																																	"        state_name
id                
1   nose_in_center"
7338.548	2.0	states																																	"          state_name
id                  
2   punish_violation"
7340.5846	5.310199999999895	trials	1.0	2.0	10.0	0.9594230247616136	0.0	0.15	True	240.0	False	False	43734.0	False	Mixed	True	True	0.025	0.0	3.3078613574807516	1.5	9.0													
7340.5846	5.310199999999895	processed_trials			10.0	0.9594230247616136					False				Mixed					3.3078613574807516		9.0	40.0	40.0	True	False	False	3.307899999999999	3.307899999999999	20.347301156158494	0.6441	-0.19466104430299397	Left	0.6441	
7340.5846	0.6441000000004351	states																																	"       state_name
id               
3   wait_for_poke"
7341.228700000001	0.9593999999997322	states																																	"        state_name
id                
1   nose_in_center"
7342.1881	0.001999999999497959	states																																	"   state_name
id           
5      go_cue"
7342.1901	3.3079000000007	states																																	"            state_name
id                    
6   wait_for_side_poke"
7345.4980000000005	0.28629999999975553	states																																	"         state_name
id                 
4   announce_reward"
7345.7843	0.11039999999957217	states																																	"   state_name
id           
8      reward"
7345.8947	0.00010000000020227162	states																																	"    state_name
id            
7   stop_sound"
7345.9429	3.8011999999998807	trials	1.0	2.0	80.0	1.058587512967014	0.0	0.15	True	250.0	False	False	43735.0	False	Mixed	True	False	0.025	0.0	8.799613332276376	1.5	9.0													
7345.9429	3.8011999999998807	processed_trials			80.0	1.058587512967014					False				Mixed					8.799613332276376		9.0	40.0	40.0	False	True	False			20.347301156158494	1.7714	-0.14489718700789014	Right	0.7505000000000002	
7345.9429	1.7713999999996304	states																																	"       state_name
id               
3   wait_for_poke"
7347.7143	0.029800000000250293	states																																	"        state_name
id                
1   nose_in_center"
7347.7441	2.0	states																																	"          state_name
id                  
2   punish_violation"
7349.786	3.1655000000000655	trials	1.0	2.0	80.0	1.1222342396745788	0.0	0.15	True	250.0	False	False	43736.0	False	Mixed	True	True	0.025	0.0	6.545164444504723	1.5	9.0													
7349.786	3.1655000000000655	processed_trials			80.0	1.1222342396745788					False				Mixed					6.545164444504723		9.0	40.0	40.0	False	True	False			20.347301156158494	0.1784	-0.21521903981645965	Right	0.1784	
7349.786	0.17839999999978318	states																																	"       state_name
id               
3   wait_for_poke"
7349.9644	0.9871000000002823	states																																	"        state_name
id                
1   nose_in_center"
7350.9515	2.0	states																																	"          state_name
id                  
2   punish_violation"
7352.9906	3.0986999999995533	trials	1.0	2.0	80.0	1.131525148249197	0.0	0.15	True	250.0	False	False	43737.0	False	Mixed	True	True	0.025	0.0	0.8704620677040245	1.5	9.0													
7352.9906	3.0986999999995533	processed_trials			80.0	1.131525148249197					False				Mixed					0.8704620677040245		9.0	40.0	40.0	False	True	False			20.347301156158494	1.0515	-0.1766766608540227	Left	1.0515	
7352.9906	1.051499999999578	states																																	"       state_name
id               
3   wait_for_poke"
7354.0421	0.04719999999997526	states																																	"        state_name
id                
1   nose_in_center"
7354.0893	2.0	states																																	"          state_name
id                  
2   punish_violation"
7356.1337	12.58349999999973	trials	1.0	2.0	80.0	0.9660825865411634	0.0	0.15	True	250.0	True	False	43738.0	False	Mixed	True	True	0.025	0.0	100.0	1.5	9.0													
7356.1337	12.58349999999973	processed_trials			80.0	0.9660825865411634					True				Mixed					100.0		9.0	40.0	40.0	False	False	True	11.3325	11.3325	20.347301156158494	0.0828	-0.21943923387075923	Right	0.0828	
7356.1337	0.08280000000013388	states																																	"       state_name
id               
3   wait_for_poke"
7356.2165	0.966099999999642	states																																	"        state_name
id                
1   nose_in_center"
7357.1826	0.0020000000004074536	states																																	"   state_name
id           
5      go_cue"
7357.1846000000005	11.332499999999527	states																																	"            state_name
id                    
6   wait_for_side_poke"
7368.5171	0.2000000000007276	states																																	"   state_name
id           
0     opt_out"
7368.717100000001	9.999999929277692e-05	states																																	"    state_name
id            
7   stop_sound"
7368.7604	2.2677999999996246	trials	1.0	2.0	40.0	0.9820185169758938	0.0	0.15	True	250.0	False	False	43739.0	False	Mixed	True	False	0.025	0.0	8.740225845315472	1.5	9.0													
7368.7604	2.2677999999996246	processed_trials			40.0	0.9820185169758938					False				Mixed					8.740225845315472		9.0	40.0	40.0	False	True	False			20.347301156158494	0.2632	-0.21147560408628593	Right	0.2632	
7368.7604	0.2632000000003245	states																																	"       state_name
id               
3   wait_for_poke"
7369.0236	0.004599999999300053	states																																	"        state_name
id                
1   nose_in_center"
7369.0282	2.0	states																																	"          state_name
id                  
2   punish_violation"
7371.0703	11.104299999999967	trials	1.0	2.0	40.0	0.868614336373438	0.0	0.15	True	250.0	True	False	43740.0	False	Mixed	True	True	0.025	0.0	100.0	1.5	9.0													
7371.0703	11.104299999999967	processed_trials			40.0	0.868614336373438					True				Mixed					100.0		9.0	40.0	40.0	False	False	True	9.972900000000001	9.972900000000001	20.347301156158494	0.060700000000000004	-0.22041482266364648	Right	0.060700000000000004	
7371.0703	0.06069999999999709	states																																	"       state_name
id               
3   wait_for_poke"
7371.131	0.8685999999997875	states																																	"        state_name
id                
1   nose_in_center"
7371.9996	0.0020000000004074536	states																																	"   state_name
id           
5      go_cue"
7372.0016000000005	9.972899999999754	states																																	"            state_name
id                    
6   wait_for_side_poke"
7381.9745	0.1999999999998181	states																																	"   state_name
id           
0     opt_out"
7382.1745	0.00010000000020227162	states																																	"    state_name
id            
7   stop_sound"
7382.2148	2.162000000000262	trials	1.0	2.0	10.0	1.1795935741608234	0.0	0.15	True	250.0	False	False	43741.0	False	Mixed	True	False	0.025	0.0	1.7628734463169247	1.5	9.0													
7382.2148	2.162000000000262	processed_trials			10.0	1.1795935741608234					False				Mixed					1.7628734463169247		9.0	40.0	40.0	False	True	False			20.347301156158494	0.1474	-0.21658751278385802	Left	0.1474	
7382.2148	0.1473999999998341	states																																	"       state_name
id               
3   wait_for_poke"
7382.3622	0.014600000000427826	states																																	"        state_name
id                
1   nose_in_center"
7382.3768	2.0	states																																	"          state_name
id                  
2   punish_violation"
7384.4193	2.8158000000003085	trials	1.0	2.0	10.0	0.9829361153704109	0.0	0.15	True	250.0	False	False	43742.0	False	Mixed	True	True	0.025	0.0	0.9960776336299986	1.5	9.0													
7384.4193	2.8158000000003085	processed_trials			10.0	0.9829361153704109					False				Mixed					0.9960776336299986		9.0	40.0	40.0	True	False	False	0.9960999999999998	0.9960999999999998	20.347301156158494	0.6505	-0.1943785208516601	Right	0.6505	
7384.4193	0.6504999999997381	states																																	"       state_name
id               
3   wait_for_poke"
7385.069799999999	0.9828999999999724	states																																	"        state_name
id                
1   nose_in_center"
7386.052699999999	0.0020000000004074536	states																																	"   state_name
id           
5      go_cue"
7386.0547	0.9961000000002969	states																																	"            state_name
id                    
6   wait_for_side_poke"
7387.0508	0.05059999999957654	states																																	"         state_name
id                 
4   announce_reward"
7387.1014	0.13360000000011496	states																																	"   state_name
id           
8      reward"
7387.235	0.00010000000020227162	states																																	"    state_name
id            
7   stop_sound"
7387.2817	4.195300000000316	trials	1.0	2.0	80.0	0.8549704229587344	0.0	0.15	True	260.0	False	False	43743.0	False	Mixed	True	False	0.025	0.0	3.343686724672078	1.5	9.0													
7387.2817	4.195300000000316	processed_trials			80.0	0.8549704229587344					False				Mixed					3.343686724672078		9.0	40.0	40.0	False	True	False			20.347301156158494	2.0803000000000003	-0.1312610160521041	Left	0.5476000000000003	
7387.2817	2.0802999999996246	states																																	"       state_name
id               
3   wait_for_poke"
7389.361999999999	0.11500000000069122	states																																	"        state_name
id                
1   nose_in_center"
7389.477	2.0	states																																	"          state_name
id                  
2   punish_violation"
7391.5338	6.038199999999961	trials	1.0	2.0	80.0	1.025798659029444	0.0	0.15	True	260.0	False	False	43744.0	False	Mixed	True	True	0.025	0.0	4.265386838738043	1.5	9.0													
7391.5338	6.038199999999961	processed_trials			80.0	1.025798659029444					False				Mixed					4.265386838738043		9.0	40.0	40.0	True	False	False	4.2654	4.2654	20.347301156158494	0.0852	-0.219333287576509	Left	0.0852	
7391.5338	0.08520000000044092	states																																	"       state_name
id               
3   wait_for_poke"
7391.619000000001	1.0257999999994354	states																																	"        state_name
id                
1   nose_in_center"
7392.6448	0.0020000000004074536	states																																	"   state_name
id           
5      go_cue"
7392.6468	4.2653999999993175	states																																	"            state_name
id                    
6   wait_for_side_poke"
7396.9122	0.037100000000464206	states																																	"         state_name
id                 
4   announce_reward"
7396.9493	0.622599999999693	states																																	"   state_name
id           
8      reward"
7397.5719	0.00010000000020227162	states																																	"    state_name
id            
7   stop_sound"
7397.6206	11.012799999999515	trials	1.0	2.0	40.0	0.8998555561147571	0.0	0.15	True	340.0	False	False	43745.0	False	Mixed	True	False	0.025	0.0	4.2653868	1.5	9.0													
7397.6206	11.012799999999515	processed_trials			40.0	0.8998555561147571					False				Mixed					4.2653868		9.0	40.0	40.0	True	False	False	4.265399999999999	4.265399999999999	20.347301156158494	5.394699999999999	0.015050816307420518	Left	1.9956999999999994	
7397.6206	5.39469999999983	states																																	"       state_name
id               
3   wait_for_poke"
7403.0153	0.8999000000003434	states																																	"        state_name
id                
1   nose_in_center"
7403.9152	0.001999999999497959	states																																	"   state_name
id           
5      go_cue"
7403.9172	4.265400000000227	states																																	"            state_name
id                    
6   wait_for_side_poke"
7408.1826	0.12340000000040163	states																																	"         state_name
id                 
4   announce_reward"
7408.3060000000005	0.3272999999999229	states																																	"   state_name
id           
8      reward"
7408.6333	0.00010000000020227162	states																																	"    state_name
id            
7   stop_sound"
7408.679	5.344900000000052	trials	1.0	2.0	10.0	0.8447760445790995	0.0	0.15	True	380.0	False	False	43746.0	False	Mixed	True	False	0.025	0.0	1.3785393455451447	1.5	9.0													
7408.679	5.344900000000052	processed_trials			10.0	0.8447760445790995					False				Mixed					1.3785393455451447		9.0	40.0	40.0	False	True	False			20.347301156158494	3.2736	-0.0785836356651198	Left	0.6859000000000002	
7408.679	3.2736000000004424	states																																	"       state_name
id               
3   wait_for_poke"
7411.9526000000005	0.07129999999961001	states																																	"        state_name
id                
1   nose_in_center"
7412.0239	2.0	states																																	"          state_name
id                  
2   punish_violation"
7414.0718	2.4407000000001062	trials	1.0	2.0	10.0	0.9533284086658854	0.0	0.15	True	380.0	False	False	43747.0	False	Mixed	True	True	0.025	0.0	2.3029467388972877	1.5	9.0													
7414.0718	2.4407000000001062	processed_trials			10.0	0.9533284086658854					False				Mixed					2.3029467388972877		9.0	40.0	40.0	False	True	False			20.347301156158494	0.102	-0.21859166351675763	Right	0.102	
7414.0718	0.10199999999986176	states																																	"       state_name
id               
3   wait_for_poke"
7414.1738	0.33870000000024447	states																																	"        state_name
id                
1   nose_in_center"
7414.5125	2.0	states																																	"          state_name
id                  
2   punish_violation"
7416.5611	64.96470000000045	trials	1.0	2.0	10.0	0.8765664173169155	0.0	0.15	True	380.0	False	False	43748.0	False	Mixed	True	True	0.025	0.0	1.663189306889815	1.5	9.0													
7416.5611	64.96470000000045	processed_trials			10.0	0.8765664173169155					False				Mixed					1.663189306889815		9.0	40.0	40.0	False	True	False			20.347301156158494	62.6649	2.5432030917106454	Left	62.6649	
7416.5611	62.66489999999976	states																																	"       state_name
id               
3   wait_for_poke"
7479.226	0.29980000000068685	states																																	"        state_name
id                
1   nose_in_center"
7479.5258	1.9999999999990905	states																																	"          state_name
id                  
2   punish_violation"
7481.5726	8.481599999999162	trials	1.0	2.0	10.0	0.9768200118242686	0.0	0.15	True	380.0	False	False	43749.0	False	Mixed	True	True	0.025	0.0	1.2105295521913506	1.5	9.0													
7481.5726	8.481599999999162	processed_trials			10.0	0.9768200118242686					False				Mixed					1.2105295521913506		9.0	40.0	40.0	False	True	False			20.347301156158494	6.1103000000000005	0.0466404697096882	Right	6.1103000000000005	
7481.5726	6.110300000000279	states																																	"       state_name
id               
3   wait_for_poke"
7487.682900000001	0.3712999999997919	states																																	"        state_name
id                
1   nose_in_center"
7488.0542000000005	2.0	states																																	"          state_name
id                  
2   punish_violation"
7490.1183	30.135400000000118	trials	1.0	2.0	10.0	1.0304598303881745	0.0	0.15	True	380.0	False	False	43750.0	False	Mixed	True	True	0.025	0.0	9.41071776894023	1.5	9.0													
7490.1183	30.135400000000118	processed_trials			10.0	1.0304598303881745					False				Mixed					9.41071776894023		9.0	40.0	40.0	False	True	False			20.347301156158494	28.0999	1.0173557330614271	Right	28.0999	
7490.1183	28.09990000000016	states																																	"       state_name
id               
3   wait_for_poke"
7518.2182	0.035499999999956344	states																																	"        state_name
id                
1   nose_in_center"
7518.2537	2.0	states																																	"          state_name
id                  
2   punish_violation"
7520.3069	4.894100000000435	trials	1.0	2.0	10.0	1.0304598	0.0	0.15	True	380.0	False	False	43751.0	False	Mixed	True	True	0.025	0.0	3.219282909037238	1.5	9.0													
7520.3069	4.894100000000435	processed_trials			10.0	1.0304598					False				Mixed					3.219282909037238		9.0	40.0	40.0	True	False	False	3.2192999999999996	3.2192999999999996	20.347301156158494	0.4422	-0.20357377630679196	Left	0.4422	
7520.3069	0.4422000000004118	states																																	"       state_name
id               
3   wait_for_poke"
7520.7491	1.0304999999998472	states																																	"        state_name
id                
1   nose_in_center"
7521.7796	0.001999999999497959	states																																	"   state_name
id           
5      go_cue"
7521.781599999999	3.2193000000006577	states																																	"            state_name
id                    
6   wait_for_side_poke"
7525.0009	0.08959999999933643	states																																	"         state_name
id                 
4   announce_reward"
7525.090499999999	0.11040000000048167	states																																	"   state_name
id           
8      reward"
7525.2009	0.00010000000020227162	states																																	"    state_name
id            
7   stop_sound"
7525.252	4.053299999999581	trials	1.0	2.0	40.0	0.8674246095879167	0.0	0.15	True	390.0	True	False	43752.0	False	Mixed	True	False	0.025	0.0	100.0	1.5	9.0													
7525.252	4.053299999999581	processed_trials			40.0	0.8674246095879167					True				Mixed					100.0		9.0	40.0	40.0	False	True	False			20.347301156158494	1.9403	-0.13744121655003239	Right	0.7609999999999999	
7525.252	1.9403000000002066	states																																	"       state_name
id               
3   wait_for_poke"
7527.192300000001	0.11299999999937427	states																																	"        state_name
id                
1   nose_in_center"
7527.3053	2.0	states																																	"          state_name
id                  
2   punish_violation"
7529.3574	2.756199999999808	trials	1.0	2.0	40.0	1.1410924305020211	0.0	0.15	True	390.0	False	False	43753.0	False	Mixed	True	True	0.025	0.0	1.1258255049458215	1.5	9.0													
7529.3574	2.756199999999808	processed_trials			40.0	1.1410924305020211					False				Mixed					1.1258255049458215		9.0	40.0	40.0	True	False	False	1.1258000000000001	1.1258000000000001	20.347301156158494	0.1402	-0.21690535166660863	Left	0.1402	
7529.3574	0.14019999999982247	states																																	"       state_name
id               
3   wait_for_poke"
7529.4976	1.141099999999824	states																																	"        state_name
id                
1   nose_in_center"
7530.6386999999995	0.0020000000004074536	states																																	"   state_name
id           
5      go_cue"
7530.6407	1.1257999999997992	states																																	"            state_name
id                    
6   wait_for_side_poke"
7531.7665	0.019699999999829743	states																																	"         state_name
id                 
4   announce_reward"
7531.7862	0.3272999999999229	states																																	"   state_name
id           
8      reward"
7532.1134999999995	0.00010000000020227162	states																																	"    state_name
id            
7   stop_sound"
7532.165	6.129100000000108	trials	1.0	2.0	80.0	1.1854756565066475	0.0	0.15	True	430.0	False	False	43754.0	False	Mixed	True	False	0.025	0.0	0.7646000761386764	1.5	9.0													
7532.165	6.129100000000108	processed_trials			80.0	1.1854756565066475					False				Mixed					0.7646000761386764		9.0	40.0	40.0	True	False	False	0.7645999999999997	0.7645999999999997	20.347301156158494	3.4591999999999996	-0.07039045557643778	Left	1.5711999999999997	
7532.165	3.459200000000237	states																																	"       state_name
id               
3   wait_for_poke"
7535.6242	1.1854999999995925	states																																	"        state_name
id                
1   nose_in_center"
7536.8097	0.0020000000004074536	states																																	"   state_name
id           
5      go_cue"
7536.8117	0.7645999999995183	states																																	"            state_name
id                    
6   wait_for_side_poke"
7537.5763	0.09510000000045693	states																																	"         state_name
id                 
4   announce_reward"
7537.6714	0.622599999999693	states																																	"   state_name
id           
8      reward"
7538.294	0.00010000000020227162	states																																	"    state_name
id            
7   stop_sound"
7538.3481	6.902000000000044	trials	1.0	2.0	80.0	1.1260492077468915	0.0	0.15	True	510.0	False	False	43755.0	False	Mixed	True	False	0.025	0.0	0.8789360316521608	1.5	9.0													
7538.3481	6.902000000000044	processed_trials			80.0	1.1260492077468915					False				Mixed					0.8789360316521608		9.0	40.0	40.0	True	False	False	0.8789000000000007	0.8789000000000007	20.347301156158494	4.146199999999999	-0.04006332884731836	Left	2.7313999999999994	
7538.3481	4.146200000000135	states																																	"       state_name
id               
3   wait_for_poke"
7542.4943	1.1260000000002037	states																																	"        state_name
id                
1   nose_in_center"
7543.6203000000005	0.001999999999497959	states																																	"   state_name
id           
5      go_cue"
7543.6223	0.8789000000006126	states																																	"            state_name
id                    
6   wait_for_side_poke"
7544.501200000001	0.12619999999969878	states																																	"         state_name
id                 
4   announce_reward"
7544.6274	0.622599999999693	states																																	"   state_name
id           
8      reward"
7545.25	0.00010000000020227162	states																																	"    state_name
id            
7   stop_sound"
7545.3043	6.304500000000189	trials	1.0	2.0	10.0	0.9900405507500414	0.0	0.15	True	590.0	False	False	43756.0	False	Mixed	True	False	0.025	0.0	1.8625062186009786	1.5	9.0													
7545.3043	6.304500000000189	processed_trials			10.0	0.9900405507500414					False				Mixed					1.8625062186009786		9.0	40.0	40.0	False	True	False			20.347301156158494	4.2127	-0.03712773361080241	Right	1.4365	
7545.3043	4.212700000000041	states																																	"       state_name
id               
3   wait_for_poke"
7549.517	0.09180000000014843	states																																	"        state_name
id                
1   nose_in_center"
7549.6088	2.0	states																																	"          state_name
id                  
2   punish_violation"
7551.6611	3.2163999999993393	trials	1.0	2.0	10.0	0.997149122105377	0.0	0.15	True	590.0	False	False	43757.0	False	Mixed	True	True	0.025	0.0	1.8625062	1.5	9.0													
7551.6611	3.2163999999993393	processed_trials			10.0	0.997149122105377					False				Mixed					1.8625062		9.0	40.0	40.0	True	False	False	1.8624999999999996	1.8624999999999996	20.347301156158494	0.1671	-0.215717870285221	Left	0.1671	
7551.6611	0.16709999999966385	states																																	"       state_name
id               
3   wait_for_poke"
7551.8282	0.9971000000005006	states																																	"        state_name
id                
1   nose_in_center"
7552.8253	0.001999999999497959	states																																	"   state_name
id           
5      go_cue"
7552.8273	1.862500000000182	states																																	"            state_name
id                    
6   wait_for_side_poke"
7554.6898	0.0771999999997206	states																																	"         state_name
id                 
4   announce_reward"
7554.767	0.11040000000048167	states																																	"   state_name
id           
8      reward"
7554.8774	0.00010000000020227162	states																																	"    state_name
id            
7   stop_sound"
7554.9492	3.9507999999996173	trials	1.0	2.0	10.0	1.069880611979333	0.0	0.15	True	600.0	False	False	43758.0	False	Low	True	False	0.025	0.0	0.28317424549349957	1.5	9.0													
7554.9492	3.9507999999996173	processed_trials			10.0	1.069880611979333					False				Low					0.28317424549349957		9.0	40.0	40.0	False	True	False			20.347301156158494	1.8617000000000001	-0.1409109576867264	Left	0.7630000000000001	
7554.9492	1.8617000000003827	states																																	"       state_name
id               
3   wait_for_poke"
7556.8109	0.08909999999923457	states																																	"        state_name
id                
1   nose_in_center"
7556.9	2.0	states																																	"          state_name
id                  
2   punish_violation"
7558.9622	6.098399999999856	trials	1.0	2.0	10.0	1.1649664471539705	0.0	0.15	True	600.0	False	False	43759.0	False	Low	True	True	0.025	0.0	4.103990226278327	1.5	9.0													
7558.9622	6.098399999999856	processed_trials			10.0	1.1649664471539705					False				Low					4.103990226278327		9.0	40.0	40.0	True	False	False	4.103999999999999	4.103999999999999	20.347301156158494	0.4052	-0.20520711500981584	Left	0.4052	
7558.9622	0.4052000000001499	states																																	"       state_name
id               
3   wait_for_poke"
7559.3674	1.1649999999999636	states																																	"        state_name
id                
1   nose_in_center"
7560.5324	0.001999999999497959	states																																	"   state_name
id           
5      go_cue"
7560.5344	4.104000000000269	states																																	"            state_name
id                    
6   wait_for_side_poke"
7564.6384	0.3117000000002008	states																																	"         state_name
id                 
4   announce_reward"
7564.9501	0.11039999999957217	states																																	"   state_name
id           
8      reward"
7565.0605	0.00010000000020227162	states																																	"    state_name
id            
7   stop_sound"
7565.1242	3.9396999999999025	trials	1.0	2.0	5.0	1.1649664	0.0	0.15	True	610.0	False	False	43760.0	False	Low	True	False	0.025	0.0	2.599838897801768	1.5	9.0													
7565.1242	3.9396999999999025	processed_trials			5.0	1.1649664					False				Low					2.599838897801768		9.0	40.0	40.0	False	True	False			20.347301156158494	1.8962	-0.13938797970687977	Right	1.0309000000000001	
7565.1242	1.8962000000001353	states																																	"       state_name
id               
3   wait_for_poke"
7567.0204	0.04349999999976717	states																																	"        state_name
id                
1   nose_in_center"
7567.0639	2.0	states																																	"          state_name
id                  
2   punish_violation"
7569.1213	2.6797999999998865	trials	1.0	2.0	5.0	1.0037046377348797	0.0	0.15	True	610.0	False	False	43761.0	False	Low	True	True	0.025	0.0	1.171331322450705	1.5	9.0													
7569.1213	2.6797999999998865	processed_trials			5.0	1.0037046377348797					False				Low					1.171331322450705		9.0	40.0	40.0	False	True	False			20.347301156158494	0.5678	-0.19802925357436485	Right	0.5678	
7569.1213	0.5677999999998065	states																																	"       state_name
id               
3   wait_for_poke"
7569.6891	0.11200000000008004	states																																	"        state_name
id                
1   nose_in_center"
7569.8011	2.0	states																																	"          state_name
id                  
2   punish_violation"
7571.8562	10.736499999999978	trials	1.0	2.0	5.0	1.0037046	0.0	0.15	True	610.0	True	False	43762.0	False	Low	True	True	0.025	0.0	100.0	1.5	9.0													
7571.8562	10.736499999999978	processed_trials			5.0	1.0037046					True				Low					100.0		9.0	40.0	40.0	False	False	True	6.8757	6.8757	20.347301156158494	2.655	-0.10589129300810858	Left	2.655	
7571.8562	2.6549999999997453	states																																	"       state_name
id               
3   wait_for_poke"
7574.5112	1.003700000000208	states																																	"        state_name
id                
1   nose_in_center"
7575.5149	0.0020000000004074536	states																																	"   state_name
id           
5      go_cue"
7575.5169000000005	6.875699999999597	states																																	"            state_name
id                    
6   wait_for_side_poke"
7582.3926	0.1999999999998181	states																																	"   state_name
id           
0     opt_out"
7582.5926	0.00010000000020227162	states																																	"    state_name
id            
7   stop_sound"
7582.6541	2.5709999999999127	trials	1.0	2.0	10.0	0.904685600441615	0.0	0.15	True	610.0	True	False	43763.0	False	Low	True	False	0.025	0.0	100.0	1.5	9.0													
7582.6541	2.5709999999999127	processed_trials			10.0	0.904685600441615					True				Low					100.0		9.0	40.0	40.0	False	True	False			20.347301156158494	0.5171	-0.20026736904040032	Right	0.5171	
7582.6541	0.5171000000000276	states																																	"       state_name
id               
3   wait_for_poke"
7583.1712	0.05389999999988504	states																																	"        state_name
id                
1   nose_in_center"
7583.2251	2.0	states																																	"          state_name
id                  
2   punish_violation"
7585.2923	2.2659999999996217	trials	1.0	2.0	10.0	0.8936205423208088	0.0	0.15	True	610.0	False	False	43764.0	False	Low	True	True	0.025	0.0	1.0013037273996042	1.5	9.0													
7585.2923	2.2659999999996217	processed_trials			10.0	0.8936205423208088					False				Low					1.0013037273996042		9.0	40.0	40.0	True	False	False	1.0013000000000003	1.0013000000000003	20.347301156158494	0.2089	-0.21387263899369668	Right	0.2089	
7585.2923	0.20889999999963038	states																																	"       state_name
id               
3   wait_for_poke"
7585.5012	0.8936000000003332	states																																	"        state_name
id                
1   nose_in_center"
7586.3948	0.0020000000004074536	states																																	"   state_name
id           
5      go_cue"
7586.3968	1.001299999999901	states																																	"            state_name
id                    
6   wait_for_side_poke"
7587.3981	0.026499999999941792	states																																	"         state_name
id                 
4   announce_reward"
7587.4246	0.13360000000011496	states																																	"   state_name
id           
8      reward"
7587.5582	9.999999929277692e-05	states																																	"    state_name
id            
7   stop_sound"
7587.6201	3.170199999999568	trials	1.0	2.0	10.0	0.8121144235142195	0.0	0.15	True	620.0	False	False	43765.0	False	Low	True	False	0.025	0.0	0.5667224372685296	1.5	9.0													
7587.6201	3.170199999999568	processed_trials			10.0	0.8121144235142195					False				Low					0.5667224372685296		9.0	40.0	40.0	False	True	False			20.347301156158494	1.1202	-0.17364394818111076	Left	0.5924000000000001	
7587.6201	1.1202000000002954	states																																	"       state_name
id               
3   wait_for_poke"
7588.7403	0.049999999999272404	states																																	"        state_name
id                
1   nose_in_center"
7588.7903	2.0	states																																	"          state_name
id                  
2   punish_violation"
7590.8666	2.0909999999994398	trials	1.0	2.0	10.0	1.0253757997848059	0.0	0.15	True	620.0	False	False	43766.0	False	Low	True	True	0.025	0.0	5.696496409981692	1.5	9.0													
7590.8666	2.0909999999994398	processed_trials			10.0	1.0253757997848059					False				Low					5.696496409981692		9.0	40.0	40.0	False	True	False			20.347301156158494	0.060399999999999995	-0.22042806595042777	Right	0.060399999999999995	
7590.8666	0.06040000000029977	states																																	"       state_name
id               
3   wait_for_poke"
7590.927000000001	0.030600000000049477	states																																	"        state_name
id                
1   nose_in_center"
7590.957600000001	2.0	states																																	"          state_name
id                  
2   punish_violation"
7593.0251	10.501400000000103	trials	1.0	2.0	10.0	1.1064679797437478	0.0	0.15	True	620.0	False	False	43767.0	False	Low	True	True	0.025	0.0	0.2421574044164237	1.5	9.0													
7593.0251	10.501400000000103	processed_trials			10.0	1.1064679797437478					False				Low					0.2421574044164237		9.0	40.0	40.0	True	False	False	0.24219999999999864	0.24219999999999864	20.347301156158494	8.7847	0.1646999569358265	Left	8.7847	
7593.0251	8.784700000000157	states																																	"       state_name
id               
3   wait_for_poke"
7601.8098	1.106499999999869	states																																	"        state_name
id                
1   nose_in_center"
7602.9163	0.0020000000004074536	states																																	"   state_name
id           
5      go_cue"
7602.9183	0.24219999999968422	states																																	"            state_name
id                    
6   wait_for_side_poke"
7603.1605	0.255500000000211	states																																	"         state_name
id                 
4   announce_reward"
7603.416	0.11039999999957217	states																																	"   state_name
id           
8      reward"
7603.5264	0.00010000000020227162	states																																	"    state_name
id            
7   stop_sound"
7603.6009	4.028899999999339	trials	1.0	2.0	5.0	1.0534295019537279	0.0	0.15	True	630.0	False	False	43768.0	False	Low	True	False	0.025	0.0	1.162613499950185	1.5	9.0													
7603.6009	4.028899999999339	processed_trials			5.0	1.0534295019537279					False				Low					1.162613499950185		9.0	40.0	40.0	False	True	False			20.347301156158494	2.0093	-0.13439526059033916	Left	0.8135000000000001	
7603.6009	2.009299999999712	states																																	"       state_name
id               
3   wait_for_poke"
7605.6102	0.019600000000536966	states																																	"        state_name
id                
1   nose_in_center"
7605.629800000001	2.0	states																																	"          state_name
id                  
2   punish_violation"
7607.6935	2.848399999999856	trials	1.0	2.0	5.0	1.172688738991136	0.0	0.15	True	630.0	False	False	43769.0	False	Low	True	True	0.025	0.0	0.055138596013558416	1.5	9.0													
7607.6935	2.848399999999856	processed_trials			5.0	1.172688738991136					False				Low					0.055138596013558416		9.0	40.0	40.0	False	True	False			20.347301156158494	0.0339	-0.22159788961610702	Right	0.0339	
7607.6935	0.03390000000035798	states																																	"       state_name
id               
3   wait_for_poke"
7607.727400000001	0.814499999999498	states																																	"        state_name
id                
1   nose_in_center"
7608.5419	2.0	states																																	"          state_name
id                  
2   punish_violation"
7610.6341	19.253099999999904	trials	1.0	2.0	5.0	1.1921448415929907	0.0	0.15	True	630.0	False	False	43770.0	False	Low	True	True	0.025	0.0	0.5505632925805382	1.5	9.0													
7610.6341	19.253099999999904	processed_trials			5.0	1.1921448415929907					False				Low					0.5505632925805382		9.0	40.0	40.0	False	True	False			20.347301156158494	17.0407	0.5291552091565107	Left	17.0407	
7610.6341	17.04069999999956	states																																	"       state_name
id               
3   wait_for_poke"
7627.6748	0.21240000000034343	states																																	"        state_name
id                
1   nose_in_center"
7627.8872	2.0	states																																	"          state_name
id                  
2   punish_violation"
7629.9584	2.8669999999992797	trials	1.0	2.0	5.0	1.1921448	0.0	0.15	True	630.0	False	False	43771.0	False	Low	True	True	0.025	0.0	0.712438632586879	1.5	9.0													
7629.9584	2.8669999999992797	processed_trials			5.0	1.1921448					False				Low					0.712438632586879		9.0	40.0	40.0	False	True	False			20.347301156158494	0.7045	-0.19199472923103061	Left	0.7045	
7629.9584	0.7044999999998254	states																																	"       state_name
id               
3   wait_for_poke"
7630.6629	0.1625000000003638	states																																	"        state_name
id                
1   nose_in_center"
7630.825400000001	2.0	states																																	"          state_name
id                  
2   punish_violation"
7632.8872	77.67349999999988	trials	1.0	2.0	5.0	0.81121224220976	0.0	0.15	True	630.0	False	False	43772.0	False	Low	True	True	0.025	0.0	6.887980698226955	1.5	9.0													
7632.8872	77.67349999999988	processed_trials			5.0	0.81121224220976					False				Low					6.887980698226955		9.0	40.0	40.0	False	True	False			20.347301156158494	75.5202	3.110691173575055	Left	75.5202	
7632.8872	75.52019999999993	states																																	"       state_name
id               
3   wait_for_poke"
7708.4074	0.1532999999999447	states																																	"        state_name
id                
1   nose_in_center"
7708.5607	2.0	states																																	"          state_name
id                  
2   punish_violation"
7710.6264	8.142700000000332	trials	1.0	2.0	5.0	1.1040361174831517	0.0	0.15	True	630.0	False	False	43773.0	False	Low	True	True	0.025	0.0	6.8879807	1.5	9.0													
7710.6264	8.142700000000332	processed_trials			5.0	1.1040361174831517					False				Low					6.8879807		9.0	40.0	40.0	True	False	False	6.888000000000001	6.888000000000001	20.347301156158494	0.0636	-0.2202868042247608	Left	0.0636	
7710.6264	0.063600000000406	states																																	"       state_name
id               
3   wait_for_poke"
7710.6900000000005	1.1039999999993597	states																																	"        state_name
id                
1   nose_in_center"
7711.794	0.0020000000004074536	states																																	"   state_name
id           
5      go_cue"
7711.796	6.88799999999992	states																																	"            state_name
id                    
6   wait_for_side_poke"
7718.684	0.01040000000011787	states																																	"         state_name
id                 
4   announce_reward"
7718.6944	0.07459999999991851	states																																	"   state_name
id           
8      reward"
7718.769	0.00010000000020227162	states																																	"    state_name
id            
7   stop_sound"
7718.8463	4.145800000000236	trials	1.0	2.0	20.0	1.1000389134605628	0.0	0.15	True	635.0	False	False	43774.0	False	Low	True	False	0.025	0.0	2.0837742956172773	1.5	9.0													
7718.8463	4.145800000000236	processed_trials			20.0	1.1000389134605628					False				Low					2.0837742956172773		9.0	40.0	40.0	False	True	False			20.347301156158494	1.9747000000000001	-0.13592265299911285	Left	0.7642000000000002	
7718.8463	1.974699999999757	states																																	"       state_name
id               
3   wait_for_poke"
7720.821	0.17110000000047876	states																																	"        state_name
id                
1   nose_in_center"
7720.9921	2.0	states																																	"          state_name
id                  
2   punish_violation"
7723.0811	2.2102999999997337	trials	1.0	2.0	20.0	1.108045422513852	0.0	0.15	True	635.0	False	False	43775.0	False	Low	True	True	0.025	0.0	2.485846202380823	1.5	9.0													
7723.0811	2.2102999999997337	processed_trials			20.0	1.108045422513852					False				Low					2.485846202380823		9.0	40.0	40.0	False	True	False			20.347301156158494	0.0241	-0.22203050365096202	Left	0.0241	
7723.0811	0.024099999999634747	states																																	"       state_name
id               
3   wait_for_poke"
7723.1052	0.18620000000009895	states																																	"        state_name
id                
1   nose_in_center"
7723.2914	2.0	states																																	"          state_name
id                  
2   punish_violation"
7725.3587	7.727600000000166	trials	1.0	2.0	20.0	1.068541562995869	0.0	0.15	True	635.0	False	False	43776.0	False	Low	True	True	0.025	0.0	6.220444100167345	1.5	9.0													
7725.3587	7.727600000000166	processed_trials			20.0	1.068541562995869					False				Low					6.220444100167345		9.0	40.0	40.0	True	False	False	6.2204	6.2204	20.347301156158494	0.0105	-0.22263086598504644	Left	0.0105	
7725.3587	0.010500000000320142	states																																	"       state_name
id               
3   wait_for_poke"
7725.3692	1.0684999999994034	states																																	"        state_name
id                
1   nose_in_center"
7726.4376999999995	0.0020000000004074536	states																																	"   state_name
id           
5      go_cue"
7726.4397	6.220400000000154	states																																	"            state_name
id                    
6   wait_for_side_poke"
7732.6601	0.2437999999992826	states																																	"         state_name
id                 
4   announce_reward"
7732.903899999999	0.1823000000003958	states																																	"   state_name
id           
8      reward"
7733.0862	0.00010000000020227162	states																																	"    state_name
id            
7   stop_sound"
7733.1951	5.53859999999986	trials	1.0	2.0	5.0	1.0685416	0.0	0.15	True	655.0	False	False	43777.0	False	Low	True	False	0.025	0.0	1.7357149225342012	1.5	9.0													
7733.1951	5.53859999999986	processed_trials			5.0	1.0685416					False				Low					1.7357149225342012		9.0	40.0	40.0	False	True	False			20.347301156158494	3.4613	-0.07029775256896884	Left	1.8754	
7733.1951	3.4612999999999374	states																																	"       state_name
id               
3   wait_for_poke"
7736.6564	0.07729999999992287	states																																	"        state_name
id                
1   nose_in_center"
7736.7337	2.0	states																																	"          state_name
id                  
2   punish_violation"
7738.8085	3.0159999999996217	trials	1.0	2.0	5.0	1.014148693441723	0.0	0.15	True	655.0	False	False	43778.0	False	Low	True	True	0.025	0.0	1.7974727201667253	1.5	9.0													
7738.8085	3.0159999999996217	processed_trials			5.0	1.014148693441723					False				Low					1.7974727201667253		9.0	40.0	40.0	True	False	False	1.7974999999999999	1.7974999999999999	20.347301156158494	0.0578	-0.2205428411025321	Left	0.0578	
7738.8085	0.05779999999958818	states																																	"       state_name
id               
3   wait_for_poke"
7738.8663	1.014100000000326	states																																	"        state_name
id                
1   nose_in_center"
7739.8804	0.0020000000004074536	states																																	"   state_name
id           
5      go_cue"
7739.8824	1.7974999999996726	states																																	"            state_name
id                    
6   wait_for_side_poke"
7741.6799	0.06990000000041618	states																																	"         state_name
id                 
4   announce_reward"
7741.7498000000005	0.07459999999991851	states																																	"   state_name
id           
8      reward"
7741.8244	9.999999929277692e-05	states																																	"    state_name
id            
7   stop_sound"
7741.8953	3.6601000000000568	trials	1.0	2.0	20.0	1.0075628561490262	0.0	0.15	True	660.0	True	False	43779.0	False	Low	True	False	0.025	0.0	100.0	1.5	9.0													
7741.8953	3.6601000000000568	processed_trials			20.0	1.0075628561490262					True				Low					100.0		9.0	40.0	40.0	False	True	False			20.347301156158494	1.615	-0.1518013538498614	Left	0.7075	
7741.8953	1.6149999999997817	states																																	"       state_name
id               
3   wait_for_poke"
7743.5103	0.04510000000027503	states																																	"        state_name
id                
1   nose_in_center"
7743.5554	2.0	states																																	"          state_name
id                  
2   punish_violation"
7745.6266	2.318600000000515	trials	1.0	2.0	20.0	1.1180996659072675	0.0	0.15	True	660.0	True	False	43780.0	False	Low	True	True	0.025	0.0	100.0	1.5	9.0													
7745.6266	2.318600000000515	processed_trials			20.0	1.1180996659072675					True				Low					100.0		9.0	40.0	40.0	False	True	False			20.347301156158494	0.1628	-0.21590769072908594	Left	0.1628	
7745.6266	0.16280000000006112	states																																	"       state_name
id               
3   wait_for_poke"
7745.7894	0.15579999999954453	states																																	"        state_name
id                
1   nose_in_center"
7745.945199999999	2.0	states																																	"          state_name
id                  
2   punish_violation"
7748.0167	3.469500000000153	trials	1.0	2.0	20.0	0.9532269826634954	0.0	0.15	True	660.0	False	False	43781.0	False	Low	True	True	0.025	0.0	1.0025298642695541	1.5	9.0													
7748.0167	3.469500000000153	processed_trials			20.0	0.9532269826634954					False				Low					1.0025298642695541		9.0	40.0	40.0	False	True	False			20.347301156158494	1.3171	-0.16495193762366736	Left	1.3171	
7748.0167	1.3171000000002095	states																																	"       state_name
id               
3   wait_for_poke"
7749.3338	0.15239999999994325	states																																	"        state_name
id                
1   nose_in_center"
7749.4862	2.0	states																																	"          state_name
id                  
2   punish_violation"
7751.5821	3.167600000000675	trials	1.0	2.0	20.0	1.1306093841106288	0.0	0.15	True	660.0	False	False	43782.0	False	Low	True	True	0.025	0.0	0.27586706942166767	1.5	9.0													
7751.5821	3.167600000000675	processed_trials			20.0	1.1306093841106288					False				Low					0.27586706942166767		9.0	40.0	40.0	False	True	False			20.347301156158494	0.1468	-0.2166139993574206	Left	0.1468	
7751.5821	0.14680000000043947	states																																	"       state_name
id               
3   wait_for_poke"
7751.7289	1.0207999999993262	states																																	"        state_name
id                
1   nose_in_center"
7752.749699999999	2.0	states																																	"          state_name
id                  
2   punish_violation"
7754.8225	188.10469999999987	trials	1.0	2.0	20.0	0.9334850570021874	0.0	0.15	True	660.0	False	False	43783.0	False	Low	True	True	0.025	0.0	4.1673964926306475	1.5	9.0													
7754.8225	188.10469999999987	processed_trials			20.0	0.9334850570021874					False				Low					4.1673964926306475		9.0	40.0	40.0	True	False	False	4.167400000000015	4.167400000000015	20.347301156158494	182.7318	7.843471057172814	Left	182.7318	
7754.8225	182.73179999999957	states																																	"       state_name
id               
3   wait_for_poke"
7937.5543	0.9335000000000946	states																																	"        state_name
id                
1   nose_in_center"
7938.4878	0.0020000000004074536	states																																	"   state_name
id           
5      go_cue"
7938.4898	4.167400000000271	states																																	"            state_name
id                    
6   wait_for_side_poke"
7942.657200000001	0.08759999999983847	states																																	"         state_name
id                 
4   announce_reward"
7942.7448	0.18229999999948632	states																																	"   state_name
id           
8      reward"
7942.9271	0.00010000000020227162	states																																	"    state_name
id            
7   stop_sound"
7943.0049	6.005799999999908	trials	1.0	2.0	10.0	0.8164199257567833	0.0	0.15	True	680.0	False	False	43784.0	False	Low	True	False	0.025	0.0	4.649838766149676	1.5	9.0													
7943.0049	6.005799999999908	processed_trials			10.0	0.8164199257567833					False				Low					4.649838766149676		9.0	40.0	40.0	False	True	False			20.347301156158494	3.928	-0.04969561276623225	Right	1.8699	
7943.0049	3.9279999999998836	states																																	"       state_name
id               
3   wait_for_poke"
7946.9329	0.07780000000002474	states																																	"        state_name
id                
1   nose_in_center"
7947.0107	2.0	states																																	"          state_name
id                  
2   punish_violation"
7949.0892	2.1736999999993714	trials	1.0	2.0	10.0	0.81641993	0.0	0.15	True	680.0	True	False	43785.0	False	Low	True	True	0.025	0.0	100.0	1.5	9.0													
7949.0892	2.1736999999993714	processed_trials			10.0	0.81641993					True				Low					100.0		9.0	40.0	40.0	False	True	False			20.347301156158494	0.1341	-0.21717463183116123	Left	0.1341	
7949.0892	0.13410000000021682	states																																	"       state_name
id               
3   wait_for_poke"
7949.223300000001	0.03960000000006403	states																																	"        state_name
id                
1   nose_in_center"
7949.262900000001	2.0	states																																	"          state_name
id                  
2   punish_violation"
7951.3375	5.633499999999913	trials	1.0	2.0	10.0	1.0922282938102383	0.0	0.15	True	680.0	False	False	43786.0	False	Low	True	True	0.025	0.0	2.36207283603766	1.5	9.0													
7951.3375	5.633499999999913	processed_trials			10.0	1.0922282938102383					False				Low					2.36207283603766		9.0	40.0	40.0	True	False	False	2.3621000000000008	2.3621000000000008	20.347301156158494	1.9298	-0.13790473158737698	Left	1.9298	
7951.3375	1.9297999999998865	states																																	"       state_name
id               
3   wait_for_poke"
7953.2672999999995	1.092200000000048	states																																	"        state_name
id                
1   nose_in_center"
7954.3595	0.0020000000004074536	states																																	"   state_name
id           
5      go_cue"
7954.3615	2.362099999999373	states																																	"            state_name
id                    
6   wait_for_side_poke"
7956.723599999999	0.13690000000042346	states																																	"         state_name
id                 
4   announce_reward"
7956.8605	0.11039999999957217	states																																	"   state_name
id           
8      reward"
7956.970899999999	0.00010000000020227162	states																																	"    state_name
id            
7   stop_sound"
7957.0466	4.772300000000541	trials	1.0	2.0	5.0	1.0166645758887243	0.0	0.15	True	690.0	True	False	43787.0	False	Low	True	False	0.025	0.0	2.3620728	1.5	9.0													
7957.0466	4.772300000000541	processed_trials			5.0	1.0166645758887243					False				Low					2.3620728		9.0	40.0	40.0	False	True	False			20.347301156158494	2.6391	-0.10659318720751614	Right	1.0838	
7957.0466	2.639100000000326	states																																	"       state_name
id               
3   wait_for_poke"
7959.6857	0.13319999999930587	states																																	"        state_name
id                
1   nose_in_center"
7959.818899999999	2.0	states																																	"          state_name
id                  
2   punish_violation"
7961.8937	2.797500000000582	trials	1.0	2.0	5.0	1.1531608009894998	0.0	0.15	True	690.0	False	False	43788.0	False	Low	True	True	0.025	0.0	1.3393245858220315	1.5	9.0													
7961.8937	2.797500000000582	processed_trials			5.0	1.1531608009894998					False				Low					1.3393245858220315		9.0	40.0	40.0	True	False	False	1.3393	1.3393	20.347301156158494	0.15280000000000002	-0.2163491336217951	Right	0.15280000000000002	
7961.8937	0.15279999999984284	states																																	"       state_name
id               
3   wait_for_poke"
7962.0464999999995	1.1531999999997424	states																																	"        state_name
id                
1   nose_in_center"
7963.199699999999	0.0020000000004074536	states																																	"   state_name
id           
5      go_cue"
7963.2017	1.3392999999996391	states																																	"            state_name
id                    
6   wait_for_side_poke"
7964.540999999999	0.06870000000071741	states																																	"         state_name
id                 
4   announce_reward"
7964.6097	0.08140000000003056	states																																	"   state_name
id           
8      reward"
7964.6911	9.999999929277692e-05	states																																	"    state_name
id            
7   stop_sound"
7964.7716	3.4377000000004045	trials	1.0	2.0	10.0	1.1865517365588167	0.0	0.15	True	695.0	False	False	43789.0	False	Low	True	False	0.025	0.0	7.615214104998168	1.5	9.0													
7964.7716	3.4377000000004045	processed_trials			10.0	1.1865517365588167					False				Low					7.615214104998168		9.0	40.0	40.0	False	True	False			20.347301156158494	1.3961	-0.161464538771265	Right	0.46019999999999994	
7964.7716	1.396099999999933	states																																	"       state_name
id               
3   wait_for_poke"
7966.1677	0.04160000000047148	states																																	"        state_name
id                
1   nose_in_center"
7966.2093	2.0	states																																	"          state_name
id                  
2   punish_violation"
7968.289	2.354400000000169	trials	1.0	2.0	10.0	1.0185112249631112	0.0	0.15	True	695.0	True	False	43790.0	False	Low	True	True	0.025	0.0	100.0	1.5	9.0													
7968.289	2.354400000000169	processed_trials			10.0	1.0185112249631112					True				Low					100.0		9.0	40.0	40.0	False	True	False			20.347301156158494	0.2214	-0.21332083537781024	Right	0.2214	
7968.289	0.22140000000035798	states																																	"       state_name
id               
3   wait_for_poke"
7968.5104	0.13299999999981083	states																																	"        state_name
id                
1   nose_in_center"
7968.6434	2.0	states																																	"          state_name
id                  
2   punish_violation"
7970.7195	3.8612999999995736	trials	1.0	2.0	10.0	0.9966700774004207	0.0	0.15	True	695.0	False	False	43791.0	False	Low	True	True	0.025	0.0	0.7301233288399633	1.5	9.0													
7970.7195	3.8612999999995736	processed_trials			10.0	0.9966700774004207					False				Low					0.7301233288399633		9.0	40.0	40.0	False	True	False			20.347301156158494	1.4504000000000001	-0.1590675038638542	Right	1.4504000000000001	
7970.7195	1.4503999999997177	states																																	"       state_name
id               
3   wait_for_poke"
7972.1699	0.41089999999985594	states																																	"        state_name
id                
1   nose_in_center"
7972.5808	2.0	states																																	"          state_name
id                  
2   punish_violation"
7974.662	2.0372999999999593	trials	1.0	2.0	10.0	0.8710299054245748	0.0	0.15	True	695.0	False	False	43792.0	False	Low	True	True	0.025	0.0	0.6317981698236136	1.5	9.0													
7974.662	2.0372999999999593	processed_trials			10.0	0.8710299054245748					False				Low					0.6317981698236136		9.0	40.0	40.0	True	False	False	0.6317999999999999	0.6317999999999999	20.347301156158494	0.1413	-0.21685679294841062	Right	0.1413	
7974.662	0.14130000000022847	states																																	"       state_name
id               
3   wait_for_poke"
7974.8033000000005	0.8710000000000946	states																																	"        state_name
id                
1   nose_in_center"
7975.674300000001	0.001999999999497959	states																																	"   state_name
id           
5      go_cue"
7975.6763	0.631800000000112	states																																	"            state_name
id                    
6   wait_for_side_poke"
7976.3081	0.25749999999970896	states																																	"         state_name
id                 
4   announce_reward"
7976.5656	0.13360000000011496	states																																	"   state_name
id           
8      reward"
7976.6992	0.00010000000020227162	states																																	"    state_name
id            
7   stop_sound"
7976.7822	3.439300000000003	trials	1.0	2.0	5.0	1.1826229911390622	0.0	0.15	True	705.0	False	False	43793.0	False	Low	True	False	0.025	0.0	1.3527914304146744	1.5	9.0													
7976.7822	3.439300000000003	processed_trials			5.0	1.1826229911390622					False				Low					1.3527914304146744		9.0	40.0	40.0	False	True	False			20.347301156158494	1.379	-0.16221940611779764	Right	0.40170000000000006	
7976.7822	1.3789999999999054	states																																	"       state_name
id               
3   wait_for_poke"
7978.1612	0.0603000000000975	states																																	"        state_name
id                
1   nose_in_center"
7978.2215	2.0	states																																	"          state_name
id                  
2   punish_violation"
7980.3032	24.487299999999777	trials	1.0	2.0	5.0	1.077957496294376	0.0	0.15	True	705.0	False	False	43794.0	False	Low	True	True	0.025	0.0	0.21648485822297697	1.5	9.0													
7980.3032	24.487299999999777	processed_trials			5.0	1.077957496294376					False				Low					0.21648485822297697		9.0	40.0	40.0	False	True	False			20.347301156158494	22.282400000000003	0.7605463302278722	Left	22.282400000000003	
7980.3032	22.282400000000052	states																																	"       state_name
id               
3   wait_for_poke"
8002.5856	0.20489999999972497	states																																	"        state_name
id                
1   nose_in_center"
8002.7905	2.0	states																																	"          state_name
id                  
2   punish_violation"
8004.8737	4.417400000000271	trials	1.0	2.0	5.0	1.073156357849958	0.0	0.15	True	705.0	False	False	43795.0	False	Low	True	True	0.025	0.0	2.541697339626776	1.5	9.0													
8004.8737	4.417400000000271	processed_trials			5.0	1.073156357849958					False				Low					2.541697339626776		9.0	40.0	40.0	True	False	False	2.5416999999999996	2.5416999999999996	20.347301156158494	0.7216	-0.19123986188449799	Left	0.7216	
8004.8737	0.721599999999853	states																																	"       state_name
id               
3   wait_for_poke"
8005.5953	1.0731999999998152	states																																	"        state_name
id                
1   nose_in_center"
8006.6685	0.0020000000004074536	states																																	"   state_name
id           
5      go_cue"
8006.6705	2.5416999999997643	states																																	"            state_name
id                    
6   wait_for_side_poke"
8009.2122	0.004200000000309956	states																																	"         state_name
id                 
4   announce_reward"
8009.2164	0.07459999999991851	states																																	"   state_name
id           
8      reward"
8009.291	0.00010000000020227162	states																																	"    state_name
id            
7   stop_sound"
8009.3775	3.5651000000007116	trials	1.0	2.0	20.0	1.1216032482381322	0.0	0.15	True	710.0	False	False	43796.0	False	Low	True	False	0.025	0.0	0.12949289985136733	1.5	9.0													
8009.3775	3.5651000000007116	processed_trials			20.0	1.1216032482381322					False				Low					0.12949289985136733		9.0	40.0	40.0	False	True	False			20.347301156158494	1.5332000000000001	-0.15541235671222237	Left	0.5132000000000001	
8009.3775	1.5331999999998516	states																																	"       state_name
id               
3   wait_for_poke"
8010.910699999999	0.031899999999950523	states																																	"        state_name
id                
1   nose_in_center"
8010.942599999999	2.0	states																																	"          state_name
id                  
2   punish_violation"
8013.029	4.915899999999965	trials	1.0	2.0	20.0	0.8673080768157122	0.0	0.15	True	710.0	False	False	43797.0	False	Low	True	True	0.025	0.0	3.639036994386018	1.5	9.0													
8013.029	4.915899999999965	processed_trials			20.0	0.8673080768157122					False				Low					3.639036994386018		9.0	40.0	40.0	True	False	False	3.639	3.639	20.347301156158494	0.0668	-0.2201455424990939	Right	0.0668	
8013.029	0.06679999999960273	states																																	"       state_name
id               
3   wait_for_poke"
8013.0958	0.867300000000796	states																																	"        state_name
id                
1   nose_in_center"
8013.963100000001	0.001999999999497959	states																																	"   state_name
id           
5      go_cue"
8013.9651	3.6390000000001237	states																																	"            state_name
id                    
6   wait_for_side_poke"
8017.6041000000005	0.1010999999998603	states																																	"         state_name
id                 
4   announce_reward"
8017.7052	0.23959999999988213	states																																	"   state_name
id           
8      reward"
8017.9448	0.00010000000020227162	states																																	"    state_name
id            
7   stop_sound"
8018.0487	3.956699999999728	trials	1.0	2.0	20.0	0.8757217530902535	0.0	0.15	True	730.0	False	False	43798.0	True	Mixed	True	False	0.025	0.0	1.369284214662224	1.5	9.0													
8018.0487	3.956699999999728	processed_trials			20.0	0.8757217530902535					False				Mixed					1.369284214662224		9.0	40.0	40.0	False	True	False			20.347301156158494	1.9210999999999998	-0.13828878690403396	Right	0.8049999999999999	
8018.0487	1.9210999999995693	states																																	"       state_name
id               
3   wait_for_poke"
8019.9698	0.035600000000158616	states																																	"        state_name
id                
1   nose_in_center"
8020.0054	2.0	states																																	"          state_name
id                  
2   punish_violation"
8022.1101	2.780300000000352	trials	1.0	2.0	20.0	1.0931879056315277	0.0	0.15	True	730.0	False	False	43799.0	True	Mixed	True	True	0.025	0.0	1.3692842	1.5	9.0													
8022.1101	2.780300000000352	processed_trials			20.0	1.0931879056315277					False				Mixed					1.3692842		9.0	40.0	40.0	True	False	False	1.3693000000000002	1.3693000000000002	20.347301156158494	0.12390000000000001	-0.21762490358172457	Left	0.12390000000000001	
8022.1101	0.123899999999594	states																																	"       state_name
id               
3   wait_for_poke"
8022.2339999999995	1.0932000000002517	states																																	"        state_name
id                
1   nose_in_center"
8023.3272	0.0020000000004074536	states																																	"   state_name
id           
5      go_cue"
8023.3292	1.3692999999993845	states																																	"            state_name
id                    
6   wait_for_side_poke"
8024.6984999999995	0.009500000000116415	states																																	"         state_name
id                 
4   announce_reward"
8024.708	0.1823000000003958	states																																	"   state_name
id           
8      reward"
8024.8903	0.00010000000020227162	states																																	"    state_name
id            
7   stop_sound"
8024.9876	10.82759999999962	trials	1.0	2.0	80.0	1.1942904373200303	0.0	0.15	True	750.0	False	False	43800.0	False	Mixed	True	False	0.025	0.0	5.496252795436654	1.5	9.0													
8024.9876	10.82759999999962	processed_trials			80.0	1.1942904373200303					False				Mixed					5.496252795436654		9.0	40.0	40.0	True	False	False	5.4963	5.4963	20.347301156158494	3.4362	-0.07140577422966884	Left	1.9192	
8024.9876	3.436200000000099	states																																	"       state_name
id               
3   wait_for_poke"
8028.4238000000005	1.194300000000112	states																																	"        state_name
id                
1   nose_in_center"
8029.618100000001	0.001999999999497959	states																																	"   state_name
id           
5      go_cue"
8029.6201	5.496300000000701	states																																	"            state_name
id                    
6   wait_for_side_poke"
8035.116400000001	0.0760999999993146	states																																	"         state_name
id                 
4   announce_reward"
8035.1925	0.6226000000006024	states																																	"   state_name
id           
8      reward"
8035.815100000001	9.999999929277692e-05	states																																	"    state_name
id            
7   stop_sound"
8035.9078	6.307700000000295	trials	1.0	2.0	20.0	0.9269806103321545	0.0	0.15	True	830.0	False	False	43801.0	False	Mixed	True	False	0.025	0.0	3.558127847050189	1.5	9.0													
8035.9078	6.307700000000295	processed_trials			20.0	0.9269806103321545					False				Mixed					3.558127847050189		9.0	40.0	40.0	False	True	False			20.347301156158494	4.1643	-0.03926431721151476	Right	2.8247999999999998	
8035.9078	4.164300000000367	states																																	"       state_name
id               
3   wait_for_poke"
8040.0721	0.1433999999999287	states																																	"        state_name
id                
1   nose_in_center"
8040.2155	2.0	states																																	"          state_name
id                  
2   punish_violation"
8042.3435	3.6377000000002226	trials	1.0	2.0	20.0	1.1218577002212355	0.0	0.15	True	830.0	False	False	43802.0	False	Mixed	True	True	0.025	0.0	2.092920085875529	1.5	9.0													
8042.3435	3.6377000000002226	processed_trials			20.0	1.1218577002212355					False				Mixed					2.092920085875529		9.0	40.0	40.0	True	False	False	2.0929	2.0929	20.347301156158494	0.05	-0.22088716655884527	Right	0.05	
8042.3435	0.0500000000001819	states																																	"       state_name
id               
3   wait_for_poke"
8042.3935	1.121900000000096	states																																	"        state_name
id                
1   nose_in_center"
8043.5154	0.001999999999497959	states																																	"   state_name
id           
5      go_cue"
8043.5174	2.0929000000005544	states																																	"            state_name
id                    
6   wait_for_side_poke"
8045.6103	0.13119999999980791	states																																	"         state_name
id                 
4   announce_reward"
8045.7415	0.23959999999988213	states																																	"   state_name
id           
8      reward"
8045.9811	0.00010000000020227162	states																																	"    state_name
id            
7   stop_sound"
8046.0697	3.2143999999998414	trials	1.0	2.0	20.0	1.1711895832652393	0.0	0.15	True	850.0	True	False	43803.0	False	Mixed	True	False	0.025	0.0	100.0	1.5	9.0													
8046.0697	3.2143999999998414	processed_trials			20.0	1.1711895832652393					True				Mixed					100.0		9.0	40.0	40.0	False	True	False			20.347301156158494	1.1817	-0.1709290743909494	Right	0.5637	
8046.0697	1.1817000000000917	states																																	"       state_name
id               
3   wait_for_poke"
8047.2514	0.03269999999974971	states																																	"        state_name
id                
1   nose_in_center"
8047.2841	2.0	states																																	"          state_name
id                  
2   punish_violation"
8049.3721	2.4546000000000276	trials	1.0	2.0	20.0	1.0472932369322894	0.0	0.15	True	850.0	False	False	43804.0	False	Mixed	True	True	0.025	0.0	0.48860525911556785	1.5	9.0													
8049.3721	2.4546000000000276	processed_trials			20.0	1.0472932369322894					False				Mixed					0.48860525911556785		9.0	40.0	40.0	False	True	False			20.347301156158494	0.2055	-0.21402272957721782	Right	0.2055	
8049.3721	0.2055000000000291	states																																	"       state_name
id               
3   wait_for_poke"
8049.5776	0.24909999999999854	states																																	"        state_name
id                
1   nose_in_center"
8049.8267	2.0	states																																	"          state_name
id                  
2   punish_violation"
8051.9221	4.3100000000004	trials	1.0	2.0	20.0	1.0506152599423533	0.0	0.15	True	850.0	False	False	43805.0	False	Mixed	True	True	0.025	0.0	2.8462067097424675	1.5	9.0													
8051.9221	4.3100000000004	processed_trials			20.0	1.0506152599423533					False				Mixed					2.8462067097424675		9.0	40.0	40.0	True	False	False	2.8461999999999996	2.8461999999999996	20.347301156158494	0.0574	-0.22056049881824047	Right	0.0574	
8051.9221	0.05739999999968859	states																																	"       state_name
id               
3   wait_for_poke"
8051.9794999999995	1.050600000000486	states																																	"        state_name
id                
1   nose_in_center"
8053.0301	0.001999999999497959	states																																	"   state_name
id           
5      go_cue"
8053.032099999999	2.8461999999999534	states																																	"            state_name
id                    
6   wait_for_side_poke"
8055.878299999999	0.11410000000068976	states																																	"         state_name
id                 
4   announce_reward"
8055.9924	0.23959999999988213	states																																	"   state_name
id           
8      reward"
8056.232	0.00010000000020227162	states																																	"    state_name
id            
7   stop_sound"
8056.3209	3.354500000000371	trials	1.0	2.0	5.0	0.8426699633257836	0.0	0.15	True	870.0	False	False	43806.0	False	Mixed	True	False	0.025	0.0	0.9664820745770318	1.5	9.0													
8056.3209	3.354500000000371	processed_trials			5.0	0.8426699633257836					False				Mixed					0.9664820745770318		9.0	40.0	40.0	False	True	False			20.347301156158494	1.338	-0.1640293219779052	Right	0.5563	
8056.3209	1.337999999999738	states																																	"       state_name
id               
3   wait_for_poke"
8057.658899999999	0.01650000000063301	states																																	"        state_name
id                
1   nose_in_center"
8057.6754	2.0	states																																	"          state_name
id                  
2   punish_violation"
8059.7652	2.6507000000001426	trials	1.0	2.0	5.0	0.9848475864920604	0.0	0.15	True	870.0	True	False	43807.0	False	Mixed	True	True	0.025	0.0	0.96648207	1.5	9.0													
8059.7652	2.6507000000001426	processed_trials			5.0	0.9848475864920604					False				Mixed					0.96648207		9.0	40.0	40.0	False	True	False			20.347301156158494	0.5431	-0.1991196175193565	Right	0.5431	
8059.7652	0.5430999999998676	states																																	"       state_name
id               
3   wait_for_poke"
8060.3083	0.10760000000027503	states																																	"        state_name
id                
1   nose_in_center"
8060.4159	2.0	states																																	"          state_name
id                  
2   punish_violation"
8062.5052	2.246700000000601	trials	1.0	2.0	5.0	1.1227421157586241	0.0	0.15	True	870.0	True	False	43808.0	False	Mixed	True	True	0.025	0.0	100.0	1.5	9.0													
8062.5052	2.246700000000601	processed_trials			5.0	1.1227421157586241					True				Mixed					100.0		9.0	40.0	40.0	False	True	False			20.347301156158494	0.1447	-0.2167067023648895	Left	0.1447	
8062.5052	0.14469999999982974	states																																	"       state_name
id               
3   wait_for_poke"
8062.649899999999	0.10199999999986176	states																																	"        state_name
id                
1   nose_in_center"
8062.751899999999	2.0	states																																	"          state_name
id                  
2   punish_violation"
8064.8449	3.036399999999958	trials	1.0	2.0	5.0	0.8892703571780233	0.0	0.15	True	870.0	False	False	43809.0	False	Mixed	True	True	0.025	0.0	0.15151768384898084	1.5	9.0													
8064.8449	3.036399999999958	processed_trials			5.0	0.8892703571780233					False				Mixed					0.15151768384898084		9.0	40.0	40.0	True	False	False	0.15149999999999997	0.15149999999999997	20.347301156158494	1.3107	-0.16523446107500123	Left	1.3107	
8064.8449	1.310699999999997	states																																	"       state_name
id               
3   wait_for_poke"
8066.1556	0.889299999999821	states																																	"        state_name
id                
1   nose_in_center"
8067.0449	0.0020000000004074536	states																																	"   state_name
id           
5      go_cue"
8067.0469	0.1514999999999418	states																																	"            state_name
id                    
6   wait_for_side_poke"
8067.1984	0.6081999999996697	states																																	"         state_name
id                 
4   announce_reward"
8067.8066	0.07459999999991851	states																																	"   state_name
id           
8      reward"
8067.8812	0.00010000000020227162	states																																	"    state_name
id            
7   stop_sound"
8067.9754	4.205500000000029	trials	1.0	2.0	40.0	1.1730585472334831	0.0	0.15	True	875.0	False	False	43810.0	False	Mixed	True	False	0.025	0.0	0.15151768	1.5	9.0													
8067.9754	4.205500000000029	processed_trials			40.0	1.1730585472334831					False				Mixed					0.15151768		9.0	40.0	40.0	True	False	False	0.15149999999999997	0.15149999999999997	20.347301156158494	1.9790999999999999	-0.13572841812632083	Right	0.9729999999999999	
8067.9754	1.979099999999562	states																																	"       state_name
id               
3   wait_for_poke"
8069.9545	1.1731000000008862	states																																	"        state_name
id                
1   nose_in_center"
8071.127600000001	0.001999999999497959	states																																	"   state_name
id           
5      go_cue"
8071.1296	0.1514999999999418	states																																	"            state_name
id                    
6   wait_for_side_poke"
8071.2811	0.4418000000005122	states																																	"         state_name
id                 
4   announce_reward"
8071.722900000001	0.45789999999942665	states																																	"   state_name
id           
8      reward"
8072.1808	0.00010000000020227162	states																																	"    state_name
id            
7   stop_sound"
8072.2814	4.7830000000003565	trials	1.0	2.0	20.0	0.8968327216398108	0.0	0.15	True	915.0	False	False	43811.0	False	Mixed	True	False	0.025	0.0	7.007685354801815	1.5	9.0													
8072.2814	4.7830000000003565	processed_trials			20.0	0.8968327216398108					False				Mixed					7.007685354801815		9.0	40.0	40.0	False	True	False			20.347301156158494	2.7614	-0.10119434062968308	Left	1.0229000000000001	
8072.2814	2.7614000000003216	states																																	"       state_name
id               
3   wait_for_poke"
8075.0428	0.021600000000034925	states																																	"        state_name
id                
1   nose_in_center"
8075.0644	2.0	states																																	"          state_name
id                  
2   punish_violation"
8077.161	2.2578999999996086	trials	1.0	2.0	20.0	1.0477034108109682	0.0	0.15	True	915.0	False	False	43812.0	False	Mixed	True	True	0.025	0.0	0.7965961032750002	1.5	9.0													
8077.161	2.2578999999996086	processed_trials			20.0	1.0477034108109682					False				Mixed					0.7965961032750002		9.0	40.0	40.0	True	False	False	0.7966	0.7966	20.347301156158494	0.1693	-0.21562075284882498	Right	0.1693	
8077.161	0.16929999999956635	states																																	"       state_name
id               
3   wait_for_poke"
8077.3303	1.0477000000000771	states																																	"        state_name
id                
1   nose_in_center"
8078.378	0.0020000000004074536	states																																	"   state_name
id           
5      go_cue"
8078.38	0.7965999999996711	states																																	"            state_name
id                    
6   wait_for_side_poke"
8079.1766	0.0026000000007115887	states																																	"         state_name
id                 
4   announce_reward"
8079.1792000000005	0.23959999999988213	states																																	"   state_name
id           
8      reward"
8079.4188	9.999999929277692e-05	states																																	"    state_name
id            
7   stop_sound"
8079.524	3.4317999999993845	trials	1.0	2.0	40.0	0.855675477624861	0.0	0.15	True	935.0	False	False	43813.0	False	Mixed	True	False	0.025	0.0	1.2471731133060573	1.5	9.0													
8079.524	3.4317999999993845	processed_trials			40.0	0.855675477624861					False				Mixed					1.2471731133060573		9.0	40.0	40.0	False	True	False			20.347301156158494	1.3998	-0.16130120490096259	Right	0.5945999999999999	
8079.524	1.3998000000001412	states																																	"       state_name
id               
3   wait_for_poke"
8080.9238000000005	0.032000000000152795	states																																	"        state_name
id                
1   nose_in_center"
8080.955800000001	2.0	states																																	"          state_name
id                  
2   punish_violation"
8083.0775	2.1452999999992244	trials	1.0	2.0	40.0	0.802241446039067	0.0	0.15	True	935.0	False	False	43814.0	False	Mixed	True	True	0.025	0.0	0.7431102317579912	1.5	9.0													
8083.0775	2.1452999999992244	processed_trials			40.0	0.802241446039067					False				Mixed					0.7431102317579912		9.0	40.0	40.0	False	True	False			20.347301156158494	0.1119	-0.21815463505297555	Right	0.1119	
8083.0775	0.11189999999987776	states																																	"       state_name
id               
3   wait_for_poke"
8083.1894	0.033400000000256114	states																																	"        state_name
id                
1   nose_in_center"
8083.2228000000005	2.0	states																																	"          state_name
id                  
2   punish_violation"
8085.3203	9.248899999999594	trials	1.0	2.0	40.0	0.884739694331205	0.0	0.15	True	935.0	False	False	43815.0	False	Mixed	True	True	0.025	0.0	4.075082438067078	1.5	9.0													
8085.3203	9.248899999999594	processed_trials			40.0	0.884739694331205					False				Mixed					4.075082438067078		9.0	40.0	40.0	False	False	True	4.0751	4.0751	20.347301156158494	0.5152	-0.20035124319001504	Right	0.5152	
8085.3203	0.5151999999998225	states																																	"       state_name
id               
3   wait_for_poke"
8085.8355	0.884700000000521	states																																	"        state_name
id                
1   nose_in_center"
8086.720200000001	0.001999999999497959	states																																	"   state_name
id           
5      go_cue"
8086.7222	4.07510000000002	states																																	"            state_name
id                    
6   wait_for_side_poke"
8090.7973	3.571799999999712	states																																	"         state_name
id                 
4   announce_reward"
8094.3691	0.2000000000007276	states																																	"   state_name
id           
0     opt_out"
8094.569100000001	9.999999929277692e-05	states																																	"    state_name
id            
7   stop_sound"
8094.6685	2.412000000000262	trials	1.0	2.0	20.0	0.8383168171263007	0.0	0.15	True	935.0	False	False	43816.0	False	Mixed	True	False	0.025	0.0	0.7312479427382153	1.5	9.0													
8094.6685	2.412000000000262	processed_trials			20.0	0.8383168171263007					False				Mixed					0.7312479427382153		9.0	40.0	40.0	False	True	False			20.347301156158494	0.3851	-0.20609441522416125	Left	0.3851	
8094.6685	0.38510000000042055	states																																	"       state_name
id               
3   wait_for_poke"
8095.0536	0.026899999999841384	states																																	"        state_name
id                
1   nose_in_center"
8095.0805	2.0	states																																	"          state_name
id                  
2   punish_violation"
8097.1976	2.0086999999994077	trials	1.0	2.0	20.0	1.190420024499916	0.0	0.15	True	935.0	False	False	43817.0	False	Mixed	True	True	0.025	0.0	0.41398840409789994	1.5	9.0													
8097.1976	2.0086999999994077	processed_trials			20.0	1.190420024499916					False				Mixed					0.41398840409789994		9.0	40.0	40.0	True	False	False	0.4139999999999999	0.4139999999999999	20.347301156158494	0.1025	-0.21856959137212217	Left	0.1025	
8097.1976	0.10249999999996362	states																																	"       state_name
id               
3   wait_for_poke"
8097.3001	1.190400000000409	states																																	"        state_name
id                
1   nose_in_center"
8098.490500000001	0.001999999999497959	states																																	"   state_name
id           
5      go_cue"
8098.4925	0.4139999999997599	states																																	"            state_name
id                    
6   wait_for_side_poke"
8098.9065	0.11740000000008877	states																																	"         state_name
id                 
4   announce_reward"
8099.0239	0.1823000000003958	states																																	"   state_name
id           
8      reward"
8099.2062000000005	0.00010000000020227162	states																																	"    state_name
id            
7   stop_sound"
8099.3179	5.158800000000156	trials	1.0	2.0	20.0	1.1076195903889148	0.0	0.15	True	955.0	True	False	43818.0	False	Mixed	True	False	0.025	0.0	100.0	1.5	9.0													
8099.3179	5.158800000000156	processed_trials			20.0	1.1076195903889148					True				Mixed					100.0		9.0	40.0	40.0	False	True	False			20.347301156158494	3.1227	-0.08524500891610107	Right	1.7504000000000002	
8099.3179	3.1226999999998952	states																																	"       state_name
id               
3   wait_for_poke"
8102.4406	0.03610000000026048	states																																	"        state_name
id                
1   nose_in_center"
8102.4767	2.0	states																																	"          state_name
id                  
2   punish_violation"
8104.5917	2.983400000000074	trials	1.0	2.0	20.0	1.158841641292662	0.0	0.15	True	955.0	False	False	43819.0	False	Mixed	True	True	0.025	0.0	1.4597543084029994	1.5	9.0													
8104.5917	2.983400000000074	processed_trials			20.0	1.158841641292662					False				Mixed					1.4597543084029994		9.0	40.0	40.0	True	False	False	1.4598	1.4598	20.347301156158494	0.061799999999999994	-0.22036626394544848	Right	0.061799999999999994	
8104.5917	0.06180000000040309	states																																	"       state_name
id               
3   wait_for_poke"
8104.6535	1.1587999999992462	states																																	"        state_name
id                
1   nose_in_center"
8105.8123	0.0020000000004074536	states																																	"   state_name
id           
5      go_cue"
8105.8143	1.4597999999996318	states																																	"            state_name
id                    
6   wait_for_side_poke"
8107.2741	0.061300000000301225	states																																	"         state_name
id                 
4   announce_reward"
8107.3354	0.23959999999988213	states																																	"   state_name
id           
8      reward"
8107.575	0.00010000000020227162	states																																	"    state_name
id            
7   stop_sound"
8107.6777	3.3413000000000466	trials	1.0	2.0	80.0	1.190934819722363	0.0	0.15	True	975.0	False	False	43820.0	False	Mixed	True	False	0.025	0.0	1.2151187752449397	1.5	9.0													
8107.6777	3.3413000000000466	processed_trials			80.0	1.190934819722363					False				Mixed					1.2151187752449397		9.0	40.0	40.0	False	True	False			20.347301156158494	1.3319	-0.16429860214245778	Left	0.5975000000000001	
8107.6777	1.3319000000001324	states																																	"       state_name
id               
3   wait_for_poke"
8109.0096	0.009399999999914144	states																																	"        state_name
id                
1   nose_in_center"
8109.019	2.0	states																																	"          state_name
id                  
2   punish_violation"
8111.1191	7.238299999999981	trials	1.0	2.0	80.0	1.0316644012987717	0.0	0.15	True	975.0	False	False	43821.0	False	Mixed	True	True	0.025	0.0	5.089700432891274	1.5	9.0													
8111.1191	7.238299999999981	processed_trials			80.0	1.0316644012987717					False				Mixed					5.089700432891274		9.0	40.0	40.0	True	False	False	5.089700000000001	5.089700000000001	20.347301156158494	0.026199999999999998	-0.22193780064349308	Right	0.026199999999999998	
8111.1191	0.026200000000244472	states																																	"       state_name
id               
3   wait_for_poke"
8111.1453	1.031699999999546	states																																	"        state_name
id                
1   nose_in_center"
8112.177	0.0020000000004074536	states																																	"   state_name
id           
5      go_cue"
8112.179	5.089699999999539	states																																	"            state_name
id                    
6   wait_for_side_poke"
8117.2687	0.16850000000067666	states																																	"         state_name
id                 
4   announce_reward"
8117.4372	0.9200999999993655	states																																	"   state_name
id           
8      reward"
8118.3573	0.00010000000020227162	states																																	"    state_name
id            
7   stop_sound"
8118.4609	4.874399999999696	trials	1.0	2.0	20.0	0.8466397014861508	0.0	0.15	True	1055.0	False	False	43822.0	False	Mixed	True	False	0.025	0.0	0.48927514316884074	1.5	9.0													
8118.4609	4.874399999999696	processed_trials			20.0	0.8466397014861508					False				Mixed					0.48927514316884074		9.0	40.0	40.0	False	True	False			20.347301156158494	2.8038000000000003	-0.09932262276459623	Right	0.5031000000000003	
8118.4609	2.8037999999996828	states																																	"       state_name
id               
3   wait_for_poke"
8121.2647	0.0706000000000131	states																																	"        state_name
id                
1   nose_in_center"
8121.3353	2.0	states																																	"          state_name
id                  
2   punish_violation"
8123.4434	2.195499999999811	trials	1.0	2.0	20.0	0.9467975360385923	0.0	0.15	True	1055.0	False	False	43823.0	False	Mixed	True	True	0.025	0.0	0.48927514	1.5	9.0													
8123.4434	2.195499999999811	processed_trials			20.0	0.9467975360385923					False				Mixed					0.48927514		9.0	40.0	40.0	True	False	False	0.48930000000000007	0.48930000000000007	20.347301156158494	0.0389	-0.22137716816975245	Right	0.0389	
8123.4434	0.03889999999955762	states																																	"       state_name
id               
3   wait_for_poke"
8123.4823	0.9468000000006214	states																																	"        state_name
id                
1   nose_in_center"
8124.4291	0.001999999999497959	states																																	"   state_name
id           
5      go_cue"
8124.4311	0.4893000000001848	states																																	"            state_name
id                    
6   wait_for_side_poke"
8124.9204	0.47879999999986467	states																																	"         state_name
id                 
4   announce_reward"
8125.3992	0.23959999999988213	states																																	"   state_name
id           
8      reward"
8125.6388	0.00010000000020227162	states																																	"    state_name
id            
7   stop_sound"
8125.7499	3.5591000000003987	trials	1.0	2.0	40.0	0.9812068641253207	0.0	0.15	True	1075.0	False	False	43824.0	False	Mixed	True	False	0.025	0.0	8.301704566959739	1.5	9.0													
8125.7499	3.5591000000003987	processed_trials			40.0	0.9812068641253207					False				Mixed					8.301704566959739		9.0	40.0	40.0	False	True	False			20.347301156158494	1.5435999999999999	-0.15495325610380487	Right	0.6447999999999999	
8125.7499	1.5435999999999694	states																																	"       state_name
id               
3   wait_for_poke"
8127.2935	0.015500000000429281	states																																	"        state_name
id                
1   nose_in_center"
8127.309	2.0	states																																	"          state_name
id                  
2   punish_violation"
8129.4141	13.372699999999895	trials	1.0	2.0	40.0	0.98120686	0.0	0.15	True	1075.0	False	False	43825.0	False	Mixed	True	True	0.025	0.0	12.009230218475688	1.5	9.0													
8129.4141	13.372699999999895	processed_trials			40.0	0.98120686					False				Mixed					12.009230218475688		9.0	40.0	40.0	True	False	False	12.009199999999998	12.009199999999998	20.347301156158494	0.0464	-0.22104608600022058	Left	0.0464	
8129.4141	0.04640000000017608	states																																	"       state_name
id               
3   wait_for_poke"
8129.4605	0.9812000000001717	states																																	"        state_name
id                
1   nose_in_center"
8130.4417	0.001999999999497959	states																																	"   state_name
id           
5      go_cue"
8130.4437	12.009200000000419	states																																	"            state_name
id                    
6   wait_for_side_poke"
8142.4529	0.006499999999505235	states																																	"         state_name
id                 
4   announce_reward"
8142.4594	0.3272999999999229	states																																	"   state_name
id           
8      reward"
8142.7867	0.00010000000020227162	states																																	"    state_name
id            
7   stop_sound"
8142.8947	5.571600000000217	trials	1.0	2.0	5.0	1.0866187129040865	0.0	0.15	True	1115.0	False	False	43826.0	False	Mixed	True	False	0.025	0.0	12.00923	1.5	9.0													
8142.8947	5.571600000000217	processed_trials			5.0	1.0866187129040865					False				Mixed					12.00923		9.0	40.0	40.0	False	True	False			20.347301156158494	3.5453	-0.06658963227021188	Right	0.49029999999999996	
8142.8947	3.54529999999977	states																																	"       state_name
id               
3   wait_for_poke"
8146.44	0.026300000000446744	states																																	"        state_name
id                
1   nose_in_center"
8146.4663	2.0	states																																	"          state_name
id                  
2   punish_violation"
8148.5716	2.066899999999805	trials	1.0	2.0	5.0	1.0432542629616923	0.0	0.15	True	1115.0	False	False	43827.0	False	Mixed	True	True	0.025	0.0	0.5008725846007296	1.5	9.0													
8148.5716	2.066899999999805	processed_trials			5.0	1.0432542629616923					False				Mixed					0.5008725846007296		9.0	40.0	40.0	False	True	False			20.347301156158494	0.0508	-0.22085185112742856	Right	0.0508	
8148.5716	0.05079999999998108	states																																	"       state_name
id               
3   wait_for_poke"
8148.6224	0.016099999999823922	states																																	"        state_name
id                
1   nose_in_center"
8148.6385	2.0	states																																	"          state_name
id                  
2   punish_violation"
8150.7528	2.0685999999996056	trials	1.0	2.0	5.0	1.0122560133512337	0.0	0.15	True	1115.0	False	False	43828.0	False	Mixed	True	True	0.025	0.0	0.50087258	1.5	9.0													
8150.7528	2.0685999999996056	processed_trials			5.0	1.0122560133512337					False				Mixed					0.50087258		9.0	40.0	40.0	False	True	False			20.347301156158494	0.032	-0.22168176376572177	Left	0.032	
8150.7528	0.032000000000152795	states																																	"       state_name
id               
3   wait_for_poke"
8150.7848	0.03659999999945285	states																																	"        state_name
id                
1   nose_in_center"
8150.8214	2.0	states																																	"          state_name
id                  
2   punish_violation"
8152.9272	4.14679999999953	trials	1.0	2.0	5.0	0.8035022965419412	0.0	0.15	True	1115.0	False	False	43829.0	False	Mixed	True	True	0.025	0.0	8.953870858862555	1.5	9.0													
8152.9272	4.14679999999953	processed_trials			5.0	0.8035022965419412					False				Mixed					8.953870858862555		9.0	40.0	40.0	False	True	False			20.347301156158494	2.0437	-0.13287669703941965	Left	2.0437	
8152.9272	2.0437000000001717	states																																	"       state_name
id               
3   wait_for_poke"
8154.9709	0.10310000000026776	states																																	"        state_name
id                
1   nose_in_center"
8155.0740000000005	2.0	states																																	"          state_name
id                  
2   punish_violation"
8157.1814	2.6971999999996115	trials	1.0	2.0	5.0	1.1399936949188705	0.0	0.15	True	1115.0	False	False	43830.0	False	Mixed	True	True	0.025	0.0	1.2766945263474532	1.5	9.0													
8157.1814	2.6971999999996115	processed_trials			5.0	1.1399936949188705					False				Mixed					1.2766945263474532		9.0	40.0	40.0	True	False	False	1.2767000000000004	1.2767000000000004	20.347301156158494	0.1616	-0.21596066387621102	Right	0.1616	
8157.1814	0.16160000000036234	states																																	"       state_name
id               
3   wait_for_poke"
8157.343000000001	1.139999999999418	states																																	"        state_name
id                
1   nose_in_center"
8158.483	0.0020000000004074536	states																																	"   state_name
id           
5      go_cue"
8158.485000000001	1.2766999999994368	states																																	"            state_name
id                    
6   wait_for_side_poke"
8159.7617	0.03540000000066357	states																																	"         state_name
id                 
4   announce_reward"
8159.797100000001	0.08140000000003056	states																																	"   state_name
id           
8      reward"
8159.878500000001	9.999999929277692e-05	states																																	"    state_name
id            
7   stop_sound"
8159.9887	14.269000000000233	trials	1.0	2.0	20.0	1.0579549029300301	0.0	0.15	True	1120.0	True	False	43831.0	False	Mixed	True	False	0.025	0.0	100.0	1.5	9.0													
8159.9887	14.269000000000233	processed_trials			20.0	1.0579549029300301					True				Mixed					100.0		9.0	40.0	40.0	False	False	True	12.083599999999999	12.083599999999999	20.347301156158494	0.9252999999999999	-0.1822476701600123	Left	0.35819999999999985	
8159.9887	0.9252999999998792	states																																	"       state_name
id               
3   wait_for_poke"
8160.914	1.0579999999999927	states																																	"        state_name
id                
1   nose_in_center"
8161.972	0.0020000000004074536	states																																	"   state_name
id           
5      go_cue"
8161.974	12.083599999999933	states																																	"            state_name
id                    
6   wait_for_side_poke"
8174.0576	0.1999999999998181	states																																	"   state_name
id           
0     opt_out"
8174.2576	0.00010000000020227162	states																																	"    state_name
id            
7   stop_sound"
8174.3676	2.228900000000067	trials	1.0	2.0	10.0	0.8984123562068861	0.0	0.15	True	1120.0	False	False	43832.0	False	Mixed	True	False	0.025	0.0	1.8056683935524134	1.5	9.0													
8174.3676	2.228900000000067	processed_trials			10.0	0.8984123562068861					False				Mixed					1.8056683935524134		9.0	40.0	40.0	False	True	False			20.347301156158494	0.21630000000000002	-0.21354597125309188	Left	0.21630000000000002	
8174.3676	0.21630000000004657	states																																	"       state_name
id               
3   wait_for_poke"
8174.5839	0.012600000000020373	states																																	"        state_name
id                
1   nose_in_center"
8174.5965	2.0	states																																	"          state_name
id                  
2   punish_violation"
8176.7143	6.039500000000771	trials	1.0	2.0	10.0	0.987460667942272	0.0	0.15	True	1120.0	False	False	43833.0	False	Mixed	True	True	0.025	0.0	4.605904756846012	1.5	9.0													
8176.7143	6.039500000000771	processed_trials			10.0	0.987460667942272					False				Mixed					4.605904756846012		9.0	40.0	40.0	True	False	False	4.6059	4.6059	20.347301156158494	0.2727	-0.21105623333821222	Right	0.2727	
8176.7143	0.2727000000004409	states																																	"       state_name
id               
3   wait_for_poke"
8176.987	0.9874999999992724	states																																	"        state_name
id                
1   nose_in_center"
8177.974499999999	0.0020000000004074536	states																																	"   state_name
id           
5      go_cue"
8177.9765	4.605899999999565	states																																	"            state_name
id                    
6   wait_for_side_poke"
8182.582399999999	0.03770000000076834	states																																	"         state_name
id                 
4   announce_reward"
8182.6201	0.13359999999920547	states																																	"   state_name
id           
8      reward"
8182.753699999999	0.00010000000020227162	states																																	"    state_name
id            
7   stop_sound"
8182.8812	3.8468000000002576	trials	1.0	2.0	40.0	1.0689996506109851	0.0	0.15	True	1130.0	False	False	43834.0	False	Mixed	True	False	0.025	0.0	3.623110602981407	1.5	9.0													
8182.8812	3.8468000000002576	processed_trials			40.0	1.0689996506109851					False				Mixed					3.623110602981407		9.0	40.0	40.0	False	True	False			20.347301156158494	1.8028	-0.14351105632478336	Left	0.7382	
8182.8812	1.8028000000003885	states																																	"       state_name
id               
3   wait_for_poke"
8184.684	0.04399999999986903	states																																	"        state_name
id                
1   nose_in_center"
8184.728	2.0	states																																	"          state_name
id                  
2   punish_violation"
8186.8394	14.129299999999603	trials	1.0	2.0	40.0	0.8091859794296334	0.0	0.15	True	1130.0	True	False	43835.0	False	Mixed	True	True	0.025	0.0	100.0	1.5	9.0													
8186.8394	14.129299999999603	processed_trials			40.0	0.8091859794296334					True				Mixed					100.0		9.0	40.0	40.0	False	False	True	13.085400000000002	13.085400000000002	20.347301156158494	0.032600000000000004	-0.2216552771921592	Left	0.032600000000000004	
8186.8394	0.032599999999547435	states																																	"       state_name
id               
3   wait_for_poke"
8186.871999999999	0.809200000000601	states																																	"        state_name
id                
1   nose_in_center"
8187.6812	0.001999999999497959	states																																	"   state_name
id           
5      go_cue"
8187.6831999999995	13.085399999999936	states																																	"            state_name
id                    
6   wait_for_side_poke"
8200.7686	0.2000000000007276	states																																	"   state_name
id           
0     opt_out"
8200.9686	9.999999929277692e-05	states																																	"    state_name
id            
7   stop_sound"
8201.085	2.1789000000007945	trials	1.0	2.0	80.0	0.8915925219202865	0.0	0.15	True	1130.0	False	False	43836.0	False	Mixed	True	False	0.025	0.0	1.6450634657859984	1.5	9.0													
8201.085	2.1789000000007945	processed_trials			80.0	0.8915925219202865					False				Mixed					1.6450634657859984		9.0	40.0	40.0	False	True	False			20.347301156158494	0.1716	-0.21551922098350187	Right	0.1716	
8201.085	0.17159999999967113	states																																	"       state_name
id               
3   wait_for_poke"
8201.256599999999	0.007300000001123408	states																																	"        state_name
id                
1   nose_in_center"
8201.2639	2.0	states																																	"          state_name
id                  
2   punish_violation"
8203.3799	8.785200000000259	trials	1.0	2.0	80.0	0.9556161927082618	0.0	0.15	True	1130.0	False	False	43837.0	False	Mixed	True	True	0.025	0.0	6.8544268970422175	1.5	9.0													
8203.3799	8.785200000000259	processed_trials			80.0	0.9556161927082618					False				Mixed					6.8544268970422175		9.0	40.0	40.0	True	False	False	6.854400000000001	6.854400000000001	20.347301156158494	0.1983	-0.2143405684599684	Left	0.1983	
8203.3799	0.19830000000001746	states																																	"       state_name
id               
3   wait_for_poke"
8203.5782	0.9555999999993219	states																																	"        state_name
id                
1   nose_in_center"
8204.5338	0.0020000000004074536	states																																	"   state_name
id           
5      go_cue"
8204.5358	6.854400000000169	states																																	"            state_name
id                    
6   wait_for_side_poke"
8211.3902	0.1522000000004482	states																																	"         state_name
id                 
4   announce_reward"
8211.5424	0.6225999999987835	states																																	"   state_name
id           
8      reward"
8212.164999999999	0.00010000000111176632	states																																	"    state_name
id            
7   stop_sound"
8212.2848	7.044100000000981	trials	1.0	2.0	40.0	1.1645138032546447	0.0	0.15	True	1210.0	False	False	43838.0	False	High	True	False	0.025	0.0	0.43333424350056804	1.5	9.0													
8212.2848	7.044100000000981	processed_trials			40.0	1.1645138032546447					False				High					0.43333424350056804		9.0	40.0	40.0	False	True	False			20.347301156158494	4.953600000000001	-0.004421229689980562	Left	1.6646000000000005	
8212.2848	4.953600000000733	states																																	"       state_name
id               
3   wait_for_poke"
8217.2384	0.0904999999984284	states																																	"        state_name
id                
1   nose_in_center"
8217.328899999999	2.0	states																																	"          state_name
id                  
2   punish_violation"
8219.4697	2.112199999999575	trials	1.0	2.0	40.0	0.8938519984760963	0.0	0.15	True	1210.0	False	False	43839.0	False	High	True	True	0.025	0.0	0.7729870439523634	1.5	9.0													
8219.4697	2.112199999999575	processed_trials			40.0	0.8938519984760963					False				High					0.7729870439523634		9.0	40.0	40.0	True	False	False	0.773	0.773	20.347301156158494	0.018600000000000002	-0.22227329724195202	Left	0.018600000000000002	
8219.4697	0.018599999999423744	states																																	"       state_name
id               
3   wait_for_poke"
8219.488299999999	0.89390000000094	states																																	"        state_name
id                
1   nose_in_center"
8220.3822	0.0020000000004074536	states																																	"   state_name
id           
5      go_cue"
8220.3842	0.7729999999992287	states																																	"            state_name
id                    
6   wait_for_side_poke"
8221.1572	0.09729999999944994	states																																	"         state_name
id                 
4   announce_reward"
8221.2545	0.32730000000083237	states																																	"   state_name
id           
8      reward"
8221.5818	9.999999929277692e-05	states																																	"    state_name
id            
7   stop_sound"
8221.7057	5.792400000000271	trials	1.0	2.0	20.0	1.1060318306838917	0.0	0.15	True	1250.0	False	False	43840.0	False	High	True	False	0.025	0.0	3.3050840189819204	1.5	9.0													
8221.7057	5.792400000000271	processed_trials			20.0	1.1060318306838917					False				High					3.3050840189819204		9.0	40.0	40.0	False	True	False			20.347301156158494	3.6746999999999996	-0.06087736123855534	Left	2.5271999999999997	
8221.7057	3.674699999999575	states																																	"       state_name
id               
3   wait_for_poke"
8225.3804	0.11770000000069558	states																																	"        state_name
id                
1   nose_in_center"
8225.4981	2.0	states																																	"          state_name
id                  
2   punish_violation"
8227.6337	8.132299999999304	trials	1.0	2.0	20.0	0.9899531807568173	0.0	0.15	True	1250.0	True	False	43841.0	False	High	True	True	0.025	0.0	100.0	1.5	9.0													
8227.6337	8.132299999999304	processed_trials			20.0	0.9899531807568173					True				High					100.0		9.0	40.0	40.0	False	False	True	6.8053	6.8053	20.347301156158494	0.1349	-0.2171393163997445	Right	0.1349	
8227.6337	0.1348999999991065	states																																	"       state_name
id               
3   wait_for_poke"
8227.7686	0.9900000000016007	states																																	"        state_name
id                
1   nose_in_center"
8228.758600000001	0.0019999999985884642	states																																	"   state_name
id           
5      go_cue"
8228.7606	6.805299999999988	states																																	"            state_name
id                    
6   wait_for_side_poke"
8235.5659	0.2000000000007276	states																																	"   state_name
id           
0     opt_out"
8235.7659	9.999999929277692e-05	states																																	"    state_name
id            
7   stop_sound"
8235.8852	3.2554000000000087	trials	1.0	2.0	80.0	0.995490053359681	0.0	0.15	True	1250.0	False	False	43842.0	False	High	True	False	0.025	0.0	0.8943348034187113	1.5	9.0													
8235.8852	3.2554000000000087	processed_trials			80.0	0.995490053359681					False				High					0.8943348034187113		9.0	40.0	40.0	True	False	False	0.8942999999999997	0.8942999999999997	20.347301156158494	0.3534	-0.20749378919404932	Right	0.3534	
8235.8852	0.3533999999999651	states																																	"       state_name
id               
3   wait_for_poke"
8236.2386	0.9955000000009022	states																																	"        state_name
id                
1   nose_in_center"
8237.234100000001	0.0019999999985884642	states																																	"   state_name
id           
5      go_cue"
8237.2361	0.8942999999999302	states																																	"            state_name
id                    
6   wait_for_side_poke"
8238.1304	0.09000000000014552	states																																	"         state_name
id                 
4   announce_reward"
8238.2204	0.9201000000011845	states																																	"   state_name
id           
8      reward"
8239.140500000001	9.999999929277692e-05	states																																	"    state_name
id            
7   stop_sound"
8239.279	3.848599999999351	trials	1.0	2.0	20.0	1.1157938006164743	0.0	0.15	True	1330.0	False	False	43843.0	False	High	True	False	0.025	0.0	2.499000638750183	1.5	9.0													
8239.279	3.848599999999351	processed_trials			20.0	1.1157938006164743					False				High					2.499000638750183		9.0	40.0	40.0	False	True	False			20.347301156158494	1.7697	-0.14497223229965067	Right	0.7846000000000001	
8239.279	1.7697000000007392	states																																	"       state_name
id               
3   wait_for_poke"
8241.048700000001	0.07889999999861175	states																																	"        state_name
id                
1   nose_in_center"
8241.1276	2.0	states																																	"          state_name
id                  
2   punish_violation"
8243.2472	5.391999999999825	trials	1.0	2.0	20.0	0.9302928958456538	0.0	0.15	True	1330.0	False	False	43844.0	False	High	True	True	0.025	0.0	4.192610251569057	1.5	9.0													
8243.2472	5.391999999999825	processed_trials			20.0	0.9302928958456538					False				High					4.192610251569057		9.0	40.0	40.0	True	False	False	4.1926	4.1926	20.347301156158494	0.0044	-0.22290014614959905	Right	0.0044	
8243.2472	0.004399999999805004	states																																	"       state_name
id               
3   wait_for_poke"
8243.2516	0.9302999999999884	states																																	"        state_name
id                
1   nose_in_center"
8244.1819	0.0020000000004074536	states																																	"   state_name
id           
5      go_cue"
8244.1839	4.192600000000311	states																																	"            state_name
id                    
6   wait_for_side_poke"
8248.3765	0.02299999999922875	states																																	"         state_name
id                 
4   announce_reward"
8248.3995	0.23960000000079162	states																																	"   state_name
id           
8      reward"
8248.6391	9.999999929277692e-05	states																																	"    state_name
id            
7   stop_sound"
8248.7657	8.647100000000137	trials	1.0	2.0	40.0	1.1855058481314154	0.0	0.15	True	1350.0	False	False	43845.0	False	High	True	False	0.025	0.0	5.057287422626424	1.5	9.0													
8248.7657	8.647100000000137	processed_trials			40.0	1.1855058481314154					False				High					5.057287422626424		9.0	40.0	40.0	True	False	False	5.0573	5.0573	20.347301156158494	1.4617	-0.15856867339509287	Left	0.7371	
8248.7657	1.461699999999837	states																																	"       state_name
id               
3   wait_for_poke"
8250.2274	1.1854999999995925	states																																	"        state_name
id                
1   nose_in_center"
8251.4129	0.0020000000004074536	states																																	"   state_name
id           
5      go_cue"
8251.4149	5.057300000000396	states																																	"            state_name
id                    
6   wait_for_side_poke"
8256.4722	0.6131999999997788	states																																	"         state_name
id                 
4   announce_reward"
8257.0854	0.32730000000083237	states																																	"   state_name
id           
8      reward"
8257.4127	9.999999929277692e-05	states																																	"    state_name
id            
7   stop_sound"
8257.5369	6.227500000000873	trials	1.0	2.0	40.0	1.1855058	0.0	0.15	True	1390.0	False	False	43846.0	False	High	True	False	0.025	0.0	0.4038107957352349	1.5	9.0													
8257.5369	6.227500000000873	processed_trials			40.0	1.1855058					False				High					0.4038107957352349		9.0	40.0	40.0	True	False	False	0.4038000000000004	0.4038000000000004	20.347301156158494	3.6763000000000003	-0.06080673037572184	Right	2.1905	
8257.5369	3.6762999999991735	states																																	"       state_name
id               
3   wait_for_poke"
8261.213199999998	1.1855000000014115	states																																	"        state_name
id                
1   nose_in_center"
8262.3987	0.0019999999985884642	states																																	"   state_name
id           
5      go_cue"
8262.400699999998	0.40380000000004657	states																																	"            state_name
id                    
6   wait_for_side_poke"
8262.804499999998	0.5019000000011147	states																																	"         state_name
id                 
4   announce_reward"
8263.3064	0.45789999999942665	states																																	"   state_name
id           
8      reward"
8263.764299999999	0.00010000000111176632	states																																	"    state_name
id            
7   stop_sound"
8263.8996	4.884699999998702	trials	1.0	2.0	80.0	0.9045652584446809	0.0	0.15	True	1430.0	False	False	43847.0	False	High	True	False	0.025	0.0	1.3381137696250545	1.5	9.0													
8263.8996	4.884699999998702	processed_trials			80.0	0.9045652584446809					False				High					1.3381137696250545		9.0	40.0	40.0	True	False	False	1.3381000000000003	1.3381000000000003	20.347301156158494	1.9389	-0.13750301855501165	Left	1.2201	
8263.8996	1.9388999999991938	states																																	"       state_name
id               
3   wait_for_poke"
8265.8385	0.9046000000016647	states																																	"        state_name
id                
1   nose_in_center"
8266.743100000002	0.0019999999985884642	states																																	"   state_name
id           
5      go_cue"
8266.7451	1.3381000000008498	states																																	"            state_name
id                    
6   wait_for_side_poke"
8268.083200000001	0.07840000000032887	states																																	"         state_name
id                 
4   announce_reward"
8268.161600000001	0.6225999999987835	states																																	"   state_name
id           
8      reward"
8268.7842	0.00010000000111176632	states																																	"    state_name
id            
7   stop_sound"
8268.9259	6.356799999999566	trials	1.0	2.0	80.0	1.1753791269500224	0.0	0.15	True	1510.0	False	False	43848.0	False	High	True	False	0.025	0.0	1.7446474643614924	1.5	9.0													
8268.9259	6.356799999999566	processed_trials			80.0	1.1753791269500224					False				High					1.7446474643614924		9.0	40.0	40.0	False	True	False			20.347301156158494	4.3136	-0.032673574823366955	Left	1.1760000000000002	
8268.9259	4.3135999999994965	states																																	"       state_name
id               
3   wait_for_poke"
8273.2395	0.04320000000006985	states																																	"        state_name
id                
1   nose_in_center"
8273.2827	2.0	states																																	"          state_name
id                  
2   punish_violation"
8275.408	12.045200000000477	trials	1.0	2.0	80.0	0.9280526760820618	0.0	0.15	True	1510.0	True	False	43849.0	False	High	True	True	0.025	0.0	100.0	1.5	9.0													
8275.408	12.045200000000477	processed_trials			80.0	0.9280526760820618					True				High					100.0		9.0	40.0	40.0	False	False	True	10.8345	10.8345	20.347301156158494	0.0805	-0.21954076573608233	Right	0.0805	
8275.408	0.0805000000000291	states																																	"       state_name
id               
3   wait_for_poke"
8275.4885	0.9280999999991764	states																																	"        state_name
id                
1   nose_in_center"
8276.416599999999	0.0020000000004074536	states																																	"   state_name
id           
5      go_cue"
8276.418599999999	10.834500000000844	states																																	"            state_name
id                    
6   wait_for_side_poke"
8287.2531	0.1999999999989086	states																																	"   state_name
id           
0     opt_out"
8287.453099999999	0.00010000000111176632	states																																	"    state_name
id            
7   stop_sound"
8287.6023	2.2245999999995547	trials	1.0	2.0	80.0	1.1775603160068062	0.0	0.15	True	1510.0	False	False	43850.0	False	High	True	False	0.025	0.0	0.1112703214546325	1.5	9.0													
8287.6023	2.2245999999995547	processed_trials			80.0	1.1775603160068062					False				High					0.1112703214546325		9.0	40.0	40.0	False	True	False			20.347301156158494	0.21209999999999998	-0.21373137726802974	Left	0.21209999999999998	
8287.6023	0.2121000000006461	states																																	"       state_name
id               
3   wait_for_poke"
8287.814400000001	0.012499999998908606	states																																	"        state_name
id                
1   nose_in_center"
8287.8269	2.0	states																																	"          state_name
id                  
2   punish_violation"
8289.9533	12.51300000000083	trials	1.0	2.0	80.0	0.8126293213717732	0.0	0.15	True	1510.0	True	False	43851.0	False	High	True	True	0.025	0.0	100.0	1.5	9.0													
8289.9533	12.51300000000083	processed_trials			80.0	0.8126293213717732					True				High					100.0		9.0	40.0	40.0	False	False	True	11.2519	11.2519	20.347301156158494	0.2464	-0.2122172281460373	Left	0.2464	
8289.9533	0.24639999999999418	states																																	"       state_name
id               
3   wait_for_poke"
8290.1997	0.8125999999992928	states																																	"        state_name
id                
1   nose_in_center"
8291.012299999999	0.0020000000004074536	states																																	"   state_name
id           
5      go_cue"
8291.014299999999	11.251900000001115	states																																	"            state_name
id                    
6   wait_for_side_poke"
8302.2662	0.1999999999989086	states																																	"   state_name
id           
0     opt_out"
8302.466199999999	0.00010000000111176632	states																																	"    state_name
id            
7   stop_sound"
8302.5915	2.2330999999994674	trials	1.0	2.0	80.0	1.094450731480399	0.0	0.15	True	1510.0	False	False	43852.0	False	High	True	False	0.025	0.0	4.83145647643947	1.5	9.0													
8302.5915	2.2330999999994674	processed_trials			80.0	1.094450731480399					False				High					4.83145647643947		9.0	40.0	40.0	False	True	False			20.347301156158494	0.1973	-0.21438471274923931	Left	0.1973	
8302.5915	0.19729999999981374	states																																	"       state_name
id               
3   wait_for_poke"
8302.7888	0.035799999999653664	states																																	"        state_name
id                
1   nose_in_center"
8302.8246	2.0	states																																	"          state_name
id                  
2   punish_violation"
8304.9555	11.027000000000044	trials	1.0	2.0	80.0	1.0406009127618436	0.0	0.15	True	1510.0	True	False	43853.0	False	High	True	True	0.025	0.0	100.0	1.5	9.0													
8304.9555	11.027000000000044	processed_trials			80.0	1.0406009127618436					True				High					100.0		9.0	40.0	40.0	False	False	True	9.7078	9.7078	20.347301156158494	0.0765	-0.219717342893166	Left	0.0765	
8304.9555	0.0764999999992142	states																																	"       state_name
id               
3   wait_for_poke"
8305.032	1.0406000000002678	states																																	"        state_name
id                
1   nose_in_center"
8306.0726	0.0020000000004074536	states																																	"   state_name
id           
5      go_cue"
8306.0746	9.707800000000134	states																																	"            state_name
id                    
6   wait_for_side_poke"
8315.7824	0.2000000000007276	states																																	"   state_name
id           
0     opt_out"
8315.9824	9.999999929277692e-05	states																																	"    state_name
id            
7   stop_sound"
8316.1212	2.5637000000006083	trials	1.0	2.0	80.0	1.019346308132834	0.0	0.15	True	1510.0	False	False	43854.0	False	High	True	False	0.025	0.0	1.2605747930944902	1.5	9.0													
8316.1212	2.5637000000006083	processed_trials			80.0	1.019346308132834					False				High					1.2605747930944902		9.0	40.0	40.0	False	True	False			20.347301156158494	0.49789999999999995	-0.20111493939440192	Left	0.49789999999999995	
8316.1212	0.49790000000029977	states																																	"       state_name
id               
3   wait_for_poke"
8316.6191	0.0658000000003085	states																																	"        state_name
id                
1   nose_in_center"
8316.6849	2.0	states																																	"          state_name
id                  
2   punish_violation"
8318.8112	2.194900000000416	trials	1.0	2.0	80.0	0.8795714506956123	0.0	0.15	True	1510.0	False	False	43855.0	False	High	True	True	0.025	0.0	3.706488779732608	1.5	9.0													
8318.8112	2.194900000000416	processed_trials			80.0	0.8795714506956123					False				High					3.706488779732608		9.0	40.0	40.0	False	True	False			20.347301156158494	0.1595	-0.21605336688367993	Right	0.1595	
8318.8112	0.15949999999975262	states																																	"       state_name
id               
3   wait_for_poke"
8318.9707	0.03540000000066357	states																																	"        state_name
id                
1   nose_in_center"
8319.0061	2.0	states																																	"          state_name
id                  
2   punish_violation"
8321.1382	6.643600000001243	trials	1.0	2.0	80.0	0.9249467272848422	0.0	0.15	True	1510.0	False	False	43856.0	False	High	True	True	0.025	0.0	4.196991906482714	1.5	9.0													
8321.1382	6.643600000001243	processed_trials			80.0	0.9249467272848422					False				High					4.196991906482714		9.0	40.0	40.0	True	False	False	4.196999999999999	4.196999999999999	20.347301156158494	0.0235	-0.22205699022452455	Right	0.0235	
8321.1382	0.023499999999330612	states																																	"       state_name
id               
3   wait_for_poke"
8321.161699999999	0.9248999999999796	states																																	"        state_name
id                
1   nose_in_center"
8322.086599999999	0.0020000000004074536	states																																	"   state_name
id           
5      go_cue"
8322.0886	4.197000000000116	states																																	"            state_name
id                    
6   wait_for_side_poke"
8326.2856	0.5760000000009313	states																																	"         state_name
id                 
4   announce_reward"
8326.8616	0.9200999999993655	states																																	"   state_name
id           
8      reward"
8327.7817	9.999999929277692e-05	states																																	"    state_name
id            
7   stop_sound"
8327.914	4.747199999999793	trials	1.0	2.0	80.0	0.8399523485241651	0.0	0.15	True	1590.0	False	False	43857.0	False	High	True	False	0.025	0.0	1.3585264301263726	1.5	9.0													
8327.914	4.747199999999793	processed_trials			80.0	0.8399523485241651					False				High					1.3585264301263726		9.0	40.0	40.0	False	True	False			20.347301156158494	2.6525	-0.10600165373128587	Right	1.3717	
8327.914	2.6525000000001455	states																																	"       state_name
id               
3   wait_for_poke"
8330.5665	0.09469999999964784	states																																	"        state_name
id                
1   nose_in_center"
8330.6612	2.0	states																																	"          state_name
id                  
2   punish_violation"
8332.7978	3.494199999999182	trials	1.0	2.0	80.0	1.1182138945312678	0.0	0.15	True	1590.0	False	False	43858.0	False	High	True	True	0.025	0.0	1.3585264	1.5	9.0													
8332.7978	3.494199999999182	processed_trials			80.0	1.1182138945312678					False				High					1.3585264		9.0	40.0	40.0	True	False	False	1.3584999999999998	1.3584999999999998	20.347301156158494	0.019899999999999998	-0.22221590966589985	Right	0.019899999999999998	
8332.7978	0.01989999999932479	states																																	"       state_name
id               
3   wait_for_poke"
8332.8177	1.1182000000007974	states																																	"        state_name
id                
1   nose_in_center"
8333.9359	0.0020000000004074536	states																																	"   state_name
id           
5      go_cue"
8333.9379	1.3585000000002765	states																																	"            state_name
id                    
6   wait_for_side_poke"
8335.296400000001	0.07539999999971769	states																																	"         state_name
id                 
4   announce_reward"
8335.3718	0.9200999999993655	states																																	"   state_name
id           
8      reward"
8336.2919	9.999999929277692e-05	states																																	"    state_name
id            
7   stop_sound"
8336.4276	4.12119999999959	trials	1.0	2.0	40.0	0.9932125948115778	0.0	0.15	True	1670.0	False	False	43859.0	False	High	True	False	0.025	0.0	1.1715339787971857	1.5	9.0													
8336.4276	4.12119999999959	processed_trials			40.0	0.9932125948115778					False				High					1.1715339787971857		9.0	40.0	40.0	False	True	False			20.347301156158494	1.9729	-0.1360021127198005	Right	0.6943000000000001	
8336.4276	1.9729000000006636	states																																	"       state_name
id               
3   wait_for_poke"
8338.400500000002	0.14829999999892607	states																																	"        state_name
id                
1   nose_in_center"
8338.5488	2.0	states																																	"          state_name
id                  
2   punish_violation"
8340.7126	2.182699999999386	trials	1.0	2.0	40.0	1.1637613480675753	0.0	0.15	True	1670.0	False	False	43860.0	False	High	True	True	0.025	0.0	0.11627776029135053	1.5	9.0													
8340.7126	2.182699999999386	processed_trials			40.0	1.1637613480675753					False				High					0.11627776029135053		9.0	40.0	40.0	True	False	False	0.11630000000000007	0.11630000000000007	20.347301156158494	0.0762	-0.21973058617994726	Left	0.0762	
8340.7126	0.07619999999951688	states																																	"       state_name
id               
3   wait_for_poke"
8340.7888	1.1638000000002648	states																																	"        state_name
id                
1   nose_in_center"
8341.9526	0.0020000000004074536	states																																	"   state_name
id           
5      go_cue"
8341.954600000001	0.11629999999968277	states																																	"            state_name
id                    
6   wait_for_side_poke"
8342.0709	0.4969999999993888	states																																	"         state_name
id                 
4   announce_reward"
8342.5679	0.32730000000083237	states																																	"   state_name
id           
8      reward"
8342.8952	9.999999929277692e-05	states																																	"    state_name
id            
7   stop_sound"
8343.0295	5.084600000000137	trials	1.0	2.0	20.0	1.1637613	0.0	0.15	True	1710.0	False	False	43861.0	False	High	True	False	0.025	0.0	1.5429251954830332	1.5	9.0													
8343.0295	5.084600000000137	processed_trials			20.0	1.1637613					False				High					1.5429251954830332		9.0	40.0	40.0	False	True	False			20.347301156158494	3.0431	-0.08875889434206599	Left	1.6733	
8343.0295	3.043100000000777	states																																	"       state_name
id               
3   wait_for_poke"
8346.072600000001	0.041499999999359716	states																																	"        state_name
id                
1   nose_in_center"
8346.1141	2.0	states																																	"          state_name
id                  
2   punish_violation"
8348.2471	5.434599999998682	trials	1.0	2.0	20.0	0.8090946002318933	0.0	0.15	True	1710.0	False	False	43862.0	False	High	True	True	0.025	0.0	4.247966166907843	1.5	9.0													
8348.2471	5.434599999998682	processed_trials			20.0	0.8090946002318933					False				High					4.247966166907843		9.0	40.0	40.0	True	False	False	4.248	4.248	20.347301156158494	0.1119	-0.21815463505297555	Right	0.1119	
8348.2471	0.11189999999987776	states																																	"       state_name
id               
3   wait_for_poke"
8348.359	0.8091000000003987	states																																	"        state_name
id                
1   nose_in_center"
8349.1681	0.0020000000004074536	states																																	"   state_name
id           
5      go_cue"
8349.170100000001	4.2479999999995925	states																																	"            state_name
id                    
6   wait_for_side_poke"
8353.4181	0.0239000000001397	states																																	"         state_name
id                 
4   announce_reward"
8353.442000000001	0.23959999999897263	states																																	"   state_name
id           
8      reward"
8353.6816	0.00010000000111176632	states																																	"    state_name
id            
7   stop_sound"
8353.8388	3.190200000000914	trials	1.0	2.0	80.0	1.1144356067075216	0.0	0.15	True	1730.0	False	False	43863.0	False	High	True	False	0.025	0.0	3.571663306749164	1.5	9.0													
8353.8388	3.190200000000914	processed_trials			80.0	1.1144356067075216					False				High					3.571663306749164		9.0	40.0	40.0	False	True	False			20.347301156158494	1.0662	-0.17602773980174022	Right	0.5345	
8353.8388	1.0661999999992986	states																																	"       state_name
id               
3   wait_for_poke"
8354.904999999999	0.12399999999979627	states																																	"        state_name
id                
1   nose_in_center"
8355.028999999999	2.0	states																																	"          state_name
id                  
2   punish_violation"
8357.1804	10.438600000001315	trials	1.0	2.0	80.0	0.9865944256504753	0.0	0.15	True	1730.0	True	False	43864.0	False	High	True	True	0.025	0.0	100.0	1.5	9.0													
8357.1804	10.438600000001315	processed_trials			80.0	0.9865944256504753					True				High					100.0		9.0	40.0	40.0	False	False	True	9.1884	9.1884	20.347301156158494	0.0615	-0.22037950723222977	Right	0.0615	
8357.1804	0.06149999999979627	states																																	"       state_name
id               
3   wait_for_poke"
8357.241899999999	0.9866000000001804	states																																	"        state_name
id                
1   nose_in_center"
8358.2285	0.0020000000004074536	states																																	"   state_name
id           
5      go_cue"
8358.2305	9.188399999999092	states																																	"            state_name
id                    
6   wait_for_side_poke"
8367.418899999999	0.2000000000007276	states																																	"   state_name
id           
0     opt_out"
8367.6189	9.999999929277692e-05	states																																	"    state_name
id            
7   stop_sound"
8367.762	2.534700000000157	trials	1.0	2.0	20.0	0.895534089801977	0.0	0.15	True	1730.0	False	False	43865.0	False	High	True	False	0.025	0.0	0.4499706768938572	1.5	9.0													
8367.762	2.534700000000157	processed_trials			20.0	0.895534089801977					False				High					0.4499706768938572		9.0	40.0	40.0	False	True	False			20.347301156158494	0.4978	-0.20111935382332902	Left	0.4978	
8367.762	0.497799999999188	states																																	"       state_name
id               
3   wait_for_poke"
8368.2598	0.03690000000096916	states																																	"        state_name
id                
1   nose_in_center"
8368.2967	2.0	states																																	"          state_name
id                  
2   punish_violation"
8370.4342	1.9776999999994587	trials	1.0	2.0	20.0	1.1569176225359756	0.0	0.15	True	1730.0	False	False	43866.0	False	High	True	True	0.025	0.0	0.44997068	1.5	9.0													
8370.4342	1.9776999999994587	processed_trials			20.0	1.1569176225359756					False				High					0.44997068		9.0	40.0	40.0	True	False	False	0.4500000000000002	0.4500000000000002	20.347301156158494	0.0907	-0.219090493985519	Left	0.0907	
8370.4342	0.09070000000065193	states																																	"       state_name
id               
3   wait_for_poke"
8370.5249	1.1568999999999505	states																																	"        state_name
id                
1   nose_in_center"
8371.6818	0.0019999999985884642	states																																	"   state_name
id           
5      go_cue"
8371.683799999999	0.4500000000007276	states																																	"            state_name
id                    
6   wait_for_side_poke"
8372.1338	0.09569999999985157	states																																	"         state_name
id                 
4   announce_reward"
8372.2295	0.1823000000003958	states																																	"   state_name
id           
8      reward"
8372.4118	9.999999929277692e-05	states																																	"    state_name
id            
7   stop_sound"
8372.5512	4.430899999999383	trials	1.0	2.0	40.0	1.1468024938712456	0.0	0.15	True	1750.0	False	False	43867.0	False	High	True	False	0.025	0.0	1.7520478076527766	1.5	9.0													
8372.5512	4.430899999999383	processed_trials			40.0	1.1468024938712456					False				High					1.7520478076527766		9.0	40.0	40.0	False	True	False			20.347301156158494	2.3981999999999997	-0.11722754649287986	Right	1.3848999999999998	
8372.5512	2.3981999999996333	states																																	"       state_name
id               
3   wait_for_poke"
8374.9494	0.03269999999974971	states																																	"        state_name
id                
1   nose_in_center"
8374.9821	2.0	states																																	"          state_name
id                  
2   punish_violation"
8377.1338	2.379399999999805	trials	1.0	2.0	40.0	1.059186312637342	0.0	0.15	True	1750.0	False	False	43868.0	False	High	True	True	0.025	0.0	0.30443032233235157	1.5	9.0													
8377.1338	2.379399999999805	processed_trials			40.0	1.059186312637342					False				High					0.30443032233235157		9.0	40.0	40.0	True	False	False	0.3044000000000002	0.3044000000000002	20.347301156158494	0.1031	-0.2185431047985596	Right	0.1031	
8377.1338	0.10310000000026776	states																																	"       state_name
id               
3   wait_for_poke"
8377.2369	1.0591999999996915	states																																	"        state_name
id                
1   nose_in_center"
8378.2961	0.0020000000004074536	states																																	"   state_name
id           
5      go_cue"
8378.2981	0.3043999999990774	states																																	"            state_name
id                    
6   wait_for_side_poke"
8378.602499999999	0.45269999999982247	states																																	"         state_name
id                 
4   announce_reward"
8379.055199999999	0.45790000000124564	states																																	"   state_name
id           
8      reward"
8379.5131	9.999999929277692e-05	states																																	"    state_name
id            
7   stop_sound"
8379.6559	4.077199999999721	trials	1.0	2.0	20.0	0.8075014312524782	0.0	0.15	True	1790.0	False	False	43869.0	False	High	True	False	0.025	0.0	0.30443032	1.5	9.0													
8379.6559	4.077199999999721	processed_trials			20.0	0.8075014312524782					False				High					0.30443032		9.0	40.0	40.0	False	True	False			20.347301156158494	1.9745	-0.13593148185696705	Right	0.7599	
8379.6559	1.974500000000262	states																																	"       state_name
id               
3   wait_for_poke"
8381.6304	0.10269999999945867	states																																	"        state_name
id                
1   nose_in_center"
8381.7331	2.0	states																																	"          state_name
id                  
2   punish_violation"
8383.8798	4.202499999999418	trials	1.0	2.0	20.0	0.982198276726864	0.0	0.15	True	1790.0	False	False	43870.0	False	High	True	True	0.025	0.0	2.981750421686872	1.5	9.0													
8383.8798	4.202499999999418	processed_trials			20.0	0.982198276726864					False				High					2.981750421686872		9.0	40.0	40.0	True	False	False	2.9818	2.9818	20.347301156158494	0.0493	-0.22091806756133492	Left	0.0493	
8383.8798	0.04930000000058499	states																																	"       state_name
id               
3   wait_for_poke"
8383.929100000001	0.9821999999985565	states																																	"        state_name
id                
1   nose_in_center"
8384.9113	0.0020000000004074536	states																																	"   state_name
id           
5      go_cue"
8384.9133	2.9817999999995664	states																																	"            state_name
id                    
6   wait_for_side_poke"
8387.8951	0.004800000000614091	states																																	"         state_name
id                 
4   announce_reward"
8387.8999	0.1823000000003958	states																																	"   state_name
id           
8      reward"
8388.0822	9.999999929277692e-05	states																																	"    state_name
id            
7   stop_sound"
8388.2243	4.774300000000949	trials	1.0	2.0	20.0	1.009537755195659	0.0	0.15	True	1810.0	False	False	43871.0	False	High	True	False	0.025	0.0	5.260457095726371	1.5	9.0													
8388.2243	4.774300000000949	processed_trials			20.0	1.009537755195659					False				High					5.260457095726371		9.0	40.0	40.0	False	True	False			20.347301156158494	2.5545	-0.11032779407983564	Right	1.6566	
8388.2243	2.554500000000189	states																																	"       state_name
id               
3   wait_for_poke"
8390.7788	0.21979999999894062	states																																	"        state_name
id                
1   nose_in_center"
8390.998599999999	2.0	states																																	"          state_name
id                  
2   punish_violation"
8393.1478	2.260499999998501	trials	1.0	2.0	20.0	1.0095378	0.0	0.15	True	1810.0	False	False	43872.0	False	High	True	True	0.025	0.0	1.0515144944099895	1.5	9.0													
8393.1478	2.260499999998501	processed_trials			20.0	1.0095378					False				High					1.0515144944099895		9.0	40.0	40.0	False	True	False			20.347301156158494	0.12	-0.21779706630988113	Left	0.12	
8393.1478	0.12000000000080036	states																																	"       state_name
id               
3   wait_for_poke"
8393.267800000001	0.1404999999995198	states																																	"        state_name
id                
1   nose_in_center"
8393.408300000001	2.0	states																																	"          state_name
id                  
2   punish_violation"
8395.5489	2.423399999999674	trials	1.0	2.0	20.0	0.9894255600570383	0.0	0.15	True	1810.0	False	False	43873.0	False	High	True	True	0.025	0.0	1.0153826060873392	1.5	9.0													
8395.5489	2.423399999999674	processed_trials			20.0	0.9894255600570383					False				High					1.0153826060873392		9.0	40.0	40.0	True	False	False	1.0153999999999999	1.0153999999999999	20.347301156158494	0.06659999999999999	-0.22015437135694804	Right	0.06659999999999999	
8395.5489	0.06660000000010768	states																																	"       state_name
id               
3   wait_for_poke"
8395.6155	0.9894000000003871	states																																	"        state_name
id                
1   nose_in_center"
8396.6049	0.0020000000004074536	states																																	"   state_name
id           
5      go_cue"
8396.6069	1.015399999998408	states																																	"            state_name
id                    
6   wait_for_side_poke"
8397.622299999999	0.1103000000002794	states																																	"         state_name
id                 
4   announce_reward"
8397.7326	0.23960000000079162	states																																	"   state_name
id           
8      reward"
8397.9722	9.999999929277692e-05	states																																	"    state_name
id            
7   stop_sound"
8398.1331	3.210300000000643	trials	1.0	2.0	20.0	0.9939183600911994	0.0	0.15	True	1830.0	True	False	43874.0	False	High	True	False	0.025	0.0	100.0	1.5	9.0													
8398.1331	3.210300000000643	processed_trials			20.0	0.9939183600911994					True				High					100.0		9.0	40.0	40.0	False	True	False			20.347301156158494	1.2016	-0.17005060303445818	Left	0.6748999999999999	
8398.1331	1.201600000000326	states																																	"       state_name
id               
3   wait_for_poke"
8399.3347	0.008700000000317232	states																																	"        state_name
id                
1   nose_in_center"
8399.3434	2.0	states																																	"          state_name
id                  
2   punish_violation"
8401.4881	3.7916999999997643	trials	1.0	2.0	20.0	1.0514717637126876	0.0	0.15	True	1830.0	False	False	43875.0	False	High	True	True	0.025	0.0	2.260390538624897	1.5	9.0													
8401.4881	3.7916999999997643	processed_trials			20.0	1.0514717637126876					False				High					2.260390538624897		9.0	40.0	40.0	True	False	False	2.2603999999999997	2.2603999999999997	20.347301156158494	0.0245	-0.22201284593525364	Right	0.0245	
8401.4881	0.02449999999953434	states																																	"       state_name
id               
3   wait_for_poke"
8401.5126	1.051499999999578	states																																	"        state_name
id                
1   nose_in_center"
8402.5641	0.0020000000004074536	states																																	"   state_name
id           
5      go_cue"
8402.5661	2.2604000000010274	states																																	"            state_name
id                    
6   wait_for_side_poke"
8404.826500000001	0.2135999999991327	states																																	"         state_name
id                 
4   announce_reward"
8405.0401	0.23960000000079162	states																																	"   state_name
id           
8      reward"
8405.279700000001	9.999999929277692e-05	states																																	"    state_name
id            
7   stop_sound"
8405.4255	4.03650000000016	trials	1.0	2.0	40.0	1.0514718	0.0	0.15	True	1850.0	False	False	43876.0	False	High	True	False	0.025	0.0	1.1812115751064338	1.5	9.0													
8405.4255	4.03650000000016	processed_trials			40.0	1.0514718					False				High					1.1812115751064338		9.0	40.0	40.0	True	False	False	1.1812	1.1812	20.347301156158494	1.3484	-0.16357022136948768	Left	0.6283	
8405.4255	1.3484000000007654	states																																	"       state_name
id               
3   wait_for_poke"
8406.7739	1.051499999999578	states																																	"        state_name
id                
1   nose_in_center"
8407.8254	0.0020000000004074536	states																																	"   state_name
id           
5      go_cue"
8407.8274	1.1811999999990803	states																																	"            state_name
id                    
6   wait_for_side_poke"
8409.0086	0.12600000000020373	states																																	"         state_name
id                 
4   announce_reward"
8409.1346	0.32730000000083237	states																																	"   state_name
id           
8      reward"
8409.4619	9.999999929277692e-05	states																																	"    state_name
id            
7   stop_sound"
8409.6105	5.7620999999999185	trials	1.0	2.0	80.0	0.909919253492695	0.0	0.15	True	1890.0	False	False	43877.0	False	High	True	False	0.025	0.0	0.8976196779547801	1.5	9.0													
8409.6105	5.7620999999999185	processed_trials			80.0	0.909919253492695					False				High					0.8976196779547801		9.0	40.0	40.0	False	True	False			20.347301156158494	3.7114000000000003	-0.05925726582231269	Left	2.1318	
8409.6105	3.7114000000001397	states																																	"       state_name
id               
3   wait_for_poke"
8413.3219	0.05069999999977881	states																																	"        state_name
id                
1   nose_in_center"
8413.3726	2.0	states																																	"          state_name
id                  
2   punish_violation"
8415.5211	4.2401000000008935	trials	1.0	2.0	80.0	1.010594334922428	0.0	0.15	True	1890.0	False	False	43878.0	False	High	True	True	0.025	0.0	2.4166230932820594	1.5	9.0													
8415.5211	4.2401000000008935	processed_trials			80.0	1.010594334922428					False				High					2.4166230932820594		9.0	40.0	40.0	True	False	False	2.4166	2.4166	20.347301156158494	0.14780000000000001	-0.21656985506814966	Left	0.14780000000000001	
8415.5211	0.1478000000006432	states																																	"       state_name
id               
3   wait_for_poke"
8415.6689	1.010599999999613	states																																	"        state_name
id                
1   nose_in_center"
8416.6795	0.0020000000004074536	states																																	"   state_name
id           
5      go_cue"
8416.6815	2.4165999999986525	states																																	"            state_name
id                    
6   wait_for_side_poke"
8419.0981	0.04039999999986321	states																																	"         state_name
id                 
4   announce_reward"
8419.1385	0.6226000000006024	states																																	"   state_name
id           
8      reward"
8419.7611	0.00010000000111176632	states																																	"    state_name
id            
7   stop_sound"
8419.9153	6.449399999999514	trials	1.0	2.0	20.0	1.0105943	0.0	0.15	True	1970.0	False	False	43879.0	False	High	True	False	0.025	0.0	2.689446028706675	1.5	9.0													
8419.9153	6.449399999999514	processed_trials			20.0	1.0105943					False				High					2.689446028706675		9.0	40.0	40.0	False	True	False			20.347301156158494	4.3772	-0.02986599802573668	Left	3.0373	
8419.9153	4.377200000000812	states																																	"       state_name
id               
3   wait_for_poke"
8424.292500000001	0.07219999999870197	states																																	"        state_name
id                
1   nose_in_center"
8424.3647	2.0	states																																	"          state_name
id                  
2   punish_violation"
8426.5169	2.4296999999987747	trials	1.0	2.0	20.0	0.9082900002563438	0.0	0.15	True	1970.0	True	False	43880.0	False	High	True	True	0.025	0.0	100.0	1.5	9.0													
8426.5169	2.4296999999987747	processed_trials			20.0	0.9082900002563438					True				High					100.0		9.0	40.0	40.0	False	True	False			20.347301156158494	0.3205	-0.20894613631106243	Right	0.3205	
8426.5169	0.3204999999998108	states																																	"       state_name
id               
3   wait_for_poke"
8426.8374	0.10920000000078289	states																																	"        state_name
id                
1   nose_in_center"
8426.946600000001	2.0	states																																	"          state_name
id                  
2   punish_violation"
8429.1006	2.8721000000005006	trials	1.0	2.0	20.0	1.1258088580020513	0.0	0.15	True	1970.0	False	False	43881.0	False	High	True	True	0.025	0.0	3.027887995524765	1.5	9.0													
8429.1006	2.8721000000005006	processed_trials			20.0	1.1258088580020513					False				High					3.027887995524765		9.0	40.0	40.0	False	True	False			20.347301156158494	0.18819999999999998	-0.21478642578160465	Left	0.18819999999999998	
8429.1006	0.1882000000005064	states																																	"       state_name
id               
3   wait_for_poke"
8429.2888	0.6838999999999942	states																																	"        state_name
id                
1   nose_in_center"
8429.9727	2.0	states																																	"          state_name
id                  
2   punish_violation"
8432.1312	3.0133999999998196	trials	1.0	2.0	20.0	1.1258089	0.0	0.15	True	1970.0	False	False	43882.0	False	High	True	True	0.025	0.0	0.558902755113717	1.5	9.0													
8432.1312	3.0133999999998196	processed_trials			20.0	1.1258089					False				High					0.558902755113717		9.0	40.0	40.0	False	True	False			20.347301156158494	0.1285	-0.21742183985107835	Left	0.1285	
8432.1312	0.12850000000071304	states																																	"       state_name
id               
3   wait_for_poke"
8432.2597	0.8848999999991065	states																																	"        state_name
id                
1   nose_in_center"
8433.1446	2.0	states																																	"          state_name
id                  
2   punish_violation"
8435.3123	2.096800000001167	trials	1.0	2.0	20.0	1.1953254793967474	0.0	0.15	True	1970.0	False	False	43883.0	False	High	True	True	0.025	0.0	0.6698409937152662	1.5	9.0													
8435.3123	2.096800000001167	processed_trials			20.0	1.1953254793967474					False				High					0.6698409937152662		9.0	40.0	40.0	True	False	False	0.6698	0.6698	20.347301156158494	0.0254	-0.2219731160749098	Left	0.0254	
8435.3123	0.02540000000044529	states																																	"       state_name
id               
3   wait_for_poke"
8435.3377	1.1952999999994063	states																																	"        state_name
id                
1   nose_in_center"
8436.533	0.0020000000004074536	states																																	"   state_name
id           
5      go_cue"
8436.535	0.6697999999996682	states																																	"            state_name
id                    
6   wait_for_side_poke"
8437.2048	0.021899999999732245	states																																	"         state_name
id                 
4   announce_reward"
8437.2267	0.1823000000003958	states																																	"   state_name
id           
8      reward"
8437.409	9.999999929277692e-05	states																																	"    state_name
id            
7   stop_sound"
8437.5632	4.516200000000026	trials	1.0	2.0	20.0	0.8756245361896225	0.0	0.15	True	1990.0	False	False	43884.0	False	High	True	False	0.025	0.0	0.10100410261933537	1.5	9.0													
8437.5632	4.516200000000026	processed_trials			20.0	0.8756245361896225					False				High					0.10100410261933537		9.0	40.0	40.0	False	True	False			20.347301156158494	2.4916	-0.11310446987497627	Right	1.6498	
8437.5632	2.49159999999938	states																																	"       state_name
id               
3   wait_for_poke"
8440.0548	0.024600000000646105	states																																	"        state_name
id                
1   nose_in_center"
8440.0794	2.0	states																																	"          state_name
id                  
2   punish_violation"
8442.2352	2.1410000000014406	trials	1.0	2.0	20.0	1.1254750976697943	0.0	0.15	True	1990.0	False	False	43885.0	False	High	True	True	0.025	0.0	0.25931150085567173	1.5	9.0													
8442.2352	2.1410000000014406	processed_trials			20.0	1.1254750976697943					False				High					0.25931150085567173		9.0	40.0	40.0	True	False	False	0.25929999999999986	0.25929999999999986	20.347301156158494	0.0915	-0.21905517855410225	Right	0.0915	
8442.2352	0.09150000000045111	states																																	"       state_name
id               
3   wait_for_poke"
8442.3267	1.1255000000001019	states																																	"        state_name
id                
1   nose_in_center"
8443.4522	0.0019999999985884642	states																																	"   state_name
id           
5      go_cue"
8443.454199999998	0.25930000000153086	states																																	"            state_name
id                    
6   wait_for_side_poke"
8443.7135	0.42299999999886495	states																																	"         state_name
id                 
4   announce_reward"
8444.136499999999	0.23960000000079162	states																																	"   state_name
id           
8      reward"
8444.3761	9.999999929277692e-05	states																																	"    state_name
id            
7   stop_sound"
8444.5345	3.7247999999999593	trials	1.0	2.0	80.0	0.8935637913391542	0.0	0.15	True	2010.0	False	False	43886.0	False	High	True	False	0.025	0.0	0.5460359520562443	1.5	9.0													
8444.5345	3.7247999999999593	processed_trials			80.0	0.8935637913391542					False				High					0.5460359520562443		9.0	40.0	40.0	False	True	False			20.347301156158494	1.4638	-0.15847597038762395	Left	0.7469	
8444.5345	1.4637999999995372	states																																	"       state_name
id               
3   wait_for_poke"
8445.9983	0.261000000000422	states																																	"        state_name
id                
1   nose_in_center"
8446.2593	2.0	states																																	"          state_name
id                  
2   punish_violation"
8448.4181	6.299399999999878	trials	1.0	2.0	80.0	1.1319488329215865	0.0	0.15	True	2010.0	False	False	43887.0	False	High	True	True	0.025	0.0	4.15972093818641	1.5	9.0													
8448.4181	6.299399999999878	processed_trials			80.0	1.1319488329215865					False				High					4.15972093818641		9.0	40.0	40.0	True	False	False	4.1597	4.1597	20.347301156158494	0.3302	-0.20851793670513458	Left	0.3302	
8448.4181	0.3302000000003318	states																																	"       state_name
id               
3   wait_for_poke"
8448.748300000001	1.1319000000003143	states																																	"        state_name
id                
1   nose_in_center"
8449.880200000001	0.0019999999985884642	states																																	"   state_name
id           
5      go_cue"
8449.8822	4.159700000000157	states																																	"            state_name
id                    
6   wait_for_side_poke"
8454.0419	0.05290000000059081	states																																	"         state_name
id                 
4   announce_reward"
8454.0948	0.6226000000006024	states																																	"   state_name
id           
8      reward"
8454.717400000001	9.999999929277692e-05	states																																	"    state_name
id            
7   stop_sound"
8454.9017	6.59020000000055	trials	1.0	2.0	80.0	0.9858113422668955	0.0	0.15	True	2090.0	False	False	43888.0	False	High	True	False	0.025	0.0	1.236076474407948	1.5	9.0													
8454.9017	6.59020000000055	processed_trials			80.0	0.9858113422668955					False				High					1.236076474407948		9.0	40.0	40.0	False	True	False			20.347301156158494	4.5746	-0.021151915323657823	Right	2.7556000000000003	
8454.9017	4.5745999999999185	states																																	"       state_name
id               
3   wait_for_poke"
8459.4763	0.015600000000631553	states																																	"        state_name
id                
1   nose_in_center"
8459.4919	2.0	states																																	"          state_name
id                  
2   punish_violation"
8461.6451	18.360000000000582	trials	1.0	2.0	80.0	1.0705049771668533	0.0	0.15	True	2090.0	True	False	43889.0	False	High	True	True	0.025	0.0	100.0	1.5	9.0													
8461.6451	18.360000000000582	processed_trials			80.0	1.0705049771668533					True				High					100.0		9.0	40.0	40.0	False	False	True	16.9231	16.9231	20.347301156158494	0.1643	-0.21584147429517955	Left	0.1643	
8461.6451	0.1643000000003667	states																																	"       state_name
id               
3   wait_for_poke"
8461.8094	1.0704999999998108	states																																	"        state_name
id                
1   nose_in_center"
8462.8799	0.0020000000004074536	states																																	"   state_name
id           
5      go_cue"
8462.8819	16.923099999999977	states																																	"            state_name
id                    
6   wait_for_side_poke"
8479.805	0.1999999999989086	states																																	"   state_name
id           
0     opt_out"
8480.005	0.00010000000111176632	states																																	"    state_name
id            
7   stop_sound"
8480.1642	2.247400000000198	trials	1.0	2.0	80.0	1.135212157486201	0.0	0.15	True	2090.0	False	False	43890.0	False	High	True	False	0.025	0.0	2.1344255291521312	1.5	9.0													
8480.1642	2.247400000000198	processed_trials			80.0	1.135212157486201					False				High					2.1344255291521312		9.0	40.0	40.0	False	True	False			20.347301156158494	0.241	-0.21245560730810029	Left	0.241	
8480.1642	0.24099999999998545	states																																	"       state_name
id               
3   wait_for_poke"
8480.4052	0.006400000000212458	states																																	"        state_name
id                
1   nose_in_center"
8480.4116	2.0	states																																	"          state_name
id                  
2   punish_violation"
8482.57	4.00879999999961	trials	1.0	2.0	80.0	1.0854071096554483	0.0	0.15	True	2090.0	False	False	43891.0	False	High	True	True	0.025	0.0	2.1344255	1.5	9.0													
8482.57	4.00879999999961	processed_trials			80.0	1.0854071096554483					False				High					2.1344255		9.0	40.0	40.0	True	False	False	2.1344	2.1344	20.347301156158494	0.1003	-0.21866670880851818	Left	0.1003	
8482.57	0.10030000000006112	states																																	"       state_name
id               
3   wait_for_poke"
8482.6703	1.085399999999936	states																																	"        state_name
id                
1   nose_in_center"
8483.7557	0.0020000000004074536	states																																	"   state_name
id           
5      go_cue"
8483.7577	2.1343999999990046	states																																	"            state_name
id                    
6   wait_for_side_poke"
8485.8921	0.06400000000030559	states																																	"         state_name
id                 
4   announce_reward"
8485.9561	0.6226000000006024	states																																	"   state_name
id           
8      reward"
8486.5787	9.999999929277692e-05	states																																	"    state_name
id            
7   stop_sound"
8486.7356	5.973099999999249	trials	1.0	2.0	40.0	1.018632140688663	0.0	0.15	True	2170.0	False	False	43892.0	False	High	True	False	0.025	0.0	0.40729958663961424	1.5	9.0													
8486.7356	5.973099999999249	processed_trials			40.0	1.018632140688663					False				High					0.40729958663961424		9.0	40.0	40.0	True	False	False	0.4073000000000002	0.4073000000000002	20.347301156158494	4.1133999999999995	-0.04151126153540441	Left	2.6643	
8486.7356	4.113400000000183	states																																	"       state_name
id               
3   wait_for_poke"
8490.849	1.0185999999994237	states																																	"        state_name
id                
1   nose_in_center"
8491.8676	0.0020000000004074536	states																																	"   state_name
id           
5      go_cue"
8491.8696	0.4073000000007596	states																																	"            state_name
id                    
6   wait_for_side_poke"
8492.2769	0.10439999999834981	states																																	"         state_name
id                 
4   announce_reward"
8492.3813	0.32730000000083237	states																																	"   state_name
id           
8      reward"
8492.7086	9.999999929277692e-05	states																																	"    state_name
id            
7   stop_sound"
8492.8772	5.158899999998539	trials	1.0	2.0	40.0	1.0186321	0.0	0.15	True	2210.0	False	False	43893.0	False	High	True	False	0.025	0.0	1.0164095321296704	1.5	9.0													
8492.8772	5.158899999998539	processed_trials			40.0	1.0186321					False				High					1.0164095321296704		9.0	40.0	40.0	False	True	False			20.347301156158494	3.0033000000000003	-0.09051583705504844	Right	1.7401000000000002	
8492.8772	3.0033000000003085	states																																	"       state_name
id               
3   wait_for_poke"
8495.880500000001	0.15560000000004948	states																																	"        state_name
id                
1   nose_in_center"
8496.036100000001	2.0	states																																	"          state_name
id                  
2   punish_violation"
8498.2018	2.183999999999287	trials	1.0	2.0	40.0	0.8831819527970841	0.0	0.15	True	2210.0	False	False	43894.0	False	High	True	True	0.025	0.0	1.0557148628930912	1.5	9.0													
8498.2018	2.183999999999287	processed_trials			40.0	0.8831819527970841					False				High					1.0557148628930912		9.0	40.0	40.0	False	True	False			20.347301156158494	0.1728	-0.21546624783637677	Left	0.1728	
8498.2018	0.1728000000002794	states																																	"       state_name
id               
3   wait_for_poke"
8498.374600000001	0.01119999999900756	states																																	"        state_name
id                
1   nose_in_center"
8498.3858	2.0	states																																	"          state_name
id                  
2   punish_violation"
8500.5485	2.7665999999990163	trials	1.0	2.0	40.0	0.9828583401764373	0.0	0.15	True	2210.0	False	False	43895.0	False	High	True	True	0.025	0.0	4.460535830913891	1.5	9.0													
8500.5485	2.7665999999990163	processed_trials			40.0	0.9828583401764373					False				High					4.460535830913891		9.0	40.0	40.0	False	True	False			20.347301156158494	0.43789999999999996	-0.2037635967506569	Left	0.43789999999999996	
8500.5485	0.4379000000008091	states																																	"       state_name
id               
3   wait_for_poke"
8500.986400000002	0.3287000000000262	states																																	"        state_name
id                
1   nose_in_center"
8501.315100000002	2.0	states																																	"          state_name
id                  
2   punish_violation"
8503.4811	2.7652999999991152	trials	1.0	2.0	40.0	1.1185133571865813	0.0	0.15	True	2210.0	False	False	43896.0	False	High	True	True	0.025	0.0	0.18642967318594805	1.5	9.0													
8503.4811	2.7652999999991152	processed_trials			40.0	1.1185133571865813					False				High					0.18642967318594805		9.0	40.0	40.0	True	False	False	0.18640000000000012	0.18640000000000012	20.347301156158494	0.4985	-0.20108845282083937	Left	0.4985	
8503.4811	0.4984999999996944	states																																	"       state_name
id               
3   wait_for_poke"
8503.9796	1.1185000000004948	states																																	"        state_name
id                
1   nose_in_center"
8505.098100000001	0.0020000000004074536	states																																	"   state_name
id           
5      go_cue"
8505.100100000001	0.1863999999986845	states																																	"            state_name
id                    
6   wait_for_side_poke"
8505.2865	0.632500000001528	states																																	"         state_name
id                 
4   announce_reward"
8505.919000000002	0.3272999999990134	states																																	"   state_name
id           
8      reward"
8506.2463	9.999999929277692e-05	states																																	"    state_name
id            
7   stop_sound"
8506.4099	5.063099999999395	trials	1.0	2.0	20.0	1.1094842249703116	0.0	0.15	True	2250.0	True	False	43897.0	False	High	True	False	0.025	0.0	0.18642967	1.5	9.0													
8506.4099	5.063099999999395	processed_trials			20.0	1.1094842249703116					False				High					0.18642967		9.0	40.0	40.0	False	False	False	0.1864000000000008	0.1864000000000008	20.347301156158494	3.7651999999999997	-0.05688230305953742	Left	2.1962999999999995	
8506.4099	3.7651999999998225	states																																	"       state_name
id               
3   wait_for_poke"
8510.1751	1.1095000000004802	states																																	"        state_name
id                
1   nose_in_center"
8511.2846	0.0020000000004074536	states																																	"   state_name
id           
5      go_cue"
8511.286600000001	0.1863999999986845	states																																	"            state_name
id                    
6   wait_for_side_poke"
8511.6477	8.155099999999948	trials	1.0	2.0	80.0	1.1965542242484333	0.0	0.15	True	2250.0	False	False	43898.0	False	High	True	False	0.025	0.0	0.5115600416126818	1.5	9.0													
8511.6477	8.155099999999948	processed_trials			80.0	1.1965542242484333					False				High					0.5115600416126818		9.0	40.0	40.0	False	True	False			20.347301156158494	5.796600000000001	0.03279240616540179	Left	5.796600000000001	
8511.6477	5.796599999999671	states																																	"       state_name
id               
3   wait_for_poke"
8517.4443	0.3585000000002765	states																																	"        state_name
id                
1   nose_in_center"
8517.8028	2.0	states																																	"          state_name
id                  
2   punish_violation"
8519.9643	3.0472000000008848	trials	1.0	2.0	80.0	1.1789432413357657	0.0	0.15	True	2250.0	False	False	43899.0	False	High	True	True	0.025	0.0	0.8600593463520029	1.5	9.0													
8519.9643	3.0472000000008848	processed_trials			80.0	1.1789432413357657					False				High					0.8600593463520029		9.0	40.0	40.0	True	False	False	0.8600999999999999	0.8600999999999999	20.347301156158494	0.0702	-0.21999545191557277	Right	0.0702	
8519.9643	0.0702000000001135	states																																	"       state_name
id               
3   wait_for_poke"
8520.0345	1.1789000000007945	states																																	"        state_name
id                
1   nose_in_center"
8521.2134	0.0019999999985884642	states																																	"   state_name
id           
5      go_cue"
8521.2154	0.8600999999998749	states																																	"            state_name
id                    
6   wait_for_side_poke"
8522.075499999999	0.015800000001036096	states																																	"         state_name
id                 
4   announce_reward"
8522.0913	0.9200999999993655	states																																	"   state_name
id           
8      reward"
8523.0114	0.00010000000111176632	states																																	"    state_name
id            
7   stop_sound"
8523.1767	3.8114999999997963	trials	1.0	2.0	20.0	1.1789432	0.0	0.15	True	2330.0	False	False	43900.0	False	High	True	False	0.025	0.0	0.6310856102508343	1.5	9.0													
8523.1767	3.8114999999997963	processed_trials			20.0	1.1789432					False				High					0.6310856102508343		9.0	40.0	40.0	False	True	False			20.347301156158494	1.7933	-0.14393042707285705	Left	0.8414999999999999	
8523.1767	1.7932999999993626	states																																	"       state_name
id               
3   wait_for_poke"
8524.97	0.018200000000433647	states																																	"        state_name
id                
1   nose_in_center"
8524.9882	2.0	states																																	"          state_name
id                  
2   punish_violation"
8527.1691	1.8183000000008178	trials	1.0	2.0	20.0	0.9042789821015134	0.0	0.15	True	2330.0	False	False	43901.0	False	High	True	True	0.025	0.0	0.44204398152914764	1.5	9.0													
8527.1691	1.8183000000008178	processed_trials			20.0	0.9042789821015134					False				High					0.44204398152914764		9.0	40.0	40.0	True	False	False	0.44199999999999995	0.44199999999999995	20.347301156158494	0.15469999999999998	-0.21626525947218034	Left	0.15469999999999998	
8527.1691	0.15469999999913853	states																																	"       state_name
id               
3   wait_for_poke"
8527.323799999998	0.9043000000001484	states																																	"        state_name
id                
1   nose_in_center"
8528.228099999998	0.0020000000004074536	states																																	"   state_name
id           
5      go_cue"
8528.230099999999	0.44200000000091677	states																																	"            state_name
id                    
6   wait_for_side_poke"
8528.6721	0.13289999999869906	states																																	"         state_name
id                 
4   announce_reward"
8528.804999999998	0.1823000000003958	states																																	"   state_name
id           
8      reward"
8528.987299999999	0.00010000000111176632	states																																	"    state_name
id            
7   stop_sound"
8529.1516	4.031000000000859	trials	1.0	2.0	40.0	1.1246605828237426	0.0	0.15	True	2350.0	False	False	43902.0	False	High	True	False	0.025	0.0	0.5050627950266172	1.5	9.0													
8529.1516	4.031000000000859	processed_trials			40.0	1.1246605828237426					False				High					0.5050627950266172		9.0	40.0	40.0	True	False	False	0.5051000000000001	0.5051000000000001	20.347301156158494	1.936	-0.1376310369938973	Left	1.2501	
8529.1516	1.9359999999996944	states																																	"       state_name
id               
3   wait_for_poke"
8531.087599999999	1.1247000000003027	states																																	"        state_name
id                
1   nose_in_center"
8532.2123	0.0020000000004074536	states																																	"   state_name
id           
5      go_cue"
8532.2143	0.5051000000003114	states																																	"            state_name
id                    
6   wait_for_side_poke"
8532.7194	0.13580000000001746	states																																	"         state_name
id                 
4   announce_reward"
8532.8552	0.3272999999990134	states																																	"   state_name
id           
8      reward"
8533.182499999999	0.00010000000111176632	states																																	"    state_name
id            
7   stop_sound"
8533.3648	13.889800000000832	trials	1.0	2.0	80.0	1.1504947804422818	0.0	0.15	True	2390.0	True	False	43903.0	False	High	True	False	0.025	0.0	100.0	1.5	9.0													
8533.3648	13.889800000000832	processed_trials			80.0	1.1504947804422818					True				High					100.0		9.0	40.0	40.0	False	False	True	9.4563	9.4563	20.347301156158494	3.0809	-0.08709024020762535	Left	1.9789	
8533.3648	3.080900000000838	states																																	"       state_name
id               
3   wait_for_poke"
8536.4457	1.150499999999738	states																																	"        state_name
id                
1   nose_in_center"
8537.5962	0.0019999999985884642	states																																	"   state_name
id           
5      go_cue"
8537.598199999999	9.456300000001647	states																																	"            state_name
id                    
6   wait_for_side_poke"
8547.0545	0.1999999999989086	states																																	"   state_name
id           
0     opt_out"
8547.2545	0.00010000000111176632	states																																	"    state_name
id            
7   stop_sound"
8547.4342	2.398400000000038	trials	1.0	2.0	80.0	1.1533893446366257	0.0	0.15	True	2390.0	False	False	43904.0	False	High	True	False	0.025	0.0	2.811347692889228	1.5	9.0													
8547.4342	2.398400000000038	processed_trials			80.0	1.1533893446366257					False				High					2.811347692889228		9.0	40.0	40.0	False	True	False			20.347301156158494	0.36710000000000004	-0.20688901243103774	Right	0.36710000000000004	
8547.4342	0.36709999999948195	states																																	"       state_name
id               
3   wait_for_poke"
8547.8013	0.03130000000055588	states																																	"        state_name
id                
1   nose_in_center"
8547.8326	2.0	states																																	"          state_name
id                  
2   punish_violation"
8550.0026	3.413700000000972	trials	1.0	2.0	80.0	0.9071433905418502	0.0	0.15	True	2390.0	False	False	43905.0	False	High	True	True	0.025	0.0	1.6126473194214717	1.5	9.0													
8550.0026	3.413700000000972	processed_trials			80.0	0.9071433905418502					False				High					1.6126473194214717		9.0	40.0	40.0	True	False	False	1.6126000000000003	1.6126000000000003	20.347301156158494	0.1482	-0.2165521973524413	Left	0.1482	
8550.0026	0.1481999999996333	states																																	"       state_name
id               
3   wait_for_poke"
8550.1508	0.9071000000003551	states																																	"        state_name
id                
1   nose_in_center"
8551.0579	0.0020000000004074536	states																																	"   state_name
id           
5      go_cue"
8551.0599	1.6126000000003842	states																																	"            state_name
id                    
6   wait_for_side_poke"
8552.6725	0.12109999999847787	states																																	"         state_name
id                 
4   announce_reward"
8552.793599999999	0.6226000000006024	states																																	"   state_name
id           
8      reward"
8553.4162	9.999999929277692e-05	states																																	"    state_name
id            
7   stop_sound"
8553.5899	6.024099999998725	trials	1.0	2.0	40.0	0.9232097140351812	0.0	0.15	True	2470.0	False	False	43906.0	False	High	True	False	0.025	0.0	0.6512869241220363	1.5	9.0													
8553.5899	6.024099999998725	processed_trials			40.0	0.9232097140351812					False				High					0.6512869241220363		9.0	40.0	40.0	False	True	False			20.347301156158494	3.8168	-0.05460445773315812	Left	2.2089	
8553.5899	3.8168000000005122	states																																	"       state_name
id               
3   wait_for_poke"
8557.406700000001	0.20730000000003201	states																																	"        state_name
id                
1   nose_in_center"
8557.614000000001	2.0	states																																	"          state_name
id                  
2   punish_violation"
8559.7939	4.75669999999991	trials	1.0	2.0	40.0	1.0723860311837816	0.0	0.15	True	2470.0	False	False	43907.0	False	High	True	True	0.025	0.0	3.1289968487036863	1.5	9.0													
8559.7939	4.75669999999991	processed_trials			40.0	1.0723860311837816					False				High					3.1289968487036863		9.0	40.0	40.0	True	False	False	3.1289999999999996	3.1289999999999996	20.347301156158494	0.177	-0.21528084182143895	Left	0.177	
8559.7939	0.17699999999967986	states																																	"       state_name
id               
3   wait_for_poke"
8559.9709	1.0724000000009255	states																																	"        state_name
id                
1   nose_in_center"
8561.043300000001	0.0019999999985884642	states																																	"   state_name
id           
5      go_cue"
8561.0453	3.129000000000815	states																																	"            state_name
id                    
6   wait_for_side_poke"
8564.1743	0.0488999999997759	states																																	"         state_name
id                 
4   announce_reward"
8564.2232	0.32730000000083237	states																																	"   state_name
id           
8      reward"
8564.550500000001	9.999999929277692e-05	states																																	"    state_name
id            
7   stop_sound"
8564.7234	5.171399999999267	trials	1.0	2.0	20.0	1.0545978257362367	0.0	0.15	True	2510.0	False	False	43908.0	False	High	True	False	0.025	0.0	1.1341869254076309	1.5	9.0													
8564.7234	5.171399999999267	processed_trials			20.0	1.0545978257362367					False				High					1.1341869254076309		9.0	40.0	40.0	False	True	False			20.347301156158494	3.1485	-0.08410608625291144	Right	1.5607999999999997	
8564.7234	3.1484999999993306	states																																	"       state_name
id               
3   wait_for_poke"
8567.8719	0.02289999999993597	states																																	"        state_name
id                
1   nose_in_center"
8567.8948	2.0	states																																	"          state_name
id                  
2   punish_violation"
8570.0656	2.4223999999994703	trials	1.0	2.0	20.0	0.9048908225456039	0.0	0.15	True	2510.0	False	False	43909.0	False	High	True	True	0.025	0.0	1.1341869	1.5	9.0													
8570.0656	2.4223999999994703	processed_trials			20.0	0.9048908225456039					False				High					1.1341869		9.0	40.0	40.0	True	False	False	1.1341999999999999	1.1341999999999999	20.347301156158494	0.0845	-0.21936418857899864	Left	0.0845	
8570.0656	0.08450000000084401	states																																	"       state_name
id               
3   wait_for_poke"
8570.1501	0.9048999999995431	states																																	"        state_name
id                
1   nose_in_center"
8571.055	0.0020000000004074536	states																																	"   state_name
id           
5      go_cue"
8571.057	1.1341999999986	states																																	"            state_name
id                    
6   wait_for_side_poke"
8572.1912	0.11440000000038708	states																																	"         state_name
id                 
4   announce_reward"
8572.3056	0.1823000000003958	states																																	"   state_name
id           
8      reward"
8572.4879	9.999999929277692e-05	states																																	"    state_name
id            
7   stop_sound"
8572.6666	4.42870000000039	trials	1.0	2.0	40.0	0.9229469418244678	0.0	0.15	True	2530.0	False	False	43910.0	False	High	True	False	0.025	0.0	3.4715284609791874	1.5	9.0													
8572.6666	4.42870000000039	processed_trials			40.0	0.9229469418244678					False				High					3.4715284609791874		9.0	40.0	40.0	False	True	False			20.347301156158494	2.4075	-0.11681700460266033	Left	1.3757000000000001	
8572.6666	2.407499999999345	states																																	"       state_name
id               
3   wait_for_poke"
8575.0741	0.021200000001044828	states																																	"        state_name
id                
1   nose_in_center"
8575.0953	2.0	states																																	"          state_name
id                  
2   punish_violation"
8577.2745	4.281600000000253	trials	1.0	2.0	40.0	1.1607373987638026	0.0	0.15	True	2530.0	False	False	43911.0	False	High	True	True	0.025	0.0	2.635273879319726	1.5	9.0													
8577.2745	4.281600000000253	processed_trials			40.0	1.1607373987638026					False				High					2.635273879319726		9.0	40.0	40.0	True	False	False	2.6353	2.6353	20.347301156158494	0.0241	-0.22203050365096202	Left	0.0241	
8577.2745	0.02410000000054424	states																																	"       state_name
id               
3   wait_for_poke"
8577.2986	1.1607000000003609	states																																	"        state_name
id                
1   nose_in_center"
8578.4593	0.0019999999985884642	states																																	"   state_name
id           
5      go_cue"
8578.461299999999	2.6352999999999156	states																																	"            state_name
id                    
6   wait_for_side_poke"
8581.096599999999	0.13210000000071886	states																																	"         state_name
id                 
4   announce_reward"
8581.2287	0.3272999999990134	states																																	"   state_name
id           
8      reward"
8581.555999999999	0.00010000000111176632	states																																	"    state_name
id            
7   stop_sound"
8581.7363	16.588700000000244	trials	1.0	2.0	80.0	0.9425180236292375	0.0	0.15	True	2570.0	True	False	43912.0	False	High	True	False	0.025	0.0	100.0	1.5	9.0													
8581.7363	16.588700000000244	processed_trials			80.0	0.9425180236292375					True				High					100.0		9.0	40.0	40.0	False	False	True	13.0646	13.0646	20.347301156158494	2.3795	-0.11805304470224598	Left	1.3955000000000002	
8581.7363	2.379499999999098	states																																	"       state_name
id               
3   wait_for_poke"
8584.1158	0.9425000000010186	states																																	"        state_name
id                
1   nose_in_center"
8585.0583	0.0020000000004074536	states																																	"   state_name
id           
5      go_cue"
8585.060300000001	13.0645999999997	states																																	"            state_name
id                    
6   wait_for_side_poke"
8598.1249	0.1999999999989086	states																																	"   state_name
id           
0     opt_out"
8598.3249	0.00010000000111176632	states																																	"    state_name
id            
7   stop_sound"
8598.502	2.5168999999987136	trials	1.0	2.0	40.0	0.9989419402016264	0.0	0.15	True	2570.0	False	False	43913.0	False	High	True	False	0.025	0.0	5.030248075503433	1.5	9.0													
8598.502	2.5168999999987136	processed_trials			40.0	0.9989419402016264					False				High					5.030248075503433		9.0	40.0	40.0	False	True	False			20.347301156158494	0.512	-0.20049250491568202	Right	0.512	
8598.502	0.5120000000006257	states																																	"       state_name
id               
3   wait_for_poke"
8599.014000000001	0.004899999999906868	states																																	"        state_name
id                
1   nose_in_center"
8599.018900000001	2.0	states																																	"          state_name
id                  
2   punish_violation"
8601.1962	3.1708999999991647	trials	1.0	2.0	40.0	0.8500355457287664	0.0	0.15	True	2570.0	False	False	43914.0	False	High	True	True	0.025	0.0	1.9225808772124644	1.5	9.0													
8601.1962	3.1708999999991647	processed_trials			40.0	0.8500355457287664					False				High					1.9225808772124644		9.0	40.0	40.0	True	False	False	1.9226	1.9226	20.347301156158494	0.0384	-0.2213992403143879	Left	0.0384	
8601.1962	0.03839999999945576	states																																	"       state_name
id               
3   wait_for_poke"
8601.2346	0.8500000000003638	states																																	"        state_name
id                
1   nose_in_center"
8602.0846	0.0020000000004074536	states																																	"   state_name
id           
5      go_cue"
8602.0866	1.9225999999998749	states																																	"            state_name
id                    
6   wait_for_side_poke"
8604.0092	0.0305000000007567	states																																	"         state_name
id                 
4   announce_reward"
8604.039700000001	0.3272999999990134	states																																	"   state_name
id           
8      reward"
8604.367	9.999999929277692e-05	states																																	"    state_name
id            
7   stop_sound"
8604.5456	5.102100000000064	trials	1.0	2.0	80.0	1.0800767394818311	0.0	0.15	True	2610.0	False	False	43915.0	False	High	True	False	0.025	0.0	1.9225809	1.5	9.0													
8604.5456	5.102100000000064	processed_trials			80.0	1.0800767394818311					False				High					1.9225809		9.0	40.0	40.0	False	True	False			20.347301156158494	3.0583	-0.08808790114514807	Right	1.6559	
8604.5456	3.0583000000005995	states																																	"       state_name
id               
3   wait_for_poke"
8607.6039	0.04379999999946449	states																																	"        state_name
id                
1   nose_in_center"
8607.6477	2.0	states																																	"          state_name
id                  
2   punish_violation"
8609.826	6.530700000001161	trials	1.0	2.0	80.0	0.9357792420248494	0.0	0.15	True	2610.0	False	False	43916.0	False	High	True	True	0.025	0.0	4.732505004618996	1.5	9.0													
8609.826	6.530700000001161	processed_trials			80.0	0.9357792420248494					False				High					4.732505004618996		9.0	40.0	40.0	True	False	False	4.7325	4.7325	20.347301156158494	0.0438	-0.22116086115232494	Left	0.0438	
8609.826	0.04379999999946449	states																																	"       state_name
id               
3   wait_for_poke"
8609.869799999999	0.9358000000011089	states																																	"        state_name
id                
1   nose_in_center"
8610.8056	0.0019999999985884642	states																																	"   state_name
id           
5      go_cue"
8610.807599999998	4.732500000000073	states																																	"            state_name
id                    
6   wait_for_side_poke"
8615.540099999998	0.19390000000021246	states																																	"         state_name
id                 
4   announce_reward"
8615.733999999999	0.6226000000006024	states																																	"   state_name
id           
8      reward"
8616.3566	9.999999929277692e-05	states																																	"    state_name
id            
7   stop_sound"
8616.5341	6.106399999998757	trials	1.0	2.0	20.0	1.1323142942540265	0.0	0.15	True	2690.0	False	False	43917.0	False	High	True	False	0.025	0.0	7.771418053520483	1.5	9.0													
8616.5341	6.106399999998757	processed_trials			20.0	1.1323142942540265					False				High					7.771418053520483		9.0	40.0	40.0	False	True	False			20.347301156158494	4.0981000000000005	-0.04218666916124938	Right	2.0154000000000005	
8616.5341	4.098099999999249	states																																	"       state_name
id               
3   wait_for_poke"
8620.6322	0.008300000001327135	states																																	"        state_name
id                
1   nose_in_center"
8620.640500000001	2.0	states																																	"          state_name
id                  
2   punish_violation"
8622.8212	2.4526000000005297	trials	1.0	2.0	20.0	0.8973211705932678	0.0	0.15	True	2690.0	False	False	43918.0	False	High	True	True	0.025	0.0	4.438186355301022	1.5	9.0													
8622.8212	2.4526000000005297	processed_trials			20.0	0.8973211705932678					False				High					4.438186355301022		9.0	40.0	40.0	False	True	False			20.347301156158494	0.12919999999999998	-0.2173909388485887	Right	0.12919999999999998	
8622.8212	0.12919999999940046	states																																	"       state_name
id               
3   wait_for_poke"
8622.9504	0.32340000000112923	states																																	"        state_name
id                
1   nose_in_center"
8623.2738	2.0	states																																	"          state_name
id                  
2   punish_violation"
8625.4568	3.631999999999607	trials	1.0	2.0	20.0	0.8242885346273997	0.0	0.15	True	2690.0	False	False	43919.0	False	High	True	True	0.025	0.0	0.5527130451002285	1.5	9.0													
8625.4568	3.631999999999607	processed_trials			20.0	0.8242885346273997					False				High					0.5527130451002285		9.0	40.0	40.0	False	True	False			20.347301156158494	1.1008	-0.17450034739296652	Left	1.1008	
8625.4568	1.100800000000163	states																																	"       state_name
id               
3   wait_for_poke"
8626.5576	0.5311999999994441	states																																	"        state_name
id                
1   nose_in_center"
8627.0888	2.0	states																																	"          state_name
id                  
2   punish_violation"
8629.2668	2.399600000000646	trials	1.0	2.0	20.0	0.9744972621241367	0.0	0.15	True	2690.0	False	False	43920.0	False	High	True	True	0.025	0.0	0.938951152219611	1.5	9.0													
8629.2668	2.399600000000646	processed_trials			20.0	0.9744972621241367					False				High					0.938951152219611		9.0	40.0	40.0	True	False	False	0.9390000000000003	0.9390000000000003	20.347301156158494	0.2083	-0.21389912556725924	Right	0.2083	
8629.2668	0.20830000000023574	states																																	"       state_name
id               
3   wait_for_poke"
8629.4751	0.9745000000002619	states																																	"        state_name
id                
1   nose_in_center"
8630.4496	0.0020000000004074536	states																																	"   state_name
id           
5      go_cue"
8630.4516	0.9389999999984866	states																																	"            state_name
id                    
6   wait_for_side_poke"
8631.390599999999	0.036100000001169974	states																																	"         state_name
id                 
4   announce_reward"
8631.4267	0.23959999999897263	states																																	"   state_name
id           
8      reward"
8631.666299999999	0.00010000000111176632	states																																	"    state_name
id            
7   stop_sound"
8631.8601	4.883700000000317	trials	1.0	2.0	80.0	1.0755250712040463	0.0	0.15	True	2710.0	False	False	43921.0	False	High	True	False	0.025	0.0	1.8111351528835846	1.5	9.0													
8631.8601	4.883700000000317	processed_trials			80.0	1.0755250712040463					False				High					1.8111351528835846		9.0	40.0	40.0	True	False	False	1.8111000000000006	1.8111000000000006	20.347301156158494	1.285	-0.16636896930926376	Left	0.5343999999999999	
8631.8601	1.2849999999998545	states																																	"       state_name
id               
3   wait_for_poke"
8633.1451	1.0755000000008295	states																																	"        state_name
id                
1   nose_in_center"
8634.2206	0.0019999999985884642	states																																	"   state_name
id           
5      go_cue"
8634.2226	1.8111000000008062	states																																	"            state_name
id                    
6   wait_for_side_poke"
8636.0337	0.08740000000034343	states																																	"         state_name
id                 
4   announce_reward"
8636.1211	0.6225999999987835	states																																	"   state_name
id           
8      reward"
8636.743699999999	0.00010000000111176632	states																																	"    state_name
id            
7   stop_sound"
8636.9372	6.923600000000079	trials	1.0	2.0	80.0	1.0576019134906327	0.0	0.15	True	2790.0	False	False	43922.0	False	High	True	False	0.025	0.0	0.7935341734808177	1.5	9.0													
8636.9372	6.923600000000079	processed_trials			80.0	1.0576019134906327					False				High					0.7935341734808177		9.0	40.0	40.0	True	False	False	0.7934999999999999	0.7934999999999999	20.347301156158494	4.0276	-0.04529884155484901	Right	2.3978999999999995	
8636.9372	4.027599999999438	states																																	"       state_name
id               
3   wait_for_poke"
8640.9648	1.0576000000000931	states																																	"        state_name
id                
1   nose_in_center"
8642.0224	0.0020000000004074536	states																																	"   state_name
id           
5      go_cue"
8642.0244	0.7934999999997672	states																																	"            state_name
id                    
6   wait_for_side_poke"
8642.8179	0.12269999999989523	states																																	"         state_name
id                 
4   announce_reward"
8642.9406	0.9201000000011845	states																																	"   state_name
id           
8      reward"
8643.860700000001	9.999999929277692e-05	states																																	"    state_name
id            
7   stop_sound"
8644.0452	3.8761999999987893	trials	1.0	2.0	20.0	1.1325522970130213	0.0	0.15	True	2870.0	True	False	43923.0	False	High	True	False	0.025	0.0	100.0	1.5	9.0													
8644.0452	3.8761999999987893	processed_trials			20.0	1.1325522970130213					True				High					100.0		9.0	40.0	40.0	False	True	False			20.347301156158494	1.7926	-0.1439613280753467	Left	0.9553	
8644.0452	1.7926000000006752	states																																	"       state_name
id               
3   wait_for_poke"
8645.837800000001	0.08359999999993306	states																																	"        state_name
id                
1   nose_in_center"
8645.921400000001	2.0	states																																	"          state_name
id                  
2   punish_violation"
8648.1321	2.5825999999997293	trials	1.0	2.0	20.0	1.1606437110370387	0.0	0.15	True	2870.0	False	False	43924.0	False	High	True	True	0.025	0.0	0.520074053102328	1.5	9.0													
8648.1321	2.5825999999997293	processed_trials			20.0	1.1606437110370387					False				High					0.520074053102328		9.0	40.0	40.0	True	False	False	0.5201000000000002	0.5201000000000002	20.347301156158494	0.3475	-0.2077542405007477	Right	0.3475	
8648.1321	0.3474999999998545	states																																	"       state_name
id               
3   wait_for_poke"
8648.4796	1.1605999999992491	states																																	"        state_name
id                
1   nose_in_center"
8649.6402	0.0020000000004074536	states																																	"   state_name
id           
5      go_cue"
8649.6422	0.5200999999997293	states																																	"            state_name
id                    
6   wait_for_side_poke"
8650.1623	0.31270000000040454	states																																	"         state_name
id                 
4   announce_reward"
8650.475	0.23960000000079162	states																																	"   state_name
id           
8      reward"
8650.714600000001	9.999999929277692e-05	states																																	"    state_name
id            
7   stop_sound"
8650.9324	3.459500000000844	trials	1.0	2.0	20.0	1.127080380381778	0.0	0.15	True	2890.0	False	False	43925.0	False	High	True	False	0.025	0.0	1.9541741768443504	1.5	9.0													
8650.9324	3.459500000000844	processed_trials			20.0	1.127080380381778					False				High					1.9541741768443504		9.0	40.0	40.0	False	True	False			20.347301156158494	1.3415	-0.163874816965457	Left	0.7025999999999999	
8650.9324	1.341500000000451	states																																	"       state_name
id               
3   wait_for_poke"
8652.2739	0.1180000000003929	states																																	"        state_name
id                
1   nose_in_center"
8652.3919	2.0	states																																	"          state_name
id                  
2   punish_violation"
8654.5746	2.0861000000004424	trials	1.0	2.0	20.0	1.1270804	0.0	0.15	True	2890.0	False	False	43926.0	False	High	True	True	0.025	0.0	5.703737976260427	1.5	9.0													
8654.5746	2.0861000000004424	processed_trials			20.0	1.1270804					False				High					5.703737976260427		9.0	40.0	40.0	False	True	False			20.347301156158494	0.0485	-0.22095338299275166	Left	0.0485	
8654.5746	0.0485000000007858	states																																	"       state_name
id               
3   wait_for_poke"
8654.6231	0.037599999999656575	states																																	"        state_name
id                
1   nose_in_center"
8654.6607	2.0	states																																	"          state_name
id                  
2   punish_violation"
8656.8445	11.27520000000004	trials	1.0	2.0	20.0	0.8797669440515792	0.0	0.15	True	2890.0	True	False	43927.0	False	High	True	True	0.025	0.0	100.0	1.5	9.0													
8656.8445	11.27520000000004	processed_trials			20.0	0.8797669440515792					True				High					100.0		9.0	40.0	40.0	False	False	True	9.6242	9.6242	20.347301156158494	0.5691	-0.19797186599831268	Right	0.5691	
8656.8445	0.569100000000617	states																																	"       state_name
id               
3   wait_for_poke"
8657.4136	0.8797999999987951	states																																	"        state_name
id                
1   nose_in_center"
8658.293399999999	0.0020000000004074536	states																																	"   state_name
id           
5      go_cue"
8658.295399999999	9.6242000000002	states																																	"            state_name
id                    
6   wait_for_side_poke"
8667.9196	0.2000000000007276	states																																	"   state_name
id           
0     opt_out"
8668.1196	9.999999929277692e-05	states																																	"    state_name
id            
7   stop_sound"
8668.3107	2.37670000000071	trials	1.0	2.0	20.0	0.9168313367303059	0.0	0.15	True	2890.0	True	False	43928.0	False	High	True	False	0.025	0.0	100.0	1.5	9.0													
8668.3107	2.37670000000071	processed_trials			20.0	0.9168313367303059					True				High					100.0		9.0	40.0	40.0	False	True	False			20.347301156158494	0.2595	-0.21163893795658834	Right	0.2595	
8668.3107	0.2595000000001164	states																																	"       state_name
id               
3   wait_for_poke"
8668.5702	0.11720000000059372	states																																	"        state_name
id                
1   nose_in_center"
8668.6874	2.0	states																																	"          state_name
id                  
2   punish_violation"
8670.8773	2.4338000000007014	trials	1.0	2.0	20.0	1.1316810008422207	0.0	0.15	True	2890.0	False	False	43929.0	False	High	True	True	0.025	0.0	0.9691491250739379	1.5	9.0													
8670.8773	2.4338000000007014	processed_trials			20.0	1.1316810008422207					False				High					0.9691491250739379		9.0	40.0	40.0	True	False	False	0.9690999999999999	0.9690999999999999	20.347301156158494	0.0205	-0.2221894230923373	Right	0.0205	
8670.8773	0.02050000000053842	states																																	"       state_name
id               
3   wait_for_poke"
8670.8978	1.1316999999999098	states																																	"        state_name
id                
1   nose_in_center"
8672.0295	0.0020000000004074536	states																																	"   state_name
id           
5      go_cue"
8672.031500000001	0.9690999999984342	states																																	"            state_name
id                    
6   wait_for_side_poke"
8673.0006	0.07080000000132713	states																																	"         state_name
id                 
4   announce_reward"
8673.0714	0.23959999999897263	states																																	"   state_name
id           
8      reward"
8673.311	0.00010000000111176632	states																																	"    state_name
id            
7   stop_sound"
8673.4995	3.3500999999996566	trials	1.0	2.0	80.0	1.0505564114605752	0.0	0.15	True	2910.0	True	False	43930.0	False	High	True	False	0.025	0.0	100.0	1.5	9.0													
8673.4995	3.3500999999996566	processed_trials			80.0	1.0505564114605752					True				High					100.0		9.0	40.0	40.0	False	True	False			20.347301156158494	1.2405	-0.16833339018181953	Left	0.6101	
8673.4995	1.2404999999998836	states																																	"       state_name
id               
3   wait_for_poke"
8674.74	0.10959999999977299	states																																	"        state_name
id                
1   nose_in_center"
8674.8496	2.0	states																																	"          state_name
id                  
2   punish_violation"
8677.0463	2.070400000000518	trials	1.0	2.0	80.0	0.85837608491906	0.0	0.15	True	2910.0	False	False	43931.0	False	High	True	True	0.025	0.0	0.1677357703277672	1.5	9.0													
8677.0463	2.070400000000518	processed_trials			80.0	0.85837608491906					False				High					0.1677357703277672		9.0	40.0	40.0	False	True	False			20.347301156158494	0.0505	-0.2208650944142098	Left	0.0505	
8677.0463	0.05049999999937427	states																																	"       state_name
id               
3   wait_for_poke"
8677.0968	0.01990000000114378	states																																	"        state_name
id                
1   nose_in_center"
8677.1167	2.0	states																																	"          state_name
id                  
2   punish_violation"
8679.3111	2.0596999999997934	trials	1.0	2.0	80.0	1.126233447122227	0.0	0.15	True	2910.0	False	False	43932.0	False	High	True	True	0.025	0.0	3.3222475599895245	1.5	9.0													
8679.3111	2.0596999999997934	processed_trials			80.0	1.126233447122227					False				High					3.3222475599895245		9.0	40.0	40.0	False	True	False			20.347301156158494	0.023100000000000002	-0.2220746479402329	Right	0.023100000000000002	
8679.3111	0.023100000000340515	states																																	"       state_name
id               
3   wait_for_poke"
8679.334200000001	0.03659999999945285	states																																	"        state_name
id                
1   nose_in_center"
8679.3708	2.0	states																																	"          state_name
id                  
2   punish_violation"
8681.5924	4.935300000001007	trials	1.0	2.0	80.0	1.0303472387316508	0.0	0.15	True	2910.0	False	False	43933.0	False	High	True	True	0.025	0.0	2.2204641779136107	1.5	9.0													
8681.5924	4.935300000001007	processed_trials			80.0	1.0303472387316508					False				High					2.2204641779136107		9.0	40.0	40.0	True	False	False	2.2205	2.2205	20.347301156158494	0.7116	-0.19168130477720713	Right	0.7116	
8681.5924	0.7116000000005442	states																																	"       state_name
id               
3   wait_for_poke"
8682.304	1.0303000000003522	states																																	"        state_name
id                
1   nose_in_center"
8683.3343	0.0019999999985884642	states																																	"   state_name
id           
5      go_cue"
8683.336299999999	2.220500000001266	states																																	"            state_name
id                    
6   wait_for_side_poke"
8685.5568	0.05069999999977881	states																																	"         state_name
id                 
4   announce_reward"
8685.6075	0.9200999999993655	states																																	"   state_name
id           
8      reward"
8686.5276	9.999999929277692e-05	states																																	"    state_name
id            
7   stop_sound"
8686.7166	3.8497000000006665	trials	1.0	2.0	40.0	0.9814077431287919	0.0	0.15	True	2990.0	False	False	43934.0	False	High	True	False	0.025	0.0	1.0041629407171926	1.5	9.0													
8686.7166	3.8497000000006665	processed_trials			40.0	0.9814077431287919					False				High					1.0041629407171926		9.0	40.0	40.0	False	True	False			20.347301156158494	1.8276	-0.14241627795086464	Left	0.6617999999999999	
8686.7166	1.8276000000005297	states																																	"       state_name
id               
3   wait_for_poke"
8688.5442	0.022100000000136788	states																																	"        state_name
id                
1   nose_in_center"
8688.5663	2.0	states																																	"          state_name
id                  
2   punish_violation"
8690.7854	2.061099999998987	trials	1.0	2.0	40.0	1.0923835841334828	0.0	0.15	True	2990.0	False	False	43935.0	False	High	True	True	0.025	0.0	0.6459419823587363	1.5	9.0													
8690.7854	2.061099999998987	processed_trials			40.0	1.0923835841334828					False				High					0.6459419823587363		9.0	40.0	40.0	False	True	False			20.347301156158494	0.0282	-0.22184951206495124	Left	0.0282	
8690.7854	0.028200000000651926	states																																	"       state_name
id               
3   wait_for_poke"
8690.813600000001	0.03290000000015425	states																																	"        state_name
id                
1   nose_in_center"
8690.846500000001	2.0	states																																	"          state_name
id                  
2   punish_violation"
8693.0472	14.448300000000017	trials	1.0	2.0	40.0	0.9109731803502804	0.0	0.15	True	2990.0	True	False	43936.0	False	High	True	True	0.025	0.0	100.0	1.5	9.0													
8693.0472	14.448300000000017	processed_trials			40.0	0.9109731803502804					True				High					100.0		9.0	40.0	40.0	False	False	True	13.0631	13.0631	20.347301156158494	0.2721	-0.2110827199117748	Left	0.2721	
8693.0472	0.2721000000001368	states																																	"       state_name
id               
3   wait_for_poke"
8693.319300000001	0.9110000000000582	states																																	"        state_name
id                
1   nose_in_center"
8694.230300000001	0.0020000000004074536	states																																	"   state_name
id           
5      go_cue"
8694.232300000001	13.063099999999395	states																																	"            state_name
id                    
6   wait_for_side_poke"
8707.2954	0.2000000000007276	states																																	"   state_name
id           
0     opt_out"
8707.495400000002	9.999999929277692e-05	states																																	"    state_name
id            
7   stop_sound"
8707.7002	2.2291000000004715	trials	1.0	2.0	20.0	0.9598041569266823	0.0	0.15	True	2990.0	False	False	43937.0	False	High	True	False	0.025	0.0	1.6313661061023592	1.5	9.0													
8707.7002	2.2291000000004715	processed_trials			20.0	0.9598041569266823					False				High					1.6313661061023592		9.0	40.0	40.0	False	True	False			20.347301156158494	0.2033	-0.21411984701361383	Left	0.2033	
8707.7002	0.2032999999992171	states																																	"       state_name
id               
3   wait_for_poke"
8707.903499999999	0.025800000001254375	states																																	"        state_name
id                
1   nose_in_center"
8707.9293	2.0	states																																	"          state_name
id                  
2   punish_violation"
8710.1213	2.251299999999901	trials	1.0	2.0	20.0	1.0109354117793505	0.0	0.15	True	2990.0	False	False	43938.0	False	High	True	True	0.025	0.0	1.7569510779989144	1.5	9.0													
8710.1213	2.251299999999901	processed_trials			20.0	1.0109354117793505					False				High					1.7569510779989144		9.0	40.0	40.0	False	True	False			20.347301156158494	0.06620000000000001	-0.22017202907265643	Left	0.06620000000000001	
8710.1213	0.0661999999992986	states																																	"       state_name
id               
3   wait_for_poke"
8710.1875	0.18510000000060245	states																																	"        state_name
id                
1   nose_in_center"
8710.3726	2.0	states																																	"          state_name
id                  
2   punish_violation"
8712.573	6.942399999999907	trials	1.0	2.0	20.0	0.8351569279017971	0.0	0.15	True	2990.0	False	False	43939.0	False	High	True	True	0.025	0.0	5.729839209735865	1.5	9.0													
8712.573	6.942399999999907	processed_trials			20.0	0.8351569279017971					False				High					5.729839209735865		9.0	40.0	40.0	True	False	False	5.729799999999999	5.729799999999999	20.347301156158494	0.09820000000000001	-0.2187594118159871	Right	0.09820000000000001	
8712.573	0.09820000000036089	states																																	"       state_name
id               
3   wait_for_poke"
8712.6712	0.8351999999995314	states																																	"        state_name
id                
1   nose_in_center"
8713.5064	0.0020000000004074536	states																																	"   state_name
id           
5      go_cue"
8713.5084	5.729799999999159	states																																	"            state_name
id                    
6   wait_for_side_poke"
8719.2382	0.0375000000003638	states																																	"         state_name
id                 
4   announce_reward"
8719.2757	0.23960000000079162	states																																	"   state_name
id           
8      reward"
8719.515300000001	9.999999929277692e-05	states																																	"    state_name
id            
7   stop_sound"
8719.7143	3.049699999999575	trials	1.0	2.0	40.0	0.83671114290464	0.0	0.15	True	3010.0	False	False	43940.0	False	High	True	False	0.025	0.0	0.20947281835880127	1.5	9.0													
8719.7143	3.049699999999575	processed_trials			40.0	0.83671114290464					False				High					0.20947281835880127		9.0	40.0	40.0	False	True	False			20.347301156158494	1.042	-0.17709603160209642	Right	0.4183	
8719.7143	1.0419999999994616	states																																	"       state_name
id               
3   wait_for_poke"
8720.7563	0.007700000000113505	states																																	"        state_name
id                
1   nose_in_center"
8720.764	2.0	states																																	"          state_name
id                  
2   punish_violation"
8722.9654	2.988200000001598	trials	1.0	2.0	40.0	1.0993440652688797	0.0	0.15	True	3010.0	False	False	43941.0	False	High	True	True	0.025	0.0	1.3711579095300765	1.5	9.0													
8722.9654	2.988200000001598	processed_trials			40.0	1.0993440652688797					False				High					1.3711579095300765		9.0	40.0	40.0	True	False	False	1.3712	1.3712	20.347301156158494	0.1574	-0.21614606989114887	Left	0.1574	
8722.9654	0.1574000000000524	states																																	"       state_name
id               
3   wait_for_poke"
8723.1228	1.0992999999998574	states																																	"        state_name
id                
1   nose_in_center"
8724.222099999999	0.0020000000004074536	states																																	"   state_name
id           
5      go_cue"
8724.2241	1.3711999999995896	states																																	"            state_name
id                    
6   wait_for_side_poke"
8725.595299999999	0.030899999999746797	states																																	"         state_name
id                 
4   announce_reward"
8725.626199999999	0.32730000000083237	states																																	"   state_name
id           
8      reward"
8725.9535	9.999999929277692e-05	states																																	"    state_name
id            
7   stop_sound"
8726.1559	5.274900000000343	trials	1.0	2.0	20.0	1.0993441	0.0	0.15	True	3050.0	True	False	43942.0	False	High	True	False	0.025	0.0	100.0	1.5	9.0													
8726.1559	5.274900000000343	processed_trials			20.0	1.0993441					True				High					100.0		9.0	40.0	40.0	False	True	False			20.347301156158494	3.1178000000000003	-0.08546131593352854	Right	1.5576000000000003	
8726.1559	3.1177999999999884	states																																	"       state_name
id               
3   wait_for_poke"
8729.2737	0.15710000000035507	states																																	"        state_name
id                
1   nose_in_center"
8729.4308	2.0	states																																	"          state_name
id                  
2   punish_violation"
8731.6366	8.125299999999697	trials	1.0	2.0	20.0	1.0114762030081343	0.0	0.15	True	3050.0	False	False	43943.0	False	High	True	True	0.025	0.0	10.335369451728795	1.5	9.0													
8731.6366	8.125299999999697	processed_trials			20.0	1.0114762030081343					False				High					10.335369451728795		9.0	40.0	40.0	False	False	True	6.8956	6.8956	20.347301156158494	0.0161	-0.22238365796512935	Right	0.0161	
8731.6366	0.016100000000733417	states																																	"       state_name
id               
3   wait_for_poke"
8731.6527	1.0114999999987049	states																																	"        state_name
id                
1   nose_in_center"
8732.6642	0.0020000000004074536	states																																	"   state_name
id           
5      go_cue"
8732.6662	6.895599999999831	states																																	"            state_name
id                    
6   wait_for_side_poke"
8739.5618	0.2000000000007276	states																																	"   state_name
id           
0     opt_out"
8739.7618	9.999999929277692e-05	states																																	"    state_name
id            
7   stop_sound"
8739.9931	2.263300000000527	trials	1.0	2.0	20.0	1.1697401265113296	0.0	0.15	True	3050.0	True	False	43944.0	False	High	True	False	0.025	0.0	100.0	1.5	9.0													
8739.9931	2.263300000000527	processed_trials			20.0	1.1697401265113296					True				High					100.0		9.0	40.0	40.0	False	True	False			20.347301156158494	0.1978	-0.21436264060460386	Left	0.1978	
8739.9931	0.1977999999999156	states																																	"       state_name
id               
3   wait_for_poke"
8740.1909	0.06550000000061118	states																																	"        state_name
id                
1   nose_in_center"
8740.2564	2.0	states																																	"          state_name
id                  
2   punish_violation"
8742.4567	9.3791999999994	trials	1.0	2.0	20.0	0.8228222375440228	0.0	0.15	True	3050.0	True	False	43945.0	False	High	True	True	0.025	0.0	100.0	1.5	9.0													
8742.4567	9.3791999999994	processed_trials			20.0	0.8228222375440228					True				High					100.0		9.0	40.0	40.0	False	False	True	8.225	8.225	20.347301156158494	0.1293	-0.21738652441966164	Right	0.1293	
8742.4567	0.12930000000051223	states																																	"       state_name
id               
3   wait_for_poke"
8742.586000000001	0.8227999999999156	states																																	"        state_name
id                
1   nose_in_center"
8743.408800000001	0.0020000000004074536	states																																	"   state_name
id           
5      go_cue"
8743.410800000001	8.224999999998545	states																																	"            state_name
id                    
6   wait_for_side_poke"
8751.6358	0.2000000000007276	states																																	"   state_name
id           
0     opt_out"
8751.8358	9.999999929277692e-05	states																																	"    state_name
id            
7   stop_sound"
8752.0382	2.4208999999991647	trials	1.0	2.0	40.0	1.1313287943659374	0.0	0.15	True	3050.0	False	False	43946.0	False	High	True	False	0.025	0.0	3.3096286101399963	1.5	9.0													
8752.0382	2.4208999999991647	processed_trials			40.0	1.1313287943659374					False				High					3.3096286101399963		9.0	40.0	40.0	False	True	False			20.347301156158494	0.1968	-0.2144067848938748	Right	0.1968	
8752.0382	0.19679999999971187	states																																	"       state_name
id               
3   wait_for_poke"
8752.235	0.22409999999945285	states																																	"        state_name
id                
1   nose_in_center"
8752.4591	2.0	states																																	"          state_name
id                  
2   punish_violation"
8754.6649	4.650900000000547	trials	1.0	2.0	40.0	0.8561616893862343	0.0	0.15	True	3050.0	False	False	43947.0	False	High	True	True	0.025	0.0	3.3096286	1.5	9.0													
8754.6649	4.650900000000547	processed_trials			40.0	0.8561616893862343					False				High					3.3096286		9.0	40.0	40.0	True	False	False	3.3096	3.3096	20.347301156158494	0.0395	-0.22135068159618987	Left	0.0395	
8754.6649	0.03950000000077125	states																																	"       state_name
id               
3   wait_for_poke"
8754.7044	0.8561999999983527	states																																	"        state_name
id                
1   nose_in_center"
8755.560599999999	0.0020000000004074536	states																																	"   state_name
id           
5      go_cue"
8755.5626	3.3096000000005006	states																																	"            state_name
id                    
6   wait_for_side_poke"
8758.8722	0.11620000000038999	states																																	"         state_name
id                 
4   announce_reward"
8758.9884	0.3272999999990134	states																																	"   state_name
id           
8      reward"
8759.3157	0.00010000000111176632	states																																	"    state_name
id            
7   stop_sound"
8759.518	5.627500000000509	trials	1.0	2.0	20.0	0.8083214724994918	0.0	0.15	True	3090.0	False	False	43948.0	False	High	True	False	0.025	0.0	2.1181668482208553	1.5	9.0													
8759.518	5.627500000000509	processed_trials			20.0	0.8083214724994918					False				High					2.1181668482208553		9.0	40.0	40.0	False	True	False			20.347301156158494	3.5930999999999997	-0.06447953524306209	Right	2.0063999999999997	
8759.518	3.5931000000000495	states																																	"       state_name
id               
3   wait_for_poke"
8763.1111	0.03440000000045984	states																																	"        state_name
id                
1   nose_in_center"
8763.1455	2.0	states																																	"          state_name
id                  
2   punish_violation"
8765.346	3.3119000000006054	trials	1.0	2.0	20.0	1.0517265737325217	0.0	0.15	True	3090.0	True	False	43949.0	False	High	True	True	0.025	0.0	2.1181668	1.5	9.0													
8765.346	3.3119000000006054	processed_trials			20.0	1.0517265737325217					False				High					2.1181668		9.0	40.0	40.0	False	False	False	2.1182	2.1182	20.347301156158494	0.14	-0.21691418052446282	Left	0.14	
8765.346	0.13999999999941792	states																																	"       state_name
id               
3   wait_for_poke"
8765.485999999999	1.0516999999999825	states																																	"        state_name
id                
1   nose_in_center"
8766.537699999999	0.0020000000004074536	states																																	"   state_name
id           
5      go_cue"
8766.5397	2.1182000000007974	states																																	"            state_name
id                    
6   wait_for_side_poke"
8768.8601	7.360099999999875	trials	1.0	2.0	80.0	0.9554905873202932	0.0	0.15	True	3090.0	True	False	43950.0	False	High	True	False	0.025	0.0	100.0	1.5	9.0													
8768.8601	7.360099999999875	processed_trials			80.0	0.9554905873202932					True				High					100.0		9.0	40.0	40.0	False	True	False			20.347301156158494	5.3339	0.012366843519748833	Left	5.3339	
8768.8601	5.33389999999963	states																																	"       state_name
id               
3   wait_for_poke"
8774.194	0.026200000000244472	states																																	"        state_name
id                
1   nose_in_center"
8774.2202	2.0	states																																	"          state_name
id                  
2   punish_violation"
8776.4221	10.050000000001091	trials	1.0	2.0	80.0	1.1172280798470617	0.0	0.15	True	3090.0	True	False	43951.0	False	High	True	True	0.025	0.0	100.0	1.5	9.0													
8776.4221	10.050000000001091	processed_trials			80.0	1.1172280798470617					True				High					100.0		9.0	40.0	40.0	False	False	True	8.485199999999999	8.485199999999999	20.347301156158494	0.2455	-0.21225695800638117	Right	0.2455	
8776.4221	0.24550000000090222	states																																	"       state_name
id               
3   wait_for_poke"
8776.6676	1.1171999999987747	states																																	"        state_name
id                
1   nose_in_center"
8777.7848	0.0020000000004074536	states																																	"   state_name
id           
5      go_cue"
8777.7868	8.485199999999168	states																																	"            state_name
id                    
6   wait_for_side_poke"
8786.271999999999	0.2000000000007276	states																																	"   state_name
id           
0     opt_out"
8786.472	9.999999929277692e-05	states																																	"    state_name
id            
7   stop_sound"
8786.6873	2.3149000000012165	trials	1.0	2.0	80.0	1.1172281	0.0	0.15	True	3090.0	False	False	43952.0	False	High	True	False	0.025	0.0	3.348419192558577	1.5	9.0													
8786.6873	2.3149000000012165	processed_trials			80.0	1.1172281					False				High					3.348419192558577		9.0	40.0	40.0	False	True	False			20.347301156158494	0.273	-0.21104299005143098	Right	0.273	
8786.6873	0.27299999999922875	states																																	"       state_name
id               
3   wait_for_poke"
8786.960299999999	0.0419000000001688	states																																	"        state_name
id                
1   nose_in_center"
8787.002199999999	2.0	states																																	"          state_name
id                  
2   punish_violation"
8789.2046	10.91190000000097	trials	1.0	2.0	80.0	0.8867876227980489	0.0	0.15	True	3090.0	False	False	43953.0	False	High	True	True	0.025	0.0	9.063333195557822	1.5	9.0													
8789.2046	10.91190000000097	processed_trials			80.0	0.8867876227980489					False				High					9.063333195557822		9.0	40.0	40.0	True	False	False	9.0633	9.0633	20.347301156158494	0.18530000000000002	-0.21491444422049033	Left	0.18530000000000002	
8789.2046	0.185299999999188	states																																	"       state_name
id               
3   wait_for_poke"
8789.389899999998	0.8868000000002212	states																																	"        state_name
id                
1   nose_in_center"
8790.276699999999	0.0020000000004074536	states																																	"   state_name
id           
5      go_cue"
8790.278699999999	9.0632999999998	states																																	"            state_name
id                    
6   wait_for_side_poke"
8799.341999999999	0.1517999999996391	states																																	"         state_name
id                 
4   announce_reward"
8799.493799999998	0.6226000000006024	states																																	"   state_name
id           
8      reward"
8800.116399999999	9.999999929277692e-05	states																																	"    state_name
id            
7   stop_sound"
8800.3303	7.425900000000183	trials	1.0	2.0	80.0	0.9318094305075797	0.0	0.15	True	3170.0	False	False	43954.0	False	High	True	False	0.025	0.0	1.3545304205150384	1.5	9.0													
8800.3303	7.425900000000183	processed_trials			80.0	0.9318094305075797					False				High					1.3545304205150384		9.0	40.0	40.0	False	True	False			20.347301156158494	5.2195	0.007316736827156028	Left	2.5763000000000003	
8800.3303	5.219499999999243	states																																	"       state_name
id               
3   wait_for_poke"
8805.549799999999	0.20640000000094005	states																																	"        state_name
id                
1   nose_in_center"
8805.7562	2.0	states																																	"          state_name
id                  
2   punish_violation"
8807.9804	2.290499999999156	trials	1.0	2.0	80.0	0.9109575242817725	0.0	0.15	True	3170.0	True	False	43955.0	False	High	True	True	0.025	0.0	100.0	1.5	9.0													
8807.9804	2.290499999999156	processed_trials			80.0	0.9109575242817725					True				High					100.0		9.0	40.0	40.0	False	True	False			20.347301156158494	0.1298	-0.21736445227502615	Left	0.1298	
8807.9804	0.1298000000006141	states																																	"       state_name
id               
3   wait_for_poke"
8808.110200000001	0.1606999999985419	states																																	"        state_name
id                
1   nose_in_center"
8808.2709	2.0	states																																	"          state_name
id                  
2   punish_violation"
8810.5105	2.6831999999994878	trials	1.0	2.0	80.0	0.8586879557075262	0.0	0.15	True	3170.0	False	False	43956.0	False	High	True	True	0.025	0.0	1.1607371401788715	1.5	9.0													
8810.5105	2.6831999999994878	processed_trials			80.0	0.8586879557075262					False				High					1.1607371401788715		9.0	40.0	40.0	True	False	False	1.1607000000000003	1.1607000000000003	20.347301156158494	0.031100000000000003	-0.22172149362606558	Left	0.031100000000000003	
8810.5105	0.03110000000015134	states																																	"       state_name
id               
3   wait_for_poke"
8810.5416	0.858700000000681	states																																	"        state_name
id                
1   nose_in_center"
8811.400300000001	0.0019999999985884642	states																																	"   state_name
id           
5      go_cue"
8811.4023	1.1607000000003609	states																																	"            state_name
id                    
6   wait_for_side_poke"
8812.563	0.007999999999810825	states																																	"         state_name
id                 
4   announce_reward"
8812.571	0.6226000000006024	states																																	"   state_name
id           
8      reward"
8813.1936	9.999999929277692e-05	states																																	"    state_name
id            
7   stop_sound"
8813.4067	7.7031000000006316	trials	1.0	2.0	80.0	1.171668673773177	0.0	0.15	True	3250.0	False	False	43957.0	False	High	True	False	0.025	0.0	2.749360056276249	1.5	9.0													
8813.4067	7.7031000000006316	processed_trials			80.0	1.171668673773177					False				High					2.749360056276249		9.0	40.0	40.0	False	True	False			20.347301156158494	5.381	0.014446039544409003	Right	1.2263000000000002	
8813.4067	5.380999999999403	states																																	"       state_name
id               
3   wait_for_poke"
8818.787699999999	0.3221000000012282	states																																	"        state_name
id                
1   nose_in_center"
8819.1098	2.0	states																																	"          state_name
id                  
2   punish_violation"
8821.3188	2.031700000001365	trials	1.0	2.0	80.0	0.9287489746154023	0.0	0.15	True	3250.0	False	False	43958.0	False	High	True	True	0.025	0.0	2.7607217263293142	1.5	9.0													
8821.3188	2.031700000001365	processed_trials			80.0	0.9287489746154023					False				High					2.7607217263293142		9.0	40.0	40.0	False	True	False			20.347301156158494	0.0174	-0.22232627038907712	Right	0.0174	
8821.3188	0.017400000000634464	states																																	"       state_name
id               
3   wait_for_poke"
8821.3362	0.014299999998911517	states																																	"        state_name
id                
1   nose_in_center"
8821.350499999999	2.0	states																																	"          state_name
id                  
2   punish_violation"
8823.5611	3.8945999999996275	trials	1.0	2.0	80.0	1.09177160796923	0.0	0.15	True	3250.0	False	False	43959.0	False	High	True	True	0.025	0.0	1.7494900859285671	1.5	9.0													
8823.5611	3.8945999999996275	processed_trials			80.0	1.09177160796923					False				High					1.7494900859285671		9.0	40.0	40.0	True	False	False	1.7495000000000003	1.7495000000000003	20.347301156158494	0.043	-0.2211961765837417	Right	0.043	
8823.5611	0.042999999999665306	states																																	"       state_name
id               
3   wait_for_poke"
8823.6041	1.0918000000001484	states																																	"        state_name
id                
1   nose_in_center"
8824.6959	0.0020000000004074536	states																																	"   state_name
id           
5      go_cue"
8824.697900000001	1.7494999999998981	states																																	"            state_name
id                    
6   wait_for_side_poke"
8826.447400000001	0.08809999999903084	states																																	"         state_name
id                 
4   announce_reward"
8826.5355	0.9201000000011845	states																																	"   state_name
id           
8      reward"
8827.455600000001	9.999999929277692e-05	states																																	"    state_name
id            
7   stop_sound"
8827.6817	3.3748000000014144	trials	1.0	2.0	20.0	0.9482744997679188	0.0	0.15	True	3330.0	False	False	43960.0	False	High	True	False	0.025	0.0	2.8108860956254222	1.5	9.0													
8827.6817	3.3748000000014144	processed_trials			20.0	0.9482744997679188					False				High					2.8108860956254222		9.0	40.0	40.0	False	True	False			20.347301156158494	1.3028	-0.16558320096024146	Right	0.789	
8827.6817	1.302799999999479	states																																	"       state_name
id               
3   wait_for_poke"
8828.984499999999	0.07200000000011642	states																																	"        state_name
id                
1   nose_in_center"
8829.056499999999	2.0	states																																	"          state_name
id                  
2   punish_violation"
8831.2662	2.0843000000004395	trials	1.0	2.0	20.0	0.8962840322066208	0.0	0.15	True	3330.0	False	False	43961.0	False	High	True	True	0.025	0.0	0.3908153668164238	1.5	9.0													
8831.2662	2.0843000000004395	processed_trials			20.0	0.8962840322066208					False				High					0.3908153668164238		9.0	40.0	40.0	False	True	False			20.347301156158494	0.0417	-0.2212535641597939	Left	0.0417	
8831.2662	0.04169999999976426	states																																	"       state_name
id               
3   wait_for_poke"
8831.3079	0.04260000000067521	states																																	"        state_name
id                
1   nose_in_center"
8831.3505	2.0	states																																	"          state_name
id                  
2   punish_violation"
8833.598	2.1828999999997905	trials	1.0	2.0	20.0	0.8503042013872564	0.0	0.15	True	3330.0	True	False	43962.0	False	High	True	True	0.025	0.0	100.0	1.5	9.0													
8833.598	2.1828999999997905	processed_trials			20.0	0.8503042013872564					True				High					100.0		9.0	40.0	40.0	False	True	False			20.347301156158494	0.0182	-0.2222909549576604	Right	0.0182	
8833.598	0.018200000000433647	states																																	"       state_name
id               
3   wait_for_poke"
8833.6162	0.1646999999993568	states																																	"        state_name
id                
1   nose_in_center"
8833.7809	2.0	states																																	"          state_name
id                  
2   punish_violation"
8836.0016	2.3854000000010274	trials	1.0	2.0	20.0	1.1542253541534007	0.0	0.15	True	3330.0	False	False	43963.0	False	High	True	True	0.025	0.0	0.5397405914000093	1.5	9.0													
8836.0016	2.3854000000010274	processed_trials			20.0	1.1542253541534007					False				High					0.5397405914000093		9.0	40.0	40.0	True	False	False	0.5397000000000001	0.5397000000000001	20.347301156158494	0.1194	-0.2178235528834437	Right	0.1194	
8836.0016	0.11939999999958673	states																																	"       state_name
id               
3   wait_for_poke"
8836.121	1.1542000000008557	states																																	"        state_name
id                
1   nose_in_center"
8837.2752	0.0020000000004074536	states																																	"   state_name
id           
5      go_cue"
8837.2772	0.5396999999993568	states																																	"            state_name
id                    
6   wait_for_side_poke"
8837.8169	0.33039999999891734	states																																	"         state_name
id                 
4   announce_reward"
8838.147299999999	0.23960000000079162	states																																	"   state_name
id           
8      reward"
8838.3869	9.999999929277692e-05	states																																	"    state_name
id            
7   stop_sound"
8838.6166	3.9488000000001193	trials	1.0	2.0	20.0	1.1361052108576437	0.0	0.15	True	3350.0	False	False	43964.0	False	High	True	False	0.025	0.0	2.0793544574772405	1.5	9.0													
8838.6166	3.9488000000001193	processed_trials			20.0	1.1361052108576437					False				High					2.0793544574772405		9.0	40.0	40.0	False	True	False			20.347301156158494	1.81	-0.14319321744203276	Left	1.1174	
8838.6166	1.8099999999994907	states																																	"       state_name
id               
3   wait_for_poke"
8840.426599999999	0.13880000000062864	states																																	"        state_name
id                
1   nose_in_center"
8840.5654	2.0	states																																	"          state_name
id                  
2   punish_violation"
8842.7791	2.567300000000614	trials	1.0	2.0	20.0	1.0841308639956466	0.0	0.15	True	3350.0	False	False	43965.0	False	High	True	True	0.025	0.0	1.2096054001094223	1.5	9.0													
8842.7791	2.567300000000614	processed_trials			20.0	1.0841308639956466					False				High					1.2096054001094223		9.0	40.0	40.0	True	False	False	1.2096000000000002	1.2096000000000002	20.347301156158494	0.0081	-0.22273681227929668	Left	0.0081	
8842.7791	0.008099999999103602	states																																	"       state_name
id               
3   wait_for_poke"
8842.787199999999	1.084100000000035	states																																	"        state_name
id                
1   nose_in_center"
8843.871299999999	0.0020000000004074536	states																																	"   state_name
id           
5      go_cue"
8843.8733	1.2096000000001368	states																																	"            state_name
id                    
6   wait_for_side_poke"
8845.0829	0.08109999999942374	states																																	"         state_name
id                 
4   announce_reward"
8845.163999999999	0.1823000000003958	states																																	"   state_name
id           
8      reward"
8845.3463	0.00010000000111176632	states																																	"    state_name
id            
7   stop_sound"
8845.5729	4.4891999999999825	trials	1.0	2.0	80.0	0.8457911537883533	0.0	0.15	True	3370.0	False	False	43966.0	False	High	True	False	0.025	0.0	1.094823532260412	1.5	9.0													
8845.5729	4.4891999999999825	processed_trials			80.0	0.8457911537883533					False				High					1.094823532260412		9.0	40.0	40.0	False	True	False			20.347301156158494	2.4405	-0.11536024305672009	Left	1.2762000000000002	
8845.5729	2.440500000000611	states																																	"       state_name
id               
3   wait_for_poke"
8848.0134	0.04869999999937136	states																																	"        state_name
id                
1   nose_in_center"
8848.0621	2.0	states																																	"          state_name
id                  
2   punish_violation"
8850.2761	2.1776000000008935	trials	1.0	2.0	80.0	1.1317114344564085	0.0	0.15	True	3370.0	False	False	43967.0	False	High	True	True	0.025	0.0	3.2308496401327202	1.5	9.0													
8850.2761	2.1776000000008935	processed_trials			80.0	1.1317114344564085					False				High					3.2308496401327202		9.0	40.0	40.0	False	True	False			20.347301156158494	0.1697	-0.21560309513311662	Left	0.1697	
8850.2761	0.16970000000037544	states																																	"       state_name
id               
3   wait_for_poke"
8850.4458	0.007900000000518048	states																																	"        state_name
id                
1   nose_in_center"
8850.4537	2.0	states																																	"          state_name
id                  
2   punish_violation"
8852.6674	5.218999999999141	trials	1.0	2.0	80.0	1.1317114	0.0	0.15	True	3370.0	False	False	43968.0	False	High	True	True	0.025	0.0	3.2308496	1.5	9.0													
8852.6674	5.218999999999141	processed_trials			80.0	1.1317114					False				High					3.2308496		9.0	40.0	40.0	True	False	False	3.2308000000000003	3.2308000000000003	20.347301156158494	0.188	-0.21479525463945884	Left	0.188	
8852.6674	0.18800000000010186	states																																	"       state_name
id               
3   wait_for_poke"
8852.8554	1.1316999999999098	states																																	"        state_name
id                
1   nose_in_center"
8853.9871	0.0020000000004074536	states																																	"   state_name
id           
5      go_cue"
8853.9891	3.2307999999993626	states																																	"            state_name
id                    
6   wait_for_side_poke"
8857.2199	0.04379999999946449	states																																	"         state_name
id                 
4   announce_reward"
8857.2637	0.6226000000006024	states																																	"   state_name
id           
8      reward"
8857.8863	9.999999929277692e-05	states																																	"    state_name
id            
7   stop_sound"
8858.104	6.184000000001106	trials	1.0	2.0	20.0	0.9191500665293697	0.0	0.15	True	3450.0	False	False	43969.0	False	High	True	False	0.025	0.0	4.839123625554784	1.5	9.0													
8858.104	6.184000000001106	processed_trials			20.0	0.9191500665293697					False				High					4.839123625554784		9.0	40.0	40.0	False	True	False			20.347301156158494	4.1165	-0.04137441423866453	Left	2.5146	
8858.104	4.116500000000087	states																																	"       state_name
id               
3   wait_for_poke"
8862.2205	0.06749999999919964	states																																	"        state_name
id                
1   nose_in_center"
8862.287999999999	2.0	states																																	"          state_name
id                  
2   punish_violation"
8864.5118	40.35230000000047	trials	1.0	2.0	20.0	1.0657551653088373	0.0	0.15	True	3450.0	False	False	43970.0	False	High	True	True	0.025	0.0	0.09672366857936587	1.5	9.0													
8864.5118	40.35230000000047	processed_trials			20.0	1.0657551653088373					False				High					0.09672366857936587		9.0	40.0	40.0	False	True	False			20.347301156158494	38.159699999999994	1.4614384542689896	Left	38.159699999999994	
8864.5118	38.15970000000016	states																																	"       state_name
id               
3   wait_for_poke"
8902.6715	0.1926000000003114	states																																	"        state_name
id                
1   nose_in_center"
8902.8641	2.0	states																																	"          state_name
id                  
2   punish_violation"
8905.0838	2.063299999999799	trials	1.0	2.0	20.0	1.0657552	0.0	0.15	True	3450.0	False	False	43971.0	False	High	True	True	0.025	0.0	7.247842589596875	1.5	9.0													
8905.0838	2.063299999999799	processed_trials			20.0	1.0657552					False				High					7.247842589596875		9.0	40.0	40.0	False	True	False			20.347301156158494	0.0443	-0.22113878900768952	Left	0.0443	
8905.0838	0.04429999999956635	states																																	"       state_name
id               
3   wait_for_poke"
8905.1281	0.01900000000023283	states																																	"        state_name
id                
1   nose_in_center"
8905.1471	2.0	states																																	"          state_name
id                  
2   punish_violation"
8907.3663	3.6596000000008644	trials	1.0	2.0	20.0	1.0975339891607756	0.0	0.15	True	3450.0	False	False	43972.0	False	High	True	True	0.025	0.0	0.04918031689565465	1.5	9.0													
8907.3663	3.6596000000008644	processed_trials			20.0	1.0975339891607756					False				High					0.04918031689565465		9.0	40.0	40.0	True	False	False	0.04919999999999991	0.04919999999999991	20.347301156158494	1.7778	-0.14461466355655625	Left	1.7778	
8907.3663	1.7777999999998428	states																																	"       state_name
id               
3   wait_for_poke"
8909.1441	1.0974999999998545	states																																	"        state_name
id                
1   nose_in_center"
8910.2416	0.0020000000004074536	states																																	"   state_name
id           
5      go_cue"
8910.2436	0.04919999999947322	states																																	"            state_name
id                    
6   wait_for_side_poke"
8910.2928	0.5506999999997788	states																																	"         state_name
id                 
4   announce_reward"
8910.843499999999	0.1823000000003958	states																																	"   state_name
id           
8      reward"
8911.0258	0.00010000000111176632	states																																	"    state_name
id            
7   stop_sound"
8911.2509	12.908700000001772	trials	1.0	2.0	40.0	1.1141544700428803	0.0	0.15	True	3470.0	False	False	43973.0	False	High	True	False	0.025	0.0	8.327238009060913	1.5	9.0													
8911.2509	12.908700000001772	processed_trials			40.0	1.1141544700428803					False				High					8.327238009060913		9.0	40.0	40.0	False	False	True	8.327200000000001	8.327200000000001	20.347301156158494	3.0427	-0.08877655205777436	Right	0.8258999999999999	
8911.2509	3.042699999999968	states																																	"       state_name
id               
3   wait_for_poke"
8914.293599999999	1.1141999999999825	states																																	"        state_name
id                
1   nose_in_center"
8915.407799999999	0.0020000000004074536	states																																	"   state_name
id           
5      go_cue"
8915.4098	8.32719999999972	states																																	"            state_name
id                    
6   wait_for_side_poke"
8923.737	0.22249999999985448	states																																	"         state_name
id                 
4   announce_reward"
8923.959499999999	0.2000000000007276	states																																	"   state_name
id           
0     opt_out"
8924.1595	9.999999929277692e-05	states																																	"    state_name
id            
7   stop_sound"
8924.384	2.5463999999992666	trials	1.0	2.0	40.0	1.0447133155270818	0.0	0.15	True	3470.0	False	False	43974.0	False	High	True	False	0.025	0.0	0.22405875317122667	1.5	9.0													
8924.384	2.5463999999992666	processed_trials			40.0	1.0447133155270818					False				High					0.22405875317122667		9.0	40.0	40.0	True	False	False	0.22409999999999997	0.22409999999999997	20.347301156158494	0.353	-0.20751144690975767	Right	0.353	
8924.384	0.352999999999156	states																																	"       state_name
id               
3   wait_for_poke"
8924.737	1.0447000000003754	states																																	"        state_name
id                
1   nose_in_center"
8925.7817	0.0020000000004074536	states																																	"   state_name
id           
5      go_cue"
8925.7837	0.22409999999945285	states																																	"            state_name
id                    
6   wait_for_side_poke"
8926.0078	0.4646000000011554	states																																	"         state_name
id                 
4   announce_reward"
8926.4724	0.45789999999942665	states																																	"   state_name
id           
8      reward"
8926.9303	9.999999929277692e-05	states																																	"    state_name
id            
7   stop_sound"
8927.1575	3.613900000000285	trials	1.0	2.0	20.0	1.1097979024132216	0.0	0.15	True	3510.0	False	False	43975.0	False	High	True	False	0.025	0.0	2.377801028601837	1.5	9.0													
8927.1575	3.613900000000285	processed_trials			20.0	1.1097979024132216					False				High					2.377801028601837		9.0	40.0	40.0	False	True	False			20.347301156158494	1.5554000000000001	-0.15443235349040801	Left	0.6610000000000001	
8927.1575	1.5553999999992811	states																																	"       state_name
id               
3   wait_for_poke"
8928.712899999999	0.05850000000100408	states																																	"        state_name
id                
1   nose_in_center"
8928.7714	2.0	states																																	"          state_name
id                  
2   punish_violation"
8931.0082	4.173000000000684	trials	1.0	2.0	20.0	1.1999923970535524	0.0	0.15	True	3510.0	False	False	43976.0	False	High	True	True	0.025	0.0	2.3168992035935365	1.5	9.0													
8931.0082	4.173000000000684	processed_trials			20.0	1.1999923970535524					False				High					2.3168992035935365		9.0	40.0	40.0	True	False	False	2.3169000000000004	2.3169000000000004	20.347301156158494	0.2769	-0.21087082732327436	Right	0.2769	
8931.0082	0.2769000000007509	states																																	"       state_name
id               
3   wait_for_poke"
8931.285100000001	1.1999999999989086	states																																	"        state_name
id                
1   nose_in_center"
8932.4851	0.0020000000004074536	states																																	"   state_name
id           
5      go_cue"
8932.4871	2.316899999999805	states																																	"            state_name
id                    
6   wait_for_side_poke"
8934.804	0.1375000000007276	states																																	"         state_name
id                 
4   announce_reward"
8934.9415	0.23959999999897263	states																																	"   state_name
id           
8      reward"
8935.1811	0.00010000000111176632	states																																	"    state_name
id            
7   stop_sound"
8935.4087	2.987699999999677	trials	1.0	2.0	20.0	1.1689853630963682	0.0	0.15	True	3530.0	False	False	43977.0	False	High	True	False	0.025	0.0	0.9870535123502279	1.5	9.0													
8935.4087	2.987699999999677	processed_trials			20.0	1.1689853630963682					False				High					0.9870535123502279		9.0	40.0	40.0	False	True	False			20.347301156158494	0.8997999999999999	-0.18337334953642068	Left	0.5768	
8935.4087	0.8997999999992317	states																																	"       state_name
id               
3   wait_for_poke"
8936.3085	0.08790000000044529	states																																	"        state_name
id                
1   nose_in_center"
8936.3964	2.0	states																																	"          state_name
id                  
2   punish_violation"
8938.6193	5.796199999998862	trials	1.0	2.0	20.0	1.05125606468682	0.0	0.15	True	3530.0	False	False	43978.0	False	High	True	True	0.025	0.0	4.245239980560221	1.5	9.0													
8938.6193	5.796199999998862	processed_trials			20.0	1.05125606468682					False				High					4.245239980560221		9.0	40.0	40.0	True	False	False	4.2452	4.2452	20.347301156158494	0.2995	-0.20987316638575168	Left	0.2995	
8938.6193	0.29949999999917054	states																																	"       state_name
id               
3   wait_for_poke"
8938.9188	1.0513000000009924	states																																	"        state_name
id                
1   nose_in_center"
8939.9701	0.0020000000004074536	states																																	"   state_name
id           
5      go_cue"
8939.9721	4.245199999999386	states																																	"            state_name
id                    
6   wait_for_side_poke"
8944.2173	0.015799999999217107	states																																	"         state_name
id                 
4   announce_reward"
8944.2331	0.1823000000003958	states																																	"   state_name
id           
8      reward"
8944.4154	0.00010000000111176632	states																																	"    state_name
id            
7   stop_sound"
8944.6702	5.402000000000044	trials	1.0	2.0	80.0	0.8684572838757127	0.0	0.15	True	3550.0	False	False	43979.0	False	High	True	False	0.025	0.0	1.8976721840796593	1.5	9.0													
8944.6702	5.402000000000044	processed_trials			80.0	0.8684572838757127					False				High					1.8976721840796593		9.0	40.0	40.0	True	False	False	1.8977000000000004	1.8977000000000004	20.347301156158494	1.9692	-0.1361654465901029	Left	0.9771000000000001	
8944.6702	1.969199999999546	states																																	"       state_name
id               
3   wait_for_poke"
8946.6394	0.8685000000004948	states																																	"        state_name
id                
1   nose_in_center"
8947.5079	0.0020000000004074536	states																																	"   state_name
id           
5      go_cue"
8947.509900000001	1.8976999999995314	states																																	"            state_name
id                    
6   wait_for_side_poke"
8949.4076	0.0419000000001688	states																																	"         state_name
id                 
4   announce_reward"
8949.4495	0.6226000000006024	states																																	"   state_name
id           
8      reward"
8950.072100000001	9.999999929277692e-05	states																																	"    state_name
id            
7   stop_sound"
8950.3052	7.459399999999732	trials	1.0	2.0	80.0	1.1065150408968152	0.0	0.15	True	3630.0	False	False	43980.0	False	High	True	False	0.025	0.0	0.0026122463746812365	1.5	9.0													
8950.3052	7.459399999999732	processed_trials			80.0	1.1065150408968152					False				High					0.0026122463746812365		9.0	40.0	40.0	True	False	False	0.0025999999999992696	0.0025999999999992696	20.347301156158494	3.9368000000000003	-0.04930714302064817	Left	2.1733000000000002	
8950.3052	3.9367999999994936	states																																	"       state_name
id               
3   wait_for_poke"
8954.242	1.106499999999869	states																																	"        state_name
id                
1   nose_in_center"
8955.3485	0.0020000000004074536	states																																	"   state_name
id           
5      go_cue"
8955.3505	0.002599999999802094	states																																	"            state_name
id                    
6   wait_for_side_poke"
8955.3531	1.7888000000002648	states																																	"         state_name
id                 
4   announce_reward"
8957.1419	0.6226000000006024	states																																	"   state_name
id           
8      reward"
8957.764500000001	9.999999929277692e-05	states																																	"    state_name
id            
7   stop_sound"
8958.0163	7.8466000000007625	trials	1.0	2.0	20.0	1.0436070154231725	0.0	0.15	True	3710.0	False	False	43981.0	False	High	True	False	0.025	0.0	4.1961166395556155	1.5	9.0													
8958.0163	7.8466000000007625	processed_trials			20.0	1.0436070154231725					False				High					4.1961166395556155		9.0	40.0	40.0	False	False	True	3.048	3.048	20.347301156158494	3.5529	-0.06625413567175291	Right	2.0894000000000004	
8958.0163	3.552900000000591	states																																	"       state_name
id               
3   wait_for_poke"
8961.5692	1.04359999999906	states																																	"        state_name
id                
1   nose_in_center"
8962.612799999999	0.0020000000004074536	states																																	"   state_name
id           
5      go_cue"
8962.6148	3.048000000000684	states																																	"            state_name
id                    
6   wait_for_side_poke"
8965.6628	0.1999999999989086	states																																	"   state_name
id           
0     opt_out"
8965.862799999999	0.00010000000111176632	states																																	"    state_name
id            
7   stop_sound"
8966.1299	2.280300000000352	trials	1.0	2.0	80.0	0.8916198099192839	0.0	0.15	True	3710.0	False	False	43982.0	False	High	True	False	0.025	0.0	3.062495683442034	1.5	9.0													
8966.1299	2.280300000000352	processed_trials			80.0	0.8916198099192839					False				High					3.062495683442034		9.0	40.0	40.0	False	True	False			20.347301156158494	0.2357	-0.21268957204123615	Left	0.2357	
8966.1299	0.2356999999992695	states																																	"       state_name
id               
3   wait_for_poke"
8966.3656	0.04460000000108266	states																																	"        state_name
id                
1   nose_in_center"
8966.4102	2.0	states																																	"          state_name
id                  
2   punish_violation"
8968.6617	2.75	trials	1.0	2.0	80.0	0.9366796814439505	0.0	0.15	True	3710.0	False	False	43983.0	False	High	True	True	0.025	0.0	0.16491837198267703	1.5	9.0													
8968.6617	2.75	processed_trials			80.0	0.9366796814439505					False				High					0.16491837198267703		9.0	40.0	40.0	True	False	False	0.16489999999999982	0.16489999999999982	20.347301156158494	0.16269999999999998	-0.215912105158013	Right	0.16269999999999998	
8968.6617	0.16270000000076834	states																																	"       state_name
id               
3   wait_for_poke"
8968.824400000001	0.9366999999983818	states																																	"        state_name
id                
1   nose_in_center"
8969.7611	0.0020000000004074536	states																																	"   state_name
id           
5      go_cue"
8969.7631	0.16489999999976135	states																																	"            state_name
id                    
6   wait_for_side_poke"
8969.928	0.5635000000002037	states																																	"         state_name
id                 
4   announce_reward"
8970.4915	0.9201000000011845	states																																	"   state_name
id           
8      reward"
8971.411600000001	9.999999929277692e-05	states																																	"    state_name
id            
7   stop_sound"
8971.6577	3.8096000000005006	trials	1.0	2.0	20.0	0.8310983855328364	0.0	0.15	True	3790.0	False	False	43984.0	False	High	True	False	0.025	0.0	0.16491837	1.5	9.0													
8971.6577	3.8096000000005006	processed_trials			20.0	0.8310983855328364					False				High					0.16491837		9.0	40.0	40.0	False	True	False			20.347301156158494	1.7542	-0.1456564687833499	Right	1.121	
8971.6577	1.7541999999994005	states																																	"       state_name
id               
3   wait_for_poke"
8973.4119	0.055400000001100125	states																																	"        state_name
id                
1   nose_in_center"
8973.4673	2.0	states																																	"          state_name
id                  
2   punish_violation"
8975.7024	21.912899999999354	trials	1.0	2.0	20.0	1.0627721327032156	0.0	0.15	True	3790.0	False	False	43985.0	False	High	True	True	0.025	0.0	2.0599564038070657	1.5	9.0													
8975.7024	21.912899999999354	processed_trials			20.0	1.0627721327032156					False				High					2.0599564038070657		9.0	40.0	40.0	True	False	False	2.0599999999999987	2.0599999999999987	20.347301156158494	18.506700000000002	0.5938707372276739	Right	18.506700000000002	
8975.7024	18.50669999999991	states																																	"       state_name
id               
3   wait_for_poke"
8994.2091	1.0627999999996973	states																																	"        state_name
id                
1   nose_in_center"
8995.2719	0.0020000000004074536	states																																	"   state_name
id           
5      go_cue"
8995.2739	2.0599999999994907	states																																	"            state_name
id                    
6   wait_for_side_poke"
8997.3339	0.04169999999976426	states																																	"         state_name
id                 
4   announce_reward"
8997.3756	0.23960000000079162	states																																	"   state_name
id           
8      reward"
8997.6152	9.999999929277692e-05	states																																	"    state_name
id            
7   stop_sound"
8997.8683	4.082599999999729	trials	1.0	2.0	80.0	0.9505489145524546	0.0	0.15	True	3810.0	False	False	43986.0	False	High	True	False	0.025	0.0	1.3243619094431764	1.5	9.0													
8997.8683	4.082599999999729	processed_trials			80.0	0.9505489145524546					False				High					1.3243619094431764		9.0	40.0	40.0	False	True	False			20.347301156158494	2.0441	-0.1328590393237113	Right	0.9118999999999997	
8997.8683	2.044099999999162	states																																	"       state_name
id               
3   wait_for_poke"
8999.9124	0.038500000000567525	states																																	"        state_name
id                
1   nose_in_center"
8999.9509	2.0	states																																	"          state_name
id                  
2   punish_violation"
9002.2129	14.102899999999863	trials	1.0	2.0	80.0	1.0247865909347422	0.0	0.15	True	3810.0	True	False	43987.0	False	High	True	True	0.025	0.0	100.0	1.5	9.0													
9002.2129	14.102899999999863	processed_trials			80.0	1.0247865909347422					True				High					100.0		9.0	40.0	40.0	False	False	True	12.845699999999999	12.845699999999999	20.347301156158494	0.0303	-0.2217568090574823	Left	0.0303	
9002.2129	0.030300000000352156	states																																	"       state_name
id               
3   wait_for_poke"
9002.2432	1.0247999999992317	states																																	"        state_name
id                
1   nose_in_center"
9003.268	0.0020000000004074536	states																																	"   state_name
id           
5      go_cue"
9003.27	12.845699999999852	states																																	"            state_name
id                    
6   wait_for_side_poke"
9016.1157	0.2000000000007276	states																																	"   state_name
id           
0     opt_out"
9016.315700000001	9.999999929277692e-05	states																																	"    state_name
id            
7   stop_sound"
9016.5505	1.9156000000002678	trials	1.0	2.0	40.0	0.8104143518435203	0.0	0.15	True	3810.0	False	False	43988.0	False	High	True	False	0.025	0.0	0.3776482975939599	1.5	9.0													
9016.5505	1.9156000000002678	processed_trials			40.0	0.8104143518435203					False				High					0.3776482975939599		9.0	40.0	40.0	True	False	False	0.37760000000000016	0.37760000000000016	20.347301156158494	0.2757	-0.2109238004703995	Left	0.2757	
9016.5505	0.2757000000001426	states																																	"       state_name
id               
3   wait_for_poke"
9016.8262	0.8104000000002998	states																																	"        state_name
id                
1   nose_in_center"
9017.6366	0.0020000000004074536	states																																	"   state_name
id           
5      go_cue"
9017.6386	0.3775999999998021	states																																	"            state_name
id                    
6   wait_for_side_poke"
9018.0162	0.12249999999949068	states																																	"         state_name
id                 
4   announce_reward"
9018.1387	0.3272999999990134	states																																	"   state_name
id           
8      reward"
9018.465999999999	0.00010000000111176632	states																																	"    state_name
id            
7   stop_sound"
9018.6992	4.948600000001534	trials	1.0	2.0	80.0	1.0803329458682234	0.0	0.15	True	3850.0	False	False	43989.0	False	High	True	False	0.025	0.0	0.8997769258478966	1.5	9.0													
9018.6992	4.948600000001534	processed_trials			80.0	1.0803329458682234					False				High					0.8997769258478966		9.0	40.0	40.0	False	True	False			20.347301156158494	2.5904000000000003	-0.10874301409500975	Left	1.6172000000000002	
9018.6992	2.5903999999991356	states																																	"       state_name
id               
3   wait_for_poke"
9021.289599999998	0.35820000000057917	states																																	"        state_name
id                
1   nose_in_center"
9021.647799999999	2.0	states																																	"          state_name
id                  
2   punish_violation"
9023.8845	9.715899999999237	trials	1.0	2.0	80.0	1.0803329	0.0	0.15	True	3850.0	False	False	43990.0	False	High	True	True	0.025	0.0	7.093053968639332	1.5	9.0													
9023.8845	9.715899999999237	processed_trials			80.0	1.0803329					False				High					7.093053968639332		9.0	40.0	40.0	True	False	False	7.0931	7.0931	20.347301156158494	0.060899999999999996	-0.2204059938057923	Right	0.060899999999999996	
9023.8845	0.06090000000040163	states																																	"       state_name
id               
3   wait_for_poke"
9023.9454	1.0802999999996246	states																																	"        state_name
id                
1   nose_in_center"
9025.0257	0.0020000000004074536	states																																	"   state_name
id           
5      go_cue"
9025.0277	7.0931000000000495	states																																	"            state_name
id                    
6   wait_for_side_poke"
9032.1208	0.559400000000096	states																																	"         state_name
id                 
4   announce_reward"
9032.6802	0.9200999999993655	states																																	"   state_name
id           
8      reward"
9033.6003	9.999999929277692e-05	states																																	"    state_name
id            
7   stop_sound"
9033.8621	5.17239999999947	trials	1.0	2.0	40.0	1.0879011710152866	0.0	0.15	True	3930.0	False	False	43991.0	False	High	True	False	0.025	0.0	1.467611240126696	1.5	9.0													
9033.8621	5.17239999999947	processed_trials			40.0	1.0879011710152866					False				High					1.467611240126696		9.0	40.0	40.0	True	False	False	1.4676	1.4676	20.347301156158494	2.175	-0.12708055185814834	Left	1.1888999999999998	
9033.8621	2.1749999999992724	states																																	"       state_name
id               
3   wait_for_poke"
9036.0371	1.0879000000004453	states																																	"        state_name
id                
1   nose_in_center"
9037.125	0.0020000000004074536	states																																	"   state_name
id           
5      go_cue"
9037.127	1.4675999999999476	states																																	"            state_name
id                    
6   wait_for_side_poke"
9038.5946	0.1124999999992724	states																																	"         state_name
id                 
4   announce_reward"
9038.7071	0.32730000000083237	states																																	"   state_name
id           
8      reward"
9039.0344	9.999999929277692e-05	states																																	"    state_name
id            
7   stop_sound"
9039.276	4.75630000000092	trials	1.0	2.0	20.0	1.0879012	0.0	0.15	True	3970.0	False	False	43992.0	False	High	True	False	0.025	0.0	3.33399932224772	1.5	9.0													
9039.276	4.75630000000092	processed_trials			20.0	1.0879012					False				High					3.33399932224772		9.0	40.0	40.0	False	True	False			20.347301156158494	2.6816999999999998	-0.10471264048457513	Left	1.6300999999999999	
9039.276	2.681699999999182	states																																	"       state_name
id               
3   wait_for_poke"
9041.957699999999	0.07459999999991851	states																																	"        state_name
id                
1   nose_in_center"
9042.032299999999	2.0	states																																	"          state_name
id                  
2   punish_violation"
9044.285	2.1213000000007014	trials	1.0	2.0	20.0	1.1317381208507664	0.0	0.15	True	3970.0	False	False	43993.0	False	High	True	True	0.025	0.0	2.672808942062454	1.5	9.0													
9044.285	2.1213000000007014	processed_trials			20.0	1.1317381208507664					False				High					2.672808942062454		9.0	40.0	40.0	False	True	False			20.347301156158494	0.0634	-0.22029563308261502	Left	0.0634	
9044.285	0.06339999999909196	states																																	"       state_name
id               
3   wait_for_poke"
9044.348399999999	0.05790000000160944	states																																	"        state_name
id                
1   nose_in_center"
9044.4063	2.0	states																																	"          state_name
id                  
2   punish_violation"
9046.6436	2.082700000000841	trials	1.0	2.0	20.0	0.8492489792442341	0.0	0.15	True	3970.0	False	False	43994.0	False	High	True	True	0.025	0.0	1.5656186747610012	1.5	9.0													
9046.6436	2.082700000000841	processed_trials			20.0	0.8492489792442341					False				High					1.5656186747610012		9.0	40.0	40.0	False	True	False			20.347301156158494	0.024	-0.2220349180798891	Right	0.024	
9046.6436	0.023999999999432475	states																																	"       state_name
id               
3   wait_for_poke"
9046.667599999999	0.058700000001408625	states																																	"        state_name
id                
1   nose_in_center"
9046.7263	2.0	states																																	"          state_name
id                  
2   punish_violation"
9048.9645	3.0089000000007218	trials	1.0	2.0	20.0	1.0701013502047276	0.0	0.15	True	3970.0	False	False	43995.0	False	High	True	True	0.025	0.0	1.5656187	1.5	9.0													
9048.9645	3.0089000000007218	processed_trials			20.0	1.0701013502047276					False				High					1.5656187		9.0	40.0	40.0	True	False	False	1.5656	1.5656	20.347301156158494	0.14859999999999998	-0.21653453963673294	Left	0.14859999999999998	
9048.9645	0.14860000000044238	states																																	"       state_name
id               
3   wait_for_poke"
9049.1131	1.0700999999990017	states																																	"        state_name
id                
1   nose_in_center"
9050.1832	0.0020000000004074536	states																																	"   state_name
id           
5      go_cue"
9050.1852	1.565599999999904	states																																	"            state_name
id                    
6   wait_for_side_poke"
9051.7508	0.04019999999945867	states																																	"         state_name
id                 
4   announce_reward"
9051.791	0.1823000000003958	states																																	"   state_name
id           
8      reward"
9051.9733	0.00010000000111176632	states																																	"    state_name
id            
7   stop_sound"
9052.2349	3.924800000000687	trials	1.0	2.0	20.0	0.9045750386886876	0.0	0.15	True	3990.0	False	False	43996.0	False	High	True	False	0.025	0.0	0.1331131942442293	1.5	9.0													
9052.2349	3.924800000000687	processed_trials			20.0	0.9045750386886876					False				High					0.1331131942442293		9.0	40.0	40.0	False	True	False			20.347301156158494	1.8667	-0.14069023624037183	Left	0.9247000000000001	
9052.2349	1.8667000000004919	states																																	"       state_name
id               
3   wait_for_poke"
9054.1016	0.058100000000194996	states																																	"        state_name
id                
1   nose_in_center"
9054.1597	2.0	states																																	"          state_name
id                  
2   punish_violation"
9056.4136	1.9042000000008557	trials	1.0	2.0	20.0	0.9387061813593857	0.0	0.15	True	3990.0	False	False	43997.0	False	High	True	True	0.025	0.0	0.7527266187849355	1.5	9.0													
9056.4136	1.9042000000008557	processed_trials			20.0	0.9387061813593857					False				High					0.7527266187849355		9.0	40.0	40.0	True	False	False	0.7526999999999998	0.7526999999999998	20.347301156158494	0.0154	-0.222414558967619	Left	0.0154	
9056.4136	0.01540000000022701	states																																	"       state_name
id               
3   wait_for_poke"
9056.429	0.9387000000006083	states																																	"        state_name
id                
1   nose_in_center"
9057.3677	0.0019999999985884642	states																																	"   state_name
id           
5      go_cue"
9057.3697	0.7527000000009139	states																																	"            state_name
id                    
6   wait_for_side_poke"
9058.1224	0.01299999999901047	states																																	"         state_name
id                 
4   announce_reward"
9058.1354	0.1823000000003958	states																																	"   state_name
id           
8      reward"
9058.3177	0.00010000000111176632	states																																	"    state_name
id            
7   stop_sound"
9058.5894	4.3320999999996275	trials	1.0	2.0	20.0	1.1773933477898677	0.0	0.15	True	4010.0	True	False	43998.0	True	Mixed	True	False	0.025	0.0	100.0	1.5	9.0													
9058.5894	4.3320999999996275	processed_trials			20.0	1.1773933477898677					True				Mixed					100.0		9.0	40.0	40.0	False	True	False			20.347301156158494	2.3164000000000002	-0.12083854935524078	Left	1.3820000000000001	
9058.5894	2.316399999999703	states																																	"       state_name
id               
3   wait_for_poke"
9060.9058	0.01569999999992433	states																																	"        state_name
id                
1   nose_in_center"
9060.9215	2.0	states																																	"          state_name
id                  
2   punish_violation"
9063.1708	2.406699999999546	trials	1.0	2.0	20.0	0.888568639811575	0.0	0.15	True	4010.0	False	False	43999.0	True	Mixed	True	True	0.025	0.0	0.4158883850496737	1.5	9.0													
9063.1708	2.406699999999546	processed_trials			20.0	0.888568639811575					False				Mixed					0.4158883850496737		9.0	40.0	40.0	False	True	False			20.347301156158494	0.15469999999999998	-0.21626525947218034	Right	0.15469999999999998	
9063.1708	0.15469999999913853	states																																	"       state_name
id               
3   wait_for_poke"
9063.325499999999	0.25200000000040745	states																																	"        state_name
id                
1   nose_in_center"
9063.5775	2.0	states																																	"          state_name
id                  
2   punish_violation"
9065.8201	6.8267999999989115	trials	1.0	2.0	20.0	0.9586359030140621	0.0	0.15	True	4010.0	False	False	44000.0	True	Mixed	True	True	0.025	0.0	5.651428055786698	1.5	9.0													
9065.8201	6.8267999999989115	processed_trials			20.0	0.9586359030140621					False				Mixed					5.651428055786698		9.0	40.0	40.0	True	False	False	5.6514	5.6514	20.347301156158494	0.0123	-0.22255140626435882	Left	0.0123	
9065.8201	0.012300000000323053	states																																	"       state_name
id               
3   wait_for_poke"
9065.832400000001	0.9585999999999331	states																																	"        state_name
id                
1   nose_in_center"
9066.791000000001	0.0020000000004074536	states																																	"   state_name
id           
5      go_cue"
9066.793000000001	5.65139999999883	states																																	"            state_name
id                    
6   wait_for_side_poke"
9072.4444	0.020099999999729334	states																																	"         state_name
id                 
4   announce_reward"
9072.4645	0.1823000000003958	states																																	"   state_name
id           
8      reward"
9072.6468	0.00010000000111176632	states																																	"    state_name
id            
7   stop_sound"
9072.9042	4.526599999999235	trials	1.0	2.0	80.0	0.928651852099623	0.0	0.15	True	4030.0	True	False	44001.0	False	Mixed	True	False	0.025	0.0	100.0	1.5	9.0													
9072.9042	4.526599999999235	processed_trials			80.0	0.928651852099623					True				Mixed					100.0		9.0	40.0	40.0	False	True	False			20.347301156158494	2.2053000000000003	-0.12574297989323957	Right	1.1418000000000004	
9072.9042	2.2052999999996246	states																																	"       state_name
id               
3   wait_for_poke"
9075.1095	0.32129999999961	states																																	"        state_name
id                
1   nose_in_center"
9075.4308	2.0	states																																	"          state_name
id                  
2   punish_violation"
9077.6741	2.9328999999997905	trials	1.0	2.0	80.0	1.067683054713758	0.0	0.15	True	4030.0	False	False	44002.0	False	Mixed	True	True	0.025	0.0	0.28889836177279954	1.5	9.0													
9077.6741	2.9328999999997905	processed_trials			80.0	1.067683054713758					False				Mixed					0.28889836177279954		9.0	40.0	40.0	True	False	False	0.2888999999999997	0.2888999999999997	20.347301156158494	0.0665	-0.22015878578587514	Right	0.0665	
9077.6741	0.06650000000081491	states																																	"       state_name
id               
3   wait_for_poke"
9077.740600000001	1.0676999999996042	states																																	"        state_name
id                
1   nose_in_center"
9078.8083	0.0020000000004074536	states																																	"   state_name
id           
5      go_cue"
9078.810300000001	0.2888999999995576	states																																	"            state_name
id                    
6   wait_for_side_poke"
9079.0992	0.587599999998929	states																																	"         state_name
id                 
4   announce_reward"
9079.6868	0.9201000000011845	states																																	"   state_name
id           
8      reward"
9080.6069	9.999999929277692e-05	states																																	"    state_name
id            
7   stop_sound"
9080.8478	4.255100000000311	trials	1.0	2.0	10.0	0.9590469187785329	0.0	0.15	True	4110.0	False	False	44003.0	False	Mixed	True	False	0.025	0.0	2.9810673278997397	1.5	9.0													
9080.8478	4.255100000000311	processed_trials			10.0	0.9590469187785329					False				Mixed					2.9810673278997397		9.0	40.0	40.0	False	True	False			20.347301156158494	2.2216	-0.12502342797812366	Right	0.9925000000000002	
9080.8478	2.2216000000007625	states																																	"       state_name
id               
3   wait_for_poke"
9083.0694	0.03349999999954889	states																																	"        state_name
id                
1   nose_in_center"
9083.1029	2.0	states																																	"          state_name
id                  
2   punish_violation"
9085.3538	3.5886999999984255	trials	1.0	2.0	10.0	0.9321694838991512	0.0	0.15	True	4110.0	False	False	44004.0	False	Mixed	True	True	0.025	0.0	2.457248572391912	1.5	9.0													
9085.3538	3.5886999999984255	processed_trials			10.0	0.9321694838991512					False				Mixed					2.457248572391912		9.0	40.0	40.0	True	False	False	2.4572	2.4572	20.347301156158494	0.016	-0.22238807239405642	Right	0.016	
9085.3538	0.01599999999962165	states																																	"       state_name
id               
3   wait_for_poke"
9085.3698	0.932200000001103	states																																	"        state_name
id                
1   nose_in_center"
9086.302000000001	0.0019999999985884642	states																																	"   state_name
id           
5      go_cue"
9086.304	2.4572000000007392	states																																	"            state_name
id                    
6   wait_for_side_poke"
9088.7612	0.047599999999874854	states																																	"         state_name
id                 
4   announce_reward"
9088.8088	0.13359999999920547	states																																	"   state_name
id           
8      reward"
9088.9424	0.00010000000111176632	states																																	"    state_name
id            
7   stop_sound"
9089.1908	2.8109000000004016	trials	1.0	2.0	10.0	0.8895233234284694	0.0	0.15	True	4120.0	False	False	44005.0	False	Mixed	True	False	0.025	0.0	9.676550352152956	1.5	9.0													
9089.1908	2.8109000000004016	processed_trials			10.0	0.8895233234284694					False				Mixed					9.676550352152956		9.0	40.0	40.0	False	True	False			20.347301156158494	0.7842	-0.1884764293761386	Left	0.5322	
9089.1908	0.7842000000000553	states																																	"       state_name
id               
3   wait_for_poke"
9089.975	0.026700000000346336	states																																	"        state_name
id                
1   nose_in_center"
9090.0017	2.0	states																																	"          state_name
id                  
2   punish_violation"
9092.2449	8.055500000000393	trials	1.0	2.0	10.0	0.9226077627832053	0.0	0.15	True	4120.0	False	False	44006.0	False	Mixed	True	True	0.025	0.0	9.6765504	1.5	9.0													
9092.2449	8.055500000000393	processed_trials			10.0	0.9226077627832053					False				Mixed					9.6765504		9.0	40.0	40.0	False	False	True	6.851699999999999	6.851699999999999	20.347301156158494	0.07909999999999999	-0.2196025677410616	Right	0.07909999999999999	
9092.2449	0.07910000000083528	states																																	"       state_name
id               
3   wait_for_poke"
9092.324	0.9225999999998749	states																																	"        state_name
id                
1   nose_in_center"
9093.2466	0.0019999999985884642	states																																	"   state_name
id           
5      go_cue"
9093.248599999999	6.851700000001074	states																																	"            state_name
id                    
6   wait_for_side_poke"
9100.1003	0.1999999999989086	states																																	"   state_name
id           
0     opt_out"
9100.300299999999	0.00010000000111176632	states																																	"    state_name
id            
7   stop_sound"
9100.5784	2.338400000000547	trials	1.0	2.0	5.0	1.0057619999913432	0.0	0.15	True	4120.0	False	False	44007.0	False	Mixed	True	False	0.025	0.0	0.9608001295258067	1.5	9.0													
9100.5784	2.338400000000547	processed_trials			5.0	1.0057619999913432					False				Mixed					0.9608001295258067		9.0	40.0	40.0	False	True	False			20.347301156158494	0.2877	-0.2103940689991485	Left	0.2877	
9100.5784	0.28770000000076834	states																																	"       state_name
id               
3   wait_for_poke"
9100.866100000001	0.05069999999977881	states																																	"        state_name
id                
1   nose_in_center"
9100.9168	2.0	states																																	"          state_name
id                  
2   punish_violation"
9103.1922	3.582400000001144	trials	1.0	2.0	5.0	1.0529737158770947	0.0	0.15	True	4120.0	False	False	44008.0	False	Mixed	True	True	0.025	0.0	0.6730822101514367	1.5	9.0													
9103.1922	3.582400000001144	processed_trials			5.0	1.0529737158770947					False				Mixed					0.6730822101514367		9.0	40.0	40.0	False	True	False			20.347301156158494	0.815	-0.18711678526659437	Right	0.815	
9103.1922	0.8150000000005093	states																																	"       state_name
id               
3   wait_for_poke"
9104.0072	0.7673999999988155	states																																	"        state_name
id                
1   nose_in_center"
9104.774599999999	2.0	states																																	"          state_name
id                  
2   punish_violation"
9107.0265	77.7520999999997	trials	1.0	2.0	5.0	1.1440215471101232	0.0	0.15	True	4120.0	False	False	44009.0	False	Mixed	True	True	0.025	0.0	1.7125467806651704	1.5	9.0													
9107.0265	77.7520999999997	processed_trials			5.0	1.1440215471101232					False				Mixed					1.7125467806651704		9.0	40.0	40.0	False	True	False			20.347301156158494	75.6135	3.1148098357640315	Right	75.6135	
9107.0265	75.61349999999948	states																																	"       state_name
id               
3   wait_for_poke"
9182.64	0.1386000000002241	states																																	"        state_name
id                
1   nose_in_center"
9182.7786	2.0	states																																	"          state_name
id                  
2   punish_violation"
9185.033	3.256100000000515	trials	1.0	2.0	5.0	1.0802422043864688	0.0	0.15	True	4120.0	False	False	44010.0	False	Mixed	True	True	0.025	0.0	0.2998799052622817	1.5	9.0													
9185.033	3.256100000000515	processed_trials			5.0	1.0802422043864688					False				Mixed					0.2998799052622817		9.0	40.0	40.0	False	True	False			20.347301156158494	1.2087999999999999	-0.16973276415170757	Left	1.2087999999999999	
9185.033	1.2088000000003376	states																																	"       state_name
id               
3   wait_for_poke"
9186.2418	0.04730000000017753	states																																	"        state_name
id                
1   nose_in_center"
9186.2891	2.0	states																																	"          state_name
id                  
2   punish_violation"
9188.5378	24.281600000000253	trials	1.0	2.0	5.0	0.9806718145312239	0.0	0.15	True	4120.0	False	False	44011.0	False	Mixed	True	True	0.025	0.0	1.1174984604525104	1.5	9.0													
9188.5378	24.281600000000253	processed_trials			5.0	0.9806718145312239					False				Mixed					1.1174984604525104		9.0	40.0	40.0	False	True	False			20.347301156158494	22.176	0.7558493778494465	Right	22.176	
9188.5378	22.175999999999476	states																																	"       state_name
id               
3   wait_for_poke"
9210.7138	0.10560000000077707	states																																	"        state_name
id                
1   nose_in_center"
9210.8194	2.0	states																																	"          state_name
id                  
2   punish_violation"
9213.0938	52.482099999999264	trials	1.0	2.0	5.0	0.918468102070275	0.0	0.15	True	4120.0	False	False	44012.0	False	Mixed	True	True	0.025	0.0	0.9807819124725053	1.5	9.0													
9213.0938	52.482099999999264	processed_trials			5.0	0.918468102070275					False				Mixed					0.9807819124725053		9.0	40.0	40.0	False	True	False			20.347301156158494	50.2319	1.9943571432053444	Left	50.2319	
9213.0938	50.23190000000068	states																																	"       state_name
id               
3   wait_for_poke"
9263.325700000001	0.25019999999858555	states																																	"        state_name
id                
1   nose_in_center"
9263.5759	2.0	states																																	"          state_name
id                  
2   punish_violation"
9265.859	13.185999999999694	trials	1.0	2.0	5.0	0.9555109818327522	0.0	0.15	True	4120.0	False	False	44013.0	False	Mixed	True	True	0.025	0.0	1.5373852420920087	1.5	9.0													
9265.859	13.185999999999694	processed_trials			5.0	0.9555109818327522					False				Mixed					1.5373852420920087		9.0	40.0	40.0	True	False	False	1.5373999999999999	1.5373999999999999	20.347301156158494	10.494200000000001	0.24016461944445777	Right	10.494200000000001	
9265.859	10.494199999999182	states																																	"       state_name
id               
3   wait_for_poke"
9276.3532	0.9555000000000291	states																																	"        state_name
id                
1   nose_in_center"
9277.3087	0.0020000000004074536	states																																	"   state_name
id           
5      go_cue"
9277.3107	1.537400000001071	states																																	"            state_name
id                    
6   wait_for_side_poke"
9278.848100000001	0.11539999999877182	states																																	"         state_name
id                 
4   announce_reward"
9278.9635	0.08140000000094005	states																																	"   state_name
id           
8      reward"
9279.0449	9.999999929277692e-05	states																																	"    state_name
id            
7   stop_sound"
9279.2997	3.461699999999837	trials	1.0	2.0	5.0	0.8884810710713331	0.0	0.15	True	4125.0	False	False	44014.0	False	Mixed	True	False	0.025	0.0	0.021078189893921156	1.5	9.0													
9279.2997	3.461699999999837	processed_trials			5.0	0.8884810710713331					False				Mixed					0.021078189893921156		9.0	40.0	40.0	False	False	True	0.021100000000000563	0.021100000000000563	20.347301156158494	1.2417	-0.16828041703469446	Right	0.6921	
9279.2997	1.2417000000004919	states																																	"       state_name
id               
3   wait_for_poke"
9280.5414	0.8884999999991123	states																																	"        state_name
id                
1   nose_in_center"
9281.4299	0.0020000000004074536	states																																	"   state_name
id           
5      go_cue"
9281.4319	0.02109999999993306	states																																	"            state_name
id                    
6   wait_for_side_poke"
9281.453	1.108299999999872	states																																	"         state_name
id                 
4   announce_reward"
9282.5613	0.2000000000007276	states																																	"   state_name
id           
0     opt_out"
9282.7613	9.999999929277692e-05	states																																	"    state_name
id            
7   stop_sound"
9283.0174	2.9768999999996595	trials	1.0	2.0	40.0	1.1865586202967993	0.0	0.15	True	4125.0	False	False	44015.0	False	Mixed	True	False	0.025	0.0	0.1669844932838841	1.5	9.0													
9283.0174	2.9768999999996595	processed_trials			40.0	1.1865586202967993					False				Mixed					0.1669844932838841		9.0	40.0	40.0	True	False	False	0.16700000000000004	0.16700000000000004	20.347301156158494	0.6227	-0.19560573209339158	Left	0.6227	
9283.0174	0.6226999999998952	states																																	"       state_name
id               
3   wait_for_poke"
9283.6401	1.186600000000908	states																																	"        state_name
id                
1   nose_in_center"
9284.826700000001	0.0019999999985884642	states																																	"   state_name
id           
5      go_cue"
9284.8287	0.16700000000128057	states																																	"            state_name
id                    
6   wait_for_side_poke"
9284.995700000001	0.671199999998862	states																																	"         state_name
id                 
4   announce_reward"
9285.6669	0.32730000000083237	states																																	"   state_name
id           
8      reward"
9285.994200000001	9.999999929277692e-05	states																																	"    state_name
id            
7   stop_sound"
9286.2476	4.775799999999435	trials	1.0	2.0	20.0	0.9129943752586149	0.0	0.15	True	4165.0	False	False	44016.0	False	Mixed	True	False	0.025	0.0	0.16698449	1.5	9.0													
9286.2476	4.775799999999435	processed_trials			20.0	0.9129943752586149					False				Mixed					0.16698449		9.0	40.0	40.0	False	True	False			20.347301156158494	2.7056	-0.1036575919710002	Right	1.2872	
9286.2476	2.705599999999322	states																																	"       state_name
id               
3   wait_for_poke"
9288.9532	0.0702000000001135	states																																	"        state_name
id                
1   nose_in_center"
9289.0234	2.0	states																																	"          state_name
id                  
2   punish_violation"
9291.2872	7.777399999999034	trials	1.0	2.0	20.0	0.815452278727942	0.0	0.15	True	4165.0	False	False	44017.0	False	Mixed	True	True	0.025	0.0	9.530868679166408	1.5	9.0													
9291.2872	7.777399999999034	processed_trials			20.0	0.815452278727942					False				Mixed					9.530868679166408		9.0	40.0	40.0	False	False	True	6.4306	6.4306	20.347301156158494	0.3292	-0.20856208099440546	Right	0.3292	
9291.2872	0.32920000000012806	states																																	"       state_name
id               
3   wait_for_poke"
9291.6164	0.8155000000006112	states																																	"        state_name
id                
1   nose_in_center"
9292.431900000001	0.0019999999985884642	states																																	"   state_name
id           
5      go_cue"
9292.4339	6.430600000001505	states																																	"            state_name
id                    
6   wait_for_side_poke"
9298.864500000001	0.1999999999989086	states																																	"   state_name
id           
0     opt_out"
9299.0645	0.00010000000111176632	states																																	"    state_name
id            
7   stop_sound"
9299.333	2.349099999999453	trials	1.0	2.0	20.0	0.8831064709791185	0.0	0.15	True	4165.0	False	False	44018.0	False	Mixed	True	False	0.025	0.0	0.5301724014177878	1.5	9.0													
9299.333	2.349099999999453	processed_trials			20.0	0.8831064709791185					False				Mixed					0.5301724014177878		9.0	40.0	40.0	False	True	False			20.347301156158494	0.274	-0.21099884576216005	Right	0.274	
9299.333	0.2739999999994325	states																																	"       state_name
id               
3   wait_for_poke"
9299.607	0.07510000000002037	states																																	"        state_name
id                
1   nose_in_center"
9299.6821	2.0	states																																	"          state_name
id                  
2   punish_violation"
9301.9419	2.248600000000806	trials	1.0	2.0	20.0	0.975501381493907	0.0	0.15	True	4165.0	True	False	44019.0	False	Mixed	True	True	0.025	0.0	100.0	1.5	9.0													
9301.9419	2.248600000000806	processed_trials			20.0	0.975501381493907					True				Mixed					100.0		9.0	40.0	40.0	False	True	False			20.347301156158494	0.0251	-0.2219863593616911	Right	0.0251	
9301.9419	0.02510000000074797	states																																	"       state_name
id               
3   wait_for_poke"
9301.967	0.2235000000000582	states																																	"        state_name
id                
1   nose_in_center"
9302.1905	2.0	states																																	"          state_name
id                  
2   punish_violation"
9304.4893	8.52560000000085	trials	1.0	2.0	20.0	0.9288814456428753	0.0	0.15	True	4165.0	False	False	44020.0	False	Mixed	True	True	0.025	0.0	6.477845180669169	1.5	9.0													
9304.4893	8.52560000000085	processed_trials			20.0	0.9288814456428753					False				Mixed					6.477845180669169		9.0	40.0	40.0	True	False	False	6.4778	6.4778	20.347301156158494	0.8418	-0.18593371831413383	Left	0.8418	
9304.4893	0.8418000000001484	states																																	"       state_name
id               
3   wait_for_poke"
9305.3311	0.9288999999989755	states																																	"        state_name
id                
1   nose_in_center"
9306.259999999998	0.0020000000004074536	states																																	"   state_name
id           
5      go_cue"
9306.261999999999	6.47780000000057	states																																	"            state_name
id                    
6   wait_for_side_poke"
9312.7398	0.09269999999924039	states																																	"         state_name
id                 
4   announce_reward"
9312.832499999999	0.1823000000003958	states																																	"   state_name
id           
8      reward"
9313.014799999999	0.00010000000111176632	states																																	"    state_name
id            
7   stop_sound"
9313.2775	4.388100000000122	trials	1.0	2.0	20.0	0.8275677482667744	0.0	0.15	True	4185.0	False	False	44021.0	False	Mixed	True	False	0.025	0.0	1.698103727743026	1.5	9.0													
9313.2775	4.388100000000122	processed_trials			20.0	0.8275677482667744					False				Mixed					1.698103727743026		9.0	40.0	40.0	False	True	False			20.347301156158494	2.3359	-0.11997773571445793	Right	0.8978000000000002	
9313.2775	2.335900000000038	states																																	"       state_name
id               
3   wait_for_poke"
9315.6134	0.0522000000000844	states																																	"        state_name
id                
1   nose_in_center"
9315.6656	2.0	states																																	"          state_name
id                  
2   punish_violation"
9317.9448	3.622400000000198	trials	1.0	2.0	20.0	0.9232563705429463	0.0	0.15	True	4185.0	False	False	44022.0	False	Mixed	True	True	0.025	0.0	1.6981037	1.5	9.0													
9317.9448	3.622400000000198	processed_trials			20.0	0.9232563705429463					False				Mixed					1.6981037		9.0	40.0	40.0	True	False	False	1.6981	1.6981	20.347301156158494	0.6279	-0.19537618178918278	Right	0.6279	
9317.9448	0.6278999999994994	states																																	"       state_name
id               
3   wait_for_poke"
9318.572699999999	0.9233000000003813	states																																	"        state_name
id                
1   nose_in_center"
9319.496	0.0020000000004074536	states																																	"   state_name
id           
5      go_cue"
9319.498	1.698099999999613	states																																	"            state_name
id                    
6   wait_for_side_poke"
9321.1961	0.13140000000021246	states																																	"         state_name
id                 
4   announce_reward"
9321.3275	0.23960000000079162	states																																	"   state_name
id           
8      reward"
9321.5671	9.999999929277692e-05	states																																	"    state_name
id            
7   stop_sound"
9321.8272	2.9065000000009604	trials	1.0	2.0	20.0	0.9122223668667191	0.0	0.15	True	4205.0	False	False	44023.0	False	Mixed	True	False	0.025	0.0	9.524943670184147	1.5	9.0													
9321.8272	2.9065000000009604	processed_trials			20.0	0.9122223668667191					False				Mixed					9.524943670184147		9.0	40.0	40.0	False	True	False			20.347301156158494	0.863	-0.18499785938159038	Left	0.5548	
9321.8272	0.8629999999993743	states																																	"       state_name
id               
3   wait_for_poke"
9322.6902	0.04349999999976717	states																																	"        state_name
id                
1   nose_in_center"
9322.733699999999	2.0	states																																	"          state_name
id                  
2   punish_violation"
9325.0033	3.1479999999992287	trials	1.0	2.0	20.0	0.9641786174580786	0.0	0.15	True	4205.0	True	False	44024.0	False	Mixed	True	True	0.025	0.0	100.0	1.5	9.0													
9325.0033	3.1479999999992287	processed_trials			20.0	0.9641786174580786					True				Mixed					100.0		9.0	40.0	40.0	False	True	False			20.347301156158494	0.4044	-0.20524243044123258	Left	0.4044	
9325.0033	0.4043999999994412	states																																	"       state_name
id               
3   wait_for_poke"
9325.4077	0.7435999999997875	states																																	"        state_name
id                
1   nose_in_center"
9326.1513	2.0	states																																	"          state_name
id                  
2   punish_violation"
9328.413	3.577400000000125	trials	1.0	2.0	20.0	0.9708058721271515	0.0	0.15	True	4205.0	False	False	44025.0	False	Mixed	True	True	0.025	0.0	2.327387676731979	1.5	9.0													
9328.413	3.577400000000125	processed_trials			20.0	0.9708058721271515					False				Mixed					2.327387676731979		9.0	40.0	40.0	True	False	False	2.3274	2.3274	20.347301156158494	0.07490000000000001	-0.21978797375599946	Left	0.07490000000000001	
9328.413	0.07489999999961583	states																																	"       state_name
id               
3   wait_for_poke"
9328.4879	0.9708000000009633	states																																	"        state_name
id                
1   nose_in_center"
9329.458700000001	0.0019999999985884642	states																																	"   state_name
id           
5      go_cue"
9329.4607	2.327400000000125	states																																	"            state_name
id                    
6   wait_for_side_poke"
9331.7881	0.01990000000114378	states																																	"         state_name
id                 
4   announce_reward"
9331.808	0.1823000000003958	states																																	"   state_name
id           
8      reward"
9331.990300000001	9.999999929277692e-05	states																																	"    state_name
id            
7   stop_sound"
9332.2532	4.603700000001481	trials	1.0	2.0	20.0	0.952774962456818	0.0	0.15	True	4225.0	False	False	44026.0	False	Mixed	True	False	0.025	0.0	2.3273877	1.5	9.0													
9332.2532	4.603700000001481	processed_trials			20.0	0.952774962456818					False				Mixed					2.3273877		9.0	40.0	40.0	False	True	False			20.347301156158494	2.5503	-0.1105132000947735	Left	1.2407000000000001	
9332.2532	2.5503000000007887	states																																	"       state_name
id               
3   wait_for_poke"
9334.8035	0.05339999999887368	states																																	"        state_name
id                
1   nose_in_center"
9334.856899999999	2.0	states																																	"          state_name
id                  
2   punish_violation"
9337.1285	2.0697000000000116	trials	1.0	2.0	20.0	0.96931054832307	0.0	0.15	True	4225.0	False	False	44027.0	False	Mixed	True	True	0.025	0.0	0.5443381880634008	1.5	9.0													
9337.1285	2.0697000000000116	processed_trials			20.0	0.96931054832307					False				Mixed					0.5443381880634008		9.0	40.0	40.0	False	True	False			20.347301156158494	0.0404	-0.22131095173584606	Left	0.0404	
9337.1285	0.04039999999986321	states																																	"       state_name
id               
3   wait_for_poke"
9337.1689	0.02930000000014843	states																																	"        state_name
id                
1   nose_in_center"
9337.1982	2.0	states																																	"          state_name
id                  
2   punish_violation"
9339.4607	3.256600000000617	trials	1.0	2.0	20.0	1.0608786836158501	0.0	0.15	True	4225.0	False	False	44028.0	False	Mixed	True	True	0.025	0.0	1.4745915432833034	1.5	9.0													
9339.4607	3.256600000000617	processed_trials			20.0	1.0608786836158501					False				Mixed					1.4745915432833034		9.0	40.0	40.0	True	False	False	1.4746000000000001	1.4746000000000001	20.347301156158494	0.3778	-0.20641666853583895	Right	0.3778	
9339.4607	0.37780000000020664	states																																	"       state_name
id               
3   wait_for_poke"
9339.8385	1.0609000000004016	states																																	"        state_name
id                
1   nose_in_center"
9340.8994	0.0019999999985884642	states																																	"   state_name
id           
5      go_cue"
9340.901399999999	1.4746000000013737	states																																	"            state_name
id                    
6   wait_for_side_poke"
9342.376	0.10159999999996217	states																																	"         state_name
id                 
4   announce_reward"
9342.4776	0.23959999999897263	states																																	"   state_name
id           
8      reward"
9342.7172	0.00010000000111176632	states																																	"    state_name
id            
7   stop_sound"
9342.9787	2.811100000000806	trials	1.0	2.0	20.0	1.0608787	0.0	0.15	True	4245.0	False	False	44029.0	False	Mixed	True	False	0.025	0.0	0.7629133173357445	1.5	9.0													
9342.9787	2.811100000000806	processed_trials			20.0	1.0608787					False				Mixed					0.7629133173357445		9.0	40.0	40.0	False	True	False			20.347301156158494	0.738	-0.19051589554045492	Left	0.4586	
9342.9787	0.7379999999993743	states																																	"       state_name
id               
3   wait_for_poke"
9343.716699999999	0.07310000000143191	states																																	"        state_name
id                
1   nose_in_center"
9343.7898	2.0	states																																	"          state_name
id                  
2   punish_violation"
9346.0727	6.050999999999476	trials	1.0	2.0	20.0	1.173229469496503	0.0	0.15	True	4245.0	False	False	44030.0	False	Mixed	True	True	0.025	0.0	3.9891730705816704	1.5	9.0													
9346.0727	6.050999999999476	processed_trials			20.0	1.173229469496503					False				Mixed					3.9891730705816704		9.0	40.0	40.0	True	False	False	3.9891999999999994	3.9891999999999994	20.347301156158494	0.6025	-0.19649744673666408	Left	0.6025	
9346.0727	0.6025000000008731	states																																	"       state_name
id               
3   wait_for_poke"
9346.675200000001	1.1731999999992695	states																																	"        state_name
id                
1   nose_in_center"
9347.8484	0.0020000000004074536	states																																	"   state_name
id           
5      go_cue"
9347.850400000001	3.9891999999999825	states																																	"            state_name
id                    
6   wait_for_side_poke"
9351.839600000001	0.10169999999925494	states																																	"         state_name
id                 
4   announce_reward"
9351.9413	0.1823000000003958	states																																	"   state_name
id           
8      reward"
9352.1236	9.999999929277692e-05	states																																	"    state_name
id            
7   stop_sound"
9352.3951	5.166400000000067	trials	1.0	2.0	5.0	0.8717704345595426	0.0	0.15	True	4265.0	False	False	44031.0	False	Mixed	True	False	0.025	0.0	0.6687158172751139	1.5	9.0													
9352.3951	5.166400000000067	processed_trials			5.0	0.8717704345595426					False				Mixed					0.6687158172751139		9.0	40.0	40.0	False	True	False			20.347301156158494	3.0984000000000003	-0.08631771514538432	Left	1.5752000000000002	
9352.3951	3.0984000000007654	states																																	"       state_name
id               
3   wait_for_poke"
9355.4935	0.06799999999930151	states																																	"        state_name
id                
1   nose_in_center"
9355.5615	2.0	states																																	"          state_name
id                  
2   punish_violation"
9357.8324	2.503000000000611	trials	1.0	2.0	5.0	1.0618989574667028	0.0	0.15	True	4265.0	False	False	44032.0	False	Mixed	True	True	0.025	0.0	1.6408737830125433	1.5	9.0													
9357.8324	2.503000000000611	processed_trials			5.0	1.0618989574667028					False				Mixed					1.6408737830125433		9.0	40.0	40.0	False	True	False			20.347301156158494	0.1684	-0.2156604827091688	Right	0.1684	
9357.8324	0.1684000000004744	states																																	"       state_name
id               
3   wait_for_poke"
9358.0008	0.3346000000001368	states																																	"        state_name
id                
1   nose_in_center"
9358.3354	2.0	states																																	"          state_name
id                  
2   punish_violation"
9360.6101	45.76710000000094	trials	1.0	2.0	5.0	1.1757804937586533	0.0	0.15	True	4265.0	False	False	44033.0	False	Mixed	True	True	0.025	0.0	7.608765981382698	1.5	9.0													
9360.6101	45.76710000000094	processed_trials			5.0	1.1757804937586533					False				Mixed					7.608765981382698		9.0	40.0	40.0	False	True	False			20.347301156158494	43.7026	1.706125835268751	Left	43.7026	
9360.6101	43.70260000000053	states																																	"       state_name
id               
3   wait_for_poke"
9404.3127	0.06449999999858846	states																																	"        state_name
id                
1   nose_in_center"
9404.377199999999	2.0	states																																	"          state_name
id                  
2   punish_violation"
9406.6484	8.955500000000029	trials	1.0	2.0	5.0	0.9464676840814699	0.0	0.15	True	4265.0	False	False	44034.0	False	Mixed	True	True	0.025	0.0	0.19988035492292516	1.5	9.0													
9406.6484	8.955500000000029	processed_trials			5.0	0.9464676840814699					False				Mixed					0.19988035492292516		9.0	40.0	40.0	False	True	False			20.347301156158494	6.3895	0.05896555527412798	Left	6.3895	
9406.6484	6.389499999999316	states																																	"       state_name
id               
3   wait_for_poke"
9413.0379	0.566000000000713	states																																	"        state_name
id                
1   nose_in_center"
9413.6039	2.0	states																																	"          state_name
id                  
2   punish_violation"
9415.8704	8.303799999999683	trials	1.0	2.0	5.0	1.188607980344879	0.0	0.15	True	4265.0	False	False	44035.0	False	Mixed	True	True	0.025	0.0	0.19988035	1.5	9.0													
9415.8704	8.303799999999683	processed_trials			5.0	1.188607980344879					False				Mixed					0.19988035		9.0	40.0	40.0	False	False	True	0.1999000000000004	0.1999000000000004	20.347301156158494	5.5923	0.02377372786735358	Right	5.5923	
9415.8704	5.59230000000025	states																																	"       state_name
id               
3   wait_for_poke"
9421.4627	1.1885999999994965	states																																	"        state_name
id                
1   nose_in_center"
9422.6513	0.0020000000004074536	states																																	"   state_name
id           
5      go_cue"
9422.6533	0.19989999999961583	states																																	"            state_name
id                    
6   wait_for_side_poke"
9422.8532	1.1208999999998923	states																																	"         state_name
id                 
4   announce_reward"
9423.9741	0.2000000000007276	states																																	"   state_name
id           
0     opt_out"
9424.1741	9.999999929277692e-05	states																																	"    state_name
id            
7   stop_sound"
9424.4688	2.3179999999993015	trials	1.0	2.0	40.0	1.188608	0.0	0.15	True	4265.0	False	False	44036.0	False	Mixed	True	False	0.025	0.0	1.3385594137693204	1.5	9.0													
9424.4688	2.3179999999993015	processed_trials			40.0	1.188608					False				Mixed					1.3385594137693204		9.0	40.0	40.0	False	True	False			20.347301156158494	0.2742	-0.21099001690430588	Left	0.2742	
9424.4688	0.274199999999837	states																																	"       state_name
id               
3   wait_for_poke"
9424.743	0.04379999999946449	states																																	"        state_name
id                
1   nose_in_center"
9424.7868	2.0	states																																	"          state_name
id                  
2   punish_violation"
9427.0569	2.3801000000003114	trials	1.0	2.0	40.0	1.1475910838604442	0.0	0.15	True	4265.0	False	False	44037.0	False	Mixed	True	True	0.025	0.0	0.11020614572806378	1.5	9.0													
9427.0569	2.3801000000003114	processed_trials			40.0	1.1475910838604442					False				Mixed					0.11020614572806378		9.0	40.0	40.0	True	False	False	0.11019999999999985	0.11019999999999985	20.347301156158494	0.0831	-0.21942599058397794	Left	0.0831	
9427.0569	0.0830999999998312	states																																	"       state_name
id               
3   wait_for_poke"
9427.14	1.1476000000002387	states																																	"        state_name
id                
1   nose_in_center"
9428.2876	0.0020000000004074536	states																																	"   state_name
id           
5      go_cue"
9428.2896	0.11019999999916763	states																																	"            state_name
id                    
6   wait_for_side_poke"
9428.3998	0.7098000000005413	states																																	"         state_name
id                 
4   announce_reward"
9429.1096	0.3272999999990134	states																																	"   state_name
id           
8      reward"
9429.436899999999	0.00010000000111176632	states																																	"    state_name
id            
7   stop_sound"
9429.7211	5.385099999999511	trials	1.0	2.0	80.0	0.969744506037636	0.0	0.15	True	4305.0	False	False	44038.0	False	High	True	False	0.025	0.0	0.11020615	1.5	9.0													
9429.7211	5.385099999999511	processed_trials			80.0	0.969744506037636					False				High					0.11020615		9.0	40.0	40.0	True	False	False	0.11019999999999985	0.11019999999999985	20.347301156158494	3.3084000000000002	-0.07704741439849191	Left	1.7930000000000001	
9429.7211	3.3083999999998923	states																																	"       state_name
id               
3   wait_for_poke"
9433.0295	0.9696999999996478	states																																	"        state_name
id                
1   nose_in_center"
9433.9992	0.0020000000004074536	states																																	"   state_name
id           
5      go_cue"
9434.0012	0.11019999999916763	states																																	"            state_name
id                    
6   wait_for_side_poke"
9434.1114	0.3721000000005006	states																																	"         state_name
id                 
4   announce_reward"
9434.4835	0.6226000000006024	states																																	"   state_name
id           
8      reward"
9435.1061	9.999999929277692e-05	states																																	"    state_name
id            
7   stop_sound"
9435.3919	14.95049999999901	trials	1.0	2.0	40.0	0.8454996109524853	0.0	0.15	True	4385.0	False	False	44039.0	False	High	True	False	0.025	0.0	9.553083985028545	1.5	9.0													
9435.3919	14.95049999999901	processed_trials			40.0	0.8454996109524853					False				High					9.553083985028545		9.0	40.0	40.0	True	False	False	9.5531	9.5531	20.347301156158494	4.0441	-0.044570460781878866	Left	2.1068000000000002	
9435.3919	4.044099999999162	states																																	"       state_name
id               
3   wait_for_poke"
9439.436	0.845500000001266	states																																	"        state_name
id                
1   nose_in_center"
9440.281500000001	0.0020000000004074536	states																																	"   state_name
id           
5      go_cue"
9440.283500000001	9.553099999999176	states																																	"            state_name
id                    
6   wait_for_side_poke"
9449.8366	0.17840000000069267	states																																	"         state_name
id                 
4   announce_reward"
9450.015000000001	0.3272999999990134	states																																	"   state_name
id           
8      reward"
9450.3423	0.00010000000111176632	states																																	"    state_name
id            
7   stop_sound"
9450.6533	6.349299999999857	trials	1.0	2.0	80.0	0.9203906888349477	0.0	0.15	True	4425.0	False	False	44040.0	False	High	True	False	0.025	0.0	0.1962197405142874	1.5	9.0													
9450.6533	6.349299999999857	processed_trials			80.0	0.9203906888349477					False				High					0.1962197405142874		9.0	40.0	40.0	False	True	False			20.347301156158494	4.297	-0.033406370025264184	Right	2.4882999999999997	
9450.6533	4.29700000000048	states																																	"       state_name
id               
3   wait_for_poke"
9454.9503	0.05229999999937718	states																																	"        state_name
id                
1   nose_in_center"
9455.0026	2.0	states																																	"          state_name
id                  
2   punish_violation"
9457.2971	2.182600000000093	trials	1.0	2.0	80.0	0.991096808373067	0.0	0.15	True	4425.0	True	False	44041.0	False	High	True	True	0.025	0.0	100.0	1.5	9.0													
9457.2971	2.182600000000093	processed_trials			80.0	0.991096808373067					True				High					100.0		9.0	40.0	40.0	False	True	False			20.347301156158494	0.071	-0.21996013648415605	Right	0.071	
9457.2971	0.07099999999991269	states																																	"       state_name
id               
3   wait_for_poke"
9457.3681	0.11160000000018044	states																																	"        state_name
id                
1   nose_in_center"
9457.4797	2.0	states																																	"          state_name
id                  
2   punish_violation"
9459.7591	3.0179000000007363	trials	1.0	2.0	80.0	1.0806118270959195	0.0	0.15	True	4425.0	False	False	44042.0	False	High	True	True	0.025	0.0	1.0368652454206264	1.5	9.0													
9459.7591	3.0179000000007363	processed_trials			80.0	1.0806118270959195					False				High					1.0368652454206264		9.0	40.0	40.0	True	False	False	1.0369	1.0369	20.347301156158494	0.1646	-0.21582823100839826	Left	0.1646	
9459.7591	0.16460000000006403	states																																	"       state_name
id               
3   wait_for_poke"
9459.9237	1.0805999999993219	states																																	"        state_name
id                
1   nose_in_center"
9461.004299999999	0.0020000000004074536	states																																	"   state_name
id           
5      go_cue"
9461.0063	1.0369000000009692	states																																	"            state_name
id                    
6   wait_for_side_poke"
9462.0432	0.11110000000007858	states																																	"         state_name
id                 
4   announce_reward"
9462.1543	0.6225999999987835	states																																	"   state_name
id           
8      reward"
9462.776899999999	0.00010000000111176632	states																																	"    state_name
id            
7   stop_sound"
9463.0521	6.192599999998492	trials	1.0	2.0	80.0	0.8066790726426705	0.0	0.15	True	4505.0	False	False	44043.0	False	High	True	False	0.025	0.0	1.7165316002624427	1.5	9.0													
9463.0521	6.192599999998492	processed_trials			80.0	0.8066790726426705					False				High					1.7165316002624427		9.0	40.0	40.0	False	True	False			20.347301156158494	3.9421999999999997	-0.04906876385858525	Right	2.3847999999999994	
9463.0521	3.9421999999995023	states																																	"       state_name
id               
3   wait_for_poke"
9466.9943	0.2504000000008091	states																																	"        state_name
id                
1   nose_in_center"
9467.244700000001	2.0	states																																	"          state_name
id                  
2   punish_violation"
9469.5516	2.8231999999989057	trials	1.0	2.0	80.0	0.9222693926567271	0.0	0.15	True	4505.0	False	False	44044.0	False	High	True	True	0.025	0.0	0.2828690845299327	1.5	9.0													
9469.5516	2.8231999999989057	processed_trials			80.0	0.9222693926567271					False				High					0.2828690845299327		9.0	40.0	40.0	True	False	False	0.28289999999999993	0.28289999999999993	20.347301156158494	0.0107	-0.22262203712719228	Right	0.0107	
9469.5516	0.010700000000724685	states																																	"       state_name
id               
3   wait_for_poke"
9469.562300000001	0.9223000000001775	states																																	"        state_name
id                
1   nose_in_center"
9470.484600000002	0.0019999999985884642	states																																	"   state_name
id           
5      go_cue"
9470.4866	0.28290000000015425	states																																	"            state_name
id                    
6   wait_for_side_poke"
9470.7695	0.6851000000006024	states																																	"         state_name
id                 
4   announce_reward"
9471.454600000001	0.9200999999993655	states																																	"   state_name
id           
8      reward"
9472.3747	0.00010000000111176632	states																																	"    state_name
id            
7   stop_sound"
9472.6558	3.4615999999987253	trials	1.0	2.0	80.0	0.8342239098854479	0.0	0.15	True	4585.0	True	False	44045.0	False	High	True	False	0.025	0.0	100.0	1.5	9.0													
9472.6558	3.4615999999987253	processed_trials			80.0	0.8342239098854479					True				High					100.0		9.0	40.0	40.0	False	True	False			20.347301156158494	1.4378	-0.15962372190866775	Right	0.681	
9472.6558	1.4377999999996973	states																																	"       state_name
id               
3   wait_for_poke"
9474.0936	0.02380000000084692	states																																	"        state_name
id                
1   nose_in_center"
9474.117400000001	2.0	states																																	"          state_name
id                  
2   punish_violation"
9476.4104	2.2998999999999796	trials	1.0	2.0	80.0	1.046828655808704	0.0	0.15	True	4585.0	False	False	44046.0	False	High	True	True	0.025	0.0	0.01655121812883857	1.5	9.0													
9476.4104	2.2998999999999796	processed_trials			80.0	1.046828655808704					False				High					0.01655121812883857		9.0	40.0	40.0	False	True	False			20.347301156158494	0.0402	-0.22131978059370028	Right	0.0402	
9476.4104	0.04019999999945867	states																																	"       state_name
id               
3   wait_for_poke"
9476.4506	0.25970000000052096	states																																	"        state_name
id                
1   nose_in_center"
9476.7103	2.0	states																																	"          state_name
id                  
2   punish_violation"
9479.005	2.0601000000006024	trials	1.0	2.0	80.0	1.0468287	0.0	0.15	True	4585.0	False	False	44047.0	False	High	True	True	0.025	0.0	1.7415365915207472	1.5	9.0													
9479.005	2.0601000000006024	processed_trials			80.0	1.0468287					False				High					1.7415365915207472		9.0	40.0	40.0	False	True	False			20.347301156158494	0.0299	-0.2217744667731907	Left	0.0299	
9479.005	0.02989999999954307	states																																	"       state_name
id               
3   wait_for_poke"
9479.034899999999	0.03020000000105938	states																																	"        state_name
id                
1   nose_in_center"
9479.0651	2.0	states																																	"          state_name
id                  
2   punish_violation"
9481.376	2.1748999999999796	trials	1.0	2.0	80.0	1.082837340335793	0.0	0.15	True	4585.0	False	False	44048.0	False	High	True	True	0.025	0.0	0.48676817114266824	1.5	9.0													
9481.376	2.1748999999999796	processed_trials			80.0	1.082837340335793					False				High					0.48676817114266824		9.0	40.0	40.0	False	True	False			20.347301156158494	0.1351	-0.2171304875418903	Left	0.1351	
9481.376	0.13509999999951106	states																																	"       state_name
id               
3   wait_for_poke"
9481.5111	0.03980000000046857	states																																	"        state_name
id                
1   nose_in_center"
9481.5509	2.0	states																																	"          state_name
id                  
2   punish_violation"
9483.8652	8.772699999999531	trials	1.0	2.0	80.0	1.0996472185779245	0.0	0.15	True	4585.0	True	False	44049.0	False	High	True	True	0.025	0.0	100.0	1.5	9.0													
9483.8652	8.772699999999531	processed_trials			80.0	1.0996472185779245					True				High					100.0		9.0	40.0	40.0	False	False	True	7.403	7.403	20.347301156158494	0.068	-0.2200925693519688	Right	0.068	
9483.8652	0.06799999999930151	states																																	"       state_name
id               
3   wait_for_poke"
9483.9332	1.0996000000013737	states																																	"        state_name
id                
1   nose_in_center"
9485.0328	0.0019999999985884642	states																																	"   state_name
id           
5      go_cue"
9485.0348	7.403000000000247	states																																	"            state_name
id                    
6   wait_for_side_poke"
9492.4378	0.2000000000007276	states																																	"   state_name
id           
0     opt_out"
9492.6378	9.999999929277692e-05	states																																	"    state_name
id            
7   stop_sound"
9492.9214	2.345900000000256	trials	1.0	2.0	20.0	0.9865433677066242	0.0	0.15	True	4585.0	False	False	44050.0	False	High	True	False	0.025	0.0	3.3548734536836693	1.5	9.0													
9492.9214	2.345900000000256	processed_trials			20.0	0.9865433677066242					False				High					3.3548734536836693		9.0	40.0	40.0	False	True	False			20.347301156158494	0.2013	-0.21420813559215565	Right	0.2013	
9492.9214	0.20130000000062864	states																																	"       state_name
id               
3   wait_for_poke"
9493.1227	0.14459999999962747	states																																	"        state_name
id                
1   nose_in_center"
9493.2673	2.0	states																																	"          state_name
id                  
2   punish_violation"
9495.5703	2.9999000000007072	trials	1.0	2.0	20.0	0.8852344538146109	0.0	0.15	True	4585.0	False	False	44051.0	False	High	True	True	0.025	0.0	1.780986197108991	1.5	9.0													
9495.5703	2.9999000000007072	processed_trials			20.0	0.8852344538146109					False				High					1.780986197108991		9.0	40.0	40.0	True	False	False	1.7810000000000001	1.7810000000000001	20.347301156158494	0.0132	-0.22251167640401498	Right	0.0132	
9495.5703	0.013199999999415013	states																																	"       state_name
id               
3   wait_for_poke"
9495.583499999999	0.8852000000006228	states																																	"        state_name
id                
1   nose_in_center"
9496.4687	0.0020000000004074536	states																																	"   state_name
id           
5      go_cue"
9496.4707	1.7809999999990396	states																																	"            state_name
id                    
6   wait_for_side_poke"
9498.251699999999	0.07880000000113796	states																																	"         state_name
id                 
4   announce_reward"
9498.3305	0.23959999999897263	states																																	"   state_name
id           
8      reward"
9498.570099999999	0.00010000000111176632	states																																	"    state_name
id            
7   stop_sound"
9498.8858	3.0486000000000786	trials	1.0	2.0	20.0	0.949270220469043	0.0	0.15	True	4605.0	False	False	44052.0	False	High	True	False	0.025	0.0	5.105482741104539	1.5	9.0													
9498.8858	3.0486000000000786	processed_trials			20.0	0.949270220469043					False				High					5.105482741104539		9.0	40.0	40.0	False	True	False			20.347301156158494	0.9989	-0.1789986504696729	Right	0.6233	
9498.8858	0.9989000000005035	states																																	"       state_name
id               
3   wait_for_poke"
9499.8847	0.049699999999575084	states																																	"        state_name
id                
1   nose_in_center"
9499.9344	2.0	states																																	"          state_name
id                  
2   punish_violation"
9502.2347	2.720099999998638	trials	1.0	2.0	20.0	0.8107573161553844	0.0	0.15	True	4605.0	False	False	44053.0	False	High	True	True	0.025	0.0	0.10500898843837059	1.5	9.0													
9502.2347	2.720099999998638	processed_trials			20.0	0.8107573161553844					False				High					0.10500898843837059		9.0	40.0	40.0	False	True	False			20.347301156158494	0.2783	-0.21080902531829512	Right	0.2783	
9502.2347	0.2782999999999447	states																																	"       state_name
id               
3   wait_for_poke"
9502.513	0.4418000000005122	states																																	"        state_name
id                
1   nose_in_center"
9502.954800000001	2.0	states																																	"          state_name
id                  
2   punish_violation"
9505.2698	2.615400000000591	trials	1.0	2.0	20.0	0.9741191077489622	0.0	0.15	True	4605.0	False	False	44054.0	False	High	True	True	0.025	0.0	1.126890357211621	1.5	9.0													
9505.2698	2.615400000000591	processed_trials			20.0	0.9741191077489622					False				High					1.126890357211621		9.0	40.0	40.0	True	False	False	1.1268999999999998	1.1268999999999998	20.347301156158494	0.2389	-0.2125483103155692	Right	0.2389	
9505.2698	0.23890000000028522	states																																	"       state_name
id               
3   wait_for_poke"
9505.5087	0.9740999999994528	states																																	"        state_name
id                
1   nose_in_center"
9506.4828	0.0020000000004074536	states																																	"   state_name
id           
5      go_cue"
9506.4848	1.1268999999992957	states																																	"            state_name
id                    
6   wait_for_side_poke"
9507.6117	0.0338000000010652	states																																	"         state_name
id                 
4   announce_reward"
9507.6455	0.23959999999897263	states																																	"   state_name
id           
8      reward"
9507.8851	0.00010000000111176632	states																																	"    state_name
id            
7   stop_sound"
9508.1956	2.6874000000007072	trials	1.0	2.0	20.0	0.9602300045000588	0.0	0.15	True	4625.0	False	False	44055.0	False	High	True	False	0.025	0.0	1.1268904	1.5	9.0													
9508.1956	2.6874000000007072	processed_trials			20.0	0.9602300045000588					False				High					1.1268904		9.0	40.0	40.0	False	True	False			20.347301156158494	0.6532	-0.1942593312706286	Left	0.4528	
9508.1956	0.6532000000006519	states																																	"       state_name
id               
3   wait_for_poke"
9508.8488	0.0342000000000553	states																																	"        state_name
id                
1   nose_in_center"
9508.883	2.0	states																																	"          state_name
id                  
2   punish_violation"
9511.1718	2.25669999999991	trials	1.0	2.0	20.0	0.9829769471709415	0.0	0.15	True	4625.0	False	False	44056.0	False	High	True	True	0.025	0.0	2.156995443895755	1.5	9.0													
9511.1718	2.25669999999991	processed_trials			20.0	0.9829769471709415					False				High					2.156995443895755		9.0	40.0	40.0	False	True	False			20.347301156158494	0.033600000000000005	-0.2216111329028883	Right	0.033600000000000005	
9511.1718	0.03360000000066066	states																																	"       state_name
id               
3   wait_for_poke"
9511.2054	0.22309999999924912	states																																	"        state_name
id                
1   nose_in_center"
9511.4285	2.0	states																																	"          state_name
id                  
2   punish_violation"
9513.7342	3.638999999999214	trials	1.0	2.0	20.0	0.9895929630221442	0.0	0.15	True	4625.0	False	False	44057.0	False	High	True	True	0.025	0.0	2.1569954	1.5	9.0													
9513.7342	3.638999999999214	processed_trials			20.0	0.9895929630221442					False				High					2.1569954		9.0	40.0	40.0	True	False	False	2.157	2.157	20.347301156158494	0.16319999999999998	-0.21589003301337756	Right	0.16319999999999998	
9513.7342	0.1632000000008702	states																																	"       state_name
id               
3   wait_for_poke"
9513.897400000002	0.9895999999989726	states																																	"        state_name
id                
1   nose_in_center"
9514.887	0.0020000000004074536	states																																	"   state_name
id           
5      go_cue"
9514.889000000001	2.1569999999992433	states																																	"            state_name
id                    
6   wait_for_side_poke"
9517.046	0.0874999999996362	states																																	"         state_name
id                 
4   announce_reward"
9517.1335	0.23960000000079162	states																																	"   state_name
id           
8      reward"
9517.3731	9.999999929277692e-05	states																																	"    state_name
id            
7   stop_sound"
9517.6606	3.089700000000448	trials	1.0	2.0	20.0	1.0195492668641626	0.0	0.15	True	4645.0	False	False	44058.0	False	High	True	False	0.025	0.0	0.07467806154054747	1.5	9.0													
9517.6606	3.089700000000448	processed_trials			20.0	1.0195492668641626					False				High					0.07467806154054747		9.0	40.0	40.0	False	True	False			20.347301156158494	1.0155	-0.17826585526777566	Right	0.6106	
9517.6606	1.0154999999995198	states																																	"       state_name
id               
3   wait_for_poke"
9518.676099999999	0.07420000000092841	states																																	"        state_name
id                
1   nose_in_center"
9518.7503	2.0	states																																	"          state_name
id                  
2   punish_violation"
9521.0453	2.096400000000358	trials	1.0	2.0	20.0	1.006842321300781	0.0	0.15	True	4645.0	False	False	44059.0	False	High	True	True	0.025	0.0	2.3369515358727293	1.5	9.0													
9521.0453	2.096400000000358	processed_trials			20.0	1.006842321300781					False				High					2.3369515358727293		9.0	40.0	40.0	False	True	False			20.347301156158494	0.0616	-0.22037509280330264	Right	0.0616	
9521.0453	0.06160000000090804	states																																	"       state_name
id               
3   wait_for_poke"
9521.1069	0.03479999999944994	states																																	"        state_name
id                
1   nose_in_center"
9521.1417	2.0	states																																	"          state_name
id                  
2   punish_violation"
9523.4381	2.410300000001371	trials	1.0	2.0	20.0	1.0068423	0.0	0.15	True	4645.0	True	False	44060.0	False	High	True	True	0.025	0.0	100.0	1.5	9.0													
9523.4381	2.410300000001371	processed_trials			20.0	1.0068423					True				High					100.0		9.0	40.0	40.0	False	True	False			20.347301156158494	0.29819999999999997	-0.20993055396180388	Left	0.29819999999999997	
9523.4381	0.2981999999992695	states																																	"       state_name
id               
3   wait_for_poke"
9523.736299999999	0.11210000000028231	states																																	"        state_name
id                
1   nose_in_center"
9523.848399999999	2.0	states																																	"          state_name
id                  
2   punish_violation"
9526.1392	4.488800000000992	trials	1.0	2.0	20.0	1.0339024641583885	0.0	0.15	True	4645.0	False	False	44061.0	False	High	True	True	0.025	0.0	2.913972865751937	1.5	9.0													
9526.1392	4.488800000000992	processed_trials			20.0	1.0339024641583885					False				High					2.913972865751937		9.0	40.0	40.0	True	False	False	2.9139999999999997	2.9139999999999997	20.347301156158494	0.1046	-0.21847688836465326	Right	0.1046	
9526.1392	0.10460000000057335	states																																	"       state_name
id               
3   wait_for_poke"
9526.2438	1.033899999998539	states																																	"        state_name
id                
1   nose_in_center"
9527.277699999999	0.0020000000004074536	states																																	"   state_name
id           
5      go_cue"
9527.2797	2.9140000000006694	states																																	"            state_name
id                    
6   wait_for_side_poke"
9530.1937	0.19460000000071886	states																																	"         state_name
id                 
4   announce_reward"
9530.3883	0.23959999999897263	states																																	"   state_name
id           
8      reward"
9530.6279	9.999999929277692e-05	states																																	"    state_name
id            
7   stop_sound"
9530.9444	3.903599999999642	trials	1.0	2.0	80.0	1.0339025	0.0	0.15	True	4665.0	False	False	44062.0	False	High	True	False	0.025	0.0	5.152431770294392	1.5	9.0													
9530.9444	3.903599999999642	processed_trials			80.0	1.0339025					False				High					5.152431770294392		9.0	40.0	40.0	False	True	False			20.347301156158494	1.8791	-0.14014284705341243	Right	0.9689	
9530.9444	1.8791000000001077	states																																	"       state_name
id               
3   wait_for_poke"
9532.8235	0.02449999999953434	states																																	"        state_name
id                
1   nose_in_center"
9532.848	2.0	states																																	"          state_name
id                  
2   punish_violation"
9535.1405	9.058000000000902	trials	1.0	2.0	80.0	1.1267097750825323	0.0	0.15	True	4665.0	False	False	44063.0	False	High	True	True	0.025	0.0	6.752294803332863	1.5	9.0													
9535.1405	9.058000000000902	processed_trials			80.0	1.1267097750825323					False				High					6.752294803332863		9.0	40.0	40.0	True	False	False	6.7523	6.7523	20.347301156158494	0.1134	-0.21808841861906916	Right	0.1134	
9535.1405	0.11340000000018335	states																																	"       state_name
id               
3   wait_for_poke"
9535.2539	1.1267000000007101	states																																	"        state_name
id                
1   nose_in_center"
9536.3806	0.0019999999985884642	states																																	"   state_name
id           
5      go_cue"
9536.382599999999	6.752300000000105	states																																	"            state_name
id                    
6   wait_for_side_poke"
9543.1349	0.1434000000008382	states																																	"         state_name
id                 
4   announce_reward"
9543.2783	0.9200999999993655	states																																	"   state_name
id           
8      reward"
9544.1984	0.00010000000111176632	states																																	"    state_name
id            
7   stop_sound"
9544.4942	4.775900000000547	trials	1.0	2.0	20.0	0.927514938500343	0.0	0.15	True	4745.0	False	False	44064.0	False	High	True	False	0.025	0.0	2.4677065304581904	1.5	9.0													
9544.4942	4.775900000000547	processed_trials			20.0	0.927514938500343					False				High					2.4677065304581904		9.0	40.0	40.0	False	True	False			20.347301156158494	2.7173000000000003	-0.10314110378653048	Right	1.6392000000000004	
9544.4942	2.7173000000002503	states																																	"       state_name
id               
3   wait_for_poke"
9547.2115	0.05860000000029686	states																																	"        state_name
id                
1   nose_in_center"
9547.2701	2.0	states																																	"          state_name
id                  
2   punish_violation"
9549.5753	2.1088999999992666	trials	1.0	2.0	20.0	1.0403736427432513	0.0	0.15	True	4745.0	False	False	44065.0	False	High	True	True	0.025	0.0	0.7798937280739859	1.5	9.0													
9549.5753	2.1088999999992666	processed_trials			20.0	1.0403736427432513					False				High					0.7798937280739859		9.0	40.0	40.0	True	False	False	0.7799000000000003	0.7799000000000003	20.347301156158494	0.019399999999999997	-0.2222379818105353	Left	0.019399999999999997	
9549.5753	0.019399999999222928	states																																	"       state_name
id               
3   wait_for_poke"
9549.5947	1.0404000000016822	states																																	"        state_name
id                
1   nose_in_center"
9550.635100000001	0.0019999999985884642	states																																	"   state_name
id           
5      go_cue"
9550.6371	0.7799000000013621	states																																	"            state_name
id                    
6   wait_for_side_poke"
9551.417000000001	0.08479999999872234	states																																	"         state_name
id                 
4   announce_reward"
9551.5018	0.1823000000003958	states																																	"   state_name
id           
8      reward"
9551.6841	9.999999929277692e-05	states																																	"    state_name
id            
7   stop_sound"
9551.9856	4.3281000000006316	trials	1.0	2.0	20.0	1.0403736	0.0	0.15	True	4765.0	False	False	44066.0	False	High	True	False	0.025	0.0	6.173508524987548	1.5	9.0													
9551.9856	4.3281000000006316	processed_trials			20.0	1.0403736					False				High					6.173508524987548		9.0	40.0	40.0	False	True	False			20.347301156158494	2.3088	-0.12117404595369975	Right	1.4143000000000003	
9551.9856	2.3088000000007014	states																																	"       state_name
id               
3   wait_for_poke"
9554.2944	0.01929999999993015	states																																	"        state_name
id                
1   nose_in_center"
9554.3137	2.0	states																																	"          state_name
id                  
2   punish_violation"
9556.6095	5.577100000000428	trials	1.0	2.0	20.0	1.0464953930218288	0.0	0.15	True	4765.0	False	False	44067.0	False	High	True	True	0.025	0.0	4.243686150205703	1.5	9.0													
9556.6095	5.577100000000428	processed_trials			20.0	1.0464953930218288					False				High					4.243686150205703		9.0	40.0	40.0	True	False	False	4.2437	4.2437	20.347301156158494	0.009	-0.22269708241895284	Right	0.009	
9556.6095	0.009000000000014552	states																																	"       state_name
id               
3   wait_for_poke"
9556.6185	1.0465000000003783	states																																	"        state_name
id                
1   nose_in_center"
9557.665	0.0020000000004074536	states																																	"   state_name
id           
5      go_cue"
9557.667000000001	4.24369999999908	states																																	"            state_name
id                    
6   wait_for_side_poke"
9561.9107	0.03620000000046275	states																																	"         state_name
id                 
4   announce_reward"
9561.9469	0.23959999999897263	states																																	"   state_name
id           
8      reward"
9562.1865	0.00010000000111176632	states																																	"    state_name
id            
7   stop_sound"
9562.4836	3.651799999999639	trials	1.0	2.0	80.0	0.9670699490548478	0.0	0.15	True	4785.0	False	False	44068.0	False	High	True	False	0.025	0.0	1.5534031525885394	1.5	9.0													
9562.4836	3.651799999999639	processed_trials			80.0	0.9670699490548478					False				High					1.5534031525885394		9.0	40.0	40.0	False	True	False			20.347301156158494	1.6120999999999999	-0.1519293722887471	Left	0.8713	
9562.4836	1.6121000000002823	states																																	"       state_name
id               
3   wait_for_poke"
9564.0957	0.039699999999356805	states																																	"        state_name
id                
1   nose_in_center"
9564.1354	2.0	states																																	"          state_name
id                  
2   punish_violation"
9566.4338	3.4671999999991385	trials	1.0	2.0	80.0	0.8139248347864045	0.0	0.15	True	4785.0	False	False	44069.0	False	High	True	True	0.025	0.0	1.5534032	1.5	9.0													
9566.4338	3.4671999999991385	processed_trials			80.0	0.8139248347864045					False				High					1.5534032		9.0	40.0	40.0	True	False	False	1.5534	1.5534	20.347301156158494	0.0489	-0.2209357252770433	Right	0.0489	
9566.4338	0.0488999999997759	states																																	"       state_name
id               
3   wait_for_poke"
9566.4827	0.8139000000010128	states																																	"        state_name
id                
1   nose_in_center"
9567.296600000001	0.0019999999985884642	states																																	"   state_name
id           
5      go_cue"
9567.2986	1.5534000000006927	states																																	"            state_name
id                    
6   wait_for_side_poke"
9568.852	0.12880000000041036	states																																	"         state_name
id                 
4   announce_reward"
9568.980800000001	0.9200999999993655	states																																	"   state_name
id           
8      reward"
9569.9009	9.999999929277692e-05	states																																	"    state_name
id            
7   stop_sound"
9570.2009	4.403299999999945	trials	1.0	2.0	80.0	1.1030672996647148	0.0	0.15	True	4865.0	False	False	44070.0	False	High	True	False	0.025	0.0	2.013837373378503	1.5	9.0													
9570.2009	4.403299999999945	processed_trials			80.0	1.1030672996647148					False				High					2.013837373378503		9.0	40.0	40.0	False	True	False			20.347301156158494	2.3129	-0.120993054367689	Right	1.1007	
9570.2009	2.312900000000809	states																																	"       state_name
id               
3   wait_for_poke"
9572.5138	0.09039999999913562	states																																	"        state_name
id                
1   nose_in_center"
9572.6042	2.0	states																																	"          state_name
id                  
2   punish_violation"
9574.9089	2.9817000000002736	trials	1.0	2.0	80.0	0.9390398970360466	0.0	0.15	True	4865.0	False	False	44071.0	False	High	True	True	0.025	0.0	1.2227330864432067	1.5	9.0													
9574.9089	2.9817000000002736	processed_trials			80.0	0.9390398970360466					False				High					1.2227330864432067		9.0	40.0	40.0	True	False	False	1.2227	1.2227	20.347301156158494	0.141	-0.2168700362351919	Left	0.141	
9574.9089	0.14099999999962165	states																																	"       state_name
id               
3   wait_for_poke"
9575.0499	0.9390000000003056	states																																	"        state_name
id                
1   nose_in_center"
9575.9889	0.0020000000004074536	states																																	"   state_name
id           
5      go_cue"
9575.9909	1.222700000000259	states																																	"            state_name
id                    
6   wait_for_side_poke"
9577.213600000001	0.05429999999978463	states																																	"         state_name
id                 
4   announce_reward"
9577.2679	0.6225999999987835	states																																	"   state_name
id           
8      reward"
9577.8905	0.00010000000111176632	states																																	"    state_name
id            
7   stop_sound"
9578.1982	6.3641999999999825	trials	1.0	2.0	20.0	1.0925342448273527	0.0	0.15	True	4945.0	False	False	44072.0	False	High	True	False	0.025	0.0	0.9542560956744206	1.5	9.0													
9578.1982	6.3641999999999825	processed_trials			20.0	1.0925342448273527					False				High					0.9542560956744206		9.0	40.0	40.0	False	True	False			20.347301156158494	4.3454	-0.03126978642455184	Left	2.6933	
9578.1982	4.345400000000154	states																																	"       state_name
id               
3   wait_for_poke"
9582.5436	0.018799999999828287	states																																	"        state_name
id                
1   nose_in_center"
9582.5624	2.0	states																																	"          state_name
id                  
2   punish_violation"
9584.8685	2.458999999998923	trials	1.0	2.0	20.0	1.0925342	0.0	0.15	True	4945.0	False	False	44073.0	False	High	True	True	0.025	0.0	0.3019695489725221	1.5	9.0													
9584.8685	2.458999999998923	processed_trials			20.0	1.0925342					False				High					0.3019695489725221		9.0	40.0	40.0	False	True	False			20.347301156158494	0.2575	-0.21172722653513015	Right	0.2575	
9584.8685	0.25749999999970896	states																																	"       state_name
id               
3   wait_for_poke"
9585.126	0.20150000000103319	states																																	"        state_name
id                
1   nose_in_center"
9585.327500000001	2.0	states																																	"          state_name
id                  
2   punish_violation"
9587.6281	2.1393000000007305	trials	1.0	2.0	20.0	0.8473164520024311	0.0	0.15	True	4945.0	False	False	44074.0	False	High	True	True	0.025	0.0	0.5431760946218842	1.5	9.0													
9587.6281	2.1393000000007305	processed_trials			20.0	0.8473164520024311					False				High					0.5431760946218842		9.0	40.0	40.0	False	True	False			20.347301156158494	0.1148	-0.21802661661408992	Left	0.1148	
9587.6281	0.11479999999937718	states																																	"       state_name
id               
3   wait_for_poke"
9587.7429	0.024500000001353328	states																																	"        state_name
id                
1   nose_in_center"
9587.7674	2.0	states																																	"          state_name
id                  
2   punish_violation"
9590.0659	12.952000000001135	trials	1.0	2.0	20.0	1.0370932487841584	0.0	0.15	True	4945.0	True	False	44075.0	False	High	True	True	0.025	0.0	100.0	1.5	9.0													
9590.0659	12.952000000001135	processed_trials			20.0	1.0370932487841584					True				High					100.0		9.0	40.0	40.0	False	False	True	11.514399999999998	11.514399999999998	20.347301156158494	0.1984	-0.21433615403104128	Left	0.1984	
9590.0659	0.19839999999931024	states																																	"       state_name
id               
3   wait_for_poke"
9590.264299999999	1.0371000000013737	states																																	"        state_name
id                
1   nose_in_center"
9591.3014	0.0019999999985884642	states																																	"   state_name
id           
5      go_cue"
9591.303399999999	11.514400000000023	states																																	"            state_name
id                    
6   wait_for_side_poke"
9602.817799999999	0.2000000000007276	states																																	"   state_name
id           
0     opt_out"
9603.0178	9.999999929277692e-05	states																																	"    state_name
id            
7   stop_sound"
9603.3205	2.2378000000007887	trials	1.0	2.0	40.0	1.0370932	0.0	0.15	True	4945.0	False	False	44076.0	False	High	True	False	0.025	0.0	0.29266551630263793	1.5	9.0													
9603.3205	2.2378000000007887	processed_trials			40.0	1.0370932					False				High					0.29266551630263793		9.0	40.0	40.0	False	True	False			20.347301156158494	0.21819999999999998	-0.21346209710347716	Left	0.21819999999999998	
9603.3205	0.21819999999934225	states																																	"       state_name
id               
3   wait_for_poke"
9603.5387	0.01960000000144646	states																																	"        state_name
id                
1   nose_in_center"
9603.5583	2.0	states																																	"          state_name
id                  
2   punish_violation"
9605.9511	2.1167999999997846	trials	1.0	2.0	40.0	0.8824494447105575	0.0	0.15	True	4945.0	False	False	44077.0	False	High	True	True	0.025	0.0	0.15522679296382433	1.5	9.0													
9605.9511	2.1167999999997846	processed_trials			40.0	0.8824494447105575					False				High					0.15522679296382433		9.0	40.0	40.0	False	True	False			20.347301156158494	0.0953	-0.21888743025487278	Right	0.0953	
9605.9511	0.09530000000086147	states																																	"       state_name
id               
3   wait_for_poke"
9606.046400000001	0.02149999999892316	states																																	"        state_name
id                
1   nose_in_center"
9606.0679	2.0	states																																	"          state_name
id                  
2   punish_violation"
9608.3853	3.657499999999345	trials	1.0	2.0	40.0	0.9586769040863612	0.0	0.15	True	4945.0	False	False	44078.0	False	High	True	True	0.025	0.0	2.07333230993026	1.5	9.0													
9608.3853	3.657499999999345	processed_trials			40.0	0.9586769040863612					False				High					2.07333230993026		9.0	40.0	40.0	True	False	False	2.0732999999999997	2.0732999999999997	20.347301156158494	0.0996	-0.21869760981100783	Right	0.0996	
9608.3853	0.09959999999955471	states																																	"       state_name
id               
3   wait_for_poke"
9608.4849	0.9587000000010448	states																																	"        state_name
id                
1   nose_in_center"
9609.4436	0.0019999999985884642	states																																	"   state_name
id           
5      go_cue"
9609.4456	2.0733000000000175	states																																	"            state_name
id                    
6   wait_for_side_poke"
9611.5189	0.06590000000142027	states																																	"         state_name
id                 
4   announce_reward"
9611.5848	0.45789999999942665	states																																	"   state_name
id           
8      reward"
9612.0427	9.999999929277692e-05	states																																	"    state_name
id            
7   stop_sound"
9612.3543	3.503600000000006	trials	1.0	2.0	80.0	1.144719524040446	0.0	0.15	True	4985.0	True	False	44079.0	False	High	True	False	0.025	0.0	100.0	1.5	9.0													
9612.3543	3.503600000000006	processed_trials			80.0	1.144719524040446					True				High					100.0		9.0	40.0	40.0	False	True	False			20.347301156158494	1.4584000000000001	-0.15871434954968688	Right	0.6790000000000002	
9612.3543	1.4583999999995285	states																																	"       state_name
id               
3   wait_for_poke"
9613.8127	0.0452000000004773	states																																	"        state_name
id                
1   nose_in_center"
9613.8579	2.0	states																																	"          state_name
id                  
2   punish_violation"
9616.1662	2.259700000000521	trials	1.0	2.0	80.0	1.0727260298267267	0.0	0.15	True	4985.0	False	False	44080.0	False	High	True	True	0.025	0.0	0.39458853954708895	1.5	9.0													
9616.1662	2.259700000000521	processed_trials			80.0	1.0727260298267267					False				High					0.39458853954708895		9.0	40.0	40.0	False	True	False			20.347301156158494	0.24180000000000001	-0.21242029187668351	Left	0.24180000000000001	
9616.1662	0.24179999999978463	states																																	"       state_name
id               
3   wait_for_poke"
9616.408	0.017900000000736327	states																																	"        state_name
id                
1   nose_in_center"
9616.4259	2.0	states																																	"          state_name
id                  
2   punish_violation"
9618.7315	12.266100000000733	trials	1.0	2.0	80.0	1.1833017335166536	0.0	0.15	True	4985.0	False	False	44081.0	False	High	True	True	0.025	0.0	10.157907404129132	1.5	9.0													
9618.7315	12.266100000000733	processed_trials			80.0	1.1833017335166536					False				High					10.157907404129132		9.0	40.0	40.0	True	False	False	10.1579	10.1579	20.347301156158494	0.17830000000000001	-0.21522345424538672	Left	0.17830000000000001	
9618.7315	0.1782999999995809	states																																	"       state_name
id               
3   wait_for_poke"
9618.9098	1.1833000000005995	states																																	"        state_name
id                
1   nose_in_center"
9620.0931	0.0020000000004074536	states																																	"   state_name
id           
5      go_cue"
9620.0951	10.157900000000154	states																																	"            state_name
id                    
6   wait_for_side_poke"
9630.253	0.12190000000009604	states																																	"         state_name
id                 
4   announce_reward"
9630.3749	0.6225999999987835	states																																	"   state_name
id           
8      reward"
9630.9975	0.00010000000111176632	states																																	"    state_name
id            
7   stop_sound"
9631.309	6.875	trials	1.0	2.0	20.0	0.8007889909650272	0.0	0.15	True	5065.0	True	False	44082.0	False	High	True	False	0.025	0.0	10.157907	1.5	9.0													
9631.309	6.875	processed_trials			20.0	0.8007889909650272					False				High					10.157907		9.0	40.0	40.0	False	True	False			20.347301156158494	4.8463	-0.009157911928749887	Right	1.4618000000000002	
9631.309	4.846299999999246	states																																	"       state_name
id               
3   wait_for_poke"
9636.155299999999	0.02870000000075379	states																																	"        state_name
id                
1   nose_in_center"
9636.184	2.0	states																																	"          state_name
id                  
2   punish_violation"
9638.4987	2.1317999999992026	trials	1.0	2.0	20.0	0.976403930554007	0.0	0.15	True	5065.0	False	False	44083.0	False	High	True	True	0.025	0.0	0.28212261101526104	1.5	9.0													
9638.4987	2.1317999999992026	processed_trials			20.0	0.976403930554007					False				High					0.28212261101526104		9.0	40.0	40.0	True	False	False	0.2821	0.2821	20.347301156158494	0.1366	-0.21706427110798396	Right	0.1366	
9638.4987	0.13659999999981665	states																																	"       state_name
id               
3   wait_for_poke"
9638.6353	0.9763999999995576	states																																	"        state_name
id                
1   nose_in_center"
9639.6117	0.0020000000004074536	states																																	"   state_name
id           
5      go_cue"
9639.6137	0.28210000000035507	states																																	"            state_name
id                    
6   wait_for_side_poke"
9639.8958	0.49499999999898137	states																																	"         state_name
id                 
4   announce_reward"
9640.3908	0.23960000000079162	states																																	"   state_name
id           
8      reward"
9640.6304	9.999999929277692e-05	states																																	"    state_name
id            
7   stop_sound"
9640.9484	3.5855000000010477	trials	1.0	2.0	40.0	0.9179229689129322	0.0	0.15	True	5085.0	False	False	44084.0	False	High	True	False	0.025	0.0	5.069013514881497	1.5	9.0													
9640.9484	3.5855000000010477	processed_trials			40.0	0.9179229689129322					False				High					5.069013514881497		9.0	40.0	40.0	False	True	False			20.347301156158494	1.5499	-0.15467514708139807	Right	1.0525000000000002	
9640.9484	1.5498999999999796	states																																	"       state_name
id               
3   wait_for_poke"
9642.4983	0.03559999999924912	states																																	"        state_name
id                
1   nose_in_center"
9642.533899999999	2.0	states																																	"          state_name
id                  
2   punish_violation"
9644.8533	2.1260000000002037	trials	1.0	2.0	40.0	0.8395074088282551	0.0	0.15	True	5085.0	False	False	44085.0	False	High	True	True	0.025	0.0	1.6212229633563122	1.5	9.0													
9644.8533	2.1260000000002037	processed_trials			40.0	0.8395074088282551					False				High					1.6212229633563122		9.0	40.0	40.0	False	True	False			20.347301156158494	0.1188	-0.21785003945700623	Right	0.1188	
9644.8533	0.11880000000019209	states																																	"       state_name
id               
3   wait_for_poke"
9644.9721	0.0072000000000116415	states																																	"        state_name
id                
1   nose_in_center"
9644.9793	2.0	states																																	"          state_name
id                  
2   punish_violation"
9647.3109	2.394399999999223	trials	1.0	2.0	40.0	1.0703332616232375	0.0	0.15	True	5085.0	False	False	44086.0	False	High	True	True	0.025	0.0	0.8134187340729109	1.5	9.0													
9647.3109	2.394399999999223	processed_trials			40.0	1.0703332616232375					False				High					0.8134187340729109		9.0	40.0	40.0	True	False	False	0.8134000000000001	0.8134000000000001	20.347301156158494	0.0938	-0.21895364668877915	Left	0.0938	
9647.3109	0.09380000000055588	states																																	"       state_name
id               
3   wait_for_poke"
9647.404700000001	1.0702999999994063	states																																	"        state_name
id                
1   nose_in_center"
9648.475	0.0020000000004074536	states																																	"   state_name
id           
5      go_cue"
9648.477	0.813399999999092	states																																	"            state_name
id                    
6   wait_for_side_poke"
9649.2904	0.0874999999996362	states																																	"         state_name
id                 
4   announce_reward"
9649.3779	0.32730000000083237	states																																	"   state_name
id           
8      reward"
9649.7052	9.999999929277692e-05	states																																	"    state_name
id            
7   stop_sound"
9650.024	8.430599999999686	trials	1.0	2.0	20.0	0.8612881379051919	0.0	0.15	True	5125.0	False	False	44087.0	False	High	True	False	0.025	0.0	3.107308312813367	1.5	9.0													
9650.024	8.430599999999686	processed_trials			20.0	0.8612881379051919					False				High					3.107308312813367		9.0	40.0	40.0	True	False	False	3.1072999999999995	3.1072999999999995	20.347301156158494	4.217	-0.03693791316693748	Left	2.3698999999999995	
9650.024	4.217000000000553	states																																	"       state_name
id               
3   wait_for_poke"
9654.241	0.8612999999986641	states																																	"        state_name
id                
1   nose_in_center"
9655.102299999999	0.0020000000004074536	states																																	"   state_name
id           
5      go_cue"
9655.104299999999	3.107299999999668	states																																	"            state_name
id                    
6   wait_for_side_poke"
9658.211599999999	0.06060000000070431	states																																	"         state_name
id                 
4   announce_reward"
9658.2722	0.1823000000003958	states																																	"   state_name
id           
8      reward"
9658.4545	9.999999929277692e-05	states																																	"    state_name
id            
7   stop_sound"
9658.7694	4.426100000000588	trials	1.0	2.0	40.0	0.8798308076762835	0.0	0.15	True	5145.0	False	False	44088.0	False	High	True	False	0.025	0.0	0.7742558161328001	1.5	9.0													
9658.7694	4.426100000000588	processed_trials			40.0	0.8798308076762835					False				High					0.7742558161328001		9.0	40.0	40.0	False	True	False			20.347301156158494	2.3836999999999997	-0.11786763868730815	Right	1.2781999999999998	
9658.7694	2.3837000000003172	states																																	"       state_name
id               
3   wait_for_poke"
9661.1531	0.042400000000270666	states																																	"        state_name
id                
1   nose_in_center"
9661.1955	2.0	states																																	"          state_name
id                  
2   punish_violation"
9663.505	9.088000000001557	trials	1.0	2.0	40.0	0.929928171739736	0.0	0.15	True	5145.0	False	False	44089.0	False	High	True	True	0.025	0.0	7.131899005382455	1.5	9.0													
9663.505	9.088000000001557	processed_trials			40.0	0.929928171739736					False				High					7.131899005382455		9.0	40.0	40.0	True	False	False	7.1319	7.1319	20.347301156158494	0.5292	-0.1997332231402222	Left	0.5292	
9663.505	0.5292000000008557	states																																	"       state_name
id               
3   wait_for_poke"
9664.0342	0.9298999999991793	states																																	"        state_name
id                
1   nose_in_center"
9664.9641	0.0020000000004074536	states																																	"   state_name
id           
5      go_cue"
9664.9661	7.131900000000314	states																																	"            state_name
id                    
6   wait_for_side_poke"
9672.098	0.16759999999885622	states																																	"         state_name
id                 
4   announce_reward"
9672.265599999999	0.32730000000083237	states																																	"   state_name
id           
8      reward"
9672.5929	9.999999929277692e-05	states																																	"    state_name
id            
7   stop_sound"
9672.958	5.545799999999872	trials	1.0	2.0	40.0	1.0295153079933497	0.0	0.15	True	5185.0	False	False	44090.0	False	High	True	False	0.025	0.0	1.8013181778767675	1.5	9.0													
9672.958	5.545799999999872	processed_trials			40.0	1.0295153079933497					False				High					1.8013181778767675		9.0	40.0	40.0	False	True	False			20.347301156158494	3.2620999999999998	-0.07909129499173535	Right	1.6546999999999996	
9672.958	3.2620999999999185	states																																	"       state_name
id               
3   wait_for_poke"
9676.2201	0.28369999999995343	states																																	"        state_name
id                
1   nose_in_center"
9676.5038	2.0	states																																	"          state_name
id                  
2   punish_violation"
9678.8947	2.456399999999121	trials	1.0	2.0	40.0	0.8758804349502285	0.0	0.15	True	5185.0	False	False	44091.0	False	High	True	True	0.025	0.0	0.24021785050523936	1.5	9.0													
9678.8947	2.456399999999121	processed_trials			40.0	0.8758804349502285					False				High					0.24021785050523936		9.0	40.0	40.0	True	False	False	0.24019999999999997	0.24019999999999997	20.347301156158494	0.2509	-0.2120185788443182	Right	0.2509	
9678.8947	0.25089999999909196	states																																	"       state_name
id               
3   wait_for_poke"
9679.1456	0.875900000000911	states																																	"        state_name
id                
1   nose_in_center"
9680.0215	0.0020000000004074536	states																																	"   state_name
id           
5      go_cue"
9680.023500000001	0.24020000000018626	states																																	"            state_name
id                    
6   wait_for_side_poke"
9680.263700000001	0.629399999999805	states																																	"         state_name
id                 
4   announce_reward"
9680.893100000001	0.45789999999942665	states																																	"   state_name
id           
8      reward"
9681.351	9.999999929277692e-05	states																																	"    state_name
id            
7   stop_sound"
9681.6794	3.563399999999092	trials	1.0	2.0	40.0	0.8678163604462529	0.0	0.15	True	5225.0	False	False	44092.0	False	High	True	False	0.025	0.0	4.58503570052578	1.5	9.0													
9681.6794	3.563399999999092	processed_trials			40.0	0.8678163604462529					False				High					4.58503570052578		9.0	40.0	40.0	False	True	False			20.347301156158494	1.5448	-0.15490028295667974	Right	1.0874	
9681.6794	1.5447999999996682	states																																	"       state_name
id               
3   wait_for_poke"
9683.2242	0.018599999999423744	states																																	"        state_name
id                
1   nose_in_center"
9683.2428	2.0	states																																	"          state_name
id                  
2   punish_violation"
9685.5653	2.4593000000004395	trials	1.0	2.0	40.0	1.1175401672506824	0.0	0.15	True	5225.0	False	False	44093.0	False	High	True	True	0.025	0.0	0.12494488781356139	1.5	9.0													
9685.5653	2.4593000000004395	processed_trials			40.0	1.1175401672506824					False				High					0.12494488781356139		9.0	40.0	40.0	True	False	False	0.12489999999999979	0.12489999999999979	20.347301156158494	0.0247	-0.22200401707739945	Right	0.0247	
9685.5653	0.024699999999938882	states																																	"       state_name
id               
3   wait_for_poke"
9685.59	1.117500000000291	states																																	"        state_name
id                
1   nose_in_center"
9686.7075	0.0020000000004074536	states																																	"   state_name
id           
5      go_cue"
9686.7095	0.12489999999888823	states																																	"            state_name
id                    
6   wait_for_side_poke"
9686.8344	0.7322000000003754	states																																	"         state_name
id                 
4   announce_reward"
9687.5666	0.45789999999942665	states																																	"   state_name
id           
8      reward"
9688.0245	0.00010000000111176632	states																																	"    state_name
id            
7   stop_sound"
9688.3436	3.6617999999998574	trials	1.0	2.0	80.0	1.1175402	0.0	0.15	True	5265.0	False	False	44094.0	False	High	True	False	0.025	0.0	0.5093677528393974	1.5	9.0													
9688.3436	3.6617999999998574	processed_trials			80.0	1.1175402					False				High					0.5093677528393974		9.0	40.0	40.0	False	True	False			20.347301156158494	1.6452	-0.15046819631387975	Left	0.8114	
9688.3436	1.645200000000841	states																																	"       state_name
id               
3   wait_for_poke"
9689.988800000001	0.01659999999901629	states																																	"        state_name
id                
1   nose_in_center"
9690.0054	2.0	states																																	"          state_name
id                  
2   punish_violation"
9692.3249	5.601300000000265	trials	1.0	2.0	80.0	0.9184835569494897	0.0	0.15	True	5265.0	False	False	44095.0	False	High	True	True	0.025	0.0	3.7329297341166385	1.5	9.0													
9692.3249	5.601300000000265	processed_trials			80.0	0.9184835569494897					False				High					3.7329297341166385		9.0	40.0	40.0	True	False	False	3.7329	3.7329	20.347301156158494	0.21559999999999999	-0.21357687225558153	Left	0.21559999999999999	
9692.3249	0.21559999999954016	states																																	"       state_name
id               
3   wait_for_poke"
9692.5405	0.9184999999997672	states																																	"        state_name
id                
1   nose_in_center"
9693.458999999999	0.0020000000004074536	states																																	"   state_name
id           
5      go_cue"
9693.461	3.732900000000882	states																																	"            state_name
id                    
6   wait_for_side_poke"
9697.1939	0.10959999999977299	states																																	"         state_name
id                 
4   announce_reward"
9697.3035	0.6225999999987835	states																																	"   state_name
id           
8      reward"
9697.926099999999	0.00010000000111176632	states																																	"    state_name
id            
7   stop_sound"
9698.2681	6.0974999999998545	trials	1.0	2.0	20.0	0.9124017942071241	0.0	0.15	True	5345.0	False	False	44096.0	False	High	True	False	0.025	0.0	4.560627693469539	1.5	9.0													
9698.2681	6.0974999999998545	processed_trials			20.0	0.9124017942071241					False				High					4.560627693469539		9.0	40.0	40.0	False	True	False			20.347301156158494	4.0666	-0.04357721427328325	Left	1.9735000000000005	
9698.2681	4.066600000000108	states																																	"       state_name
id               
3   wait_for_poke"
9702.3347	0.030899999999746797	states																																	"        state_name
id                
1   nose_in_center"
9702.3656	2.0	states																																	"          state_name
id                  
2   punish_violation"
9704.7045	2.5164999999997235	trials	1.0	2.0	20.0	1.1678245472152884	0.0	0.15	True	5345.0	False	False	44097.0	False	High	True	True	0.025	0.0	4.5606277	1.5	9.0													
9704.7045	2.5164999999997235	processed_trials			20.0	1.1678245472152884					False				High					4.5606277		9.0	40.0	40.0	False	True	False			20.347301156158494	0.26130000000000003	-0.21155947823590066	Right	0.26130000000000003	
9704.7045	0.2613000000001193	states																																	"       state_name
id               
3   wait_for_poke"
9704.9658	0.2551999999996042	states																																	"        state_name
id                
1   nose_in_center"
9705.221	2.0	states																																	"          state_name
id                  
2   punish_violation"
9707.5514	2.1001999999989494	trials	1.0	2.0	20.0	1.1549117948456633	0.0	0.15	True	5345.0	False	False	44098.0	False	High	True	True	0.025	0.0	0.4621360408693548	1.5	9.0													
9707.5514	2.1001999999989494	processed_trials			20.0	1.1549117948456633					False				High					0.4621360408693548		9.0	40.0	40.0	False	True	False			20.347301156158494	0.0783	-0.21963788317247837	Right	0.0783	
9707.5514	0.07829999999921711	states																																	"       state_name
id               
3   wait_for_poke"
9707.6297	0.021900000001551234	states																																	"        state_name
id                
1   nose_in_center"
9707.651600000001	2.0	states																																	"          state_name
id                  
2   punish_violation"
9709.9642	73.44549999999981	trials	1.0	2.0	20.0	0.9756491924424648	0.0	0.15	True	5345.0	False	False	44099.0	False	High	True	True	0.025	0.0	3.755406645805002	1.5	9.0													
9709.9642	73.44549999999981	processed_trials			20.0	0.9756491924424648					False				High					3.755406645805002		9.0	40.0	40.0	True	False	False	3.7553999999999945	3.7553999999999945	20.347301156158494	68.4517	2.7986572648635835	Right	68.4517	
9709.9642	68.45169999999962	states																																	"       state_name
id               
3   wait_for_poke"
9778.4159	0.9755999999997584	states																																	"        state_name
id                
1   nose_in_center"
9779.3915	0.0020000000004074536	states																																	"   state_name
id           
5      go_cue"
9779.3935	3.7554000000000087	states																																	"            state_name
id                    
6   wait_for_side_poke"
9783.1489	0.02109999999993306	states																																	"         state_name
id                 
4   announce_reward"
9783.17	0.23960000000079162	states																																	"   state_name
id           
8      reward"
9783.4096	9.999999929277692e-05	states																																	"    state_name
id            
7   stop_sound"
9783.774	4.887500000000728	trials	1.0	2.0	80.0	0.9771293775183879	0.0	0.15	True	5365.0	False	False	44100.0	False	High	True	False	0.025	0.0	0.9654181194020943	1.5	9.0													
9783.774	4.887500000000728	processed_trials			80.0	0.9771293775183879					False				High					0.9654181194020943		9.0	40.0	40.0	True	False	False	0.9653999999999998	0.9653999999999998	20.347301156158494	1.9783	-0.13576373355773758	Right	1.0278	
9783.774	1.9783000000006723	states																																	"       state_name
id               
3   wait_for_poke"
9785.7523	0.977100000000064	states																																	"        state_name
id                
1   nose_in_center"
9786.7294	0.0019999999985884642	states																																	"   state_name
id           
5      go_cue"
9786.731399999999	0.9654000000009546	states																																	"            state_name
id                    
6   wait_for_side_poke"
9787.6968	0.044499999999970896	states																																	"         state_name
id                 
4   announce_reward"
9787.7413	0.9200999999993655	states																																	"   state_name
id           
8      reward"
9788.661399999999	0.00010000000111176632	states																																	"    state_name
id            
7   stop_sound"
9788.9963	4.672599999999875	trials	1.0	2.0	80.0	0.82655704691236	0.0	0.15	True	5445.0	False	False	44101.0	False	High	True	False	0.025	0.0	0.19062838028416879	1.5	9.0													
9788.9963	4.672599999999875	processed_trials			80.0	0.82655704691236					False				High					0.19062838028416879		9.0	40.0	40.0	False	True	False			20.347301156158494	2.6426	-0.10643868219506794	Left	1.0777999999999999	
9788.9963	2.64259999999922	states																																	"       state_name
id               
3   wait_for_poke"
9791.6389	0.030000000000654836	states																																	"        state_name
id                
1   nose_in_center"
9791.6689	2.0	states																																	"          state_name
id                  
2   punish_violation"
9793.9976	3.1480999999985215	trials	1.0	2.0	80.0	1.1550194937949279	0.0	0.15	True	5445.0	False	False	44102.0	False	High	True	True	0.025	0.0	1.2150028447667856	1.5	9.0													
9793.9976	3.1480999999985215	processed_trials			80.0	1.1550194937949279					False				High					1.2150028447667856		9.0	40.0	40.0	True	False	False	1.2149999999999999	1.2149999999999999	20.347301156158494	0.040100000000000004	-0.22132419502262735	Left	0.040100000000000004	
9793.9976	0.04010000000016589	states																																	"       state_name
id               
3   wait_for_poke"
9794.0377	1.1550000000006548	states																																	"        state_name
id                
1   nose_in_center"
9795.192700000001	0.0019999999985884642	states																																	"   state_name
id           
5      go_cue"
9795.1947	1.2150000000001455	states																																	"            state_name
id                    
6   wait_for_side_poke"
9796.4097	0.11330000000089058	states																																	"         state_name
id                 
4   announce_reward"
9796.523000000001	0.6225999999987835	states																																	"   state_name
id           
8      reward"
9797.1456	0.00010000000111176632	states																																	"    state_name
id            
7   stop_sound"
9797.478	6.146300000000338	trials	1.0	2.0	20.0	1.0353865952560455	0.0	0.15	True	5525.0	False	False	44103.0	False	High	True	False	0.025	0.0	1.2150028	1.5	9.0													
9797.478	6.146300000000338	processed_trials			20.0	1.0353865952560455					False				High					1.2150028		9.0	40.0	40.0	False	True	False			20.347301156158494	3.8436	-0.05342139078069758	Right	2.7782999999999998	
9797.478	3.8436000000001513	states																																	"       state_name
id               
3   wait_for_poke"
9801.3216	0.30270000000018626	states																																	"        state_name
id                
1   nose_in_center"
9801.6243	2.0	states																																	"          state_name
id                  
2   punish_violation"
9803.9492	18.60740000000078	trials	1.0	2.0	20.0	0.993821769882403	0.0	0.15	True	5525.0	True	False	44104.0	False	High	True	True	0.025	0.0	100.0	1.5	9.0													
9803.9492	18.60740000000078	processed_trials			20.0	0.993821769882403					True				High					100.0		9.0	40.0	40.0	False	False	True	12.838799999999999	12.838799999999999	20.347301156158494	4.5727	-0.021235789473272565	Left	4.5727	
9803.9492	4.572700000000623	states																																	"       state_name
id               
3   wait_for_poke"
9808.5219	0.9938000000001921	states																																	"        state_name
id                
1   nose_in_center"
9809.5157	0.0019999999985884642	states																																	"   state_name
id           
5      go_cue"
9809.517699999999	12.838800000001356	states																																	"            state_name
id                    
6   wait_for_side_poke"
9822.3565	0.1999999999989086	states																																	"   state_name
id           
0     opt_out"
9822.556499999999	0.00010000000111176632	states																																	"    state_name
id            
7   stop_sound"
9822.9043	2.449399999999514	trials	1.0	2.0	20.0	0.99382177	0.0	0.15	True	5525.0	False	False	44105.0	False	High	True	False	0.025	0.0	1.0926817139127933	1.5	9.0													
9822.9043	2.449399999999514	processed_trials			20.0	0.99382177					False				High					1.0926817139127933		9.0	40.0	40.0	False	True	False			20.347301156158494	0.38530000000000003	-0.20608558636630708	Right	0.38530000000000003	
9822.9043	0.3852999999999156	states																																	"       state_name
id               
3   wait_for_poke"
9823.2896	0.06409999999959837	states																																	"        state_name
id                
1   nose_in_center"
9823.3537	2.0	states																																	"          state_name
id                  
2   punish_violation"
9825.674	2.743799999998373	trials	1.0	2.0	20.0	1.1647336565895334	0.0	0.15	True	5525.0	False	False	44106.0	False	High	True	True	0.025	0.0	1.0926817	1.5	9.0													
9825.674	2.743799999998373	processed_trials			20.0	1.1647336565895334					False				High					1.0926817		9.0	40.0	40.0	False	True	False			20.347301156158494	0.15209999999999999	-0.21638003462428473	Left	0.15209999999999999	
9825.674	0.15209999999933643	states																																	"       state_name
id               
3   wait_for_poke"
9825.8261	0.5917000000008557	states																																	"        state_name
id                
1   nose_in_center"
9826.417800000001	2.0	states																																	"          state_name
id                  
2   punish_violation"
9828.7414	2.334499999999025	trials	1.0	2.0	20.0	0.9752592921747874	0.0	0.15	True	5525.0	False	False	44107.0	False	High	True	True	0.025	0.0	1.0096941197466323	1.5	9.0													
9828.7414	2.334499999999025	processed_trials			20.0	0.9752592921747874					False				High					1.0096941197466323		9.0	40.0	40.0	True	False	False	1.0097	1.0097	20.347301156158494	0.15669999999999998	-0.21617697089363852	Left	0.15669999999999998	
9828.7414	0.15669999999954598	states																																	"       state_name
id               
3   wait_for_poke"
9828.8981	0.9753000000000611	states																																	"        state_name
id                
1   nose_in_center"
9829.8734	0.0020000000004074536	states																																	"   state_name
id           
5      go_cue"
9829.8754	1.009700000000521	states																																	"            state_name
id                    
6   wait_for_side_poke"
9830.885100000001	0.008399999998800922	states																																	"         state_name
id                 
4   announce_reward"
9830.8935	0.1823000000003958	states																																	"   state_name
id           
8      reward"
9831.0758	0.00010000000111176632	states																																	"    state_name
id            
7   stop_sound"
9831.4073	4.1945999999989	trials	1.0	2.0	80.0	0.8707257018781387	0.0	0.15	True	5545.0	False	False	44108.0	False	High	True	False	0.025	0.0	3.949137107630155	1.5	9.0													
9831.4073	4.1945999999989	processed_trials			80.0	0.8707257018781387					False				High					3.949137107630155		9.0	40.0	40.0	False	True	False			20.347301156158494	2.1812	-0.12680685726466867	Right	1.1938	
9831.4073	2.1812000000008993	states																																	"       state_name
id               
3   wait_for_poke"
9833.588500000002	0.013399999999819556	states																																	"        state_name
id                
1   nose_in_center"
9833.601900000001	2.0	states																																	"          state_name
id                  
2   punish_violation"
9835.9614	2.636800000000221	trials	1.0	2.0	80.0	1.107441422735314	0.0	0.15	True	5545.0	False	False	44109.0	False	High	True	True	0.025	0.0	0.42576570654903606	1.5	9.0													
9835.9614	2.636800000000221	processed_trials			80.0	1.107441422735314					False				High					0.42576570654903606		9.0	40.0	40.0	True	False	False	0.42579999999999996	0.42579999999999996	20.347301156158494	0.3551	-0.20741874390228873	Left	0.3551	
9835.9614	0.3551000000006752	states																																	"       state_name
id               
3   wait_for_poke"
9836.3165	1.107399999998961	states																																	"        state_name
id                
1   nose_in_center"
9837.4239	0.0020000000004074536	states																																	"   state_name
id           
5      go_cue"
9837.4259	0.4257999999990716	states																																	"            state_name
id                    
6   wait_for_side_poke"
9837.8517	0.12380000000121072	states																																	"         state_name
id                 
4   announce_reward"
9837.9755	0.6225999999987835	states																																	"   state_name
id           
8      reward"
9838.5981	0.00010000000111176632	states																																	"    state_name
id            
7   stop_sound"
9838.9978	5.86830000000009	trials	1.0	2.0	20.0	0.9559222041246889	0.0	0.15	True	5625.0	False	False	44110.0	False	High	True	False	0.025	0.0	0.42576571	1.5	9.0													
9838.9978	5.86830000000009	processed_trials			20.0	0.9559222041246889					False				High					0.42576571		9.0	40.0	40.0	False	True	False			20.347301156158494	3.6985	-0.05982672715390751	Right	2.1523000000000003	
9838.9978	3.698500000000422	states																																	"       state_name
id               
3   wait_for_poke"
9842.6963	0.16979999999966822	states																																	"        state_name
id                
1   nose_in_center"
9842.8661	2.0	states																																	"          state_name
id                  
2   punish_violation"
9845.1974	3.749100000000908	trials	1.0	2.0	20.0	1.0332812128381843	0.0	0.15	True	5625.0	True	False	44111.0	False	High	True	True	0.025	0.0	100.0	1.5	9.0													
9845.1974	3.749100000000908	processed_trials			20.0	1.0332812128381843					True				High					100.0		9.0	40.0	40.0	False	True	False			20.347301156158494	1.7035	-0.14789458424938534	Left	1.7035	
9845.1974	1.7034999999996217	states																																	"       state_name
id               
3   wait_for_poke"
9846.900899999999	0.04560000000128639	states																																	"        state_name
id                
1   nose_in_center"
9846.9465	2.0	states																																	"          state_name
id                  
2   punish_violation"
9849.2767	12.474299999999857	trials	1.0	2.0	20.0	1.199628033478152	0.0	0.15	True	5625.0	True	False	44112.0	False	High	True	True	0.025	0.0	100.0	1.5	9.0													
9849.2767	12.474299999999857	processed_trials			20.0	1.199628033478152					True				High					100.0		9.0	40.0	40.0	False	False	True	10.874	10.874	20.347301156158494	0.1986	-0.21432732517318714	Left	0.1986	
9849.2767	0.19859999999971478	states																																	"       state_name
id               
3   wait_for_poke"
9849.4753	1.1995999999999185	states																																	"        state_name
id                
1   nose_in_center"
9850.6749	0.0020000000004074536	states																																	"   state_name
id           
5      go_cue"
9850.6769	10.873999999999796	states																																	"            state_name
id                    
6   wait_for_side_poke"
9861.5509	0.2000000000007276	states																																	"   state_name
id           
0     opt_out"
9861.750900000001	9.999999929277692e-05	states																																	"    state_name
id            
7   stop_sound"
9862.0951	2.16150000000016	trials	1.0	2.0	80.0	1.1333449009456396	0.0	0.15	True	5625.0	True	False	44113.0	False	High	True	False	0.025	0.0	100.0	1.5	9.0													
9862.0951	2.16150000000016	processed_trials			80.0	1.1333449009456396					True				High					100.0		9.0	40.0	40.0	False	True	False			20.347301156158494	0.145	-0.21669345907810825	Left	0.145	
9862.0951	0.14500000000043656	states																																	"       state_name
id               
3   wait_for_poke"
9862.2401	0.016499999999723514	states																																	"        state_name
id                
1   nose_in_center"
9862.2566	2.0	states																																	"          state_name
id                  
2   punish_violation"
9864.5807	2.753899999999703	trials	1.0	2.0	80.0	0.9186217030435064	0.0	0.15	True	5625.0	False	False	44114.0	False	High	True	True	0.025	0.0	4.128994304313577	1.5	9.0													
9864.5807	2.753899999999703	processed_trials			80.0	0.9186217030435064					False				High					4.128994304313577		9.0	40.0	40.0	False	True	False			20.347301156158494	0.1571	-0.21615931317793016	Left	0.1571	
9864.5807	0.15710000000035507	states																																	"       state_name
id               
3   wait_for_poke"
9864.7378	0.5967999999993481	states																																	"        state_name
id                
1   nose_in_center"
9865.3346	2.0	states																																	"          state_name
id                  
2   punish_violation"
9867.6718	11.810699999999997	trials	1.0	2.0	80.0	0.9184633585218004	0.0	0.15	True	5625.0	True	False	44115.0	False	High	True	True	0.025	0.0	100.0	1.5	9.0													
9867.6718	11.810699999999997	processed_trials			80.0	0.9184633585218004					True				High					100.0		9.0	40.0	40.0	False	False	True	10.5951	10.5951	20.347301156158494	0.095	-0.21890067354165405	Right	0.095	
9867.6718	0.09499999999934516	states																																	"       state_name
id               
3   wait_for_poke"
9867.7668	0.9184999999997672	states																																	"        state_name
id                
1   nose_in_center"
9868.6853	0.0020000000004074536	states																																	"   state_name
id           
5      go_cue"
9868.6873	10.595100000000457	states																																	"            state_name
id                    
6   wait_for_side_poke"
9879.2824	0.2000000000007276	states																																	"   state_name
id           
0     opt_out"
9879.4824	9.999999929277692e-05	states																																	"    state_name
id            
7   stop_sound"
9879.8173	2.6930999999985943	trials	1.0	2.0	20.0	0.876382580783902	0.0	0.15	True	5625.0	False	False	44116.0	False	High	True	False	0.025	0.0	2.2742419538977874	1.5	9.0													
9879.8173	2.6930999999985943	processed_trials			20.0	0.876382580783902					False				High					2.2742419538977874		9.0	40.0	40.0	False	True	False			20.347301156158494	0.2189	-0.21343119610098754	Left	0.2189	
9879.8173	0.21889999999984866	states																																	"       state_name
id               
3   wait_for_poke"
9880.0362	0.4742000000005646	states																																	"        state_name
id                
1   nose_in_center"
9880.510400000001	2.0	states																																	"          state_name
id                  
2   punish_violation"
9882.8474	2.4059999999990396	trials	1.0	2.0	20.0	1.1419064580254257	0.0	0.15	True	5625.0	False	False	44117.0	False	High	True	True	0.025	0.0	3.382935339422261	1.5	9.0													
9882.8474	2.4059999999990396	processed_trials			20.0	1.1419064580254257					False				High					3.382935339422261		9.0	40.0	40.0	False	True	False			20.347301156158494	0.3763	-0.20648288496974535	Left	0.3763	
9882.8474	0.37629999999990105	states																																	"       state_name
id               
3   wait_for_poke"
9883.2237	0.029700000000957516	states																																	"        state_name
id                
1   nose_in_center"
9883.253400000001	2.0	states																																	"          state_name
id                  
2   punish_violation"
9885.5921	14.208800000000338	trials	1.0	2.0	20.0	1.0708953734826314	0.0	0.15	True	5625.0	False	False	44118.0	False	High	True	True	0.025	0.0	15.07351285947851	1.5	9.0													
9885.5921	14.208800000000338	processed_trials			20.0	1.0708953734826314					False				High					15.07351285947851		9.0	40.0	40.0	False	False	True	12.671100000000001	12.671100000000001	20.347301156158494	0.2647	-0.21140938765237954	Left	0.2647	
9885.5921	0.2646999999997206	states																																	"       state_name
id               
3   wait_for_poke"
9885.8568	1.07090000000062	states																																	"        state_name
id                
1   nose_in_center"
9886.9277	0.0020000000004074536	states																																	"   state_name
id           
5      go_cue"
9886.9297	12.67109999999957	states																																	"            state_name
id                    
6   wait_for_side_poke"
9899.6008	0.1999999999989086	states																																	"   state_name
id           
0     opt_out"
9899.800799999999	0.00010000000111176632	states																																	"    state_name
id            
7   stop_sound"
9900.1399	2.2286000000003696	trials	1.0	2.0	40.0	1.0708954	0.0	0.15	True	5625.0	False	False	44119.0	False	High	True	False	0.025	0.0	0.35484011915853	1.5	9.0													
9900.1399	2.2286000000003696	processed_trials			40.0	1.0708954					False				High					0.35484011915853		9.0	40.0	40.0	True	False	False	0.3548	0.3548	20.347301156158494	0.30360000000000004	-0.20969217479974092	Left	0.30360000000000004	
9900.1399	0.3035999999992782	states																																	"       state_name
id               
3   wait_for_poke"
9900.4435	1.07090000000062	states																																	"        state_name
id                
1   nose_in_center"
9901.5144	0.0020000000004074536	states																																	"   state_name
id           
5      go_cue"
9901.5164	0.3547999999991589	states																																	"            state_name
id                    
6   wait_for_side_poke"
9901.8712	0.16990000000077998	states																																	"         state_name
id                 
4   announce_reward"
9902.0411	0.3272999999990134	states																																	"   state_name
id           
8      reward"
9902.3684	0.00010000000111176632	states																																	"    state_name
id            
7   stop_sound"
9902.7033	6.533100000000559	trials	1.0	2.0	80.0	1.0092628788829103	0.0	0.15	True	5665.0	False	False	44120.0	False	High	True	False	0.025	0.0	1.1553504426746293	1.5	9.0													
9902.7033	6.533100000000559	processed_trials			80.0	1.0092628788829103					False				High					1.1553504426746293		9.0	40.0	40.0	True	False	False	1.1554000000000002	1.1554000000000002	20.347301156158494	3.5566	-0.06609080180145052	Left	1.9873	
9902.7033	3.5565999999998894	states																																	"       state_name
id               
3   wait_for_poke"
9906.2599	1.0092999999997119	states																																	"        state_name
id                
1   nose_in_center"
9907.269199999999	0.0020000000004074536	states																																	"   state_name
id           
5      go_cue"
9907.2712	1.155399999999645	states																																	"            state_name
id                    
6   wait_for_side_poke"
9908.426599999999	0.1871000000010099	states																																	"         state_name
id                 
4   announce_reward"
9908.6137	0.6225999999987835	states																																	"   state_name
id           
8      reward"
9909.236299999999	0.00010000000111176632	states																																	"    state_name
id            
7   stop_sound"
9909.5837	6.691800000000512	trials	1.0	2.0	40.0	1.193624311497429	0.0	0.15	True	5745.0	False	False	44121.0	False	High	True	False	0.025	0.0	1.3948406927855028	1.5	9.0													
9909.5837	6.691800000000512	processed_trials			40.0	1.193624311497429					False				High					1.3948406927855028		9.0	40.0	40.0	True	False	False	1.3947999999999992	1.3947999999999992	20.347301156158494	3.7685	-0.05673662690494338	Left	2.1169000000000002	
9909.5837	3.768500000000131	states																																	"       state_name
id               
3   wait_for_poke"
9913.3522	1.1936000000005151	states																																	"        state_name
id                
1   nose_in_center"
9914.5458	0.0019999999985884642	states																																	"   state_name
id           
5      go_cue"
9914.547799999998	1.394800000000032	states																																	"            state_name
id                    
6   wait_for_side_poke"
9915.942599999998	0.0055000000011204975	states																																	"         state_name
id                 
4   announce_reward"
9915.9481	0.3272999999990134	states																																	"   state_name
id           
8      reward"
9916.275399999999	0.00010000000111176632	states																																	"    state_name
id            
7   stop_sound"
9916.6171	5.623300000001109	trials	1.0	2.0	40.0	0.9391780035613426	0.0	0.15	True	5785.0	False	False	44122.0	False	High	True	False	0.025	0.0	3.6486557657341736	1.5	9.0													
9916.6171	5.623300000001109	processed_trials			40.0	0.9391780035613426					False				High					3.6486557657341736		9.0	40.0	40.0	False	True	False			20.347301156158494	3.2434000000000003	-0.07991679320110147	Right	2.1003000000000003	
9916.6171	3.243399999999383	states																																	"       state_name
id               
3   wait_for_poke"
9919.860499999999	0.37989999999990687	states																																	"        state_name
id                
1   nose_in_center"
9920.240399999999	2.0	states																																	"          state_name
id                  
2   punish_violation"
9922.5809	5.565499999998792	trials	1.0	2.0	40.0	1.0845217623449317	0.0	0.15	True	5785.0	False	False	44123.0	False	High	True	True	0.025	0.0	3.6486558	1.5	9.0													
9922.5809	5.565499999998792	processed_trials			40.0	1.0845217623449317					False				High					3.6486558		9.0	40.0	40.0	True	False	False	3.6486999999999994	3.6486999999999994	20.347301156158494	0.105	-0.21845923064894487	Right	0.105	
9922.5809	0.10499999999956344	states																																	"       state_name
id               
3   wait_for_poke"
9922.6859	1.084500000000844	states																																	"        state_name
id                
1   nose_in_center"
9923.770400000001	0.0020000000004074536	states																																	"   state_name
id           
5      go_cue"
9923.772400000002	3.648699999999735	states																																	"            state_name
id                    
6   wait_for_side_poke"
9927.421100000001	0.2672999999995227	states																																	"         state_name
id                 
4   announce_reward"
9927.688400000001	0.45789999999942665	states																																	"   state_name
id           
8      reward"
9928.1463	0.00010000000111176632	states																																	"    state_name
id            
7   stop_sound"
9928.4933	3.8377000000000407	trials	1.0	2.0	80.0	1.1452547831750546	0.0	0.15	True	5825.0	False	False	44124.0	False	High	True	False	0.025	0.0	0.3606621245316491	1.5	9.0													
9928.4933	3.8377000000000407	processed_trials			80.0	1.1452547831750546					False				High					0.3606621245316491		9.0	40.0	40.0	False	True	False			20.347301156158494	1.8344	-0.1421160967838224	Left	0.6713000000000002	
9928.4933	1.8343999999997322	states																																	"       state_name
id               
3   wait_for_poke"
9930.3277	0.0033000000003085006	states																																	"        state_name
id                
1   nose_in_center"
9930.331	2.0	states																																	"          state_name
id                  
2   punish_violation"
9932.6898	4.287299999999959	trials	1.0	2.0	80.0	1.1452548	0.0	0.15	True	5825.0	False	False	44125.0	False	High	True	True	0.025	0.0	2.302907885666587	1.5	9.0													
9932.6898	4.287299999999959	processed_trials			80.0	1.1452548					False				High					2.302907885666587		9.0	40.0	40.0	True	False	False	2.3029	2.3029	20.347301156158494	0.1576	-0.21613724103329468	Left	0.1576	
9932.6898	0.15760000000045693	states																																	"       state_name
id               
3   wait_for_poke"
9932.8474	1.1453000000001339	states																																	"        state_name
id                
1   nose_in_center"
9933.9927	0.0019999999985884642	states																																	"   state_name
id           
5      go_cue"
9933.9947	2.302900000000591	states																																	"            state_name
id                    
6   wait_for_side_poke"
9936.2976	0.05680000000029395	states																																	"         state_name
id                 
4   announce_reward"
9936.3544	0.6226000000006024	states																																	"   state_name
id           
8      reward"
9936.977	9.999999929277692e-05	states																																	"    state_name
id            
7   stop_sound"
9937.3162	5.5623000000014144	trials	1.0	2.0	20.0	1.1568509534272715	0.0	0.15	True	5905.0	False	False	44126.0	False	High	True	False	0.025	0.0	1.8337457987045525	1.5	9.0													
9937.3162	5.5623000000014144	processed_trials			20.0	1.1568509534272715					False				High					1.8337457987045525		9.0	40.0	40.0	False	True	False			20.347301156158494	3.4825	-0.06936189363642542	Left	1.9022	
9937.3162	3.4825000000000728	states																																	"       state_name
id               
3   wait_for_poke"
9940.7987	0.0797999999995227	states																																	"        state_name
id                
1   nose_in_center"
9940.878499999999	2.0	states																																	"          state_name
id                  
2   punish_violation"
9943.2333	2.3813000000009197	trials	1.0	2.0	20.0	1.156851	0.0	0.15	True	5905.0	False	False	44127.0	False	High	True	True	0.025	0.0	2.08013486979691	1.5	9.0													
9943.2333	2.3813000000009197	processed_trials			20.0	1.156851					False				High					2.08013486979691		9.0	40.0	40.0	False	True	False			20.347301156158494	0.0407	-0.2212977084490648	Right	0.0407	
9943.2333	0.04069999999956053	states																																	"       state_name
id               
3   wait_for_poke"
9943.274	0.34059999999954016	states																																	"        state_name
id                
1   nose_in_center"
9943.614599999999	2.0	states																																	"          state_name
id                  
2   punish_violation"
9945.9513	2.4178999999985535	trials	1.0	2.0	20.0	0.9407543454513916	0.0	0.15	True	5905.0	False	False	44128.0	False	High	True	True	0.025	0.0	0.4781872019066213	1.5	9.0													
9945.9513	2.4178999999985535	processed_trials			20.0	0.9407543454513916					False				High					0.4781872019066213		9.0	40.0	40.0	False	True	False			20.347301156158494	0.0251	-0.2219863593616911	Left	0.0251	
9945.9513	0.02510000000074797	states																																	"       state_name
id               
3   wait_for_poke"
9945.976400000001	0.39279999999962456	states																																	"        state_name
id                
1   nose_in_center"
9946.369200000001	2.0	states																																	"          state_name
id                  
2   punish_violation"
9948.7182	3.2226000000009662	trials	1.0	2.0	20.0	1.0352459988931795	0.0	0.15	True	5905.0	False	False	44129.0	False	High	True	True	0.025	0.0	2.0035793403236113	1.5	9.0													
9948.7182	3.2226000000009662	processed_trials			20.0	1.0352459988931795					False				High					2.0035793403236113		9.0	40.0	40.0	False	True	False			20.347301156158494	1.1311	-0.17316277542805777	Right	1.1311	
9948.7182	1.1311000000005151	states																																	"       state_name
id               
3   wait_for_poke"
9949.8493	0.09149999999863212	states																																	"        state_name
id                
1   nose_in_center"
9949.940799999998	2.0	states																																	"          state_name
id                  
2   punish_violation"
9952.2903	74.90499999999884	trials	1.0	2.0	20.0	0.868786513072767	0.0	0.15	True	5905.0	False	False	44130.0	False	High	True	True	0.025	0.0	0.9313762112349748	1.5	9.0													
9952.2903	74.90499999999884	processed_trials			20.0	0.868786513072767					False				High					0.9313762112349748		9.0	40.0	40.0	False	True	False			20.347301156158494	72.5067	2.9776623578571484	Right	72.5067	
9952.2903	72.50669999999991	states																																	"       state_name
id               
3   wait_for_poke"
10024.797	0.39830000000074506	states																																	"        state_name
id                
1   nose_in_center"
10025.195300000001	2.0	states																																	"          state_name
id                  
2   punish_violation"
10027.5514	2.6872000000003027	trials	1.0	2.0	20.0	0.9076601568783087	0.0	0.15	True	5905.0	False	False	44131.0	False	High	True	True	0.025	0.0	5.8897775359701	1.5	9.0													
10027.5514	2.6872000000003027	processed_trials			20.0	0.9076601568783087					False				High					5.8897775359701		9.0	40.0	40.0	False	True	False			20.347301156158494	0.4025	-0.20532630459084733	Left	0.4025	
10027.5514	0.4025000000001455	states																																	"       state_name
id               
3   wait_for_poke"
10027.9539	0.28470000000015716	states																																	"        state_name
id                
1   nose_in_center"
10028.2386	2.0	states																																	"          state_name
id                  
2   punish_violation"
10030.6266	3.1656999999995605	trials	1.0	2.0	20.0	1.0000528121817	0.0	0.15	True	5905.0	False	False	44132.0	False	High	True	True	0.025	0.0	1.8796368599006512	1.5	9.0													
10030.6266	3.1656999999995605	processed_trials			20.0	1.0000528121817					False				High					1.8796368599006512		9.0	40.0	40.0	True	False	False	1.8796	1.8796	20.347301156158494	0.0177	-0.2223130271022959	Right	0.0177	
10030.6266	0.017700000000331784	states																																	"       state_name
id               
3   wait_for_poke"
10030.6443	1.0000999999992928	states																																	"        state_name
id                
1   nose_in_center"
10031.6444	0.0020000000004074536	states																																	"   state_name
id           
5      go_cue"
10031.6464	1.8796000000002095	states																																	"            state_name
id                    
6   wait_for_side_poke"
10033.526	0.02659999999923457	states																																	"         state_name
id                 
4   announce_reward"
10033.552599999999	0.23960000000079162	states																																	"   state_name
id           
8      reward"
10033.7922	9.999999929277692e-05	states																																	"    state_name
id            
7   stop_sound"
10034.1358	3.401900000000751	trials	1.0	2.0	20.0	0.9579249622174972	0.0	0.15	True	5925.0	False	False	44133.0	False	High	True	False	0.025	0.0	2.710704395781694	1.5	9.0													
10034.1358	3.401900000000751	processed_trials			20.0	0.9579249622174972					False				High					2.710704395781694		9.0	40.0	40.0	False	True	False			20.347301156158494	1.338	-0.1640293219779052	Right	0.6886000000000001	
10034.1358	1.337999999999738	states																																	"       state_name
id               
3   wait_for_poke"
10035.4738	0.06390000000101281	states																																	"        state_name
id                
1   nose_in_center"
10035.5377	2.0	states																																	"          state_name
id                  
2   punish_violation"
10037.8987	15.31420000000071	trials	1.0	2.0	20.0	0.8304663950999658	0.0	0.15	True	5925.0	True	False	44134.0	False	High	True	True	0.025	0.0	100.0	1.5	9.0													
10037.8987	15.31420000000071	processed_trials			20.0	0.8304663950999658					True				High					100.0		9.0	40.0	40.0	False	False	True	14.237400000000001	14.237400000000001	20.347301156158494	0.0442	-0.2211432034366166	Left	0.0442	
10037.8987	0.044200000000273576	states																																	"       state_name
id               
3   wait_for_poke"
10037.9429	0.8305000000000291	states																																	"        state_name
id                
1   nose_in_center"
10038.7734	0.0020000000004074536	states																																	"   state_name
id           
5      go_cue"
10038.7754	14.23739999999998	states																																	"            state_name
id                    
6   wait_for_side_poke"
10053.0128	0.1999999999989086	states																																	"   state_name
id           
0     opt_out"
10053.2128	0.00010000000111176632	states																																	"    state_name
id            
7   stop_sound"
10053.5595	2.670400000000882	trials	1.0	2.0	20.0	0.9485648549028273	0.0	0.15	True	5925.0	False	False	44135.0	False	High	True	False	0.025	0.0	0.14140660621999757	1.5	9.0													
10053.5595	2.670400000000882	processed_trials			20.0	0.9485648549028273					False				High					0.14140660621999757		9.0	40.0	40.0	False	True	False			20.347301156158494	0.5802	-0.19748186438740548	Right	0.5802	
10053.5595	0.5802000000003318	states																																	"       state_name
id               
3   wait_for_poke"
10054.1397	0.09020000000055006	states																																	"        state_name
id                
1   nose_in_center"
10054.2299	2.0	states																																	"          state_name
id                  
2   punish_violation"
10056.5967	3.025900000000547	trials	1.0	2.0	20.0	1.0453616514593647	0.0	0.15	True	5925.0	False	False	44136.0	False	High	True	True	0.025	0.0	0.24659910290355264	1.5	9.0													
10056.5967	3.025900000000547	processed_trials			20.0	1.0453616514593647					False				High					0.24659910290355264		9.0	40.0	40.0	True	False	False	0.24659999999999993	0.24659999999999993	20.347301156158494	1.2926	-0.1660334727108048	Left	1.2926	
10056.5967	1.2926000000006752	states																																	"       state_name
id               
3   wait_for_poke"
10057.8893	1.0453999999990629	states																																	"        state_name
id                
1   nose_in_center"
10058.9347	0.0020000000004074536	states																																	"   state_name
id           
5      go_cue"
10058.9367	0.24660000000039872	states																																	"            state_name
id                    
6   wait_for_side_poke"
10059.1833	0.2569000000003143	states																																	"         state_name
id                 
4   announce_reward"
10059.440200000001	0.18229999999857682	states																																	"   state_name
id           
8      reward"
10059.6225	0.00010000000111176632	states																																	"    state_name
id            
7   stop_sound"
10059.9976	4.51929999999993	trials	1.0	2.0	80.0	1.0453617	0.0	0.15	True	5945.0	False	False	44137.0	False	High	True	False	0.025	0.0	0.2465991	1.5	9.0													
10059.9976	4.51929999999993	processed_trials			80.0	1.0453617					False				High					0.2465991		9.0	40.0	40.0	False	True	False			20.347301156158494	2.1315	-0.1290008284414332	Right	1.1269	
10059.9976	2.1314999999995052	states																																	"       state_name
id               
3   wait_for_poke"
10062.1291	0.3878000000004249	states																																	"        state_name
id                
1   nose_in_center"
10062.5169	2.0	states																																	"          state_name
id                  
2   punish_violation"
10064.8856	2.206000000000131	trials	1.0	2.0	80.0	0.8498075655397886	0.0	0.15	True	5945.0	False	False	44138.0	False	High	True	True	0.025	0.0	0.1732346270350001	1.5	9.0													
10064.8856	2.206000000000131	processed_trials			80.0	0.8498075655397886					False				High					0.1732346270350001		9.0	40.0	40.0	False	True	False			20.347301156158494	0.1775	-0.21525876967680344	Right	0.1775	
10064.8856	0.17749999999978172	states																																	"       state_name
id               
3   wait_for_poke"
10065.0631	0.028500000000349246	states																																	"        state_name
id                
1   nose_in_center"
10065.0916	2.0	states																																	"          state_name
id                  
2   punish_violation"
10067.4463	2.1489000000001397	trials	1.0	2.0	80.0	1.1013825782380882	0.0	0.15	True	5945.0	False	False	44139.0	False	High	True	True	0.025	0.0	5.494711178366808	1.5	9.0													
10067.4463	2.1489000000001397	processed_trials			80.0	1.1013825782380882					False				High					5.494711178366808		9.0	40.0	40.0	False	True	False			20.347301156158494	0.1211	-0.21774850759168313	Right	0.1211	
10067.4463	0.12110000000029686	states																																	"       state_name
id               
3   wait_for_poke"
10067.5674	0.02779999999984284	states																																	"        state_name
id                
1   nose_in_center"
10067.5952	2.0	states																																	"          state_name
id                  
2   punish_violation"
10069.9458	2.7792000000008557	trials	1.0	2.0	80.0	0.8555835926375949	0.0	0.15	True	5945.0	False	False	44140.0	False	High	True	True	0.025	0.0	0.9510686413562157	1.5	9.0													
10069.9458	2.7792000000008557	processed_trials			80.0	0.8555835926375949					False				High					0.9510686413562157		9.0	40.0	40.0	True	False	False	0.9510999999999998	0.9510999999999998	20.347301156158494	0.2415	-0.2124335351634648	Left	0.2415	
10069.9458	0.2415000000000873	states																																	"       state_name
id               
3   wait_for_poke"
10070.1873	0.8556000000007771	states																																	"        state_name
id                
1   nose_in_center"
10071.0429	0.0019999999985884642	states																																	"   state_name
id           
5      go_cue"
10071.044899999999	0.9511000000002241	states																																	"            state_name
id                    
6   wait_for_side_poke"
10071.996	0.10629999999946449	states																																	"         state_name
id                 
4   announce_reward"
10072.102299999999	0.6226000000006024	states																																	"   state_name
id           
8      reward"
10072.7249	0.00010000000111176632	states																																	"    state_name
id            
7   stop_sound"
10073.0825	6.867899999999281	trials	1.0	2.0	80.0	1.027399382712367	0.0	0.15	True	6025.0	False	False	44141.0	False	High	True	False	0.025	0.0	1.2081214444505484	1.5	9.0													
10073.0825	6.867899999999281	processed_trials			80.0	1.027399382712367					False				High					1.2081214444505484		9.0	40.0	40.0	True	False	False	1.2081	1.2081	20.347301156158494	3.8848000000000003	-0.05160264606273582	Left	2.4196	
10073.0825	3.8847999999998137	states																																	"       state_name
id               
3   wait_for_poke"
10076.9673	1.0274000000008527	states																																	"        state_name
id                
1   nose_in_center"
10077.994700000001	0.0019999999985884642	states																																	"   state_name
id           
5      go_cue"
10077.9967	1.2081000000016502	states																																	"            state_name
id                    
6   wait_for_side_poke"
10079.204800000001	0.12289999999848078	states																																	"         state_name
id                 
4   announce_reward"
10079.3277	0.6226000000006024	states																																	"   state_name
id           
8      reward"
10079.9503	9.999999929277692e-05	states																																	"    state_name
id            
7   stop_sound"
10080.3119	7.340099999999438	trials	1.0	2.0	40.0	0.9301832089921109	0.0	0.15	True	6105.0	False	False	44142.0	False	High	True	False	0.025	0.0	2.4174805412646165	1.5	9.0													
10080.3119	7.340099999999438	processed_trials			40.0	0.9301832089921109					False				High					2.4174805412646165		9.0	40.0	40.0	True	False	False	2.4175000000000004	2.4175000000000004	20.347301156158494	3.5322	-0.06716792245966088	Right	2.4284999999999997	
10080.3119	3.532199999999648	states																																	"       state_name
id               
3   wait_for_poke"
10083.8441	0.9302000000006956	states																																	"        state_name
id                
1   nose_in_center"
10084.774300000001	0.0020000000004074536	states																																	"   state_name
id           
5      go_cue"
10084.776300000001	2.4174999999995634	states																																	"            state_name
id                    
6   wait_for_side_poke"
10087.193800000001	0.00020000000040454324	states																																	"         state_name
id                 
4   announce_reward"
10087.194000000001	0.45789999999942665	states																																	"   state_name
id           
8      reward"
10087.6519	9.999999929277692e-05	states																																	"    state_name
id            
7   stop_sound"
10088.021	3.6481999999996333	trials	1.0	2.0	20.0	0.975128979832748	0.0	0.15	True	6145.0	False	False	44143.0	False	High	True	False	0.025	0.0	0.6876614108687404	1.5	9.0													
10088.021	3.6481999999996333	processed_trials			20.0	0.975128979832748					False				High					0.6876614108687404		9.0	40.0	40.0	False	True	False			20.347301156158494	1.6277000000000001	-0.1512407213761208	Right	0.8767000000000001	
10088.021	1.6276999999990949	states																																	"       state_name
id               
3   wait_for_poke"
10089.6487	0.02050000000053842	states																																	"        state_name
id                
1   nose_in_center"
10089.6692	2.0	states																																	"          state_name
id                  
2   punish_violation"
10092.0589	2.262699999999313	trials	1.0	2.0	20.0	0.8307213835788096	0.0	0.15	True	6145.0	False	False	44144.0	False	High	True	True	0.025	0.0	0.07939014788420398	1.5	9.0													
10092.0589	2.262699999999313	processed_trials			20.0	0.8307213835788096					False				High					0.07939014788420398		9.0	40.0	40.0	False	True	False			20.347301156158494	0.18430000000000002	-0.2149585885097612	Right	0.18430000000000002	
10092.0589	0.18430000000080327	states																																	"       state_name
id               
3   wait_for_poke"
10092.2432	0.07839999999850988	states																																	"        state_name
id                
1   nose_in_center"
10092.3216	2.0	states																																	"          state_name
id                  
2   punish_violation"
10094.6816	7.841800000000148	trials	1.0	2.0	20.0	1.079090173592125	0.0	0.15	True	6145.0	True	False	44145.0	False	High	True	True	0.025	0.0	100.0	1.5	9.0													
10094.6816	7.841800000000148	processed_trials			20.0	1.079090173592125					True				High					100.0		9.0	40.0	40.0	False	False	True	6.5415	6.5415	20.347301156158494	0.019100000000000002	-0.2222512250973166	Right	0.019100000000000002	
10094.6816	0.019099999999525608	states																																	"       state_name
id               
3   wait_for_poke"
10094.7007	1.0791000000008353	states																																	"        state_name
id                
1   nose_in_center"
10095.7798	0.0020000000004074536	states																																	"   state_name
id           
5      go_cue"
10095.7818	6.54149999999936	states																																	"            state_name
id                    
6   wait_for_side_poke"
10102.3233	0.2000000000007276	states																																	"   state_name
id           
0     opt_out"
10102.5233	9.999999929277692e-05	states																																	"    state_name
id            
7   stop_sound"
10102.8829	2.3064999999987776	trials	1.0	2.0	40.0	1.0790902	0.0	0.15	True	6145.0	False	False	44146.0	False	High	True	False	0.025	0.0	0.859894252529503	1.5	9.0													
10102.8829	2.3064999999987776	processed_trials			40.0	1.0790902					False				High					0.859894252529503		9.0	40.0	40.0	False	True	False			20.347301156158494	0.0985	-0.21874616852920586	Right	0.0985	
10102.8829	0.09850000000005821	states																																	"       state_name
id               
3   wait_for_poke"
10102.9814	0.20800000000053842	states																																	"        state_name
id                
1   nose_in_center"
10103.189400000001	2.0	states																																	"          state_name
id                  
2   punish_violation"
10105.5449	2.632399999998597	trials	1.0	2.0	40.0	0.9380941828427518	0.0	0.15	True	6145.0	False	False	44147.0	False	High	True	True	0.025	0.0	1.0880748280369352	1.5	9.0													
10105.5449	2.632399999998597	processed_trials			40.0	0.9380941828427518					False				High					1.0880748280369352		9.0	40.0	40.0	True	False	False	1.0881000000000003	1.0881000000000003	20.347301156158494	0.18719999999999998	-0.21483057007087558	Left	0.18719999999999998	
10105.5449	0.18720000000030268	states																																	"       state_name
id               
3   wait_for_poke"
10105.732100000001	0.9380999999993946	states																																	"        state_name
id                
1   nose_in_center"
10106.6702	0.0020000000004074536	states																																	"   state_name
id           
5      go_cue"
10106.6722	1.0880999999990308	states																																	"            state_name
id                    
6   wait_for_side_poke"
10107.7603	0.08960000000115542	states																																	"         state_name
id                 
4   announce_reward"
10107.849900000001	0.3272999999990134	states																																	"   state_name
id           
8      reward"
10108.1772	0.00010000000111176632	states																																	"    state_name
id            
7   stop_sound"
10108.5533	5.207200000000739	trials	1.0	2.0	40.0	0.8084727557820821	0.0	0.15	True	6185.0	False	False	44148.0	False	High	True	False	0.025	0.0	0.24852285396304294	1.5	9.0													
10108.5533	5.207200000000739	processed_trials			40.0	0.8084727557820821					False				High					0.24852285396304294		9.0	40.0	40.0	True	False	False	0.24849999999999994	0.24849999999999994	20.347301156158494	3.5271999999999997	-0.06738864390601547	Left	1.7768999999999997	
10108.5533	3.527200000000448	states																																	"       state_name
id               
3   wait_for_poke"
10112.0805	0.8084999999991851	states																																	"        state_name
id                
1   nose_in_center"
10112.889	0.0020000000004074536	states																																	"   state_name
id           
5      go_cue"
10112.891	0.2484999999996944	states																																	"            state_name
id                    
6   wait_for_side_poke"
10113.1395	0.29360000000087894	states																																	"         state_name
id                 
4   announce_reward"
10113.4331	0.3272999999990134	states																																	"   state_name
id           
8      reward"
10113.7604	0.00010000000111176632	states																																	"    state_name
id            
7   stop_sound"
10114.1239	4.581000000000131	trials	1.0	2.0	20.0	1.1266152338495323	0.0	0.15	True	6225.0	False	False	44149.0	False	High	True	False	0.025	0.0	4.231680573440875	1.5	9.0													
10114.1239	4.581000000000131	processed_trials			20.0	1.1266152338495323					False				High					4.231680573440875		9.0	40.0	40.0	False	True	False			20.347301156158494	2.4903000000000004	-0.11316185745102846	Right	1.5184000000000004	
10114.1239	2.490299999999479	states																																	"       state_name
id               
3   wait_for_poke"
10116.6142	0.09070000000065193	states																																	"        state_name
id                
1   nose_in_center"
10116.7049	2.0	states																																	"          state_name
id                  
2   punish_violation"
10119.0967	5.2216000000007625	trials	1.0	2.0	20.0	1.1266152	0.0	0.15	True	6225.0	False	False	44150.0	False	High	True	True	0.025	0.0	3.062805177379835	1.5	9.0													
10119.0967	5.2216000000007625	processed_trials			20.0	1.1266152					False				High					3.062805177379835		9.0	40.0	40.0	True	False	False	3.0628000000000006	3.0628000000000006	20.347301156158494	0.13190000000000002	-0.21727174926755724	Right	0.13190000000000002	
10119.0967	0.13190000000031432	states																																	"       state_name
id               
3   wait_for_poke"
10119.2286	1.1265999999995984	states																																	"        state_name
id                
1   nose_in_center"
10120.3552	0.0020000000004074536	states																																	"   state_name
id           
5      go_cue"
10120.3572	3.0627999999996973	states																																	"            state_name
id                    
6   wait_for_side_poke"
10123.42	0.6586000000006607	states																																	"         state_name
id                 
4   announce_reward"
10124.0786	0.23959999999897263	states																																	"   state_name
id           
8      reward"
10124.3182	0.00010000000111176632	states																																	"    state_name
id            
7   stop_sound"
10124.7229	3.0345999999990454	trials	1.0	2.0	80.0	0.8272565917008892	0.0	0.15	True	6245.0	False	False	44151.0	False	High	True	False	0.025	0.0	3.3641241679254454	1.5	9.0													
10124.7229	3.0345999999990454	processed_trials			80.0	0.8272565917008892					False				High					3.3641241679254454		9.0	40.0	40.0	False	True	False			20.347301156158494	0.9949	-0.17917522762675653	Right	0.5822	
10124.7229	0.9948999999996886	states																																	"       state_name
id               
3   wait_for_poke"
10125.7178	0.039700000001175795	states																																	"        state_name
id                
1   nose_in_center"
10125.757500000002	2.0	states																																	"          state_name
id                  
2   punish_violation"
10128.1573	4.307499999998981	trials	1.0	2.0	80.0	0.82725659	0.0	0.15	True	6245.0	True	False	44152.0	False	High	True	True	0.025	0.0	3.3641242	1.5	9.0													
10128.1573	4.307499999998981	processed_trials			80.0	0.82725659					False				High					3.3641242		9.0	40.0	40.0	False	False	False	3.3641	3.3641	20.347301156158494	0.1141	-0.21805751761657957	Left	0.1141	
10128.1573	0.11410000000068976	states																																	"       state_name
id               
3   wait_for_poke"
10128.271400000001	0.8272999999990134	states																																	"        state_name
id                
1   nose_in_center"
10129.0987	0.0020000000004074536	states																																	"   state_name
id           
5      go_cue"
10129.1007	3.3641000000006898	states																																	"            state_name
id                    
6   wait_for_side_poke"
10132.8286	5.808999999999287	trials	1.0	2.0	80.0	1.0896575717844315	0.0	0.15	True	6245.0	False	False	44153.0	False	High	True	False	0.025	0.0	1.6917668929615692	1.5	9.0													
10132.8286	5.808999999999287	processed_trials			80.0	1.0896575717844315					False				High					1.6917668929615692		9.0	40.0	40.0	False	True	False			20.347301156158494	3.794	-0.055610947528535015	Right	3.794	
10132.8286	3.793999999999869	states																																	"       state_name
id               
3   wait_for_poke"
10136.6226	0.014999999999417923	states																																	"        state_name
id                
1   nose_in_center"
10136.6376	2.0	states																																	"          state_name
id                  
2   punish_violation"
10139.0191	2.8065999999998894	trials	1.0	2.0	80.0	0.9452817737893299	0.0	0.15	True	6245.0	False	False	44154.0	False	High	True	True	0.025	0.0	0.03137193954800901	1.5	9.0													
10139.0191	2.8065999999998894	processed_trials			80.0	0.9452817737893299					False				High					0.03137193954800901		9.0	40.0	40.0	False	True	False			20.347301156158494	0.2287	-0.21299858206613256	Right	0.2287	
10139.0191	0.2286999999996624	states																																	"       state_name
id               
3   wait_for_poke"
10139.2478	0.577900000000227	states																																	"        state_name
id                
1   nose_in_center"
10139.8257	2.0	states																																	"          state_name
id                  
2   punish_violation"
10142.2012	6.96690000000126	trials	1.0	2.0	80.0	0.9549073603681796	0.0	0.15	True	6245.0	False	False	44155.0	False	High	True	True	0.025	0.0	5.199269771063118	1.5	9.0													
10142.2012	6.96690000000126	processed_trials			80.0	0.9549073603681796					False				High					5.199269771063118		9.0	40.0	40.0	True	False	False	5.1993	5.1993	20.347301156158494	0.021	-0.22216735094770185	Left	0.021	
10142.2012	0.021000000000640284	states																																	"       state_name
id               
3   wait_for_poke"
10142.2222	0.9548999999988155	states																																	"        state_name
id                
1   nose_in_center"
10143.177099999999	0.0020000000004074536	states																																	"   state_name
id           
5      go_cue"
10143.1791	5.199300000000221	states																																	"            state_name
id                    
6   wait_for_side_poke"
10148.3784	0.16699999999946158	states																																	"         state_name
id                 
4   announce_reward"
10148.545399999999	0.6226000000006024	states																																	"   state_name
id           
8      reward"
10149.168	9.999999929277692e-05	states																																	"    state_name
id            
7   stop_sound"
10149.5391	6.655300000000352	trials	1.0	2.0	20.0	1.0796133123368188	0.0	0.15	True	6325.0	True	False	44156.0	False	High	True	False	0.025	0.0	100.0	1.5	9.0													
10149.5391	6.655300000000352	processed_trials			20.0	1.0796133123368188					True				High					100.0		9.0	40.0	40.0	False	True	False			20.347301156158494	4.4997	-0.024458322590049462	Right	2.213	
10149.5391	4.499700000000303	states																																	"       state_name
id               
3   wait_for_poke"
10154.0388	0.15560000000004948	states																																	"        state_name
id                
1   nose_in_center"
10154.1944	2.0	states																																	"          state_name
id                  
2   punish_violation"
10156.5838	4.64469999999892	trials	1.0	2.0	20.0	1.1449160471151307	0.0	0.15	True	6325.0	False	False	44157.0	False	High	True	True	0.025	0.0	0.53469743237452	1.5	9.0													
10156.5838	4.64469999999892	processed_trials			20.0	1.1449160471151307					False				High					0.53469743237452		9.0	40.0	40.0	False	True	False			20.347301156158494	2.4315	-0.11575754166015834	Right	2.4315	
10156.5838	2.4315000000005966	states																																	"       state_name
id               
3   wait_for_poke"
10159.015300000001	0.2132000000001426	states																																	"        state_name
id                
1   nose_in_center"
10159.228500000001	2.0	states																																	"          state_name
id                  
2   punish_violation"
10161.6053	6.270100000001548	trials	1.0	2.0	20.0	0.8242926173296953	0.0	0.15	True	6325.0	False	False	44158.0	False	High	True	True	0.025	0.0	3.972777032242769	1.5	9.0													
10161.6053	6.270100000001548	processed_trials			20.0	0.8242926173296953					False				High					3.972777032242769		9.0	40.0	40.0	False	True	False			20.347301156158494	3.9425	-0.049055520571803964	Left	3.9425	
10161.6053	3.9424999999991996	states																																	"       state_name
id               
3   wait_for_poke"
10165.547799999998	0.3276000000005297	states																																	"        state_name
id                
1   nose_in_center"
10165.875399999999	2.0	states																																	"          state_name
id                  
2   punish_violation"
10168.2469	6.061599999999089	trials	1.0	2.0	20.0	0.8712085315091578	0.0	0.15	True	6325.0	False	False	44159.0	False	High	True	True	0.025	0.0	3.972777	1.5	9.0													
10168.2469	6.061599999999089	processed_trials			20.0	0.8712085315091578					False				High					3.972777		9.0	40.0	40.0	True	False	False	3.9728	3.9728	20.347301156158494	0.25739999999999996	-0.21173164096405728	Right	0.25739999999999996	
10168.2469	0.2574000000004162	states																																	"       state_name
id               
3   wait_for_poke"
10168.5043	0.8711999999995896	states																																	"        state_name
id                
1   nose_in_center"
10169.3755	0.0020000000004074536	states																																	"   state_name
id           
5      go_cue"
10169.3775	3.972799999999552	states																																	"            state_name
id                    
6   wait_for_side_poke"
10173.3503	0.7185000000008586	states																																	"         state_name
id                 
4   announce_reward"
10174.068800000001	0.23959999999897263	states																																	"   state_name
id           
8      reward"
10174.3084	0.00010000000111176632	states																																	"    state_name
id            
7   stop_sound"
10174.6875	3.86659999999938	trials	1.0	2.0	20.0	0.989577931544983	0.0	0.15	True	6345.0	False	False	44160.0	False	High	True	False	0.025	0.0	4.422371760483911	1.5	9.0													
10174.6875	3.86659999999938	processed_trials			20.0	0.989577931544983					False				High					4.422371760483911		9.0	40.0	40.0	False	True	False			20.347301156158494	1.8237	-0.1425884406790212	Right	0.8774000000000002	
10174.6875	1.8237000000008265	states																																	"       state_name
id               
3   wait_for_poke"
10176.5112	0.04289999999855354	states																																	"        state_name
id                
1   nose_in_center"
10176.5541	2.0	states																																	"          state_name
id                  
2   punish_violation"
10178.9287	7.18369999999959	trials	1.0	2.0	20.0	0.8609390252009845	0.0	0.15	True	6345.0	True	False	44161.0	False	High	True	True	0.025	0.0	100.0	1.5	9.0													
10178.9287	7.18369999999959	processed_trials			20.0	0.8609390252009845					True				High					100.0		9.0	40.0	40.0	False	False	True	5.9715	5.9715	20.347301156158494	0.1492	-0.21650805306317042	Right	0.1492	
10178.9287	0.14919999999983702	states																																	"       state_name
id               
3   wait_for_poke"
10179.0779	0.860899999999674	states																																	"        state_name
id                
1   nose_in_center"
10179.9388	0.0020000000004074536	states																																	"   state_name
id           
5      go_cue"
10179.9408	5.971499999999651	states																																	"            state_name
id                    
6   wait_for_side_poke"
10185.9123	0.2000000000007276	states																																	"   state_name
id           
0     opt_out"
10186.1123	9.999999929277692e-05	states																																	"    state_name
id            
7   stop_sound"
10186.4883	6.395599999999831	trials	1.0	2.0	80.0	0.9477130245214448	0.0	0.15	True	6345.0	False	False	44162.0	False	High	True	False	0.025	0.0	4.1718777044645	1.5	9.0													
10186.4883	6.395599999999831	processed_trials			80.0	0.9477130245214448					False				High					4.1718777044645		9.0	40.0	40.0	True	False	False	4.1719	4.1719	20.347301156158494	0.0396	-0.2213462671672628	Right	0.0396	
10186.4883	0.03960000000006403	states																																	"       state_name
id               
3   wait_for_poke"
10186.527900000001	0.9477000000006228	states																																	"        state_name
id                
1   nose_in_center"
10187.475600000002	0.0019999999985884642	states																																	"   state_name
id           
5      go_cue"
10187.4776	4.171900000001187	states																																	"            state_name
id                    
6   wait_for_side_poke"
10191.649500000001	0.31419999999889114	states																																	"         state_name
id                 
4   announce_reward"
10191.9637	0.9201000000011845	states																																	"   state_name
id           
8      reward"
10192.883800000001	9.999999929277692e-05	states																																	"    state_name
id            
7   stop_sound"
10193.2917	4.113100000000486	trials	1.0	2.0	20.0	0.8012205155815157	0.0	0.15	True	6425.0	True	False	44163.0	False	High	True	False	0.025	0.0	100.0	1.5	9.0													
10193.2917	4.113100000000486	processed_trials			20.0	0.8012205155815157					True				High					100.0		9.0	40.0	40.0	False	True	False			20.347301156158494	2.0341	-0.13330048221642044	Left	1.2073	
10193.2917	2.0341000000007625	states																																	"       state_name
id               
3   wait_for_poke"
10195.3258	0.07899999999972351	states																																	"        state_name
id                
1   nose_in_center"
10195.4048	2.0	states																																	"          state_name
id                  
2   punish_violation"
10197.7744	2.6080000000001746	trials	1.0	2.0	20.0	1.0053136089200385	0.0	0.15	True	6425.0	False	False	44164.0	False	High	True	True	0.025	0.0	3.531998448261896	1.5	9.0													
10197.7744	2.6080000000001746	processed_trials			20.0	1.0053136089200385					False				High					3.531998448261896		9.0	40.0	40.0	False	True	False			20.347301156158494	0.4603	-0.20277476467098834	Left	0.4603	
10197.7744	0.4603000000006432	states																																	"       state_name
id               
3   wait_for_poke"
10198.2347	0.14769999999953143	states																																	"        state_name
id                
1   nose_in_center"
10198.3824	2.0	states																																	"          state_name
id                  
2   punish_violation"
10200.7506	1.878099999999904	trials	1.0	2.0	20.0	0.8791715021618933	0.0	0.15	True	6425.0	False	False	44165.0	False	High	True	True	0.025	0.0	0.7644848769870252	1.5	9.0													
10200.7506	1.878099999999904	processed_trials			20.0	0.8791715021618933					False				High					0.7644848769870252		9.0	40.0	40.0	True	False	False	0.7645	0.7645	20.347301156158494	0.027899999999999998	-0.22186275535173253	Left	0.027899999999999998	
10200.7506	0.027899999999135616	states																																	"       state_name
id               
3   wait_for_poke"
10200.778499999999	0.8792000000012195	states																																	"        state_name
id                
1   nose_in_center"
10201.6577	0.0020000000004074536	states																																	"   state_name
id           
5      go_cue"
10201.6597	0.7644999999993161	states																																	"            state_name
id                    
6   wait_for_side_poke"
10202.4242	0.022100000000136788	states																																	"         state_name
id                 
4   announce_reward"
10202.4463	0.1823000000003958	states																																	"   state_name
id           
8      reward"
10202.6286	9.999999929277692e-05	states																																	"    state_name
id            
7   stop_sound"
10203.0574	4.3726000000006024	trials	1.0	2.0	80.0	1.1142798722131477	0.0	0.15	True	6445.0	True	False	44166.0	False	High	True	False	0.025	0.0	100.0	1.5	9.0													
10203.0574	4.3726000000006024	processed_trials			80.0	1.1142798722131477					True				High					100.0		9.0	40.0	40.0	False	True	False			20.347301156158494	1.9799	-0.13569310269490412	Left	1.2205	
10203.0574	1.9799000000002707	states																																	"       state_name
id               
3   wait_for_poke"
10205.0373	0.3927000000003318	states																																	"        state_name
id                
1   nose_in_center"
10205.43	2.0	states																																	"          state_name
id                  
2   punish_violation"
10207.8046	11.391100000000733	trials	1.0	2.0	80.0	0.8317182977926773	0.0	0.15	True	6445.0	False	False	44167.0	False	High	True	True	0.025	0.0	9.68008097151962	1.5	9.0													
10207.8046	11.391100000000733	processed_trials			80.0	0.8317182977926773					False				High					9.68008097151962		9.0	40.0	40.0	True	False	False	9.680100000000001	9.680100000000001	20.347301156158494	0.12440000000000001	-0.21760283143708914	Left	0.12440000000000001	
10207.8046	0.12440000000060536	states																																	"       state_name
id               
3   wait_for_poke"
10207.929	0.8316999999988184	states																																	"        state_name
id                
1   nose_in_center"
10208.760699999999	0.0020000000004074536	states																																	"   state_name
id           
5      go_cue"
10208.7627	9.680099999999584	states																																	"            state_name
id                    
6   wait_for_side_poke"
10218.442799999999	0.13020000000142318	states																																	"         state_name
id                 
4   announce_reward"
10218.573	0.6225999999987835	states																																	"   state_name
id           
8      reward"
10219.1956	0.00010000000111176632	states																																	"    state_name
id            
7   stop_sound"
10219.5718	6.756499999999505	trials	1.0	2.0	40.0	0.8981501585974867	0.0	0.15	True	6525.0	False	False	44168.0	False	High	True	False	0.025	0.0	1.1844208433965577	1.5	9.0													
10219.5718	6.756499999999505	processed_trials			40.0	0.8981501585974867					False				High					1.1844208433965577		9.0	40.0	40.0	True	False	False	1.1844000000000001	1.1844000000000001	20.347301156158494	3.5236	-0.06754756334739076	Right	1.5280000000000002	
10219.5718	3.5236000000004424	states																																	"       state_name
id               
3   wait_for_poke"
10223.0954	0.8981999999996333	states																																	"        state_name
id                
1   nose_in_center"
10223.9936	0.0020000000004074536	states																																	"   state_name
id           
5      go_cue"
10223.9956	1.184400000000096	states																																	"            state_name
id                    
6   wait_for_side_poke"
10225.18	0.6903000000002066	states																																	"         state_name
id                 
4   announce_reward"
10225.8703	0.45789999999942665	states																																	"   state_name
id           
8      reward"
10226.3282	9.999999929277692e-05	states																																	"    state_name
id            
7   stop_sound"
10226.7284	3.7643000000007305	trials	1.0	2.0	80.0	0.940949232508499	0.0	0.15	True	6565.0	False	False	44169.0	False	High	True	False	0.025	0.0	2.4492271519330315	1.5	9.0													
10226.7284	3.7643000000007305	processed_trials			80.0	0.940949232508499					False				High					2.4492271519330315		9.0	40.0	40.0	False	True	False			20.347301156158494	1.7278	-0.14682187802010208	Right	0.9239	
10226.7284	1.7278000000005704	states																																	"       state_name
id               
3   wait_for_poke"
10228.4562	0.03650000000016007	states																																	"        state_name
id                
1   nose_in_center"
10228.4927	2.0	states																																	"          state_name
id                  
2   punish_violation"
10230.8964	2.939300000000003	trials	1.0	2.0	80.0	0.94094923	0.0	0.15	True	6565.0	False	False	44170.0	False	High	True	True	0.025	0.0	1.09166288768941	1.5	9.0													
10230.8964	2.939300000000003	processed_trials			80.0	0.94094923					False				High					1.09166288768941		9.0	40.0	40.0	True	False	False	1.0917	1.0917	20.347301156158494	0.2253	-0.21314867264965368	Left	0.2253	
10230.8964	0.22530000000006112	states																																	"       state_name
id               
3   wait_for_poke"
10231.1217	0.9408999999996013	states																																	"        state_name
id                
1   nose_in_center"
10232.0626	0.0020000000004074536	states																																	"   state_name
id           
5      go_cue"
10232.0646	1.0916999999990367	states																																	"            state_name
id                    
6   wait_for_side_poke"
10233.156299999999	0.05670000000100117	states																																	"         state_name
id                 
4   announce_reward"
10233.213	0.6226000000006024	states																																	"   state_name
id           
8      reward"
10233.8356	9.999999929277692e-05	states																																	"    state_name
id            
7   stop_sound"
10234.2098	5.885399999999208	trials	1.0	2.0	20.0	1.0814923465793338	0.0	0.15	True	6645.0	False	False	44171.0	False	High	True	False	0.025	0.0	0.10669553772311545	1.5	9.0													
10234.2098	5.885399999999208	processed_trials			20.0	1.0814923465793338					False				High					0.10669553772311545		9.0	40.0	40.0	False	True	False			20.347301156158494	3.8369	-0.053717157518812716	Right	2.4737999999999998	
10234.2098	3.8369000000002416	states																																	"       state_name
id               
3   wait_for_poke"
10238.0467	0.048499999998966814	states																																	"        state_name
id                
1   nose_in_center"
10238.0952	2.0	states																																	"          state_name
id                  
2   punish_violation"
10240.5764	124.98209999999926	trials	1.0	2.0	20.0	1.1525234880234294	0.0	0.15	True	6645.0	False	False	44172.0	False	High	True	True	0.025	0.0	1.0532096356845302	1.5	9.0													
10240.5764	124.98209999999926	processed_trials			20.0	1.1525234880234294					False				High					1.0532096356845302		9.0	40.0	40.0	True	False	False	1.0531999999999897	1.0531999999999897	20.347301156158494	122.27810000000001	5.174785436875628	Right	122.27810000000001	
10240.5764	122.27809999999954	states																																	"       state_name
id               
3   wait_for_poke"
10362.8545	1.1525000000001455	states																																	"        state_name
id                
1   nose_in_center"
10364.007	0.0020000000004074536	states																																	"   state_name
id           
5      go_cue"
10364.009	1.0532000000002881	states																																	"            state_name
id                    
6   wait_for_side_poke"
10365.0622	0.256599999998798	states																																	"         state_name
id                 
4   announce_reward"
10365.3188	0.23960000000079162	states																																	"   state_name
id           
8      reward"
10365.5584	9.999999929277692e-05	states																																	"    state_name
id            
7   stop_sound"
10365.9439	4.110500000000684	trials	1.0	2.0	40.0	1.1939861338925435	0.0	0.15	True	6665.0	True	False	44173.0	False	High	True	False	0.025	0.0	1.0532096	1.5	9.0													
10365.9439	4.110500000000684	processed_trials			40.0	1.1939861338925435					False				High					1.0532096		9.0	40.0	40.0	False	True	False			20.347301156158494	2.0961	-0.13056353628162365	Left	0.9448999999999999	
10365.9439	2.0961000000006607	states																																	"       state_name
id               
3   wait_for_poke"
10368.04	0.014400000000023283	states																																	"        state_name
id                
1   nose_in_center"
10368.0544	2.0	states																																	"          state_name
id                  
2   punish_violation"
10370.4311	13.834600000000137	trials	1.0	2.0	40.0	1.1939861	0.0	0.15	True	6665.0	True	False	44174.0	False	High	True	True	0.025	0.0	100.0	1.5	9.0													
10370.4311	13.834600000000137	processed_trials			40.0	1.1939861					True				High					100.0		9.0	40.0	40.0	False	False	True	12.390899999999998	12.390899999999998	20.347301156158494	0.0476	-0.22099311285309547	Left	0.0476	
10370.4311	0.047599999999874854	states																																	"       state_name
id               
3   wait_for_poke"
10370.4787	1.1939999999995052	states																																	"        state_name
id                
1   nose_in_center"
10371.6727	0.0020000000004074536	states																																	"   state_name
id           
5      go_cue"
10371.6747	12.390900000000329	states																																	"            state_name
id                    
6   wait_for_side_poke"
10384.0656	0.2000000000007276	states																																	"   state_name
id           
0     opt_out"
10384.2656	9.999999929277692e-05	states																																	"    state_name
id            
7   stop_sound"
10384.6532	2.1347999999998137	trials	1.0	2.0	80.0	1.115367794274719	0.0	0.15	True	6665.0	True	False	44175.0	False	High	True	False	0.025	0.0	100.0	1.5	9.0													
10384.6532	2.1347999999998137	processed_trials			80.0	1.115367794274719					True				High					100.0		9.0	40.0	40.0	False	True	False			20.347301156158494	0.10490000000000001	-0.218463645077872	Left	0.10490000000000001	
10384.6532	0.10490000000027067	states																																	"       state_name
id               
3   wait_for_poke"
10384.758100000001	0.02989999999954307	states																																	"        state_name
id                
1   nose_in_center"
10384.788	2.0	states																																	"          state_name
id                  
2   punish_violation"
10387.1662	7.300600000000486	trials	1.0	2.0	80.0	1.0792099108149311	0.0	0.15	True	6665.0	False	False	44176.0	False	High	True	True	0.025	0.0	5.166536005685856	1.5	9.0													
10387.1662	7.300600000000486	processed_trials			80.0	1.0792099108149311					False				High					5.166536005685856		9.0	40.0	40.0	True	False	False	5.166499999999999	5.166499999999999	20.347301156158494	0.06570000000000001	-0.2201941012172919	Right	0.06570000000000001	
10387.1662	0.06569999999919673	states																																	"       state_name
id               
3   wait_for_poke"
10387.231899999999	1.079200000000128	states																																	"        state_name
id                
1   nose_in_center"
10388.311099999999	0.0020000000004074536	states																																	"   state_name
id           
5      go_cue"
10388.3131	5.16649999999936	states																																	"            state_name
id                    
6   wait_for_side_poke"
10393.479599999999	0.06700000000091677	states																																	"         state_name
id                 
4   announce_reward"
10393.5466	0.9200999999993655	states																																	"   state_name
id           
8      reward"
10394.466699999999	0.00010000000111176632	states																																	"    state_name
id            
7   stop_sound"
10394.8667	6.3245999999999185	trials	1.0	2.0	80.0	0.9844769652280028	0.0	0.15	True	6745.0	False	False	44177.0	False	High	True	False	0.025	0.0	2.0967787274722847	1.5	9.0													
10394.8667	6.3245999999999185	processed_trials			80.0	0.9844769652280028					False				High					2.0967787274722847		9.0	40.0	40.0	True	False	False	2.0968000000000004	2.0968000000000004	20.347301156158494	2.2397	-0.12422441634232007	Right	1.2947000000000002	
10394.8667	2.2397000000000844	states																																	"       state_name
id               
3   wait_for_poke"
10397.1064	0.9845000000004802	states																																	"        state_name
id                
1   nose_in_center"
10398.090900000001	0.0019999999985884642	states																																	"   state_name
id           
5      go_cue"
10398.0929	2.096800000001167	states																																	"            state_name
id                    
6   wait_for_side_poke"
10400.1897	0.08139999999912106	states																																	"         state_name
id                 
4   announce_reward"
10400.2711	0.9201000000011845	states																																	"   state_name
id           
8      reward"
10401.191200000001	9.999999929277692e-05	states																																	"    state_name
id            
7   stop_sound"
10401.6041	4.482899999999063	trials	1.0	2.0	40.0	1.0417244740731286	0.0	0.15	True	6825.0	True	False	44178.0	False	High	True	False	0.025	0.0	100.0	1.5	9.0													
10401.6041	4.482899999999063	processed_trials			40.0	1.0417244740731286					True				High					100.0		9.0	40.0	40.0	False	True	False			20.347301156158494	2.0635	-0.1320026401118555	Left	1.0305999999999997	
10401.6041	2.0635000000002037	states																																	"       state_name
id               
3   wait_for_poke"
10403.6676	0.4194000000006781	states																																	"        state_name
id                
1   nose_in_center"
10404.087000000001	2.0	states																																	"          state_name
id                  
2   punish_violation"
10409.4408	15.344499999999243	trials	1.0	2.0	40.0	1.1582577187637493	0.0	0.15	True	6825.0	True	False	44179.0	False	High	True	True	0.025	0.0	100.0	1.5	9.0													
10409.4408	15.344499999999243	processed_trials			40.0	1.1582577187637493					True				High					100.0		9.0	40.0	40.0	False	False	True	13.9124	13.9124	20.347301156158494	0.0717	-0.2199292354816664	Left	0.0717	
10409.4408	0.0717000000004191	states																																	"       state_name
id               
3   wait_for_poke"
10409.5125	1.1582999999991443	states																																	"        state_name
id                
1   nose_in_center"
10410.6708	0.0020000000004074536	states																																	"   state_name
id           
5      go_cue"
10410.6728	13.912399999999252	states																																	"            state_name
id                    
6   wait_for_side_poke"
10424.5852	0.2000000000007276	states																																	"   state_name
id           
0     opt_out"
10424.7852	9.999999929277692e-05	states																																	"    state_name
id            
7   stop_sound"
10425.1955	2.173899999999776	trials	1.0	2.0	20.0	1.09591844278804	0.0	0.15	True	6825.0	False	False	44180.0	False	High	True	False	0.025	0.0	4.129144200092203	1.5	9.0													
10425.1955	2.173899999999776	processed_trials			20.0	1.09591844278804					False				High					4.129144200092203		9.0	40.0	40.0	False	True	False			20.347301156158494	0.1333	-0.21720994726257795	Left	0.1333	
10425.1955	0.13329999999950815	states																																	"       state_name
id               
3   wait_for_poke"
10425.3288	0.040600000000267755	states																																	"        state_name
id                
1   nose_in_center"
10425.3694	2.0	states																																	"          state_name
id                  
2   punish_violation"
10427.7593	2.234200000000783	trials	1.0	2.0	20.0	1.153921939219166	0.0	0.15	True	6825.0	False	False	44181.0	False	High	True	True	0.025	0.0	0.08418811489211939	1.5	9.0													
10427.7593	2.234200000000783	processed_trials			20.0	1.153921939219166					False				High					0.08418811489211939		9.0	40.0	40.0	True	False	False	0.08420000000000005	0.08420000000000005	20.347301156158494	0.0851	-0.21933770200543612	Right	0.0851	
10427.7593	0.08510000000023865	states																																	"       state_name
id               
3   wait_for_poke"
10427.8444	1.1538999999993393	states																																	"        state_name
id                
1   nose_in_center"
10428.9983	0.0020000000004074536	states																																	"   state_name
id           
5      go_cue"
10429.0003	0.0841999999993277	states																																	"            state_name
id                    
6   wait_for_side_poke"
10429.084499999999	0.6693000000013853	states																																	"         state_name
id                 
4   announce_reward"
10429.7538	0.23959999999897263	states																																	"   state_name
id           
8      reward"
10429.9934	0.00010000000111176632	states																																	"    state_name
id            
7   stop_sound"
10430.409	3.174199999999473	trials	1.0	2.0	20.0	1.1539219	0.0	0.15	True	6845.0	False	False	44182.0	False	High	True	False	0.025	0.0	0.6279089887961782	1.5	9.0													
10430.409	3.174199999999473	processed_trials			20.0	1.1539219					False				High					0.6279089887961782		9.0	40.0	40.0	False	True	False			20.347301156158494	1.1599000000000002	-0.17189141989705536	Left	0.6484000000000002	
10430.409	1.1599000000005617	states																																	"       state_name
id               
3   wait_for_poke"
10431.5689	0.014299999998911517	states																																	"        state_name
id                
1   nose_in_center"
10431.5832	2.0	states																																	"          state_name
id                  
2   punish_violation"
10433.9696	7.029199999999037	trials	1.0	2.0	20.0	1.1896226207936758	0.0	0.15	True	6845.0	False	False	44183.0	False	High	True	True	0.025	0.0	4.331389915373942	1.5	9.0													
10433.9696	7.029199999999037	processed_trials			20.0	1.1896226207936758					False				High					4.331389915373942		9.0	40.0	40.0	False	True	False			20.347301156158494	4.7874	-0.01175801056680687	Right	4.7874	
10433.9696	4.787399999999252	states																																	"       state_name
id               
3   wait_for_poke"
10438.757	0.24180000000160362	states																																	"        state_name
id                
1   nose_in_center"
10438.998800000001	2.0	states																																	"          state_name
id                  
2   punish_violation"
10441.4218	14.63839999999982	trials	1.0	2.0	20.0	1.0298002250813276	0.0	0.15	True	6845.0	True	False	44184.0	False	High	True	True	0.025	0.0	100.0	1.5	9.0													
10441.4218	14.63839999999982	processed_trials			20.0	1.0298002250813276					True				High					100.0		9.0	40.0	40.0	False	False	True	12.7204	12.7204	20.347301156158494	0.6861	-0.1928069841536155	Left	0.6861	
10441.4218	0.6861000000008062	states																																	"       state_name
id               
3   wait_for_poke"
10442.1079	1.0297999999984313	states																																	"        state_name
id                
1   nose_in_center"
10443.1377	0.0020000000004074536	states																																	"   state_name
id           
5      go_cue"
10443.1397	12.720400000000154	states																																	"            state_name
id                    
6   wait_for_side_poke"
10455.8601	0.2000000000007276	states																																	"   state_name
id           
0     opt_out"
10456.0601	9.999999929277692e-05	states																																	"    state_name
id            
7   stop_sound"
10456.4531	2.311999999999898	trials	1.0	2.0	20.0	0.9664375122594031	0.0	0.15	True	6845.0	False	False	44185.0	False	High	True	False	0.025	0.0	2.212770031217081	1.5	9.0													
10456.4531	2.311999999999898	processed_trials			20.0	0.9664375122594031					False				High					2.212770031217081		9.0	40.0	40.0	False	True	False			20.347301156158494	0.2444	-0.21230551672457917	Left	0.2444	
10456.4531	0.24439999999958673	states																																	"       state_name
id               
3   wait_for_poke"
10456.6975	0.06760000000031141	states																																	"        state_name
id                
1   nose_in_center"
10456.7651	2.0	states																																	"          state_name
id                  
2   punish_violation"
10459.1872	2.2060999999994237	trials	1.0	2.0	20.0	1.1501517355658935	0.0	0.15	True	6845.0	False	False	44186.0	False	High	True	True	0.025	0.0	0.5606869079070504	1.5	9.0													
10459.1872	2.2060999999994237	processed_trials			20.0	1.1501517355658935					False				High					0.5606869079070504		9.0	40.0	40.0	False	True	False			20.347301156158494	0.162	-0.21594300616050266	Left	0.162	
10459.1872	0.16200000000026193	states																																	"       state_name
id               
3   wait_for_poke"
10459.3492	0.04409999999916181	states																																	"        state_name
id                
1   nose_in_center"
10459.3933	2.0	states																																	"          state_name
id                  
2   punish_violation"
10461.7789	32.248600000000806	trials	1.0	2.0	20.0	0.8357889327232978	0.0	0.15	True	6845.0	False	False	44187.0	False	High	True	True	0.025	0.0	5.001079516590389	1.5	9.0													
10461.7789	32.248600000000806	processed_trials			20.0	0.8357889327232978					False				High					5.001079516590389		9.0	40.0	40.0	False	False	True	5.001100000000001	5.001100000000001	20.347301156158494	26.151799999999998	0.9313582431327552	Right	26.151799999999998	
10461.7789	26.15179999999964	states																																	"       state_name
id               
3   wait_for_poke"
10487.930699999999	0.8358000000007451	states																																	"        state_name
id                
1   nose_in_center"
10488.7665	0.0020000000004074536	states																																	"   state_name
id           
5      go_cue"
10488.7685	5.0010999999994965	states																																	"            state_name
id                    
6   wait_for_side_poke"
10493.7696	0.057800000000497676	states																																	"         state_name
id                 
4   announce_reward"
10493.8274	0.1999999999989086	states																																	"   state_name
id           
0     opt_out"
10494.027399999999	0.00010000000111176632	states																																	"    state_name
id            
7   stop_sound"
10494.4273	2.1934000000001106	trials	1.0	2.0	20.0	1.1965902616213089	0.0	0.15	True	6845.0	False	False	44188.0	False	High	True	False	0.025	0.0	0.4564648730677984	1.5	9.0													
10494.4273	2.1934000000001106	processed_trials			20.0	1.1965902616213089					False				High					0.4564648730677984		9.0	40.0	40.0	False	True	False			20.347301156158494	0.15280000000000002	-0.2163491336217951	Left	0.15280000000000002	
10494.4273	0.15279999999984284	states																																	"       state_name
id               
3   wait_for_poke"
10494.5801	0.040600000000267755	states																																	"        state_name
id                
1   nose_in_center"
10494.6207	2.0	states																																	"          state_name
id                  
2   punish_violation"
10497.0078	3.557600000000093	trials	1.0	2.0	20.0	1.1243290156250645	0.0	0.15	True	6845.0	False	False	44189.0	False	High	True	True	0.025	0.0	0.45646487	1.5	9.0													
10497.0078	3.557600000000093	processed_trials			20.0	1.1243290156250645					False				High					0.45646487		9.0	40.0	40.0	True	False	False	0.4564999999999997	0.4564999999999997	20.347301156158494	1.7474	-0.14595664995039212	Left	1.7474	
10497.0078	1.747400000000198	states																																	"       state_name
id               
3   wait_for_poke"
10498.7552	1.1242999999994936	states																																	"        state_name
id                
1   nose_in_center"
10499.8795	0.0020000000004074536	states																																	"   state_name
id           
5      go_cue"
10499.8815	0.45650000000023283	states																																	"            state_name
id                    
6   wait_for_side_poke"
10500.338	0.04500000000007276	states																																	"         state_name
id                 
4   announce_reward"
10500.383	0.1823000000003958	states																																	"   state_name
id           
8      reward"
10500.5653	9.999999929277692e-05	states																																	"    state_name
id            
7   stop_sound"
10500.9589	6.539600000000064	trials	1.0	2.0	40.0	0.9470899898825218	0.0	0.15	True	6865.0	False	False	44190.0	False	High	True	False	0.025	0.0	1.669977434909799	1.5	9.0													
10500.9589	6.539600000000064	processed_trials			40.0	0.9470899898825218					False				High					1.669977434909799		9.0	40.0	40.0	True	False	False	1.67	1.67	20.347301156158494	3.4329	-0.07155145038426286	Right	1.0637000000000003	
10500.9589	3.4328999999997905	states																																	"       state_name
id               
3   wait_for_poke"
10504.3918	0.9470999999994092	states																																	"        state_name
id                
1   nose_in_center"
10505.338899999999	0.0020000000004074536	states																																	"   state_name
id           
5      go_cue"
10505.3409	1.6700000000000728	states																																	"            state_name
id                    
6   wait_for_side_poke"
10507.0109	0.02959999999984575	states																																	"         state_name
id                 
4   announce_reward"
10507.0405	0.45790000000124564	states																																	"   state_name
id           
8      reward"
10507.4984	9.999999929277692e-05	states																																	"    state_name
id            
7   stop_sound"
10507.9121	4.335000000000946	trials	1.0	2.0	80.0	1.1851415713961275	0.0	0.15	True	6905.0	False	False	44191.0	False	High	True	False	0.025	0.0	6.073160583043375	1.5	9.0													
10507.9121	4.335000000000946	processed_trials			80.0	1.1851415713961275					False				High					6.073160583043375		9.0	40.0	40.0	False	True	False			20.347301156158494	2.2657	-0.12307666482127626	Right	0.9653999999999998	
10507.9121	2.2656999999999243	states																																	"       state_name
id               
3   wait_for_poke"
10510.1778	0.06929999999920256	states																																	"        state_name
id                
1   nose_in_center"
10510.247099999999	2.0	states																																	"          state_name
id                  
2   punish_violation"
10512.6418	3.3461000000006607	trials	1.0	2.0	80.0	0.8166257750800723	0.0	0.15	True	6905.0	False	False	44192.0	False	High	True	True	0.025	0.0	1.636084914009489	1.5	9.0													
10512.6418	3.3461000000006607	processed_trials			80.0	0.8166257750800723					False				High					1.636084914009489		9.0	40.0	40.0	True	False	False	1.6361000000000003	1.6361000000000003	20.347301156158494	0.1443	-0.21672436008059787	Left	0.1443	
10512.6418	0.14429999999993015	states																																	"       state_name
id               
3   wait_for_poke"
10512.7861	0.8166000000001077	states																																	"        state_name
id                
1   nose_in_center"
10513.6027	0.0020000000004074536	states																																	"   state_name
id           
5      go_cue"
10513.6047	1.6360999999997148	states																																	"            state_name
id                    
6   wait_for_side_poke"
10515.2408	0.12440000000060536	states																																	"         state_name
id                 
4   announce_reward"
10515.3652	0.6225999999987835	states																																	"   state_name
id           
8      reward"
10515.987799999999	0.00010000000111176632	states																																	"    state_name
id            
7   stop_sound"
10516.3777	6.927300000001196	trials	1.0	2.0	40.0	1.1689079925574095	0.0	0.15	True	6985.0	False	False	44193.0	False	High	True	False	0.025	0.0	3.667575200615803	1.5	9.0													
10516.3777	6.927300000001196	processed_trials			40.0	1.1689079925574095					False				High					3.667575200615803		9.0	40.0	40.0	False	True	False			20.347301156158494	4.8884	-0.007299437350444334	Left	3.2854	
10516.3777	4.88839999999982	states																																	"       state_name
id               
3   wait_for_poke"
10521.266099999999	0.03889999999955762	states																																	"        state_name
id                
1   nose_in_center"
10521.304999999998	2.0	states																																	"          state_name
id                  
2   punish_violation"
10523.7157	2.188399999999092	trials	1.0	2.0	40.0	1.1345515305662013	0.0	0.15	True	6985.0	False	False	44194.0	False	High	True	True	0.025	0.0	0.6502642245830097	1.5	9.0													
10523.7157	2.188399999999092	processed_trials			40.0	1.1345515305662013					False				High					0.6502642245830097		9.0	40.0	40.0	False	True	False			20.347301156158494	0.15769999999999998	-0.21613282660436758	Left	0.15769999999999998	
10523.7157	0.1576999999997497	states																																	"       state_name
id               
3   wait_for_poke"
10523.8734	0.030699999999342253	states																																	"        state_name
id                
1   nose_in_center"
10523.9041	2.0	states																																	"          state_name
id                  
2   punish_violation"
10526.3023	4.660499999999956	trials	1.0	2.0	40.0	0.8135863359697789	0.0	0.15	True	6985.0	False	False	44195.0	False	High	True	True	0.025	0.0	3.3215230034475294	1.5	9.0													
10526.3023	4.660499999999956	processed_trials			40.0	0.8135863359697789					False				High					3.3215230034475294		9.0	40.0	40.0	True	False	False	3.3215	3.3215	20.347301156158494	0.08020000000000001	-0.21955400902286362	Left	0.08020000000000001	
10526.3023	0.08020000000033178	states																																	"       state_name
id               
3   wait_for_poke"
10526.3825	0.8135999999994965	states																																	"        state_name
id                
1   nose_in_center"
10527.1961	0.0020000000004074536	states																																	"   state_name
id           
5      go_cue"
10527.1981	3.3215000000000146	states																																	"            state_name
id                    
6   wait_for_side_poke"
10530.5196	0.1157999999995809	states																																	"         state_name
id                 
4   announce_reward"
10530.6354	0.32730000000083237	states																																	"   state_name
id           
8      reward"
10530.9627	9.999999929277692e-05	states																																	"    state_name
id            
7   stop_sound"
10531.3906	5.496399999999994	trials	1.0	2.0	20.0	1.087547259770038	0.0	0.15	True	7025.0	False	False	44196.0	False	High	True	False	0.025	0.0	1.8685005440426006	1.5	9.0													
10531.3906	5.496399999999994	processed_trials			20.0	1.087547259770038					False				High					1.8685005440426006		9.0	40.0	40.0	False	True	False			20.347301156158494	3.4398	-0.07124685478829354	Left	2.0387	
10531.3906	3.4398000000001048	states																																	"       state_name
id               
3   wait_for_poke"
10534.8304	0.056599999999889405	states																																	"        state_name
id                
1   nose_in_center"
10534.887	2.0	states																																	"          state_name
id                  
2   punish_violation"
10537.2992	2.1700000000000728	trials	1.0	2.0	20.0	1.198116388782277	0.0	0.15	True	7025.0	False	False	44197.0	False	High	True	True	0.025	0.0	1.8685005	1.5	9.0													
10537.2992	2.1700000000000728	processed_trials			20.0	1.198116388782277					False				High					1.8685005		9.0	40.0	40.0	False	True	False			20.347301156158494	0.10690000000000001	-0.21837535649933013	Right	0.10690000000000001	
10537.2992	0.10690000000067812	states																																	"       state_name
id               
3   wait_for_poke"
10537.4061	0.06309999999939464	states																																	"        state_name
id                
1   nose_in_center"
10537.4692	2.0	states																																	"          state_name
id                  
2   punish_violation"
10539.8704	2.614400000000387	trials	1.0	2.0	20.0	1.0389016287021082	0.0	0.15	True	7025.0	False	False	44198.0	False	High	True	True	0.025	0.0	0.16260063247294876	1.5	9.0													
10539.8704	2.614400000000387	processed_trials			20.0	1.0389016287021082					False				High					0.16260063247294876		9.0	40.0	40.0	True	False	False	0.16259999999999986	0.16259999999999986	20.347301156158494	0.363	-0.20707000401704848	Right	0.363	
10539.8704	0.36299999999937427	states																																	"       state_name
id               
3   wait_for_poke"
10540.2334	1.0389000000013766	states																																	"        state_name
id                
1   nose_in_center"
10541.2723	0.0019999999985884642	states																																	"   state_name
id           
5      go_cue"
10541.2743	0.16260000000147556	states																																	"            state_name
id                    
6   wait_for_side_poke"
10541.4369	0.8081999999994878	states																																	"         state_name
id                 
4   announce_reward"
10542.2451	0.23959999999897263	states																																	"   state_name
id           
8      reward"
10542.484699999999	0.00010000000111176632	states																																	"    state_name
id            
7   stop_sound"
10542.89	3.6243000000013126	trials	1.0	2.0	40.0	1.0389016	0.0	0.15	True	7045.0	False	False	44199.0	False	High	True	False	0.025	0.0	0.19775699950431855	1.5	9.0													
10542.89	3.6243000000013126	processed_trials			40.0	1.0389016					False				High					0.19775699950431855		9.0	40.0	40.0	False	True	False			20.347301156158494	1.607	-0.15215450816402873	Right	0.7366	
10542.89	1.606999999999971	states																																	"       state_name
id               
3   wait_for_poke"
10544.497	0.017299999999522697	states																																	"        state_name
id                
1   nose_in_center"
10544.514299999999	2.0	states																																	"          state_name
id                  
2   punish_violation"
10546.9429	14.941100000000006	trials	1.0	2.0	40.0	0.9639947247744672	0.0	0.15	True	7045.0	False	False	44200.0	False	High	True	True	0.025	0.0	12.776456102540308	1.5	9.0													
10546.9429	14.941100000000006	processed_trials			40.0	0.9639947247744672					False				High					12.776456102540308		9.0	40.0	40.0	True	False	False	12.776499999999999	12.776499999999999	20.347301156158494	0.09179999999999999	-0.21904193526732096	Left	0.09179999999999999	
10546.9429	0.09180000000014843	states																																	"       state_name
id               
3   wait_for_poke"
10547.0347	0.9639999999999418	states																																	"        state_name
id                
1   nose_in_center"
10547.9987	0.0020000000004074536	states																																	"   state_name
id           
5      go_cue"
10548.0007	12.776499999999942	states																																	"            state_name
id                    
6   wait_for_side_poke"
10560.7772	0.7793999999994412	states																																	"         state_name
id                 
4   announce_reward"
10561.5566	0.32730000000083237	states																																	"   state_name
id           
8      reward"
10561.8839	9.999999929277692e-05	states																																	"    state_name
id            
7   stop_sound"
10562.3636	4.8531999999995605	trials	1.0	2.0	80.0	0.852614951461192	0.0	0.15	True	7085.0	False	False	44201.0	False	High	True	False	0.025	0.0	1.6269556507774943	1.5	9.0													
10562.3636	4.8531999999995605	processed_trials			80.0	0.852614951461192					False				High					1.6269556507774943		9.0	40.0	40.0	False	True	False			20.347301156158494	2.833	-0.09803360951788548	Left	1.1841000000000002	
10562.3636	2.8330000000005384	states																																	"       state_name
id               
3   wait_for_poke"
10565.196600000001	0.02019999999902211	states																																	"        state_name
id                
1   nose_in_center"
10565.2168	2.0	states																																	"          state_name
id                  
2   punish_violation"
10567.619	3.9843000000000757	trials	1.0	2.0	80.0	1.1622163688316292	0.0	0.15	True	7085.0	False	False	44202.0	False	High	True	True	0.025	0.0	1.6269557	1.5	9.0													
10567.619	3.9843000000000757	processed_trials			80.0	1.1622163688316292					False				High					1.6269557		9.0	40.0	40.0	True	False	False	1.627	1.627	20.347301156158494	0.2002	-0.21425669431035368	Right	0.2002	
10567.619	0.20019999999931315	states																																	"       state_name
id               
3   wait_for_poke"
10567.8192	1.1622000000006665	states																																	"        state_name
id                
1   nose_in_center"
10568.9814	0.0020000000004074536	states																																	"   state_name
id           
5      go_cue"
10568.983400000001	1.6270000000004075	states																																	"            state_name
id                    
6   wait_for_side_poke"
10570.610400000001	0.07269999999880383	states																																	"         state_name
id                 
4   announce_reward"
10570.6831	0.9201000000011845	states																																	"   state_name
id           
8      reward"
10571.603200000001	9.999999929277692e-05	states																																	"    state_name
id            
7   stop_sound"
10572.0035	3.9020999999993364	trials	1.0	2.0	80.0	0.8042886246505696	0.0	0.15	True	7165.0	False	False	44203.0	False	High	True	False	0.025	0.0	2.87613592554441	1.5	9.0													
10572.0035	3.9020999999993364	processed_trials			80.0	0.8042886246505696					False				High					2.87613592554441		9.0	40.0	40.0	False	True	False			20.347301156158494	1.8845999999999998	-0.13990005346242243	Right	0.7501999999999998	
10572.0035	1.8845999999994092	states																																	"       state_name
id               
3   wait_for_poke"
10573.8881	0.01749999999992724	states																																	"        state_name
id                
1   nose_in_center"
10573.9056	2.0	states																																	"          state_name
id                  
2   punish_violation"
10576.327	2.1226999999998952	trials	1.0	2.0	80.0	0.9452564666213202	0.0	0.15	True	7165.0	False	False	44204.0	False	High	True	True	0.025	0.0	2.2376070407812914	1.5	9.0													
10576.327	2.1226999999998952	processed_trials			80.0	0.9452564666213202					False				High					2.2376070407812914		9.0	40.0	40.0	False	True	False			20.347301156158494	0.11309999999999999	-0.21810166190585045	Right	0.11309999999999999	
10576.327	0.11310000000048603	states																																	"       state_name
id               
3   wait_for_poke"
10576.4401	0.009599999999409192	states																																	"        state_name
id                
1   nose_in_center"
10576.4497	2.0	states																																	"          state_name
id                  
2   punish_violation"
10578.8468	6.839400000000751	trials	1.0	2.0	80.0	1.064739242553375	0.0	0.15	True	7165.0	False	False	44205.0	False	High	True	True	0.025	0.0	4.36892898288124	1.5	9.0													
10578.8468	6.839400000000751	processed_trials			80.0	1.064739242553375					False				High					4.36892898288124		9.0	40.0	40.0	True	False	False	4.3689	4.3689	20.347301156158494	0.2396	-0.21251740931307955	Right	0.2396	
10578.8468	0.23960000000079162	states																																	"       state_name
id               
3   wait_for_poke"
10579.0864	1.064699999998993	states																																	"        state_name
id                
1   nose_in_center"
10580.1511	0.0020000000004074536	states																																	"   state_name
id           
5      go_cue"
10580.1531	4.368899999999485	states																																	"            state_name
id                    
6   wait_for_side_poke"
10584.521999999999	0.24400000000059663	states																																	"         state_name
id                 
4   announce_reward"
10584.766	0.9200999999993655	states																																	"   state_name
id           
8      reward"
10585.686099999999	0.00010000000111176632	states																																	"    state_name
id            
7   stop_sound"
10586.0978	4.244300000000294	trials	1.0	2.0	80.0	1.0398032179745955	0.0	0.15	True	7245.0	False	False	44206.0	False	High	True	False	0.025	0.0	0.430441713354328	1.5	9.0													
10586.0978	4.244300000000294	processed_trials			80.0	1.0398032179745955					False				High					0.430441713354328		9.0	40.0	40.0	False	True	False			20.347301156158494	2.237	-0.12434360592335154	Left	1.359	
10586.0978	2.2369999999991705	states																																	"       state_name
id               
3   wait_for_poke"
10588.334799999999	0.007300000001123408	states																																	"        state_name
id                
1   nose_in_center"
10588.3421	2.0	states																																	"          state_name
id                  
2   punish_violation"
10590.7646	4.652200000000448	trials	1.0	2.0	80.0	1.0398032	0.0	0.15	True	7245.0	False	False	44207.0	False	High	True	True	0.025	0.0	2.5423279094767426	1.5	9.0													
10590.7646	4.652200000000448	processed_trials			80.0	1.0398032					False				High					2.5423279094767426		9.0	40.0	40.0	True	False	False	2.5423	2.5423	20.347301156158494	0.0228	-0.2220878912270142	Right	0.0228	
10590.7646	0.022800000000643195	states																																	"       state_name
id               
3   wait_for_poke"
10590.787400000001	1.0397999999986496	states																																	"        state_name
id                
1   nose_in_center"
10591.8272	0.0020000000004074536	states																																	"   state_name
id           
5      go_cue"
10591.8292	2.542300000000978	states																																	"            state_name
id                    
6   wait_for_side_poke"
10594.371500000001	0.12509999999929278	states																																	"         state_name
id                 
4   announce_reward"
10594.4966	0.9200999999993655	states																																	"   state_name
id           
8      reward"
10595.4167	0.00010000000111176632	states																																	"    state_name
id            
7   stop_sound"
10595.8714	6.244300000000294	trials	1.0	2.0	80.0	0.8366871661062766	0.0	0.15	True	7325.0	False	False	44208.0	False	High	True	False	0.025	0.0	2.856053462240227	1.5	9.0													
10595.8714	6.244300000000294	processed_trials			80.0	0.8366871661062766					False				High					2.856053462240227		9.0	40.0	40.0	True	False	False	2.8561000000000005	2.8561000000000005	20.347301156158494	1.8203	-0.14273853126254232	Left	0.8889	
10595.8714	1.8202999999994063	states																																	"       state_name
id               
3   wait_for_poke"
10597.6917	0.836699999999837	states																																	"        state_name
id                
1   nose_in_center"
10598.5284	0.0020000000004074536	states																																	"   state_name
id           
5      go_cue"
10598.5304	2.856100000000879	states																																	"            state_name
id                    
6   wait_for_side_poke"
10601.3865	0.10649999999986903	states																																	"         state_name
id                 
4   announce_reward"
10601.493	0.6225999999987835	states																																	"   state_name
id           
8      reward"
10602.1156	0.00010000000111176632	states																																	"    state_name
id            
7   stop_sound"
10602.5262	7.393099999999322	trials	1.0	2.0	80.0	0.9063201515362684	0.0	0.15	True	7405.0	True	False	44209.0	False	High	True	False	0.025	0.0	2.8560535	1.5	9.0													
10602.5262	7.393099999999322	processed_trials			80.0	0.9063201515362684					False				High					2.8560535		9.0	40.0	40.0	False	False	False	2.8561000000000005	2.8561000000000005	20.347301156158494	3.6287	-0.06290799854501747	Right	2.0376	
10602.5262	3.6286999999992986	states																																	"       state_name
id               
3   wait_for_poke"
10606.1549	0.9063000000005559	states																																	"        state_name
id                
1   nose_in_center"
10607.0612	0.0020000000004074536	states																																	"   state_name
id           
5      go_cue"
10607.0632	2.85609999999906	states																																	"            state_name
id                    
6   wait_for_side_poke"
10610.3234	4.499400000000605	trials	1.0	2.0	80.0	1.1610029097814476	0.0	0.15	True	7405.0	False	False	44210.0	False	High	True	False	0.025	0.0	0.705552969963288	1.5	9.0													
10610.3234	4.499400000000605	processed_trials			80.0	1.1610029097814476					False				High					0.705552969963288		9.0	40.0	40.0	False	True	False			20.347301156158494	2.4791	-0.11365627349086274	Right	2.4791	
10610.3234	2.4791000000004715	states																																	"       state_name
id               
3   wait_for_poke"
10612.8025	0.020300000000133878	states																																	"        state_name
id                
1   nose_in_center"
10612.8228	2.0	states																																	"          state_name
id                  
2   punish_violation"
10615.2984	6.5570000000006985	trials	1.0	2.0	80.0	1.0363076150807586	0.0	0.15	True	7405.0	False	False	44211.0	False	High	True	True	0.025	0.0	4.285431871488113	1.5	9.0													
10615.2984	6.5570000000006985	processed_trials			80.0	1.0363076150807586					False				High					4.285431871488113		9.0	40.0	40.0	True	False	False	4.2854	4.2854	20.347301156158494	0.2048	-0.21405363057970747	Right	0.2048	
10615.2984	0.2047999999995227	states																																	"       state_name
id               
3   wait_for_poke"
10615.5032	1.0362999999997555	states																																	"        state_name
id                
1   nose_in_center"
10616.539499999999	0.0020000000004074536	states																																	"   state_name
id           
5      go_cue"
10616.5415	4.285400000000664	states																																	"            state_name
id                    
6   wait_for_side_poke"
10620.8269	0.10829999999987194	states																																	"         state_name
id                 
4   announce_reward"
10620.9352	0.9200999999993655	states																																	"   state_name
id           
8      reward"
10621.8553	0.00010000000111176632	states																																	"    state_name
id            
7   stop_sound"
10622.2745	6.967800000000352	trials	1.0	2.0	80.0	1.1657760778236963	0.0	0.15	True	7485.0	False	False	44212.0	False	High	True	False	0.025	0.0	2.306700052457806	1.5	9.0													
10622.2745	6.967800000000352	processed_trials			80.0	1.1657760778236963					False				High					2.306700052457806		9.0	40.0	40.0	True	False	False	2.3066999999999998	2.3066999999999998	20.347301156158494	2.4455	-0.11513952161036552	Right	1.4263	
10622.2745	2.445499999999811	states																																	"       state_name
id               
3   wait_for_poke"
10624.72	1.1658000000006723	states																																	"        state_name
id                
1   nose_in_center"
10625.8858	0.0020000000004074536	states																																	"   state_name
id           
5      go_cue"
10625.8878	2.306699999999182	states																																	"            state_name
id                    
6   wait_for_side_poke"
10628.1945	0.1275999999998021	states																																	"         state_name
id                 
4   announce_reward"
10628.3221	0.9200999999993655	states																																	"   state_name
id           
8      reward"
10629.242199999999	0.00010000000111176632	states																																	"    state_name
id            
7   stop_sound"
10629.6497	4.097200000000157	trials	1.0	2.0	40.0	0.9345158358339393	0.0	0.15	True	7565.0	False	False	44213.0	False	High	True	False	0.025	0.0	1.2731656013850745	1.5	9.0													
10629.6497	4.097200000000157	processed_trials			40.0	0.9345158358339393					False				High					1.2731656013850745		9.0	40.0	40.0	False	True	False			20.347301156158494	2.0758	-0.13145966535382322	Right	1.2505000000000002	
10629.6497	2.075800000000527	states																																	"       state_name
id               
3   wait_for_poke"
10631.7255	0.02139999999963038	states																																	"        state_name
id                
1   nose_in_center"
10631.7469	2.0	states																																	"          state_name
id                  
2   punish_violation"
10634.2042	2.2312999999994645	trials	1.0	2.0	40.0	0.9588178361425037	0.0	0.15	True	7565.0	False	False	44214.0	False	High	True	True	0.025	0.0	0.2631089542895839	1.5	9.0													
10634.2042	2.2312999999994645	processed_trials			40.0	0.9588178361425037					False				High					0.2631089542895839		9.0	40.0	40.0	True	False	False	0.2631000000000001	0.2631000000000001	20.347301156158494	0.0559	-0.22062671525214686	Right	0.0559	
10634.2042	0.055899999999383	states																																	"       state_name
id               
3   wait_for_poke"
10634.2601	0.9588000000003376	states																																	"        state_name
id                
1   nose_in_center"
10635.2189	0.0020000000004074536	states																																	"   state_name
id           
5      go_cue"
10635.2209	0.26310000000012224	states																																	"            state_name
id                    
6   wait_for_side_poke"
10635.484	0.49350000000049477	states																																	"         state_name
id                 
4   announce_reward"
10635.9775	0.45789999999942665	states																																	"   state_name
id           
8      reward"
10636.4354	9.999999929277692e-05	states																																	"    state_name
id            
7   stop_sound"
10636.8507	3.5930999999982305	trials	1.0	2.0	80.0	0.8526285687091313	0.0	0.15	True	7605.0	False	False	44215.0	False	High	True	False	0.025	0.0	0.26310895	1.5	9.0													
10636.8507	3.5930999999982305	processed_trials			80.0	0.8526285687091313					False				High					0.26310895		9.0	40.0	40.0	True	False	False	0.2631000000000001	0.2631000000000001	20.347301156158494	1.5968	-0.1526047799145921	Left	1.1917	
10636.8507	1.596799999999348	states																																	"       state_name
id               
3   wait_for_poke"
10638.4475	0.8526000000001659	states																																	"        state_name
id                
1   nose_in_center"
10639.3001	0.0020000000004074536	states																																	"   state_name
id           
5      go_cue"
10639.3021	0.26310000000012224	states																																	"            state_name
id                    
6   wait_for_side_poke"
10639.565200000001	0.2559000000001106	states																																	"         state_name
id                 
4   announce_reward"
10639.821100000001	0.6226000000006024	states																																	"   state_name
id           
8      reward"
10640.443700000002	9.999999929277692e-05	states																																	"    state_name
id            
7   stop_sound"
10640.8676	8.85450000000128	trials	1.0	2.0	80.0	0.9148682033141082	0.0	0.15	True	7685.0	False	False	44216.0	False	High	True	False	0.025	0.0	3.953939585122308	1.5	9.0													
10640.8676	8.85450000000128	processed_trials			80.0	0.9148682033141082					False				High					3.953939585122308		9.0	40.0	40.0	True	False	False	3.953900000000001	3.953900000000001	20.347301156158494	3.2456	-0.07981967576470546	Left	1.2683	
10640.8676	3.245600000000195	states																																	"       state_name
id               
3   wait_for_poke"
10644.1132	0.9148999999997613	states																																	"        state_name
id                
1   nose_in_center"
10645.0281	0.0020000000004074536	states																																	"   state_name
id           
5      go_cue"
10645.0301	3.9539000000004307	states																																	"            state_name
id                    
6   wait_for_side_poke"
10648.984	0.11539999999877182	states																																	"         state_name
id                 
4   announce_reward"
10649.0994	0.6226000000006024	states																																	"   state_name
id           
8      reward"
10649.722	9.999999929277692e-05	states																																	"    state_name
id            
7   stop_sound"
10650.1379	4.923899999999776	trials	1.0	2.0	20.0	0.985180277852777	0.0	0.15	True	7765.0	True	False	44217.0	False	High	True	False	0.025	0.0	100.0	1.5	9.0													
10650.1379	4.923899999999776	processed_trials			20.0	0.985180277852777					True				High					100.0		9.0	40.0	40.0	False	True	False			20.347301156158494	2.8621	-0.09674901070010183	Right	1.1713999999999998	
10650.1379	2.8621000000002823	states																																	"       state_name
id               
3   wait_for_poke"
10653.0	0.06179999999949359	states																																	"        state_name
id                
1   nose_in_center"
10653.0618	2.0	states																																	"          state_name
id                  
2   punish_violation"
10655.5025	11.968999999999141	trials	1.0	2.0	20.0	0.9499720845551405	0.0	0.15	True	7765.0	False	False	44218.0	False	High	True	True	0.025	0.0	4.173664740587322	1.5	9.0													
10655.5025	11.968999999999141	processed_trials			20.0	0.9499720845551405					False				High					4.173664740587322		9.0	40.0	40.0	True	False	False	4.173699999999999	4.173699999999999	20.347301156158494	5.5233	0.020727771907660363	Left	5.5233	
10655.5025	5.523300000000745	states																																	"       state_name
id               
3   wait_for_poke"
10661.025800000001	0.9499999999989086	states																																	"        state_name
id                
1   nose_in_center"
10661.9758	0.0020000000004074536	states																																	"   state_name
id           
5      go_cue"
10661.9778	4.173699999999371	states																																	"            state_name
id                    
6   wait_for_side_poke"
10666.1515	1.1376000000000204	states																																	"         state_name
id                 
4   announce_reward"
10667.2891	0.1823000000003958	states																																	"   state_name
id           
8      reward"
10667.4714	9.999999929277692e-05	states																																	"    state_name
id            
7   stop_sound"
10667.8962	4.085700000001452	trials	1.0	2.0	20.0	0.9192132873826667	0.0	0.15	True	7785.0	False	False	44219.0	False	High	True	False	0.025	0.0	4.099888707655529	1.5	9.0													
10667.8962	4.085700000001452	processed_trials			20.0	0.9192132873826667					False				High					4.099888707655529		9.0	40.0	40.0	False	True	False			20.347301156158494	2.0713000000000004	-0.13165831465554234	Right	0.8573000000000004	
10667.8962	2.07129999999961	states																																	"       state_name
id               
3   wait_for_poke"
10669.967499999999	0.014400000000023283	states																																	"        state_name
id                
1   nose_in_center"
10669.981899999999	2.0	states																																	"          state_name
id                  
2   punish_violation"
10672.4034	2.7851000000009662	trials	1.0	2.0	20.0	0.9207892282422983	0.0	0.15	True	7785.0	False	False	44220.0	False	High	True	True	0.025	0.0	1.2767995596429473	1.5	9.0													
10672.4034	2.7851000000009662	processed_trials			20.0	0.9207892282422983					False				High					1.2767995596429473		9.0	40.0	40.0	True	False	False	1.2768	1.2768	20.347301156158494	0.3349	-0.20831045854556124	Left	0.3349	
10672.4034	0.3348999999998341	states																																	"       state_name
id               
3   wait_for_poke"
10672.738299999999	0.9207999999998719	states																																	"        state_name
id                
1   nose_in_center"
10673.659099999999	0.0020000000004074536	states																																	"   state_name
id           
5      go_cue"
10673.6611	1.2767999999996391	states																																	"            state_name
id                    
6   wait_for_side_poke"
10674.937899999999	0.06819999999970605	states																																	"         state_name
id                 
4   announce_reward"
10675.006099999999	0.1823000000003958	states																																	"   state_name
id           
8      reward"
10675.1884	9.999999929277692e-05	states																																	"    state_name
id            
7   stop_sound"
10675.6018	3.8820999999989	trials	1.0	2.0	80.0	1.183426848542793	0.0	0.15	True	7805.0	False	False	44221.0	False	High	True	False	0.025	0.0	3.695718459853202	1.5	9.0													
10675.6018	3.8820999999989	processed_trials			80.0	1.183426848542793					False				High					3.695718459853202		9.0	40.0	40.0	False	True	False			20.347301156158494	1.8279	-0.14240303466408336	Right	0.8036000000000001	
10675.6018	1.827900000000227	states																																	"       state_name
id               
3   wait_for_poke"
10677.4297	0.054200000000491855	states																																	"        state_name
id                
1   nose_in_center"
10677.483900000001	2.0	states																																	"          state_name
id                  
2   punish_violation"
10679.902	13.984599999999773	trials	1.0	2.0	80.0	1.18169269674454	0.0	0.15	True	7805.0	True	False	44222.0	False	High	True	True	0.025	0.0	100.0	1.5	9.0													
10679.902	13.984599999999773	processed_trials			80.0	1.18169269674454					True				High					100.0		9.0	40.0	40.0	False	False	True	12.4095	12.4095	20.347301156158494	0.1913	-0.21464957848486482	Left	0.1913	
10679.902	0.19130000000041036	states																																	"       state_name
id               
3   wait_for_poke"
10680.0933	1.1816999999991822	states																																	"        state_name
id                
1   nose_in_center"
10681.275	0.0020000000004074536	states																																	"   state_name
id           
5      go_cue"
10681.277	12.409499999999753	states																																	"            state_name
id                    
6   wait_for_side_poke"
10693.6865	0.2000000000007276	states																																	"   state_name
id           
0     opt_out"
10693.8865	9.999999929277692e-05	states																																	"    state_name
id            
7   stop_sound"
10694.3062	6.555199999998877	trials	1.0	2.0	40.0	1.131405348840775	0.0	0.15	True	7805.0	False	False	44223.0	False	High	True	False	0.025	0.0	4.3163064047248065	1.5	9.0													
10694.3062	6.555199999998877	processed_trials			40.0	1.131405348840775					False				High					4.3163064047248065		9.0	40.0	40.0	True	False	False	4.316299999999999	4.316299999999999	20.347301156158494	0.3902	-0.20586927934887958	Right	0.3902	
10694.3062	0.39019999999982247	states																																	"       state_name
id               
3   wait_for_poke"
10694.6964	1.1314000000002125	states																																	"        state_name
id                
1   nose_in_center"
10695.827800000001	0.0020000000004074536	states																																	"   state_name
id           
5      go_cue"
10695.829800000001	4.31630000000041	states																																	"            state_name
id                    
6   wait_for_side_poke"
10700.146100000002	0.2572999999993044	states																																	"         state_name
id                 
4   announce_reward"
10700.403400000001	0.45789999999942665	states																																	"   state_name
id           
8      reward"
10700.8613	0.00010000000111176632	states																																	"    state_name
id            
7   stop_sound"
10701.2879	4.023300000000745	trials	1.0	2.0	20.0	1.1505606027434392	0.0	0.15	True	7845.0	False	False	44224.0	False	High	True	False	0.025	0.0	2.3851533969208867	1.5	9.0													
10701.2879	4.023300000000745	processed_trials			20.0	1.1505606027434392					False				High					2.3851533969208867		9.0	40.0	40.0	False	True	False			20.347301156158494	2.0159000000000002	-0.1341039082811511	Left	1.0848000000000002	
10701.2879	2.015900000000329	states																																	"       state_name
id               
3   wait_for_poke"
10703.3038	0.007400000000416185	states																																	"        state_name
id                
1   nose_in_center"
10703.3112	2.0	states																																	"          state_name
id                  
2   punish_violation"
10705.7391	6.315399999999499	trials	1.0	2.0	20.0	0.9034544248422631	0.0	0.15	True	7845.0	False	False	44225.0	False	High	True	True	0.025	0.0	4.964911275778593	1.5	9.0													
10705.7391	6.315399999999499	processed_trials			20.0	0.9034544248422631					False				High					4.964911275778593		9.0	40.0	40.0	True	False	False	4.9649	4.9649	20.347301156158494	0.1369	-0.21705102782120267	Left	0.1369	
10705.7391	0.13689999999951397	states																																	"       state_name
id               
3   wait_for_poke"
10705.876	0.9035000000003492	states																																	"        state_name
id                
1   nose_in_center"
10706.7795	0.0020000000004074536	states																																	"   state_name
id           
5      go_cue"
10706.781500000001	4.964899999999034	states																																	"            state_name
id                    
6   wait_for_side_poke"
10711.7464	0.1257000000005064	states																																	"         state_name
id                 
4   announce_reward"
10711.8721	0.1823000000003958	states																																	"   state_name
id           
8      reward"
10712.0544	9.999999929277692e-05	states																																	"    state_name
id            
7   stop_sound"
10712.482	4.317300000000614	trials	1.0	2.0	20.0	0.9313967186731756	0.0	0.15	True	7865.0	False	False	44226.0	False	High	True	False	0.025	0.0	4.5306700698789655	1.5	9.0													
10712.482	4.317300000000614	processed_trials			20.0	0.9313967186731756					False				High					4.5306700698789655		9.0	40.0	40.0	False	True	False			20.347301156158494	2.2952	-0.12177440828778423	Right	1.4697	
10712.482	2.2952000000004773	states																																	"       state_name
id               
3   wait_for_poke"
10714.7772	0.022100000000136788	states																																	"        state_name
id                
1   nose_in_center"
10714.7993	2.0	states																																	"          state_name
id                  
2   punish_violation"
10717.2197	10.342800000000352	trials	1.0	2.0	20.0	0.8124810538054223	0.0	0.15	True	7865.0	True	False	44227.0	False	High	True	True	0.025	0.0	100.0	1.5	9.0													
10717.2197	10.342800000000352	processed_trials			20.0	0.8124810538054223					True				High					100.0		9.0	40.0	40.0	False	False	True	9.266700000000002	9.266700000000002	20.347301156158494	0.0615	-0.22037950723222977	Left	0.0615	
10717.2197	0.06149999999979627	states																																	"       state_name
id               
3   wait_for_poke"
10717.2812	0.8125	states																																	"        state_name
id                
1   nose_in_center"
10718.0937	0.0020000000004074536	states																																	"   state_name
id           
5      go_cue"
10718.0957	9.266700000000128	states																																	"            state_name
id                    
6   wait_for_side_poke"
10727.3624	0.1999999999989086	states																																	"   state_name
id           
0     opt_out"
10727.562399999999	0.00010000000111176632	states																																	"    state_name
id            
7   stop_sound"
10727.9848	10.843300000000454	trials	1.0	2.0	40.0	0.8905618479643543	0.0	0.15	True	7865.0	True	False	44228.0	False	High	True	False	0.025	0.0	100.0	1.5	9.0													
10727.9848	10.843300000000454	processed_trials			40.0	0.8905618479643543					True				High					100.0		9.0	40.0	40.0	False	False	True	9.360100000000001	9.360100000000001	20.347301156158494	0.3905	-0.2058560360620983	Right	0.3905	
10727.9848	0.3904999999995198	states																																	"       state_name
id               
3   wait_for_poke"
10728.3753	0.8906000000006316	states																																	"        state_name
id                
1   nose_in_center"
10729.2659	0.0020000000004074536	states																																	"   state_name
id           
5      go_cue"
10729.2679	9.360099999999875	states																																	"            state_name
id                    
6   wait_for_side_poke"
10738.628	0.1999999999989086	states																																	"   state_name
id           
0     opt_out"
10738.828	0.00010000000111176632	states																																	"    state_name
id            
7   stop_sound"
10739.2638	2.369199999999182	trials	1.0	2.0	20.0	0.89056185	0.0	0.15	True	7865.0	False	False	44229.0	False	High	True	False	0.025	0.0	9.877219437869805	1.5	9.0													
10739.2638	2.369199999999182	processed_trials			20.0	0.89056185					False				High					9.877219437869805		9.0	40.0	40.0	False	True	False			20.347301156158494	0.0958	-0.21886535811023733	Left	0.0958	
10739.2638	0.09579999999914435	states																																	"       state_name
id               
3   wait_for_poke"
10739.3596	0.27340000000003783	states																																	"        state_name
id                
1   nose_in_center"
10739.633	2.0	states																																	"          state_name
id                  
2   punish_violation"
10742.0605	4.196799999999712	trials	1.0	2.0	20.0	0.8990709514633847	0.0	0.15	True	7865.0	False	False	44230.0	False	High	True	True	0.025	0.0	2.7181858157450733	1.5	9.0													
10742.0605	4.196799999999712	processed_trials			20.0	0.8990709514633847					False				High					2.7181858157450733		9.0	40.0	40.0	True	False	False	2.7182000000000004	2.7182000000000004	20.347301156158494	0.3335	-0.20837226055054053	Left	0.3335	
10742.0605	0.3335000000006403	states																																	"       state_name
id               
3   wait_for_poke"
10742.394	0.8990999999987253	states																																	"        state_name
id                
1   nose_in_center"
10743.293099999999	0.0020000000004074536	states																																	"   state_name
id           
5      go_cue"
10743.2951	2.7181999999993423	states																																	"            state_name
id                    
6   wait_for_side_poke"
10746.013299999999	0.06160000000090804	states																																	"         state_name
id                 
4   announce_reward"
10746.0749	0.1823000000003958	states																																	"   state_name
id           
8      reward"
10746.2572	9.999999929277692e-05	states																																	"    state_name
id            
7   stop_sound"
10746.6874	4.710499999999229	trials	1.0	2.0	20.0	0.9104719766624118	0.0	0.15	True	7885.0	True	False	44231.0	False	High	True	False	0.025	0.0	100.0	1.5	9.0													
10746.6874	4.710499999999229	processed_trials			20.0	0.9104719766624118					True				High					100.0		9.0	40.0	40.0	False	True	False			20.347301156158494	2.6296999999999997	-0.10700814352666277	Right	1.2645999999999997	
10746.6874	2.6296999999995023	states																																	"       state_name
id               
3   wait_for_poke"
10749.3171	0.08079999999972642	states																																	"        state_name
id                
1   nose_in_center"
10749.3979	2.0	states																																	"          state_name
id                  
2   punish_violation"
10751.8301	21.533000000001266	trials	1.0	2.0	20.0	1.1786480250824984	0.0	0.15	True	7885.0	False	False	44232.0	False	High	True	True	0.025	0.0	1.073845370146265	1.5	9.0													
10751.8301	21.533000000001266	processed_trials			20.0	1.1786480250824984					False				High					1.073845370146265		9.0	40.0	40.0	False	True	False			20.347301156158494	19.2398	0.6262329156921824	Left	19.2398	
10751.8301	19.239799999999377	states																																	"       state_name
id               
3   wait_for_poke"
10771.069899999999	0.29320000000006985	states																																	"        state_name
id                
1   nose_in_center"
10771.363099999999	2.0	states																																	"          state_name
id                  
2   punish_violation"
10773.7884	10.568699999999808	trials	1.0	2.0	20.0	0.9977110567291562	0.0	0.15	True	7885.0	False	False	44233.0	False	High	True	True	0.025	0.0	1.814475987894967	1.5	9.0													
10773.7884	10.568699999999808	processed_trials			20.0	0.9977110567291562					False				High					1.814475987894967		9.0	40.0	40.0	False	True	False			20.347301156158494	8.1675	0.137454101597817	Left	8.1675	
10773.7884	8.167499999999563	states																																	"       state_name
id               
3   wait_for_poke"
10781.955899999999	0.40120000000024447	states																																	"        state_name
id                
1   nose_in_center"
10782.3571	2.0	states																																	"          state_name
id                  
2   punish_violation"
10784.7775	35.431399999999485	trials	1.0	2.0	20.0	0.8736613161071359	0.0	0.15	True	7885.0	False	False	44234.0	False	High	True	True	0.025	0.0	1.630796225430845	1.5	9.0													
10784.7775	35.431399999999485	processed_trials			20.0	0.8736613161071359					False				High					1.630796225430845		9.0	40.0	40.0	False	True	False			20.347301156158494	33.3449	1.2488925302873828	Right	33.3449	
10784.7775	33.34490000000005	states																																	"       state_name
id               
3   wait_for_poke"
10818.1224	0.08649999999943248	states																																	"        state_name
id                
1   nose_in_center"
10818.2089	2.0	states																																	"          state_name
id                  
2   punish_violation"
10820.6356	35.47910000000047	trials	1.0	2.0	20.0	0.9934474250303962	0.0	0.15	True	7885.0	False	False	44235.0	False	High	True	True	0.025	0.0	1.92129432252203	1.5	9.0													
10820.6356	35.47910000000047	processed_trials			20.0	0.9934474250303962					False				High					1.92129432252203		9.0	40.0	40.0	False	True	False			20.347301156158494	33.2333	1.2439660276047484	Left	33.2333	
10820.6356	33.23329999999987	states																																	"       state_name
id               
3   wait_for_poke"
10853.8689	0.24580000000059954	states																																	"        state_name
id                
1   nose_in_center"
10854.1147	2.0	states																																	"          state_name
id                  
2   punish_violation"
10856.5698	2.0625	trials	1.0	2.0	20.0	0.9224414533149592	0.0	0.15	True	7885.0	False	False	44236.0	False	High	True	True	0.025	0.0	2.0468097345155356	1.5	9.0													
10856.5698	2.0625	processed_trials			20.0	0.9224414533149592					False				High					2.0468097345155356		9.0	40.0	40.0	False	True	False			20.347301156158494	0.0405	-0.221306537306919	Right	0.0405	
10856.5698	0.04049999999915599	states																																	"       state_name
id               
3   wait_for_poke"
10856.610299999998	0.02200000000084401	states																																	"        state_name
id                
1   nose_in_center"
10856.6323	2.0	states																																	"          state_name
id                  
2   punish_violation"
10859.1131	31.17579999999907	trials	1.0	2.0	20.0	0.92244145	0.0	0.15	True	7885.0	False	False	44237.0	False	High	True	True	0.025	0.0	2.9761952685548847	1.5	9.0													
10859.1131	31.17579999999907	processed_trials			20.0	0.92244145					False				High					2.9761952685548847		9.0	40.0	40.0	True	False	False	2.9761999999999986	2.9761999999999986	20.347301156158494	26.9967	0.9686557531377524	Left	26.9967	
10859.1131	26.99669999999969	states																																	"       state_name
id               
3   wait_for_poke"
10886.1098	0.9223999999994703	states																																	"        state_name
id                
1   nose_in_center"
10887.0322	0.0020000000004074536	states																																	"   state_name
id           
5      go_cue"
10887.0342	2.976200000000972	states																																	"            state_name
id                    
6   wait_for_side_poke"
10890.010400000001	0.09609999999884167	states																																	"         state_name
id                 
4   announce_reward"
10890.1065	0.1823000000003958	states																																	"   state_name
id           
8      reward"
10890.2888	0.00010000000111176632	states																																	"    state_name
id            
7   stop_sound"
10890.7201	4.298600000000079	trials	1.0	2.0	5.0	0.8429365652395899	0.0	0.15	True	7905.0	False	False	44238.0	True	Mixed	True	False	0.025	0.0	0.7704985724268508	1.5	9.0													
10890.7201	4.298600000000079	processed_trials			5.0	0.8429365652395899					False				Mixed					0.7704985724268508		9.0	40.0	40.0	False	True	False			20.347301156158494	2.2342	-0.1244672099333101	Left	1.3168	
10890.7201	2.234200000000783	states																																	"       state_name
id               
3   wait_for_poke"
10892.954300000001	0.06439999999929569	states																																	"        state_name
id                
1   nose_in_center"
10893.0187	2.0	states																																	"          state_name
id                  
2   punish_violation"
10895.4482	3.1805999999996857	trials	1.0	2.0	5.0	1.1303114436350226	0.0	0.15	True	7905.0	False	False	44239.0	True	Mixed	True	True	0.025	0.0	0.004699906863521072	1.5	9.0													
10895.4482	3.1805999999996857	processed_trials			5.0	1.1303114436350226					False				Mixed					0.004699906863521072		9.0	40.0	40.0	False	True	False			20.347301156158494	1.1205999999999998	-0.1736262904654024	Left	1.1205999999999998	
10895.4482	1.120600000000195	states																																	"       state_name
id               
3   wait_for_poke"
10896.568800000001	0.05999999999949068	states																																	"        state_name
id                
1   nose_in_center"
10896.6288	2.0	states																																	"          state_name
id                  
2   punish_violation"
10899.0843	10.641700000000128	trials	1.0	2.0	5.0	1.1303114	0.0	0.15	True	7905.0	False	False	44240.0	True	Mixed	True	True	0.025	0.0	0.3103004634675516	1.5	9.0													
10899.0843	10.641700000000128	processed_trials			5.0	1.1303114					False				Mixed					0.3103004634675516		9.0	40.0	40.0	False	True	False			20.347301156158494	8.3768	0.14669350134221973	Left	8.3768	
10899.0843	8.376800000000003	states																																	"       state_name
id               
3   wait_for_poke"
10907.4611	0.26490000000012515	states																																	"        state_name
id                
1   nose_in_center"
10907.726	2.0	states																																	"          state_name
id                  
2   punish_violation"
10910.1858	230.79629999999997	trials	1.0	2.0	5.0	0.8220994781970792	0.0	0.15	True	7905.0	False	False	44241.0	True	Mixed	True	True	0.025	0.0	5.3461331103049545	1.5	9.0													
10910.1858	230.79629999999997	processed_trials			5.0	0.8220994781970792					False				Mixed					5.3461331103049545		9.0	40.0	40.0	False	True	False			20.347301156158494	228.59560000000002	9.868095911436262	Right	228.59560000000002	
10910.1858	228.59560000000056	states																																	"       state_name
id               
3   wait_for_poke"
11138.7814	0.200699999999415	states																																	"        state_name
id                
1   nose_in_center"
11138.9821	2.0	states																																	"          state_name
id                  
2   punish_violation"
11141.4177	37.33799999999974	trials	1.0	2.0	5.0	0.9541900300532041	0.0	0.15	True	7905.0	False	False	44242.0	True	Mixed	True	True	0.025	0.0	4.876016172693288	1.5	9.0													
11141.4177	37.33799999999974	processed_trials			5.0	0.9541900300532041					False				Mixed					4.876016172693288		9.0	40.0	40.0	False	False	True	4.648400000000002	4.648400000000002	20.347301156158494	31.5333	1.1689207358441909	Right	31.5333	
11141.4177	31.533299999999144	states																																	"       state_name
id               
3   wait_for_poke"
11172.951	0.9542000000001281	states																																	"        state_name
id                
1   nose_in_center"
11173.9052	0.0020000000004074536	states																																	"   state_name
id           
5      go_cue"
11173.9072	4.648400000000038	states																																	"            state_name
id                    
6   wait_for_side_poke"
11178.5556	0.2000000000007276	states																																	"   state_name
id           
0     opt_out"
11178.7556	9.999999929277692e-05	states																																	"    state_name
id            
7   stop_sound"
11179.1872	2.0780999999988126	trials	1.0	2.0	10.0	1.106240999491977	0.0	0.15	True	7905.0	False	False	44243.0	False	Mixed	True	False	0.025	0.0	2.3433875129159385	1.5	9.0													
11179.1872	2.0780999999988126	processed_trials			10.0	1.106240999491977					False				Mixed					2.3433875129159385		9.0	40.0	40.0	False	True	False			20.347301156158494	0.0125	-0.22254257740650463	Left	0.0125	
11179.1872	0.012500000000727596	states																																	"       state_name
id               
3   wait_for_poke"
11179.199700000001	0.06559999999990396	states																																	"        state_name
id                
1   nose_in_center"
11179.265300000001	2.0	states																																	"          state_name
id                  
2   punish_violation"
11181.6991	7.752800000000207	trials	1.0	2.0	10.0	0.9469767625520299	0.0	0.15	True	7905.0	False	False	44244.0	False	Mixed	True	True	0.025	0.0	5.166282813790729	1.5	9.0													
11181.6991	7.752800000000207	processed_trials			10.0	0.9469767625520299					False				Mixed					5.166282813790729		9.0	40.0	40.0	False	True	False			20.347301156158494	5.7337	0.030015730370261128	Right	5.7337	
11181.6991	5.733700000000681	states																																	"       state_name
id               
3   wait_for_poke"
11187.4328	0.019099999999525608	states																																	"        state_name
id                
1   nose_in_center"
11187.4519	2.0	states																																	"          state_name
id                  
2   punish_violation"
11189.8847	2.1612999999997555	trials	1.0	2.0	10.0	1.0645637580165959	0.0	0.15	True	7905.0	False	False	44245.0	False	Mixed	True	True	0.025	0.0	0.6707000758385748	1.5	9.0													
11189.8847	2.1612999999997555	processed_trials			10.0	1.0645637580165959					False				Mixed					0.6707000758385748		9.0	40.0	40.0	True	False	False	0.6707000000000001	0.6707000000000001	20.347301156158494	0.26139999999999997	-0.2115550638069736	Left	0.26139999999999997	
11189.8847	0.2613999999994121	states																																	"       state_name
id               
3   wait_for_poke"
11190.1461	1.0645999999997002	states																																	"        state_name
id                
1   nose_in_center"
11191.2107	0.0020000000004074536	states																																	"   state_name
id           
5      go_cue"
11191.2127	0.6707000000005792	states																																	"            state_name
id                    
6   wait_for_side_poke"
11191.8834	0.052100000000791624	states																																	"         state_name
id                 
4   announce_reward"
11191.935500000001	0.11039999999957217	states																																	"   state_name
id           
8      reward"
11192.045900000001	9.999999929277692e-05	states																																	"    state_name
id            
7   stop_sound"
11192.4772	6.742500000000291	trials	1.0	2.0	10.0	1.1934844323791838	0.0	0.15	True	7915.0	False	False	44246.0	False	Mixed	True	False	0.025	0.0	1.6565979701042446	1.5	9.0													
11192.4772	6.742500000000291	processed_trials			10.0	1.1934844323791838					False				Mixed					1.6565979701042446		9.0	40.0	40.0	False	True	False			20.347301156158494	4.6562	-0.017549741319151064	Left	1.1060000000000003	
11192.4772	4.656199999999444	states																																	"       state_name
id               
3   wait_for_poke"
11197.133399999999	0.08630000000084692	states																																	"        state_name
id                
1   nose_in_center"
11197.2197	2.0	states																																	"          state_name
id                  
2   punish_violation"
11199.7606	2.3765000000003056	trials	1.0	2.0	10.0	0.8060698423018923	0.0	0.15	True	7915.0	False	False	44247.0	False	Mixed	True	True	0.025	0.0	2.8964544394418117	1.5	9.0													
11199.7606	2.3765000000003056	processed_trials			10.0	0.8060698423018923					False				Mixed					2.8964544394418117		9.0	40.0	40.0	False	True	False			20.347301156158494	0.09340000000000001	-0.2189713044044875	Right	0.09340000000000001	
11199.7606	0.0933999999997468	states																																	"       state_name
id               
3   wait_for_poke"
11199.854	0.2831000000005588	states																																	"        state_name
id                
1   nose_in_center"
11200.1371	2.0	states																																	"          state_name
id                  
2   punish_violation"
11202.5698	5.829400000000533	trials	1.0	2.0	10.0	0.8632842274869001	0.0	0.15	True	7915.0	False	False	44248.0	False	Mixed	True	True	0.025	0.0	2.1050536352952545	1.5	9.0													
11202.5698	5.829400000000533	processed_trials			10.0	0.8632842274869001					False				Mixed					2.1050536352952545		9.0	40.0	40.0	True	False	False	2.1051000000000006	2.1051000000000006	20.347301156158494	2.6429	-0.10642543890828665	Right	2.6429	
11202.5698	2.6429000000007363	states																																	"       state_name
id               
3   wait_for_poke"
11205.2127	0.8632999999990716	states																																	"        state_name
id                
1   nose_in_center"
11206.076	0.0020000000004074536	states																																	"   state_name
id           
5      go_cue"
11206.078	2.105100000000675	states																																	"            state_name
id                    
6   wait_for_side_poke"
11208.1831	0.08239999999932479	states																																	"         state_name
id                 
4   announce_reward"
11208.2655	0.13359999999920547	states																																	"   state_name
id           
8      reward"
11208.399099999999	0.00010000000111176632	states																																	"    state_name
id            
7   stop_sound"
11208.8433	4.180099999999584	trials	1.0	2.0	20.0	0.928735839410992	0.0	0.15	True	7925.0	False	False	44249.0	False	Mixed	True	False	0.025	0.0	1.8799467281151505	1.5	9.0													
11208.8433	4.180099999999584	processed_trials			20.0	0.928735839410992					False				Mixed					1.8799467281151505		9.0	40.0	40.0	False	True	False			20.347301156158494	2.0816999999999997	-0.13119921404712484	Left	0.5905999999999998	
11208.8433	2.0817000000006374	states																																	"       state_name
id               
3   wait_for_poke"
11210.925000000001	0.09839999999894644	states																																	"        state_name
id                
1   nose_in_center"
11211.0234	2.0	states																																	"          state_name
id                  
2   punish_violation"
11213.4665	200.04830000000038	trials	1.0	2.0	20.0	1.1586542146714949	0.0	0.15	True	7925.0	False	False	44250.0	False	Mixed	True	True	0.025	0.0	0.7823448873945237	1.5	9.0													
11213.4665	200.04830000000038	processed_trials			20.0	1.1586542146714949					False				Mixed					0.7823448873945237		9.0	40.0	40.0	True	False	False	0.7822999999999922	0.7822999999999922	20.347301156158494	197.8499	8.510848836799452	Left	197.8499	
11213.4665	197.84989999999925	states																																	"       state_name
id               
3   wait_for_poke"
11411.3164	1.1586999999999534	states																																	"        state_name
id                
1   nose_in_center"
11412.4751	0.0020000000004074536	states																																	"   state_name
id           
5      go_cue"
11412.4771	0.7823000000007596	states																																	"            state_name
id                    
6   wait_for_side_poke"
11413.2594	0.07300000000032014	states																																	"         state_name
id                 
4   announce_reward"
11413.332400000001	0.18229999999857682	states																																	"   state_name
id           
8      reward"
11413.5147	0.00010000000111176632	states																																	"    state_name
id            
7   stop_sound"
11413.9871	4.715099999999438	trials	1.0	2.0	5.0	1.1175018114775654	0.0	0.15	True	7945.0	False	False	44251.0	False	Mixed	True	False	0.025	0.0	0.9231698626609839	1.5	9.0													
11413.9871	4.715099999999438	processed_trials			5.0	1.1175018114775654					False				Mixed					0.9231698626609839		9.0	40.0	40.0	False	True	False			20.347301156158494	2.6924	-0.1042402965893763	Right	1.2243000000000002	
11413.9871	2.692399999999907	states																																	"       state_name
id               
3   wait_for_poke"
11416.6795	0.02269999999953143	states																																	"        state_name
id                
1   nose_in_center"
11416.7022	2.0	states																																	"          state_name
id                  
2   punish_violation"
11419.1462	6.3497000000006665	trials	1.0	2.0	5.0	1.108886450503834	0.0	0.15	True	7945.0	False	False	44252.0	False	Mixed	True	True	0.025	0.0	0.6148439917258444	1.5	9.0													
11419.1462	6.3497000000006665	processed_trials			5.0	1.108886450503834					False				Mixed					0.6148439917258444		9.0	40.0	40.0	False	True	False			20.347301156158494	4.2298	-0.036372866264269735	Left	4.2298	
11419.1462	4.229799999999159	states																																	"       state_name
id               
3   wait_for_poke"
11423.375999999998	0.11990000000150758	states																																	"        state_name
id                
1   nose_in_center"
11423.4959	2.0	states																																	"          state_name
id                  
2   punish_violation"
11425.9324	53.92380000000048	trials	1.0	2.0	5.0	1.1501764977833555	0.0	0.15	True	7945.0	False	False	44253.0	False	Mixed	True	True	0.025	0.0	1.4523551031468631	1.5	9.0													
11425.9324	53.92380000000048	processed_trials			5.0	1.1501764977833555					False				Mixed					1.4523551031468631		9.0	40.0	40.0	True	False	False	1.4523999999999901	1.4523999999999901	20.347301156158494	51.1851	2.0364354797383815	Left	51.1851	
11425.9324	51.1851000000006	states																																	"       state_name
id               
3   wait_for_poke"
11477.1175	1.1502000000000407	states																																	"        state_name
id                
1   nose_in_center"
11478.2677	0.0019999999985884642	states																																	"   state_name
id           
5      go_cue"
11478.269699999999	1.4524000000001251	states																																	"            state_name
id                    
6   wait_for_side_poke"
11479.722099999999	0.05940000000009604	states																																	"         state_name
id                 
4   announce_reward"
11479.7815	0.07459999999991851	states																																	"   state_name
id           
8      reward"
11479.856099999999	0.00010000000111176632	states																																	"    state_name
id            
7   stop_sound"
11480.3235	4.737699999999677	trials	1.0	2.0	10.0	1.036614533523955	0.0	0.15	True	7950.0	False	False	44254.0	False	Mixed	True	False	0.025	0.0	0.044502755357145526	1.5	9.0													
11480.3235	4.737699999999677	processed_trials			10.0	1.036614533523955					False				Mixed					0.044502755357145526		9.0	40.0	40.0	False	True	False			20.347301156158494	2.7112	-0.10341038395108308	Right	1.2161999999999997	
11480.3235	2.711199999999735	states																																	"       state_name
id               
3   wait_for_poke"
11483.0347	0.026499999999941792	states																																	"        state_name
id                
1   nose_in_center"
11483.0612	2.0	states																																	"          state_name
id                  
2   punish_violation"
11485.5223	2.3850000000002183	trials	1.0	2.0	10.0	0.9073969509487293	0.0	0.15	True	7950.0	True	False	44255.0	False	Mixed	True	True	0.025	0.0	100.0	1.5	9.0													
11485.5223	2.3850000000002183	processed_trials			10.0	0.9073969509487293					True				Mixed					100.0		9.0	40.0	40.0	False	True	False			20.347301156158494	0.181	-0.21510426466435525	Right	0.181	
11485.5223	0.18100000000049477	states																																	"       state_name
id               
3   wait_for_poke"
11485.703300000001	0.2039999999997235	states																																	"        state_name
id                
1   nose_in_center"
11485.9073	2.0	states																																	"          state_name
id                  
2   punish_violation"
11488.3605	41.269899999999325	trials	1.0	2.0	10.0	1.0497483724307828	0.0	0.15	True	7950.0	False	False	44256.0	False	Mixed	True	True	0.025	0.0	2.9486251245256865	1.5	9.0													
11488.3605	41.269899999999325	processed_trials			10.0	1.0497483724307828					False				Mixed					2.9486251245256865		9.0	40.0	40.0	True	False	False	2.948599999999999	2.948599999999999	20.347301156158494	37.1253	1.415775601447154	Right	37.1253	
11488.3605	37.1252999999997	states																																	"       state_name
id               
3   wait_for_poke"
11525.4858	1.049699999999575	states																																	"        state_name
id                
1   nose_in_center"
11526.5355	0.0020000000004074536	states																																	"   state_name
id           
5      go_cue"
11526.5375	2.948599999999715	states																																	"            state_name
id                    
6   wait_for_side_poke"
11529.4861	0.010600000001431908	states																																	"         state_name
id                 
4   announce_reward"
11529.496700000002	0.13359999999920547	states																																	"   state_name
id           
8      reward"
11529.6303	9.999999929277692e-05	states																																	"    state_name
id            
7   stop_sound"
11530.0771	3.6458000000002357	trials	1.0	2.0	40.0	0.8366197305775324	0.0	0.15	True	7960.0	False	False	44257.0	False	Mixed	True	False	0.025	0.0	8.62924206514564	1.5	9.0													
11530.0771	3.6458000000002357	processed_trials			40.0	0.8366197305775324					False				Mixed					8.62924206514564		9.0	40.0	40.0	False	True	False			20.347301156158494	1.6175	-0.15169099312668413	Left	0.4729000000000001	
11530.0771	1.617500000000291	states																																	"       state_name
id               
3   wait_for_poke"
11531.6946	0.028299999999944703	states																																	"        state_name
id                
1   nose_in_center"
11531.7229	2.0	states																																	"          state_name
id                  
2   punish_violation"
11534.1714	3.0041000000001077	trials	1.0	2.0	40.0	0.9714586175784987	0.0	0.15	True	7960.0	False	False	44258.0	False	Mixed	True	True	0.025	0.0	1.1536898841534626	1.5	9.0													
11534.1714	3.0041000000001077	processed_trials			40.0	0.9714586175784987					False				Mixed					1.1536898841534626		9.0	40.0	40.0	True	False	False	1.1537000000000002	1.1537000000000002	20.347301156158494	0.1603	-0.21601805145226322	Right	0.1603	
11534.1714	0.1602999999995518	states																																	"       state_name
id               
3   wait_for_poke"
11534.331699999999	0.9714999999996508	states																																	"        state_name
id                
1   nose_in_center"
11535.303199999998	0.0020000000004074536	states																																	"   state_name
id           
5      go_cue"
11535.305199999999	1.1537000000007538	states																																	"            state_name
id                    
6   wait_for_side_poke"
11536.4589	0.25859999999920547	states																																	"         state_name
id                 
4   announce_reward"
11536.717499999999	0.45790000000124564	states																																	"   state_name
id           
8      reward"
11537.1754	9.999999929277692e-05	states																																	"    state_name
id            
7   stop_sound"
11537.6232	4.8408999999992375	trials	1.0	2.0	20.0	1.0932486119489158	0.0	0.15	True	8000.0	False	False	44259.0	False	Mixed	True	False	0.025	0.0	2.4526683784917895	1.5	9.0													
11537.6232	4.8408999999992375	processed_trials			20.0	1.0932486119489158					False				Mixed					2.4526683784917895		9.0	40.0	40.0	False	True	False			20.347301156158494	2.7969	-0.09962721836056557	Right	1.4264999999999999	
11537.6232	2.7968999999993684	states																																	"       state_name
id               
3   wait_for_poke"
11540.4201	0.04399999999986903	states																																	"        state_name
id                
1   nose_in_center"
11540.4641	2.0	states																																	"          state_name
id                  
2   punish_violation"
11542.987	19.009600000001228	trials	1.0	2.0	20.0	0.9971403638436056	0.0	0.15	True	8000.0	True	False	44260.0	False	Mixed	True	True	0.025	0.0	100.0	1.5	9.0													
11542.987	19.009600000001228	processed_trials			20.0	0.9971403638436056					True				Mixed					100.0		9.0	40.0	40.0	False	False	True	17.5734	17.5734	20.347301156158494	0.237	-0.21263218446518395	Left	0.237	
11542.987	0.23699999999917054	states																																	"       state_name
id               
3   wait_for_poke"
11543.223999999998	0.9971000000005006	states																																	"        state_name
id                
1   nose_in_center"
11544.221099999999	0.0020000000004074536	states																																	"   state_name
id           
5      go_cue"
11544.2231	17.57339999999931	states																																	"            state_name
id                    
6   wait_for_side_poke"
11561.796499999999	0.2000000000007276	states																																	"   state_name
id           
0     opt_out"
11561.9965	9.999999929277692e-05	states																																	"    state_name
id            
7   stop_sound"
11562.4521	2.368800000000192	trials	1.0	2.0	10.0	0.9011977258714371	0.0	0.15	True	8000.0	False	False	44261.0	False	Mixed	True	False	0.025	0.0	0.43961278792331665	1.5	9.0													
11562.4521	2.368800000000192	processed_trials			10.0	0.9011977258714371					False				Mixed					0.43961278792331665		9.0	40.0	40.0	False	True	False			20.347301156158494	0.3123	-0.20930811948308398	Left	0.3123	
11562.4521	0.31229999999959546	states																																	"       state_name
id               
3   wait_for_poke"
11562.7644	0.05650000000059663	states																																	"        state_name
id                
1   nose_in_center"
11562.8209	2.0	states																																	"          state_name
id                  
2   punish_violation"
11565.295	2.9050999999999476	trials	1.0	2.0	10.0	1.1573109681520457	0.0	0.15	True	8000.0	False	False	44262.0	False	Mixed	True	True	0.025	0.0	0.7635242128394958	1.5	9.0													
11565.295	2.9050999999999476	processed_trials			10.0	1.1573109681520457					False				Mixed					0.7635242128394958		9.0	40.0	40.0	True	False	False	0.7634999999999996	0.7634999999999996	20.347301156158494	0.8224	-0.1867901175259896	Right	0.8224	
11565.295	0.8223999999991065	states																																	"       state_name
id               
3   wait_for_poke"
11566.1174	1.1573000000007596	states																																	"        state_name
id                
1   nose_in_center"
11567.2747	0.0020000000004074536	states																																	"   state_name
id           
5      go_cue"
11567.2767	0.7634999999991123	states																																	"            state_name
id                    
6   wait_for_side_poke"
11568.0402	0.026200000000244472	states																																	"         state_name
id                 
4   announce_reward"
11568.0664	0.13360000000102445	states																																	"   state_name
id           
8      reward"
11568.2	9.999999929277692e-05	states																																	"    state_name
id            
7   stop_sound"
11568.6819	4.459500000000844	trials	1.0	2.0	10.0	1.1141004606757474	0.0	0.15	True	8010.0	False	False	44263.0	False	Mixed	True	False	0.025	0.0	1.0020279694132328	1.5	9.0													
11568.6819	4.459500000000844	processed_trials			10.0	1.1141004606757474					False				Mixed					1.0020279694132328		9.0	40.0	40.0	True	False	False	1.0019999999999993	1.0019999999999993	20.347301156158494	2.1268000000000002	-0.1292083066010065	Left	0.8678000000000003	
11568.6819	2.126800000000003	states																																	"       state_name
id               
3   wait_for_poke"
11570.8087	1.1141000000006898	states																																	"        state_name
id                
1   nose_in_center"
11571.9228	0.0019999999985884642	states																																	"   state_name
id           
5      go_cue"
11571.924799999999	1.0020000000004075	states																																	"            state_name
id                    
6   wait_for_side_poke"
11572.9268	0.10410000000047148	states																																	"         state_name
id                 
4   announce_reward"
11573.0309	0.11039999999957217	states																																	"   state_name
id           
8      reward"
11573.1413	0.00010000000111176632	states																																	"    state_name
id            
7   stop_sound"
11573.6092	4.626800000000003	trials	1.0	2.0	10.0	1.1307665833467029	0.0	0.15	True	8020.0	False	False	44264.0	False	Mixed	True	False	0.025	0.0	0.8343373865676882	1.5	9.0													
11573.6092	4.626800000000003	processed_trials			10.0	1.1307665833467029					False				Mixed					0.8343373865676882		9.0	40.0	40.0	False	True	False			20.347301156158494	2.5761	-0.10937427743158387	Right	1.2893	
11573.6092	2.576100000000224	states																																	"       state_name
id               
3   wait_for_poke"
11576.185300000001	0.05069999999977881	states																																	"        state_name
id                
1   nose_in_center"
11576.236	2.0	states																																	"          state_name
id                  
2   punish_violation"
11578.7113	2.084899999999834	trials	1.0	2.0	10.0	0.9970473383438427	0.0	0.15	True	8020.0	False	False	44265.0	False	Mixed	True	True	0.025	0.0	3.2633064986667106	1.5	9.0													
11578.7113	2.084899999999834	processed_trials			10.0	0.9970473383438427					False				Mixed					3.2633064986667106		9.0	40.0	40.0	False	True	False			20.347301156158494	0.0265	-0.2219245573567118	Left	0.0265	
11578.7113	0.026499999999941792	states																																	"       state_name
id               
3   wait_for_poke"
11578.7378	0.058399999999892316	states																																	"        state_name
id                
1   nose_in_center"
11578.7962	2.0	states																																	"          state_name
id                  
2   punish_violation"
11581.2975	2.0643999999992957	trials	1.0	2.0	10.0	0.9971060005603911	0.0	0.15	True	8020.0	False	False	44266.0	False	Mixed	True	True	0.025	0.0	1.840966068104245	1.5	9.0													
11581.2975	2.0643999999992957	processed_trials			10.0	0.9971060005603911					False				Mixed					1.840966068104245		9.0	40.0	40.0	False	True	False			20.347301156158494	0.0511	-0.22083860784064727	Right	0.0511	
11581.2975	0.0511000000005879	states																																	"       state_name
id               
3   wait_for_poke"
11581.348600000001	0.01329999999870779	states																																	"        state_name
id                
1   nose_in_center"
11581.3619	2.0	states																																	"          state_name
id                  
2   punish_violation"
11583.8249	5.175699999999779	trials	1.0	2.0	10.0	0.8699324940447621	0.0	0.15	True	8020.0	True	False	44267.0	False	Mixed	True	True	0.025	0.0	100.0	1.5	9.0													
11583.8249	5.175699999999779	processed_trials			10.0	0.8699324940447621					True				Mixed					100.0		9.0	40.0	40.0	False	True	False			20.347301156158494	3.0756	-0.08732420494076121	Left	3.0756	
11583.8249	3.0756000000001222	states																																	"       state_name
id               
3   wait_for_poke"
11586.9005	0.10009999999965657	states																																	"        state_name
id                
1   nose_in_center"
11587.0006	2.0	states																																	"          state_name
id                  
2   punish_violation"
11589.4773	3.816999999999098	trials	1.0	2.0	10.0	1.064930771359218	0.0	0.15	True	8020.0	False	False	44268.0	False	Mixed	True	True	0.025	0.0	0.06484418814523107	1.5	9.0													
11589.4773	3.816999999999098	processed_trials			10.0	1.064930771359218					False				Mixed					0.06484418814523107		9.0	40.0	40.0	True	False	False	0.06479999999999997	0.06479999999999997	20.347301156158494	2.0636	-0.1319982256829284	Left	2.0636	
11589.4773	2.0635999999994965	states																																	"       state_name
id               
3   wait_for_poke"
11591.5409	1.0649000000012165	states																																	"        state_name
id                
1   nose_in_center"
11592.605800000001	0.0019999999985884642	states																																	"   state_name
id           
5      go_cue"
11592.6078	0.06480000000010477	states																																	"            state_name
id                    
6   wait_for_side_poke"
11592.6726	0.5112000000008265	states																																	"         state_name
id                 
4   announce_reward"
11593.1838	0.11039999999957217	states																																	"   state_name
id           
8      reward"
11593.2942	9.999999929277692e-05	states																																	"    state_name
id            
7   stop_sound"
11593.7738	5.8386999999984255	trials	1.0	2.0	20.0	1.12545361494048	0.0	0.15	True	8030.0	False	False	44269.0	False	Mixed	True	False	0.025	0.0	4.247500814753208	1.5	9.0													
11593.7738	5.8386999999984255	processed_trials			20.0	1.12545361494048					False				Mixed					4.247500814753208		9.0	40.0	40.0	False	True	False			20.347301156158494	3.6081999999999996	-0.06381295647507126	Right	1.0792999999999995	
11593.7738	3.608200000000579	states																																	"       state_name
id               
3   wait_for_poke"
11597.382000000001	0.2304999999996653	states																																	"        state_name
id                
1   nose_in_center"
11597.612500000001	2.0	states																																	"          state_name
id                  
2   punish_violation"
11600.1033	3.2211999999999534	trials	1.0	2.0	20.0	0.9928925710327867	0.0	0.15	True	8030.0	False	False	44270.0	False	Mixed	True	True	0.025	0.0	2.5040440724999202	1.5	9.0													
11600.1033	3.2211999999999534	processed_trials			20.0	0.9928925710327867					False				Mixed					2.5040440724999202		9.0	40.0	40.0	False	True	False			20.347301156158494	0.8315	-0.18638840449362426	Left	0.8315	
11600.1033	0.8315000000002328	states																																	"       state_name
id               
3   wait_for_poke"
11600.9348	0.3896999999997206	states																																	"        state_name
id                
1   nose_in_center"
11601.3245	2.0	states																																	"          state_name
id                  
2   punish_violation"
11603.7734	6.95470000000023	trials	1.0	2.0	20.0	1.122561649448258	0.0	0.15	True	8030.0	False	False	44271.0	False	Mixed	True	True	0.025	0.0	2.5000190031974623	1.5	9.0													
11603.7734	6.95470000000023	processed_trials			20.0	1.122561649448258					False				Mixed					2.5000190031974623		9.0	40.0	40.0	True	False	False	2.5	2.5	20.347301156158494	3.0855	-0.08688717647697915	Right	3.0855	
11603.7734	3.0854999999992287	states																																	"       state_name
id               
3   wait_for_poke"
11606.8589	1.1226000000006024	states																																	"        state_name
id                
1   nose_in_center"
11607.9815	0.0020000000004074536	states																																	"   state_name
id           
5      go_cue"
11607.9835	2.5	states																																	"            state_name
id                    
6   wait_for_side_poke"
11610.4835	0.004899999999906868	states																																	"         state_name
id                 
4   announce_reward"
11610.4884	0.23959999999897263	states																																	"   state_name
id           
8      reward"
11610.728	0.00010000000111176632	states																																	"    state_name
id            
7   stop_sound"
11611.1908	4.083800000000338	trials	1.0	2.0	40.0	1.1225616	0.0	0.15	True	8050.0	False	False	44272.0	False	Mixed	True	False	0.025	0.0	1.718866651451198	1.5	9.0													
11611.1908	4.083800000000338	processed_trials			40.0	1.1225616					False				Mixed					1.718866651451198		9.0	40.0	40.0	False	True	False			20.347301156158494	2.0134000000000003	-0.1342142690043284	Left	0.9592000000000003	
11611.1908	2.0133999999998196	states																																	"       state_name
id               
3   wait_for_poke"
11613.2042	0.07040000000051805	states																																	"        state_name
id                
1   nose_in_center"
11613.2746	2.0	states																																	"          state_name
id                  
2   punish_violation"
11615.7313	2.628600000000006	trials	1.0	2.0	40.0	0.8625800855739503	0.0	0.15	True	8050.0	False	False	44273.0	False	Mixed	True	True	0.025	0.0	1.0052293530340863	1.5	9.0													
11615.7313	2.628600000000006	processed_trials			40.0	0.8625800855739503					False				Mixed					1.0052293530340863		9.0	40.0	40.0	True	False	False	1.0051999999999999	1.0051999999999999	20.347301156158494	0.3534	-0.20749378919404932	Left	0.3534	
11615.7313	0.3533999999999651	states																																	"       state_name
id               
3   wait_for_poke"
11616.0847	0.8626000000003842	states																																	"        state_name
id                
1   nose_in_center"
11616.9473	0.0020000000004074536	states																																	"   state_name
id           
5      go_cue"
11616.9493	1.0051999999996042	states																																	"            state_name
id                    
6   wait_for_side_poke"
11617.9545	0.07799999999951979	states																																	"         state_name
id                 
4   announce_reward"
11618.0325	0.32730000000083237	states																																	"   state_name
id           
8      reward"
11618.3598	9.999999929277692e-05	states																																	"    state_name
id            
7   stop_sound"
11618.8364	5.674800000000687	trials	1.0	2.0	20.0	0.8957269694286948	0.0	0.15	True	8090.0	False	False	44274.0	False	Mixed	True	False	0.025	0.0	2.3251506936825628	1.5	9.0													
11618.8364	5.674800000000687	processed_trials			20.0	0.8957269694286948					False				Mixed					2.3251506936825628		9.0	40.0	40.0	False	True	False			20.347301156158494	3.6433	-0.06226349192166209	Right	1.7666	
11618.8364	3.6432999999997264	states																																	"       state_name
id               
3   wait_for_poke"
11622.4797	0.031500000000960426	states																																	"        state_name
id                
1   nose_in_center"
11622.5112	2.0	states																																	"          state_name
id                  
2   punish_violation"
11624.9816	2.551500000001397	trials	1.0	2.0	20.0	0.9275880574360327	0.0	0.15	True	8090.0	False	False	44275.0	False	Mixed	True	True	0.025	0.0	1.1511164262030016	1.5	9.0													
11624.9816	2.551500000001397	processed_trials			20.0	0.9275880574360327					False				Mixed					1.1511164262030016		9.0	40.0	40.0	True	False	False	1.1511000000000002	1.1511000000000002	20.347301156158494	0.1141	-0.21805751761657957	Right	0.1141	
11624.9816	0.11410000000068976	states																																	"       state_name
id               
3   wait_for_poke"
11625.0957	0.9275999999990745	states																																	"        state_name
id                
1   nose_in_center"
11626.023299999999	0.0020000000004074536	states																																	"   state_name
id           
5      go_cue"
11626.0253	1.1510999999991327	states																																	"            state_name
id                    
6   wait_for_side_poke"
11627.176399999998	0.11700000000018917	states																																	"         state_name
id                 
4   announce_reward"
11627.293399999999	0.23960000000079162	states																																	"   state_name
id           
8      reward"
11627.533	9.999999929277692e-05	states																																	"    state_name
id            
7   stop_sound"
11627.99	4.33389999999963	trials	1.0	2.0	10.0	0.8728029718144906	0.0	0.15	True	8110.0	False	False	44276.0	False	Mixed	True	False	0.025	0.0	2.2276702026012947	1.5	9.0													
11627.99	4.33389999999963	processed_trials			10.0	0.8728029718144906					False				Mixed					2.2276702026012947		9.0	40.0	40.0	False	True	False			20.347301156158494	2.2683	-0.12296188966917186	Right	0.766	
11627.99	2.2682999999997264	states																																	"       state_name
id               
3   wait_for_poke"
11630.2583	0.06559999999990396	states																																	"        state_name
id                
1   nose_in_center"
11630.3239	2.0	states																																	"          state_name
id                  
2   punish_violation"
11632.7791	4.31630000000041	trials	1.0	2.0	10.0	0.8669177124135796	0.0	0.15	True	8110.0	False	False	44277.0	False	Mixed	True	True	0.025	0.0	2.7727180610406106	1.5	9.0													
11632.7791	4.31630000000041	processed_trials			10.0	0.8669177124135796					False				Mixed					2.7727180610406106		9.0	40.0	40.0	True	False	False	2.7727	2.7727	20.347301156158494	0.4732	-0.20220530333939352	Right	0.4732	
11632.7791	0.4732000000003609	states																																	"       state_name
id               
3   wait_for_poke"
11633.2523	0.8668999999990774	states																																	"        state_name
id                
1   nose_in_center"
11634.1192	0.0020000000004074536	states																																	"   state_name
id           
5      go_cue"
11634.1212	2.7726999999995314	states																																	"            state_name
id                    
6   wait_for_side_poke"
11636.8939	0.06780000000071595	states																																	"         state_name
id                 
4   announce_reward"
11636.9617	0.13359999999920547	states																																	"   state_name
id           
8      reward"
11637.095299999999	0.00010000000111176632	states																																	"    state_name
id            
7   stop_sound"
11637.5615	3.381999999999607	trials	1.0	2.0	20.0	1.1389314676347637	0.0	0.15	True	8120.0	False	False	44278.0	False	High	True	False	0.025	0.0	2.7727181	1.5	9.0													
11637.5615	3.381999999999607	processed_trials			20.0	1.1389314676347637					False				High					2.7727181		9.0	40.0	40.0	False	True	False			20.347301156158494	1.3322	-0.16428535885567652	Left	1.014	
11637.5615	1.3322000000007392	states																																	"       state_name
id               
3   wait_for_poke"
11638.8937	0.04979999999886786	states																																	"        state_name
id                
1   nose_in_center"
11638.9435	2.0	states																																	"          state_name
id                  
2   punish_violation"
11641.4234	2.058500000001004	trials	1.0	2.0	20.0	1.0702623704066105	0.0	0.15	True	8120.0	False	False	44279.0	False	High	True	True	0.025	0.0	0.6888097472882879	1.5	9.0													
11641.4234	2.058500000001004	processed_trials			20.0	1.0702623704066105					False				High					0.6888097472882879		9.0	40.0	40.0	False	True	False			20.347301156158494	0.042	-0.22124032087301262	Left	0.042	
11641.4234	0.04199999999946158	states																																	"       state_name
id               
3   wait_for_poke"
11641.4654	0.016499999999723514	states																																	"        state_name
id                
1   nose_in_center"
11641.481899999999	2.0	states																																	"          state_name
id                  
2   punish_violation"
11643.9383	2.3518999999996595	trials	1.0	2.0	20.0	1.0702624	0.0	0.15	True	8120.0	False	False	44280.0	False	High	True	True	0.025	0.0	0.9420392142782031	1.5	9.0													
11643.9383	2.3518999999996595	processed_trials			20.0	1.0702624					False				High					0.9420392142782031		9.0	40.0	40.0	True	False	False	0.942	0.942	20.347301156158494	0.1454	-0.21667580136239986	Left	0.1454	
11643.9383	0.14539999999942665	states																																	"       state_name
id               
3   wait_for_poke"
11644.0837	1.0703000000012253	states																																	"        state_name
id                
1   nose_in_center"
11645.154	0.0019999999985884642	states																																	"   state_name
id           
5      go_cue"
11645.155999999999	0.9420000000009168	states																																	"            state_name
id                    
6   wait_for_side_poke"
11646.098	0.009799999999813735	states																																	"         state_name
id                 
4   announce_reward"
11646.1078	0.1823000000003958	states																																	"   state_name
id           
8      reward"
11646.2901	9.999999929277692e-05	states																																	"    state_name
id            
7   stop_sound"
11646.7527	5.137000000000626	trials	1.0	2.0	80.0	0.9383393964409407	0.0	0.15	True	8140.0	False	False	44281.0	False	High	True	False	0.025	0.0	1.1389774703619167	1.5	9.0													
11646.7527	5.137000000000626	processed_trials			80.0	0.9383393964409407					False				High					1.1389774703619167		9.0	40.0	40.0	False	True	False			20.347301156158494	3.1098000000000003	-0.08581447024769587	Right	0.4781000000000004	
11646.7527	3.1098000000001775	states																																	"       state_name
id               
3   wait_for_poke"
11649.8625	0.0272000000004482	states																																	"        state_name
id                
1   nose_in_center"
11649.8897	2.0	states																																	"          state_name
id                  
2   punish_violation"
11652.3639	8.646899999999732	trials	1.0	2.0	80.0	1.1269737749973312	0.0	0.15	True	8140.0	False	False	44282.0	False	High	True	True	0.025	0.0	6.316279163379839	1.5	9.0													
11652.3639	8.646899999999732	processed_trials			80.0	1.1269737749973312					False				High					6.316279163379839		9.0	40.0	40.0	True	False	False	6.316300000000001	6.316300000000001	20.347301156158494	0.136	-0.21709075768154648	Right	0.136	
11652.3639	0.136000000000422	states																																	"       state_name
id               
3   wait_for_poke"
11652.4999	1.1270000000004075	states																																	"        state_name
id                
1   nose_in_center"
11653.626900000001	0.0019999999985884642	states																																	"   state_name
id           
5      go_cue"
11653.6289	6.31630000000041	states																																	"            state_name
id                    
6   wait_for_side_poke"
11659.9452	0.14539999999942665	states																																	"         state_name
id                 
4   announce_reward"
11660.0906	0.9201000000011845	states																																	"   state_name
id           
8      reward"
11661.0107	9.999999929277692e-05	states																																	"    state_name
id            
7   stop_sound"
11661.4925	9.442300000000614	trials	1.0	2.0	80.0	0.8380097759763995	0.0	0.15	True	8220.0	True	False	44283.0	False	High	True	False	0.025	0.0	6.3162792	1.5	9.0													
11661.4925	9.442300000000614	processed_trials			80.0	0.8380097759763995					False				High					6.3162792		9.0	40.0	40.0	False	False	False	6.3163	6.3163	20.347301156158494	2.286	-0.12218053574907664	Left	1.2945	
11661.4925	2.286000000000058	states																																	"       state_name
id               
3   wait_for_poke"
11663.7785	0.8379999999997381	states																																	"        state_name
id                
1   nose_in_center"
11664.6165	0.0020000000004074536	states																																	"   state_name
id           
5      go_cue"
11664.6185	6.31630000000041	states																																	"            state_name
id                    
6   wait_for_side_poke"
11671.4124	9.819500000001426	trials	1.0	2.0	80.0	0.899620665623264	0.0	0.15	True	8220.0	True	False	44284.0	False	High	True	False	0.025	0.0	100.0	1.5	9.0													
11671.4124	9.819500000001426	processed_trials			80.0	0.899620665623264					True				High					100.0		9.0	40.0	40.0	False	True	False			20.347301156158494	7.7643	0.1196551241637836	Right	7.7643	
11671.4124	7.7643000000007305	states																																	"       state_name
id               
3   wait_for_poke"
11679.1767	0.05519999999887659	states																																	"        state_name
id                
1   nose_in_center"
11679.231899999999	2.0	states																																	"          state_name
id                  
2   punish_violation"
11681.7017	3.089400000000751	trials	1.0	2.0	80.0	1.1984601249635694	0.0	0.15	True	8220.0	False	False	44285.0	False	High	True	True	0.025	0.0	0.27027243562635084	1.5	9.0													
11681.7017	3.089400000000751	processed_trials			80.0	1.1984601249635694					False				High					0.27027243562635084		9.0	40.0	40.0	True	False	False	0.2703	0.2703	20.347301156158494	0.0879	-0.21921409799547753	Right	0.0879	
11681.7017	0.08790000000044529	states																																	"       state_name
id               
3   wait_for_poke"
11681.7896	1.198500000000422	states																																	"        state_name
id                
1   nose_in_center"
11682.9881	0.0019999999985884642	states																																	"   state_name
id           
5      go_cue"
11682.990099999999	0.2703000000001339	states																																	"            state_name
id                    
6   wait_for_side_poke"
11683.2604	0.6105000000006839	states																																	"         state_name
id                 
4   announce_reward"
11683.8709	0.9200999999993655	states																																	"   state_name
id           
8      reward"
11684.791	0.00010000000111176632	states																																	"    state_name
id            
7   stop_sound"
11685.2765	12.752399999999398	trials	1.0	2.0	80.0	0.8910360837888279	0.0	0.15	True	8300.0	False	False	44286.0	False	High	True	False	0.025	0.0	8.555817083223154	1.5	9.0													
11685.2765	12.752399999999398	processed_trials			80.0	0.8910360837888279					False				High					8.555817083223154		9.0	40.0	40.0	True	False	False	8.555800000000001	8.555800000000001	20.347301156158494	2.2024	-0.12587099833212526	Right	1.2031999999999998	
11685.2765	2.202400000000125	states																																	"       state_name
id               
3   wait_for_poke"
11687.4789	0.8909999999996217	states																																	"        state_name
id                
1   nose_in_center"
11688.3699	0.0020000000004074536	states																																	"   state_name
id           
5      go_cue"
11688.3719	8.55580000000009	states																																	"            state_name
id                    
6   wait_for_side_poke"
11696.9277	0.18100000000049477	states																																	"         state_name
id                 
4   announce_reward"
11697.1087	0.9200999999993655	states																																	"   state_name
id           
8      reward"
11698.0288	9.999999929277692e-05	states																																	"    state_name
id            
7   stop_sound"
11698.5058	10.521600000000035	trials	1.0	2.0	40.0	1.1805604882762457	0.0	0.15	True	8380.0	False	False	44287.0	False	High	True	False	0.025	0.0	6.361792169026983	1.5	9.0													
11698.5058	10.521600000000035	processed_trials			40.0	1.1805604882762457					False				High					6.361792169026983		9.0	40.0	40.0	True	False	False	6.3618	6.3618	20.347301156158494	2.3811	-0.11798241383941252	Right	1.3659	
11698.5058	2.381100000000515	states																																	"       state_name
id               
3   wait_for_poke"
11700.886900000001	1.1805999999996857	states																																	"        state_name
id                
1   nose_in_center"
11702.067500000001	0.0020000000004074536	states																																	"   state_name
id           
5      go_cue"
11702.069500000001	6.361799999998766	states																																	"            state_name
id                    
6   wait_for_side_poke"
11708.4313	0.13810000000012224	states																																	"         state_name
id                 
4   announce_reward"
11708.5694	0.45790000000124564	states																																	"   state_name
id           
8      reward"
11709.027300000002	9.999999929277692e-05	states																																	"    state_name
id            
7   stop_sound"
11709.4993	12.70010000000002	trials	1.0	2.0	80.0	0.846476756346691	0.0	0.15	True	8420.0	True	False	44288.0	False	High	True	False	0.025	0.0	100.0	1.5	9.0													
11709.4993	12.70010000000002	processed_trials			80.0	0.846476756346691					True				High					100.0		9.0	40.0	40.0	False	False	True	9.1888	9.1888	20.347301156158494	2.4627	-0.11438023983490576	Right	0.9749999999999999	
11709.4993	2.4627000000000407	states																																	"       state_name
id               
3   wait_for_poke"
11711.962	0.8464999999996508	states																																	"        state_name
id                
1   nose_in_center"
11712.8085	0.0020000000004074536	states																																	"   state_name
id           
5      go_cue"
11712.8105	9.188799999999901	states																																	"            state_name
id                    
6   wait_for_side_poke"
11721.9993	0.2000000000007276	states																																	"   state_name
id           
0     opt_out"
11722.1993	9.999999929277692e-05	states																																	"    state_name
id            
7   stop_sound"
11722.6755	3.1640000000006694	trials	1.0	2.0	20.0	1.1264810691141682	0.0	0.15	True	8420.0	False	False	44289.0	False	High	True	False	0.025	0.0	0.6256063074208635	1.5	9.0													
11722.6755	3.1640000000006694	processed_trials			20.0	1.1264810691141682					False				High					0.6256063074208635		9.0	40.0	40.0	False	True	False			20.347301156158494	0.8463999999999999	-0.18573065458348761	Right	0.8463999999999999	
11722.6755	0.846400000000358	states																																	"       state_name
id               
3   wait_for_poke"
11723.5219	0.3176000000003114	states																																	"        state_name
id                
1   nose_in_center"
11723.8395	2.0	states																																	"          state_name
id                  
2   punish_violation"
11726.3291	2.284299999999348	trials	1.0	2.0	20.0	0.8454465144782648	0.0	0.15	True	8420.0	True	False	44290.0	False	High	True	True	0.025	0.0	100.0	1.5	9.0													
11726.3291	2.284299999999348	processed_trials			20.0	0.8454465144782648					True				High					100.0		9.0	40.0	40.0	False	True	False			20.347301156158494	0.14759999999999998	-0.21657868392600385	Left	0.14759999999999998	
11726.3291	0.14760000000023865	states																																	"       state_name
id               
3   wait_for_poke"
11726.476700000001	0.13669999999910942	states																																	"        state_name
id                
1   nose_in_center"
11726.6134	2.0	states																																	"          state_name
id                  
2   punish_violation"
11729.0993	2.340700000000652	trials	1.0	2.0	20.0	0.8943300805028218	0.0	0.15	True	8420.0	False	False	44291.0	False	High	True	True	0.025	0.0	0.11125898354029629	1.5	9.0													
11729.0993	2.340700000000652	processed_trials			20.0	0.8943300805028218					False				High					0.11125898354029629		9.0	40.0	40.0	False	True	False			20.347301156158494	0.22490000000000002	-0.21316633036536203	Left	0.22490000000000002	
11729.0993	0.22489999999925203	states																																	"       state_name
id               
3   wait_for_poke"
11729.3242	0.1158000000013999	states																																	"        state_name
id                
1   nose_in_center"
11729.44	2.0	states																																	"          state_name
id                  
2   punish_violation"
11731.9275	5.971199999999953	trials	1.0	2.0	20.0	1.0075097418720151	0.0	0.15	True	8420.0	False	False	44292.0	False	High	True	True	0.025	0.0	4.516772837772082	1.5	9.0													
11731.9275	5.971199999999953	processed_trials			20.0	1.0075097418720151					False				High					4.516772837772082		9.0	40.0	40.0	True	False	False	4.5168	4.5168	20.347301156158494	0.1635	-0.2158767897265963	Right	0.1635	
11731.9275	0.16350000000056752	states																																	"       state_name
id               
3   wait_for_poke"
11732.091	1.007499999999709	states																																	"        state_name
id                
1   nose_in_center"
11733.0985	0.0020000000004074536	states																																	"   state_name
id           
5      go_cue"
11733.1005	4.516799999999421	states																																	"            state_name
id                    
6   wait_for_side_poke"
11737.6173	0.04169999999976426	states																																	"         state_name
id                 
4   announce_reward"
11737.659	0.23960000000079162	states																																	"   state_name
id           
8      reward"
11737.8986	9.999999929277692e-05	states																																	"    state_name
id            
7   stop_sound"
11738.42	7.59230000000025	trials	1.0	2.0	40.0	1.1933401267045256	0.0	0.15	True	8440.0	False	False	44293.0	False	High	True	False	0.025	0.0	4.134236762262052	1.5	9.0													
11738.42	7.59230000000025	processed_trials			40.0	1.1933401267045256					False				High					4.134236762262052		9.0	40.0	40.0	True	False	False	4.1342	4.1342	20.347301156158494	1.5275	-0.15566397916106658	Right	0.7125000000000001	
11738.42	1.5275000000001455	states																																	"       state_name
id               
3   wait_for_poke"
11739.9475	1.1932999999989988	states																																	"        state_name
id                
1   nose_in_center"
11741.1408	0.0020000000004074536	states																																	"   state_name
id           
5      go_cue"
11741.1428	4.134200000000419	states																																	"            state_name
id                    
6   wait_for_side_poke"
11745.277	0.277299999999741	states																																	"         state_name
id                 
4   announce_reward"
11745.5543	0.45789999999942665	states																																	"   state_name
id           
8      reward"
11746.0122	0.00010000000111176632	states																																	"    state_name
id            
7   stop_sound"
11746.4883	6.250499999998283	trials	1.0	2.0	40.0	1.1933401	0.0	0.15	True	8480.0	False	False	44294.0	False	High	True	False	0.025	0.0	2.6122381334234412	1.5	9.0													
11746.4883	6.250499999998283	processed_trials			40.0	1.1933401					False				High					2.6122381334234412		9.0	40.0	40.0	True	False	False	2.6122	2.6122	20.347301156158494	1.9181	-0.1384212197718467	Right	1.0552	
11746.4883	1.918100000000777	states																																	"       state_name
id               
3   wait_for_poke"
11748.406400000002	1.1932999999989988	states																																	"        state_name
id                
1   nose_in_center"
11749.5997	0.0020000000004074536	states																																	"   state_name
id           
5      go_cue"
11749.601700000001	2.612199999999575	states																																	"            state_name
id                    
6   wait_for_side_poke"
11752.2139	0.066899999999805	states																																	"         state_name
id                 
4   announce_reward"
11752.2808	0.45790000000124564	states																																	"   state_name
id           
8      reward"
11752.738700000002	9.999999929277692e-05	states																																	"    state_name
id            
7   stop_sound"
11753.2904	4.500299999999697	trials	1.0	2.0	40.0	0.8392022946018851	0.0	0.15	True	8520.0	False	False	44295.0	False	High	True	False	0.025	0.0	1.1838229497061359	1.5	9.0													
11753.2904	4.500299999999697	processed_trials			40.0	0.8392022946018851					False				High					1.1838229497061359		9.0	40.0	40.0	True	False	False	1.1838000000000002	1.1838000000000002	20.347301156158494	2.1308000000000002	-0.12903172944392283	Left	1.1282000000000003	
11753.2904	2.130800000000818	states																																	"       state_name
id               
3   wait_for_poke"
11755.4212	0.8391999999985273	states																																	"        state_name
id                
1   nose_in_center"
11756.2604	0.0020000000004074536	states																																	"   state_name
id           
5      go_cue"
11756.2624	1.1838000000007014	states																																	"            state_name
id                    
6   wait_for_side_poke"
11757.4462	0.017099999999118154	states																																	"         state_name
id                 
4   announce_reward"
11757.4633	0.32730000000083237	states																																	"   state_name
id           
8      reward"
11757.7906	9.999999929277692e-05	states																																	"    state_name
id            
7   stop_sound"
11758.2694	4.681000000000495	trials	1.0	2.0	40.0	1.152423092736695	0.0	0.15	True	8560.0	False	False	44296.0	False	High	True	False	0.025	0.0	1.1838229	1.5	9.0													
11758.2694	4.681000000000495	processed_trials			40.0	1.152423092736695					False				High					1.1838229		9.0	40.0	40.0	False	True	False			20.347301156158494	2.1791	-0.12689956027213758	Left	0.8209	
11758.2694	2.17909999999938	states																																	"       state_name
id               
3   wait_for_poke"
11760.448499999999	0.5019000000011147	states																																	"        state_name
id                
1   nose_in_center"
11760.9504	2.0	states																																	"          state_name
id                  
2   punish_violation"
11763.4519	13.259700000000521	trials	1.0	2.0	40.0	0.9846937465701441	0.0	0.15	True	8560.0	True	False	44297.0	False	High	True	True	0.025	0.0	100.0	1.5	9.0													
11763.4519	13.259700000000521	processed_trials			40.0	0.9846937465701441					True				High					100.0		9.0	40.0	40.0	False	False	True	11.9866	11.9866	20.347301156158494	0.0863	-0.21928472885831105	Left	0.0863	
11763.4519	0.08630000000084692	states																																	"       state_name
id               
3   wait_for_poke"
11763.5382	0.9846999999990658	states																																	"        state_name
id                
1   nose_in_center"
11764.5229	0.0020000000004074536	states																																	"   state_name
id           
5      go_cue"
11764.5249	11.98660000000018	states																																	"            state_name
id                    
6   wait_for_side_poke"
11776.5115	0.1999999999989086	states																																	"   state_name
id           
0     opt_out"
11776.7115	0.00010000000111176632	states																																	"    state_name
id            
7   stop_sound"
11777.2337	2.3874999999989086	trials	1.0	2.0	40.0	0.9530377532704806	0.0	0.15	True	8560.0	False	False	44298.0	False	High	True	False	0.025	0.0	0.9140549072973835	1.5	9.0													
11777.2337	2.3874999999989086	processed_trials			40.0	0.9530377532704806					False				High					0.9140549072973835		9.0	40.0	40.0	True	False	False	0.9140999999999997	0.9140999999999997	20.347301156158494	0.1689	-0.21563841056453334	Left	0.1689	
11777.2337	0.16890000000057626	states																																	"       state_name
id               
3   wait_for_poke"
11777.402600000001	0.9529999999995198	states																																	"        state_name
id                
1   nose_in_center"
11778.3556	0.0020000000004074536	states																																	"   state_name
id           
5      go_cue"
11778.357600000001	0.9140999999999622	states																																	"            state_name
id                    
6   wait_for_side_poke"
11779.271700000001	0.022100000000136788	states																																	"         state_name
id                 
4   announce_reward"
11779.293800000001	0.3272999999990134	states																																	"   state_name
id           
8      reward"
11779.6211	0.00010000000111176632	states																																	"    state_name
id            
7   stop_sound"
11780.1995	4.860399999999572	trials	1.0	2.0	40.0	0.8073328831101523	0.0	0.15	True	8600.0	False	False	44299.0	False	High	True	False	0.025	0.0	0.4312172943804461	1.5	9.0													
11780.1995	4.860399999999572	processed_trials			40.0	0.8073328831101523					False				High					0.4312172943804461		9.0	40.0	40.0	True	False	False	0.4312	0.4312	20.347301156158494	3.1311	-0.08487419688622537	Left	1.0677999999999996	
11780.1995	3.131100000000515	states																																	"       state_name
id               
3   wait_for_poke"
11783.330600000001	0.8072999999985768	states																																	"        state_name
id                
1   nose_in_center"
11784.1379	0.0020000000004074536	states																																	"   state_name
id           
5      go_cue"
11784.1399	0.4312000000008993	states																																	"            state_name
id                    
6   wait_for_side_poke"
11784.571100000001	0.1613999999990483	states																																	"         state_name
id                 
4   announce_reward"
11784.7325	0.32730000000083237	states																																	"   state_name
id           
8      reward"
11785.0598	9.999999929277692e-05	states																																	"    state_name
id            
7   stop_sound"
11785.5672	6.039500000000771	trials	1.0	2.0	80.0	1.0465580576988163	0.0	0.15	True	8640.0	False	False	44300.0	False	High	True	False	0.025	0.0	1.6375977102700292	1.5	9.0													
11785.5672	6.039500000000771	processed_trials			80.0	1.0465580576988163					False				High					1.6375977102700292		9.0	40.0	40.0	True	False	False	1.6376000000000004	1.6376000000000004	20.347301156158494	2.4238000000000004	-0.11609745268754437	Right	1.5560000000000005	
11785.5672	2.423800000000483	states																																	"       state_name
id               
3   wait_for_poke"
11787.991	1.0465999999996711	states																																	"        state_name
id                
1   nose_in_center"
11789.0376	0.0020000000004074536	states																																	"   state_name
id           
5      go_cue"
11789.0396	1.6376000000000204	states																																	"            state_name
id                    
6   wait_for_side_poke"
11790.6772	0.009299999999711872	states																																	"         state_name
id                 
4   announce_reward"
11790.6865	0.9200999999993655	states																																	"   state_name
id           
8      reward"
11791.6066	0.00010000000111176632	states																																	"    state_name
id            
7   stop_sound"
11792.0868	3.6978000000017346	trials	1.0	2.0	20.0	1.0465581	0.0	0.15	True	8720.0	False	False	44301.0	False	High	True	False	0.025	0.0	0.4074643324530639	1.5	9.0													
11792.0868	3.6978000000017346	processed_trials			20.0	1.0465581					False				High					0.4074643324530639		9.0	40.0	40.0	False	True	False			20.347301156158494	1.4947000000000001	-0.15711191184915263	Left	1.0293	
11792.0868	1.494699999999284	states																																	"       state_name
id               
3   wait_for_poke"
11793.581499999998	0.20310000000063155	states																																	"        state_name
id                
1   nose_in_center"
11793.784599999999	2.0	states																																	"          state_name
id                  
2   punish_violation"
11796.259	2.5134999999991123	trials	1.0	2.0	20.0	0.83782878161969	0.0	0.15	True	8720.0	True	False	44302.0	False	High	True	True	0.025	0.0	100.0	1.5	9.0													
11796.259	2.5134999999991123	processed_trials			20.0	0.83782878161969					True				High					100.0		9.0	40.0	40.0	False	True	False			20.347301156158494	0.1735	-0.21543534683388713	Right	0.1735	
11796.259	0.1735000000007858	states																																	"       state_name
id               
3   wait_for_poke"
11796.4325	0.33999999999832653	states																																	"        state_name
id                
1   nose_in_center"
11796.7725	2.0	states																																	"          state_name
id                  
2   punish_violation"
11799.2619	9.291000000001077	trials	1.0	2.0	20.0	1.1665288831559946	0.0	0.15	True	8720.0	True	False	44303.0	False	High	True	True	0.025	0.0	100.0	1.5	9.0													
11799.2619	9.291000000001077	processed_trials			20.0	1.1665288831559946					True				High					100.0		9.0	40.0	40.0	False	False	True	7.7338	7.7338	20.347301156158494	0.1886	-0.2147687680658963	Right	0.1886	
11799.2619	0.1885999999994965	states																																	"       state_name
id               
3   wait_for_poke"
11799.450499999999	1.1665000000011787	states																																	"        state_name
id                
1   nose_in_center"
11800.617	0.0019999999985884642	states																																	"   state_name
id           
5      go_cue"
11800.618999999999	7.733799999999974	states																																	"            state_name
id                    
6   wait_for_side_poke"
11808.352799999999	0.2000000000007276	states																																	"   state_name
id           
0     opt_out"
11808.5528	9.999999929277692e-05	states																																	"    state_name
id            
7   stop_sound"
11809.0385	2.2462999999988824	trials	1.0	2.0	20.0	1.0923932670878485	0.0	0.15	True	8720.0	False	False	44304.0	False	High	True	False	0.025	0.0	0.6511003187490918	1.5	9.0													
11809.0385	2.2462999999988824	processed_trials			20.0	1.0923932670878485					False				High					0.6511003187490918		9.0	40.0	40.0	False	True	False			20.347301156158494	0.07440000000000001	-0.21981004590063494	Right	0.07440000000000001	
11809.0385	0.07439999999951397	states																																	"       state_name
id               
3   wait_for_poke"
11809.1129	0.17190000000118744	states																																	"        state_name
id                
1   nose_in_center"
11809.284800000001	2.0	states																																	"          state_name
id                  
2   punish_violation"
11811.7599	2.350300000000061	trials	1.0	2.0	20.0	0.8614106112205252	0.0	0.15	True	8720.0	False	False	44305.0	False	High	True	True	0.025	0.0	1.627642223764979	1.5	9.0													
11811.7599	2.350300000000061	processed_trials			20.0	0.8614106112205252					False				High					1.627642223764979		9.0	40.0	40.0	False	True	False			20.347301156158494	0.0606	-0.22041923709257355	Right	0.0606	
11811.7599	0.06060000000070431	states																																	"       state_name
id               
3   wait_for_poke"
11811.8205	0.2896999999993568	states																																	"        state_name
id                
1   nose_in_center"
11812.1102	2.0	states																																	"          state_name
id                  
2   punish_violation"
11817.569	2.0766999999996187	trials	1.0	2.0	20.0	0.9710106488246141	0.0	0.15	True	8720.0	True	False	44306.0	False	High	True	True	0.025	0.0	1.6276422	1.5	9.0													
11817.569	2.0766999999996187	processed_trials			20.0	0.9710106488246141					False				High					1.6276422		9.0	40.0	40.0	False	True	False			20.347301156158494	0.0525	-0.22077680583566797	Left	0.0525	
11817.569	0.05249999999978172	states																																	"       state_name
id               
3   wait_for_poke"
11817.6215	0.02419999999983702	states																																	"        state_name
id                
1   nose_in_center"
11817.6457	2.0	states																																	"          state_name
id                  
2   punish_violation"
11820.1389	11.968800000000556	trials	1.0	2.0	20.0	0.8640867252727017	0.0	0.15	True	8720.0	False	False	44307.0	False	High	True	True	0.025	0.0	17.62964390775807	1.5	9.0													
11820.1389	11.968800000000556	processed_trials			20.0	0.8640867252727017					False				High					17.62964390775807		9.0	40.0	40.0	False	False	True	10.6234	10.6234	20.347301156158494	0.2792	-0.21076929545795126	Right	0.2792	
11820.1389	0.27920000000085565	states																																	"       state_name
id               
3   wait_for_poke"
11820.4181	0.8640999999988708	states																																	"        state_name
id                
1   nose_in_center"
11821.2822	0.0020000000004074536	states																																	"   state_name
id           
5      go_cue"
11821.2842	10.623400000000402	states																																	"            state_name
id                    
6   wait_for_side_poke"
11831.9076	0.1999999999989086	states																																	"   state_name
id           
0     opt_out"
11832.1076	0.00010000000111176632	states																																	"    state_name
id            
7   stop_sound"
11832.5939	15.036599999999453	trials	1.0	2.0	80.0	1.0705459503907109	0.0	0.15	True	8720.0	True	False	44308.0	False	High	True	False	0.025	0.0	100.0	1.5	9.0													
11832.5939	15.036599999999453	processed_trials			80.0	1.0705459503907109					True				High					100.0		9.0	40.0	40.0	False	False	True	13.6223	13.6223	20.347301156158494	0.1417	-0.21683913523270226	Right	0.1417	
11832.5939	0.14170000000012806	states																																	"       state_name
id               
3   wait_for_poke"
11832.7356	1.0704999999998108	states																																	"        state_name
id                
1   nose_in_center"
11833.8061	0.0020000000004074536	states																																	"   state_name
id           
5      go_cue"
11833.8081	13.622299999999086	states																																	"            state_name
id                    
6   wait_for_side_poke"
11847.4304	0.2000000000007276	states																																	"   state_name
id           
0     opt_out"
11847.6304	9.999999929277692e-05	states																																	"    state_name
id            
7   stop_sound"
11848.1193	2.1937999999991007	trials	1.0	2.0	20.0	1.070546	0.0	0.15	True	8720.0	False	False	44309.0	False	High	True	False	0.025	0.0	2.4999968727721793	1.5	9.0													
11848.1193	2.1937999999991007	processed_trials			20.0	1.070546					False				High					2.4999968727721793		9.0	40.0	40.0	False	True	False			20.347301156158494	0.1194	-0.2178235528834437	Right	0.1194	
11848.1193	0.11939999999958673	states																																	"       state_name
id               
3   wait_for_poke"
11848.2387	0.07439999999951397	states																																	"        state_name
id                
1   nose_in_center"
11848.3131	2.0	states																																	"          state_name
id                  
2   punish_violation"
11850.8098	2.203299999999217	trials	1.0	2.0	20.0	0.8015856988212345	0.0	0.15	True	8720.0	False	False	44310.0	False	High	True	True	0.025	0.0	0.050285267636101985	1.5	9.0													
11850.8098	2.203299999999217	processed_trials			20.0	0.8015856988212345					False				High					0.050285267636101985		9.0	40.0	40.0	False	False	True	0.05030000000000012	0.05030000000000012	20.347301156158494	0.1062	-0.21840625750181977	Right	0.1062	
11850.8098	0.10620000000017171	states																																	"       state_name
id               
3   wait_for_poke"
11850.916000000001	0.8016000000006898	states																																	"        state_name
id                
1   nose_in_center"
11851.717600000002	0.0019999999985884642	states																																	"   state_name
id           
5      go_cue"
11851.7196	0.050300000000788714	states																																	"            state_name
id                    
6   wait_for_side_poke"
11851.769900000001	1.043099999998958	states																																	"         state_name
id                 
4   announce_reward"
11852.813	0.2000000000007276	states																																	"   state_name
id           
0     opt_out"
11853.013	9.999999929277692e-05	states																																	"    state_name
id            
7   stop_sound"
11853.4969	2.4905999999991764	trials	1.0	2.0	20.0	0.8059652001182351	0.0	0.15	True	8720.0	True	False	44311.0	False	High	True	False	0.025	0.0	100.0	1.5	9.0													
11853.4969	2.4905999999991764	processed_trials			20.0	0.8059652001182351					True				High					100.0		9.0	40.0	40.0	False	True	False			20.347301156158494	0.2248	-0.21317074479428913	Right	0.2248	
11853.4969	0.22479999999995925	states																																	"       state_name
id               
3   wait_for_poke"
11853.7217	0.2657999999992171	states																																	"        state_name
id                
1   nose_in_center"
11853.9875	2.0	states																																	"          state_name
id                  
2   punish_violation"
11856.4685	10.240599999999176	trials	1.0	2.0	20.0	0.8078094326039807	0.0	0.15	True	8720.0	True	False	44312.0	False	High	True	True	0.025	0.0	100.0	1.5	9.0													
11856.4685	10.240599999999176	processed_trials			20.0	0.8078094326039807					True				High					100.0		9.0	40.0	40.0	False	False	True	9.1302	9.1302	20.347301156158494	0.1005	-0.218657879950664	Right	0.1005	
11856.4685	0.10050000000046566	states																																	"       state_name
id               
3   wait_for_poke"
11856.569000000001	0.8077999999986787	states																																	"        state_name
id                
1   nose_in_center"
11857.3768	0.0020000000004074536	states																																	"   state_name
id           
5      go_cue"
11857.3788	9.130199999999604	states																																	"            state_name
id                    
6   wait_for_side_poke"
11866.509	0.2000000000007276	states																																	"   state_name
id           
0     opt_out"
11866.709	9.999999929277692e-05	states																																	"    state_name
id            
7   stop_sound"
11867.2564	3.083999999998923	trials	1.0	2.0	20.0	1.1142953649059706	0.0	0.15	True	8720.0	False	False	44313.0	False	High	True	False	0.025	0.0	0.29556898610882765	1.5	9.0													
11867.2564	3.083999999998923	processed_trials			20.0	1.1142953649059706					False				High					0.29556898610882765		9.0	40.0	40.0	False	True	False			20.347301156158494	0.178	-0.215236697532168	Right	0.178	
11867.2564	0.17799999999988358	states																																	"       state_name
id               
3   wait_for_poke"
11867.4344	0.9060000000008586	states																																	"        state_name
id                
1   nose_in_center"
11868.340400000001	2.0	states																																	"          state_name
id                  
2   punish_violation"
11870.8396	3.41110000000117	trials	1.0	2.0	20.0	0.8324920789723216	0.0	0.15	True	8720.0	False	False	44314.0	False	High	True	True	0.025	0.0	0.29556899	1.5	9.0													
11870.8396	3.41110000000117	processed_trials			20.0	0.8324920789723216					False				High					0.29556899		9.0	40.0	40.0	False	True	False			20.347301156158494	0.813	-0.18720507384513624	Right	0.813	
11870.8396	0.8130000000001019	states																																	"       state_name
id               
3   wait_for_poke"
11871.6526	0.5980999999992491	states																																	"        state_name
id                
1   nose_in_center"
11872.250699999999	2.0	states																																	"          state_name
id                  
2   punish_violation"
11874.7622	4.5120999999999185	trials	1.0	2.0	20.0	1.0753981423915282	0.0	0.15	True	8720.0	False	False	44315.0	False	High	True	True	0.025	0.0	3.086209611914264	1.5	9.0													
11874.7622	4.5120999999999185	processed_trials			20.0	1.0753981423915282					False				High					3.086209611914264		9.0	40.0	40.0	True	False	False	3.0862	3.0862	20.347301156158494	0.16190000000000002	-0.21594742058942976	Left	0.16190000000000002	
11874.7622	0.16189999999915017	states																																	"       state_name
id               
3   wait_for_poke"
11874.924099999998	1.0754000000015367	states																																	"        state_name
id                
1   nose_in_center"
11875.9995	0.0019999999985884642	states																																	"   state_name
id           
5      go_cue"
11876.001499999998	3.086200000001554	states																																	"            state_name
id                    
6   wait_for_side_poke"
11879.0877	0.004199999999400461	states																																	"         state_name
id                 
4   announce_reward"
11879.0919	0.1823000000003958	states																																	"   state_name
id           
8      reward"
11879.2742	9.999999929277692e-05	states																																	"    state_name
id            
7   stop_sound"
11879.7621	6.314700000000812	trials	1.0	2.0	40.0	0.873139417824468	0.0	0.15	True	8740.0	False	False	44316.0	False	High	True	False	0.025	0.0	2.3248380178552672	1.5	9.0													
11879.7621	6.314700000000812	processed_trials			40.0	0.873139417824468					False				High					2.3248380178552672		9.0	40.0	40.0	True	False	False	2.3247999999999998	2.3247999999999998	20.347301156158494	2.7545	-0.1014989362256524	Left	1.1720000000000002	
11879.7621	2.754499999999098	states																																	"       state_name
id               
3   wait_for_poke"
11882.516599999999	0.8731000000007043	states																																	"        state_name
id                
1   nose_in_center"
11883.3897	0.0020000000004074536	states																																	"   state_name
id           
5      go_cue"
11883.3917	2.324800000000323	states																																	"            state_name
id                    
6   wait_for_side_poke"
11885.7165	0.03290000000015425	states																																	"         state_name
id                 
4   announce_reward"
11885.7494	0.3272999999990134	states																																	"   state_name
id           
8      reward"
11886.0767	0.00010000000111176632	states																																	"    state_name
id            
7   stop_sound"
11886.5746	4.870300000000498	trials	1.0	2.0	20.0	0.9955270618402703	0.0	0.15	True	8780.0	False	False	44317.0	False	High	True	False	0.025	0.0	0.37918181730465184	1.5	9.0													
11886.5746	4.870300000000498	processed_trials			20.0	0.9955270618402703					False				High					0.37918181730465184		9.0	40.0	40.0	False	True	False			20.347301156158494	2.689	-0.10439038717289742	Right	1.5019000000000002	
11886.5746	2.6890000000003056	states																																	"       state_name
id               
3   wait_for_poke"
11889.2636	0.18130000000019209	states																																	"        state_name
id                
1   nose_in_center"
11889.4449	2.0	states																																	"          state_name
id                  
2   punish_violation"
11891.9331	3.774600000000646	trials	1.0	2.0	20.0	0.9235699333363308	0.0	0.15	True	8780.0	False	False	44318.0	False	High	True	True	0.025	0.0	2.4568638869146997	1.5	9.0													
11891.9331	3.774600000000646	processed_trials			20.0	0.9235699333363308					False				High					2.4568638869146997		9.0	40.0	40.0	True	False	False	2.4569	2.4569	20.347301156158494	0.1953	-0.21447300132778116	Left	0.1953	
11891.9331	0.19529999999940628	states																																	"       state_name
id               
3   wait_for_poke"
11892.1284	0.9236000000000786	states																																	"        state_name
id                
1   nose_in_center"
11893.052	0.0020000000004074536	states																																	"   state_name
id           
5      go_cue"
11893.054	2.456899999999223	states																																	"            state_name
id                    
6   wait_for_side_poke"
11895.5109	0.014400000000023283	states																																	"         state_name
id                 
4   announce_reward"
11895.5253	0.1823000000003958	states																																	"   state_name
id           
8      reward"
11895.7076	0.00010000000111176632	states																																	"    state_name
id            
7   stop_sound"
11896.2084	4.220000000001164	trials	1.0	2.0	80.0	1.092746146573925	0.0	0.15	True	8800.0	False	False	44319.0	False	High	True	False	0.025	0.0	2.6166056420191426	1.5	9.0													
11896.2084	4.220000000001164	processed_trials			80.0	1.092746146573925					False				High					2.6166056420191426		9.0	40.0	40.0	False	True	False			20.347301156158494	2.1581	-0.12782659034682683	Right	1.2441	
11896.2084	2.158100000000559	states																																	"       state_name
id               
3   wait_for_poke"
11898.3665	0.06189999999878637	states																																	"        state_name
id                
1   nose_in_center"
11898.428399999999	2.0	states																																	"          state_name
id                  
2   punish_violation"
11900.9383	4.236699999999473	trials	1.0	2.0	80.0	0.8407758980650321	0.0	0.15	True	8800.0	False	False	44320.0	False	High	True	True	0.025	0.0	2.6166056	1.5	9.0													
11900.9383	4.236699999999473	processed_trials			80.0	0.8407758980650321					False				High					2.6166056		9.0	40.0	40.0	True	False	False	2.6165999999999996	2.6165999999999996	20.347301156158494	0.0588	-0.22049869681326123	Left	0.0588	
11900.9383	0.0588000000007014	states																																	"       state_name
id               
3   wait_for_poke"
11900.9971	0.8407999999999447	states																																	"        state_name
id                
1   nose_in_center"
11901.8379	0.0019999999985884642	states																																	"   state_name
id           
5      go_cue"
11901.839899999999	2.616600000001199	states																																	"            state_name
id                    
6   wait_for_side_poke"
11904.4565	0.09579999999914435	states																																	"         state_name
id                 
4   announce_reward"
11904.5523	0.6226000000006024	states																																	"   state_name
id           
8      reward"
11905.1749	9.999999929277692e-05	states																																	"    state_name
id            
7   stop_sound"
11905.6812	16.015799999999217	trials	1.0	2.0	80.0	0.8299394327343648	0.0	0.15	True	8880.0	True	False	44321.0	False	High	True	False	0.025	0.0	100.0	1.5	9.0													
11905.6812	16.015799999999217	processed_trials			80.0	0.8299394327343648					True				High					100.0		9.0	40.0	40.0	False	False	True	11.7268	11.7268	20.347301156158494	3.257	-0.07931643086701701	Right	2.0279000000000003	
11905.6812	3.256999999999607	states																																	"       state_name
id               
3   wait_for_poke"
11908.9382	0.8299000000006345	states																																	"        state_name
id                
1   nose_in_center"
11909.768100000001	0.0020000000004074536	states																																	"   state_name
id           
5      go_cue"
11909.770100000002	11.726799999998548	states																																	"            state_name
id                    
6   wait_for_side_poke"
11921.4969	0.2000000000007276	states																																	"   state_name
id           
0     opt_out"
11921.6969	9.999999929277692e-05	states																																	"    state_name
id            
7   stop_sound"
11922.1969	8.761199999999008	trials	1.0	2.0	40.0	1.1316697226544548	0.0	0.15	True	8880.0	False	False	44322.0	False	High	True	False	0.025	0.0	7.071677710335321	1.5	9.0													
11922.1969	8.761199999999008	processed_trials			40.0	1.1316697226544548					False				High					7.071677710335321		9.0	40.0	40.0	True	False	False	7.071700000000001	7.071700000000001	20.347301156158494	0.12869999999999998	-0.21741301099322416	Left	0.12869999999999998	
11922.1969	0.1286999999992986	states																																	"       state_name
id               
3   wait_for_poke"
11922.3256	1.1316999999999098	states																																	"        state_name
id                
1   nose_in_center"
11923.4573	0.0020000000004074536	states																																	"   state_name
id           
5      go_cue"
11923.4593	7.071700000000419	states																																	"            state_name
id                    
6   wait_for_side_poke"
11930.531	0.09970000000066648	states																																	"         state_name
id                 
4   announce_reward"
11930.630700000002	0.3272999999990134	states																																	"   state_name
id           
8      reward"
11930.958	0.00010000000111176632	states																																	"    state_name
id            
7   stop_sound"
11931.5143	5.454299999999421	trials	1.0	2.0	20.0	1.1316697	0.0	0.15	True	8920.0	False	False	44323.0	False	High	True	False	0.025	0.0	1.5698803588658863	1.5	9.0													
11931.5143	5.454299999999421	processed_trials			20.0	1.1316697					False				High					1.5698803588658863		9.0	40.0	40.0	True	False	False	1.5699000000000005	1.5699000000000005	20.347301156158494	2.5345	-0.11121067986525397	Left	1.5553	
11931.5143	2.5344999999997526	states																																	"       state_name
id               
3   wait_for_poke"
11934.0488	1.1316999999999098	states																																	"        state_name
id                
1   nose_in_center"
11935.1805	0.0020000000004074536	states																																	"   state_name
id           
5      go_cue"
11935.1825	1.5699000000004162	states																																	"            state_name
id                    
6   wait_for_side_poke"
11936.752400000001	0.03379999999924621	states																																	"         state_name
id                 
4   announce_reward"
11936.7862	0.1823000000003958	states																																	"   state_name
id           
8      reward"
11936.9685	9.999999929277692e-05	states																																	"    state_name
id            
7   stop_sound"
11937.5213	4.69629999999961	trials	1.0	2.0	20.0	0.9521297384444414	0.0	0.15	True	8940.0	False	False	44324.0	False	High	True	False	0.025	0.0	1.7142601297007949	1.5	9.0													
11937.5213	4.69629999999961	processed_trials			20.0	0.9521297384444414					False				High					1.7142601297007949		9.0	40.0	40.0	True	False	False	1.7142999999999997	1.7142999999999997	20.347301156158494	1.8244	-0.14255753967653156	Left	1.26	
11937.5213	1.824399999999514	states																																	"       state_name
id               
3   wait_for_poke"
11939.3457	0.9521000000004278	states																																	"        state_name
id                
1   nose_in_center"
11940.2978	0.0020000000004074536	states																																	"   state_name
id           
5      go_cue"
11940.2998	1.7142999999996391	states																																	"            state_name
id                    
6   wait_for_side_poke"
11942.0141	0.02109999999993306	states																																	"         state_name
id                 
4   announce_reward"
11942.0352	0.1823000000003958	states																																	"   state_name
id           
8      reward"
11942.2175	9.999999929277692e-05	states																																	"    state_name
id            
7   stop_sound"
11942.7402	3.9751999999989494	trials	1.0	2.0	20.0	0.8261526000802151	0.0	0.15	True	8960.0	False	False	44325.0	False	High	True	False	0.025	0.0	0.2731976592014759	1.5	9.0													
11942.7402	3.9751999999989494	processed_trials			20.0	0.8261526000802151					False				High					0.2731976592014759		9.0	40.0	40.0	False	True	False			20.347301156158494	1.9327	-0.13777671314849133	Left	1.4656	
11942.7402	1.932699999999386	states																																	"       state_name
id               
3   wait_for_poke"
11944.6729	0.04250000000138243	states																																	"        state_name
id                
1   nose_in_center"
11944.715400000001	2.0	states																																	"          state_name
id                  
2   punish_violation"
11947.2257	6.464899999999034	trials	1.0	2.0	20.0	0.867820339383584	0.0	0.15	True	8960.0	False	False	44326.0	False	High	True	True	0.025	0.0	1.2583099545431446	1.5	9.0													
11947.2257	6.464899999999034	processed_trials			20.0	0.867820339383584					False				High					1.2583099545431446		9.0	40.0	40.0	False	True	False			20.347301156158494	4.253100000000001	-0.03534430432425736	Right	4.253100000000001	
11947.2257	4.253099999999904	states																																	"       state_name
id               
3   wait_for_poke"
11951.4788	0.21180000000094878	states																																	"        state_name
id                
1   nose_in_center"
11951.690600000002	2.0	states																																	"          state_name
id                  
2   punish_violation"
11954.2261	3.7800999999999476	trials	1.0	2.0	20.0	0.9222651207180613	0.0	0.15	True	8960.0	False	False	44327.0	False	High	True	True	0.025	0.0	2.3551202307744052	1.5	9.0													
11954.2261	3.7800999999999476	processed_trials			20.0	0.9222651207180613					False				High					2.3551202307744052		9.0	40.0	40.0	True	False	False	2.3550999999999997	2.3550999999999997	20.347301156158494	0.2318	-0.2128617347693927	Left	0.2318	
11954.2261	0.23179999999956635	states																																	"       state_name
id               
3   wait_for_poke"
11954.4579	0.9223000000001775	states																																	"        state_name
id                
1   nose_in_center"
11955.3802	0.0020000000004074536	states																																	"   state_name
id           
5      go_cue"
11955.3822	2.355100000000675	states																																	"            state_name
id                    
6   wait_for_side_poke"
11957.7373	0.08649999999943248	states																																	"         state_name
id                 
4   announce_reward"
11957.8238	0.1823000000003958	states																																	"   state_name
id           
8      reward"
11958.0061	9.999999929277692e-05	states																																	"    state_name
id            
7   stop_sound"
11958.5444	4.541999999999462	trials	1.0	2.0	20.0	1.159138644973775	0.0	0.15	True	8980.0	False	False	44328.0	False	High	True	False	0.025	0.0	1.227724955577448	1.5	9.0													
11958.5444	4.541999999999462	processed_trials			20.0	1.159138644973775					False				High					1.227724955577448		9.0	40.0	40.0	False	True	False			20.347301156158494	1.9336	-0.1377369832881475	Right	1.1516	
11958.5444	1.9336000000002969	states																																	"       state_name
id               
3   wait_for_poke"
11960.478000000001	0.6083999999991647	states																																	"        state_name
id                
1   nose_in_center"
11961.0864	2.0	states																																	"          state_name
id                  
2   punish_violation"
11963.5954	18.670099999999366	trials	1.0	2.0	20.0	1.1591386	0.0	0.15	True	8980.0	False	False	44329.0	False	High	True	True	0.025	0.0	1.227725	1.5	9.0													
11963.5954	18.670099999999366	processed_trials			20.0	1.1591386					False				High					1.227725		9.0	40.0	40.0	False	True	False			20.347301156158494	16.4946	0.5050480127856632	Right	16.4946	
11963.5954	16.49459999999999	states																																	"       state_name
id               
3   wait_for_poke"
11980.09	0.17549999999937427	states																																	"        state_name
id                
1   nose_in_center"
11980.2655	2.0	states																																	"          state_name
id                  
2   punish_violation"
11982.8081	8.604400000000169	trials	1.0	2.0	20.0	0.8121850602799253	0.0	0.15	True	8980.0	False	False	44330.0	False	High	True	True	0.025	0.0	6.428224939848157	1.5	9.0													
11982.8081	8.604400000000169	processed_trials			20.0	0.8121850602799253					False				High					6.428224939848157		9.0	40.0	40.0	False	False	True	4.8286999999999995	4.8286999999999995	20.347301156158494	2.7614	-0.10119434062968308	Right	2.7614	
11982.8081	2.761399999999412	states																																	"       state_name
id               
3   wait_for_poke"
11985.5695	0.8122000000003027	states																																	"        state_name
id                
1   nose_in_center"
11986.3817	0.0020000000004074536	states																																	"   state_name
id           
5      go_cue"
11986.3837	4.828700000000026	states																																	"            state_name
id                    
6   wait_for_side_poke"
11991.2124	0.2000000000007276	states																																	"   state_name
id           
0     opt_out"
11991.412400000001	9.999999929277692e-05	states																																	"    state_name
id            
7   stop_sound"
11991.9345	3.5289000000011583	trials	1.0	2.0	80.0	0.8812020933212448	0.0	0.15	True	8980.0	False	False	44331.0	False	High	True	False	0.025	0.0	1.9302235251423498	1.5	9.0													
11991.9345	3.5289000000011583	processed_trials			80.0	0.8812020933212448					False				High					1.9302235251423498		9.0	40.0	40.0	True	False	False	1.9302	1.9302	20.347301156158494	0.0355	-0.22152725875327356	Left	0.0355	
11991.9345	0.035499999999956344	states																																	"       state_name
id               
3   wait_for_poke"
11991.97	0.8811999999998079	states																																	"        state_name
id                
1   nose_in_center"
11992.8512	0.0020000000004074536	states																																	"   state_name
id           
5      go_cue"
11992.8532	1.9302000000006956	states																																	"            state_name
id                    
6   wait_for_side_poke"
11994.7834	0.05729999999857682	states																																	"         state_name
id                 
4   announce_reward"
11994.840699999999	0.6226000000006024	states																																	"   state_name
id           
8      reward"
11995.4633	9.999999929277692e-05	states																																	"    state_name
id            
7   stop_sound"
11995.9726	6.039200000001074	trials	1.0	2.0	40.0	0.8680039256766847	0.0	0.15	True	9060.0	True	False	44332.0	False	High	True	False	0.025	0.0	1.9302235	1.5	9.0													
11995.9726	6.039200000001074	processed_trials			40.0	0.8680039256766847					False				High					1.9302235		9.0	40.0	40.0	False	True	False			20.347301156158494	3.7220999999999997	-0.0587849219271139	Left	2.431	
11995.9726	3.7221000000008644	states																																	"       state_name
id               
3   wait_for_poke"
11999.6947	0.31709999999839056	states																																	"        state_name
id                
1   nose_in_center"
12000.011799999998	2.0	states																																	"          state_name
id                  
2   punish_violation"
12002.5202	10.9424999999992	trials	1.0	2.0	40.0	1.1068916651088962	0.0	0.15	True	9060.0	True	False	44333.0	False	High	True	True	0.025	0.0	100.0	1.5	9.0													
12002.5202	10.9424999999992	processed_trials			40.0	1.1068916651088962					True				High					100.0		9.0	40.0	40.0	False	False	True	9.0864	9.0864	20.347301156158494	0.5471	-0.1989430403622728	Right	0.5471	
12002.5202	0.547099999999773	states																																	"       state_name
id               
3   wait_for_poke"
12003.0673	1.1069000000006781	states																																	"        state_name
id                
1   nose_in_center"
12004.174200000001	0.0020000000004074536	states																																	"   state_name
id           
5      go_cue"
12004.176200000002	9.08639999999832	states																																	"            state_name
id                    
6   wait_for_side_poke"
12013.2626	0.2000000000007276	states																																	"   state_name
id           
0     opt_out"
12013.4626	9.999999929277692e-05	states																																	"    state_name
id            
7   stop_sound"
12013.9749	2.0113000000001193	trials	1.0	2.0	20.0	1.1068917	0.0	0.15	True	9060.0	False	False	44334.0	False	High	True	False	0.025	0.0	0.5127576863102601	1.5	9.0													
12013.9749	2.0113000000001193	processed_trials			20.0	1.1068917					False				High					0.5127576863102601		9.0	40.0	40.0	True	False	False	0.5127999999999999	0.5127999999999999	20.347301156158494	0.1916	-0.21463633519808353	Left	0.1916	
12013.9749	0.19160000000010768	states																																	"       state_name
id               
3   wait_for_poke"
12014.1665	1.1069000000006781	states																																	"        state_name
id                
1   nose_in_center"
12015.2734	0.0019999999985884642	states																																	"   state_name
id           
5      go_cue"
12015.275399999999	0.5128000000004249	states																																	"            state_name
id                    
6   wait_for_side_poke"
12015.788199999999	0.015600000000631553	states																																	"         state_name
id                 
4   announce_reward"
12015.8038	0.1823000000003958	states																																	"   state_name
id           
8      reward"
12015.9861	9.999999929277692e-05	states																																	"    state_name
id            
7   stop_sound"
12016.4911	4.001600000001417	trials	1.0	2.0	80.0	0.9246736700130791	0.0	0.15	True	9080.0	True	False	44335.0	False	High	True	False	0.025	0.0	0.51275769	1.5	9.0													
12016.4911	4.001600000001417	processed_trials			80.0	0.9246736700130791					False				High					0.51275769		9.0	40.0	40.0	False	False	False	0.5127999999999995	0.5127999999999995	20.347301156158494	2.5621	-0.10999229748137668	Right	1.8889	
12016.4911	2.562099999999191	states																																	"       state_name
id               
3   wait_for_poke"
12019.053199999998	0.9247000000013941	states																																	"        state_name
id                
1   nose_in_center"
12019.9779	0.0019999999985884642	states																																	"   state_name
id           
5      go_cue"
12019.979899999998	0.5128000000004249	states																																	"            state_name
id                    
6   wait_for_side_poke"
12021.0079	8.492599999999584	trials	1.0	2.0	80.0	0.8858251134805601	0.0	0.15	True	9080.0	False	False	44336.0	False	High	True	False	0.025	0.0	5.091139513688995	1.5	9.0													
12021.0079	8.492599999999584	processed_trials			80.0	0.8858251134805601					False				High					5.091139513688995		9.0	40.0	40.0	True	False	False	5.091100000000001	5.091100000000001	20.347301156158494	1.8200999999999998	-0.14274736012039652	Left	1.8200999999999998	
12021.0079	1.8201000000008207	states																																	"       state_name
id               
3   wait_for_poke"
12022.828000000001	0.8858000000000175	states																																	"        state_name
id                
1   nose_in_center"
12023.713800000001	0.0019999999985884642	states																																	"   state_name
id           
5      go_cue"
12023.7158	5.091100000001461	states																																	"            state_name
id                    
6   wait_for_side_poke"
12028.806900000001	0.07089999999880092	states																																	"         state_name
id                 
4   announce_reward"
12028.8778	0.6226000000006024	states																																	"   state_name
id           
8      reward"
12029.5004	9.999999929277692e-05	states																																	"    state_name
id            
7   stop_sound"
12030.0122	4.950700000001234	trials	1.0	2.0	20.0	0.8910399188546492	0.0	0.15	True	9160.0	True	False	44337.0	False	High	True	False	0.025	0.0	100.0	1.5	9.0													
12030.0122	4.950700000001234	processed_trials			20.0	0.8910399188546492					True				High					100.0		9.0	40.0	40.0	False	True	False			20.347301156158494	2.9455999999999998	-0.09306296254598033	Right	1.9239999999999997	
12030.0122	2.9455999999991036	states																																	"       state_name
id               
3   wait_for_poke"
12032.957799999998	0.005100000000311411	states																																	"        state_name
id                
1   nose_in_center"
12032.962899999999	2.0	states																																	"          state_name
id                  
2   punish_violation"
12035.5113	4.259500000000116	trials	1.0	2.0	20.0	0.8461331852741796	0.0	0.15	True	9160.0	False	False	44338.0	False	High	True	True	0.025	0.0	1.734083445605835	1.5	9.0													
12035.5113	4.259500000000116	processed_trials			20.0	0.8461331852741796					False				High					1.734083445605835		9.0	40.0	40.0	True	False	False	1.7341000000000002	1.7341000000000002	20.347301156158494	1.3962	-0.16146012434233786	Right	1.3962	
12035.5113	1.3961999999992258	states																																	"       state_name
id               
3   wait_for_poke"
12036.9075	0.8461000000006607	states																																	"        state_name
id                
1   nose_in_center"
12037.7536	0.0020000000004074536	states																																	"   state_name
id           
5      go_cue"
12037.7556	1.7340999999996711	states																																	"            state_name
id                    
6   wait_for_side_poke"
12039.4897	0.04140000000006694	states																																	"         state_name
id                 
4   announce_reward"
12039.5311	0.23960000000079162	states																																	"   state_name
id           
8      reward"
12039.770700000001	9.999999929277692e-05	states																																	"    state_name
id            
7   stop_sound"
12040.3345	8.96009999999842	trials	1.0	2.0	40.0	0.8553991775672416	0.0	0.15	True	9180.0	False	False	44339.0	False	High	True	False	0.025	0.0	6.027198260478253	1.5	9.0													
12040.3345	8.96009999999842	processed_trials			40.0	0.8553991775672416					False				High					6.027198260478253		9.0	40.0	40.0	True	False	False	6.0272	6.0272	20.347301156158494	1.0203	-0.17805396267927528	Left	0.6325	
12040.3345	1.0203000000001339	states																																	"       state_name
id               
3   wait_for_poke"
12041.354800000001	0.8554000000003725	states																																	"        state_name
id                
1   nose_in_center"
12042.210200000001	0.0019999999985884642	states																																	"   state_name
id           
5      go_cue"
12042.2122	6.027200000000448	states																																	"            state_name
id                    
6   wait_for_side_poke"
12048.2394	0.7278000000005704	states																																	"         state_name
id                 
4   announce_reward"
12048.967200000001	0.3272999999990134	states																																	"   state_name
id           
8      reward"
12049.2945	0.00010000000111176632	states																																	"    state_name
id            
7   stop_sound"
12049.8207	5.1939000000002125	trials	1.0	2.0	20.0	1.0721648856169497	0.0	0.15	True	9220.0	False	False	44340.0	False	High	True	False	0.025	0.0	0.31145688499878127	1.5	9.0													
12049.8207	5.1939000000002125	processed_trials			20.0	1.0721648856169497					False				High					0.31145688499878127		9.0	40.0	40.0	False	True	False			20.347301156158494	3.1475	-0.08415023054218235	Left	2.5359	
12049.8207	3.147499999999127	states																																	"       state_name
id               
3   wait_for_poke"
12052.9682	0.04640000000108557	states																																	"        state_name
id                
1   nose_in_center"
12053.0146	2.0	states																																	"          state_name
id                  
2   punish_violation"
12055.5363	2.2726999999995314	trials	1.0	2.0	20.0	1.0190467944582033	0.0	0.15	True	9220.0	False	False	44341.0	False	High	True	True	0.025	0.0	0.18753792251428364	1.5	9.0													
12055.5363	2.2726999999995314	processed_trials			20.0	1.0190467944582033					False				High					0.18753792251428364		9.0	40.0	40.0	True	False	False	0.1875	0.1875	20.347301156158494	0.4169	-0.2046906268253461	Left	0.4169	
12055.5363	0.4169000000001688	states																																	"       state_name
id               
3   wait_for_poke"
12055.9532	1.0190000000002328	states																																	"        state_name
id                
1   nose_in_center"
12056.9722	0.0020000000004074536	states																																	"   state_name
id           
5      go_cue"
12056.9742	0.1875	states																																	"            state_name
id                    
6   wait_for_side_poke"
12057.1617	0.46489999999903375	states																																	"         state_name
id                 
4   announce_reward"
12057.6266	0.1823000000003958	states																																	"   state_name
id           
8      reward"
12057.8089	9.999999929277692e-05	states																																	"    state_name
id            
7   stop_sound"
12058.3205	4.012899999999718	trials	1.0	2.0	80.0	1.0872772846710093	0.0	0.15	True	9240.0	False	False	44342.0	False	High	True	False	0.025	0.0	2.2823971292876952	1.5	9.0													
12058.3205	4.012899999999718	processed_trials			80.0	1.0872772846710093					False				High					2.2823971292876952		9.0	40.0	40.0	False	True	False			20.347301156158494	1.6715	-0.14930720150605464	Left	1.0433	
12058.3205	1.6715000000003783	states																																	"       state_name
id               
3   wait_for_poke"
12059.992	0.34139999999933934	states																																	"        state_name
id                
1   nose_in_center"
12060.3334	2.0	states																																	"          state_name
id                  
2   punish_violation"
12062.8948	3.941000000000713	trials	1.0	2.0	80.0	1.1529152256569672	0.0	0.15	True	9240.0	False	False	44343.0	False	High	True	True	0.025	0.0	1.7846592091192004	1.5	9.0													
12062.8948	3.941000000000713	processed_trials			80.0	1.1529152256569672					False				High					1.7846592091192004		9.0	40.0	40.0	True	False	False	1.7847000000000002	1.7847000000000002	20.347301156158494	0.3343	-0.20833694511912382	Left	0.3343	
12062.8948	0.33430000000043947	states																																	"       state_name
id               
3   wait_for_poke"
12063.2291	1.1528999999991356	states																																	"        state_name
id                
1   nose_in_center"
12064.382	0.0020000000004074536	states																																	"   state_name
id           
5      go_cue"
12064.384	1.7847000000001572	states																																	"            state_name
id                    
6   wait_for_side_poke"
12066.1687	0.04440000000067812	states																																	"         state_name
id                 
4   announce_reward"
12066.2131	0.6225999999987835	states																																	"   state_name
id           
8      reward"
12066.8357	0.00010000000111176632	states																																	"    state_name
id            
7   stop_sound"
12067.3626	6.27599999999984	trials	1.0	2.0	20.0	1.0848807713814215	0.0	0.15	True	9320.0	False	False	44344.0	False	High	True	False	0.025	0.0	1.7846592	1.5	9.0													
12067.3626	6.27599999999984	processed_trials			20.0	1.0848807713814215					False				High					1.7846592		9.0	40.0	40.0	False	True	False			20.347301156158494	4.139	-0.04038116773006892	Right	2.9084000000000003	
12067.3626	4.138999999999214	states																																	"       state_name
id               
3   wait_for_poke"
12071.5016	0.13700000000062573	states																																	"        state_name
id                
1   nose_in_center"
12071.6386	2.0	states																																	"          state_name
id                  
2   punish_violation"
12074.1606	12.412600000001476	trials	1.0	2.0	20.0	1.0302998445888332	0.0	0.15	True	9320.0	False	False	44345.0	False	High	True	True	0.025	0.0	0.5651893328155286	1.5	9.0													
12074.1606	12.412600000001476	processed_trials			20.0	1.0302998445888332					False				High					0.5651893328155286		9.0	40.0	40.0	False	True	False			20.347301156158494	10.052100000000001	0.2206484291577857	Left	10.052100000000001	
12074.1606	10.052100000000792	states																																	"       state_name
id               
3   wait_for_poke"
12084.2127	0.36049999999886495	states																																	"        state_name
id                
1   nose_in_center"
12084.573199999999	2.0	states																																	"          state_name
id                  
2   punish_violation"
12087.0826	52.203199999999924	trials	1.0	2.0	20.0	1.0302998	0.0	0.15	True	9320.0	False	False	44346.0	False	High	True	True	0.025	0.0	0.56518933	1.5	9.0													
12087.0826	52.203199999999924	processed_trials			20.0	1.0302998					False				High					0.56518933		9.0	40.0	40.0	False	True	False			20.347301156158494	49.7891	1.9748100519161824	Left	49.7891	
12087.0826	49.78909999999996	states																																	"       state_name
id               
3   wait_for_poke"
12136.8717	0.41409999999996217	states																																	"        state_name
id                
1   nose_in_center"
12137.2858	2.0	states																																	"          state_name
id                  
2   punish_violation"
12139.8136	3.3690000000005966	trials	1.0	2.0	20.0	0.9099240321384272	0.0	0.15	True	9320.0	False	False	44347.0	False	High	True	True	0.025	0.0	2.273571030280092	1.5	9.0													
12139.8136	3.3690000000005966	processed_trials			20.0	0.9099240321384272					False				High					2.273571030280092		9.0	40.0	40.0	False	True	False			20.347301156158494	1.2832999999999999	-0.16644401460102434	Right	1.2832999999999999	
12139.8136	1.2832999999991443	states																																	"       state_name
id               
3   wait_for_poke"
12141.096899999999	0.08570000000145228	states																																	"        state_name
id                
1   nose_in_center"
12141.1826	2.0	states																																	"          state_name
id                  
2   punish_violation"
12143.7191	3.149199999999837	trials	1.0	2.0	20.0	1.0016956957537302	0.0	0.15	True	9320.0	False	False	44348.0	False	High	True	True	0.025	0.0	0.5358410842719217	1.5	9.0													
12143.7191	3.149199999999837	processed_trials			20.0	1.0016956957537302					False				High					0.5358410842719217		9.0	40.0	40.0	False	True	False			20.347301156158494	0.6631	-0.19382230280684656	Right	0.6631	
12143.7191	0.6630999999997584	states																																	"       state_name
id               
3   wait_for_poke"
12144.3822	0.4861000000000786	states																																	"        state_name
id                
1   nose_in_center"
12144.8683	2.0	states																																	"          state_name
id                  
2   punish_violation"
12147.4145	4.211299999999028	trials	1.0	2.0	20.0	1.0991164529418902	0.0	0.15	True	9320.0	False	False	44349.0	False	High	True	True	0.025	0.0	0.13621966560088025	1.5	9.0													
12147.4145	4.211299999999028	processed_trials			20.0	1.0991164529418902					False				High					0.13621966560088025		9.0	40.0	40.0	True	False	False	0.13619999999999965	0.13619999999999965	20.347301156158494	2.4981999999999998	-0.11281311756578824	Left	2.4981999999999998	
12147.4145	2.498199999999997	states																																	"       state_name
id               
3   wait_for_poke"
12149.9127	1.0990999999994528	states																																	"        state_name
id                
1   nose_in_center"
12151.0118	0.0020000000004074536	states																																	"   state_name
id           
5      go_cue"
12151.0138	0.13620000000082655	states																																	"            state_name
id                    
6   wait_for_side_poke"
12151.150000000001	0.2933999999986554	states																																	"         state_name
id                 
4   announce_reward"
12151.4434	0.1823000000003958	states																																	"   state_name
id           
8      reward"
12151.6257	0.00010000000111176632	states																																	"    state_name
id            
7   stop_sound"
12152.1621	6.5349999999998545	trials	1.0	2.0	20.0	1.178925903839077	0.0	0.15	True	9340.0	False	False	44350.0	False	High	True	False	0.025	0.0	3.117885632429098	1.5	9.0													
12152.1621	6.5349999999998545	processed_trials			20.0	1.178925903839077					False				High					3.117885632429098		9.0	40.0	40.0	True	False	False	3.1179	3.1179	20.347301156158494	1.9782	-0.13576814798666464	Left	1.0784	
12152.1621	1.9781999999995605	states																																	"       state_name
id               
3   wait_for_poke"
12154.1403	1.1789000000007945	states																																	"        state_name
id                
1   nose_in_center"
12155.3192	0.0020000000004074536	states																																	"   state_name
id           
5      go_cue"
12155.3212	3.117899999999281	states																																	"            state_name
id                    
6   wait_for_side_poke"
12158.4391	0.07560000000012224	states																																	"         state_name
id                 
4   announce_reward"
12158.5147	0.1823000000003958	states																																	"   state_name
id           
8      reward"
12158.697	9.999999929277692e-05	states																																	"    state_name
id            
7   stop_sound"
12159.2335	4.17029999999977	trials	1.0	2.0	20.0	1.0834006263173244	0.0	0.15	True	9360.0	False	False	44351.0	False	High	True	False	0.025	0.0	4.944744980434763	1.5	9.0													
12159.2335	4.17029999999977	processed_trials			20.0	1.0834006263173244					False				High					4.944744980434763		9.0	40.0	40.0	False	True	False			20.347301156158494	2.1357	-0.12881542242649535	Right	1.3439999999999999	
12159.2335	2.1357000000007247	states																																	"       state_name
id               
3   wait_for_poke"
12161.369200000001	0.034599999999045394	states																																	"        state_name
id                
1   nose_in_center"
12161.4038	2.0	states																																	"          state_name
id                  
2   punish_violation"
12163.9263	3.097300000001269	trials	1.0	2.0	20.0	0.9272090136423005	0.0	0.15	True	9360.0	False	False	44352.0	False	High	True	True	0.025	0.0	1.8058110584291795	1.5	9.0													
12163.9263	3.097300000001269	processed_trials			20.0	0.9272090136423005					False				High					1.8058110584291795		9.0	40.0	40.0	True	False	False	1.8058	1.8058	20.347301156158494	0.0334	-0.22161996176074247	Right	0.0334	
12163.9263	0.033400000000256114	states																																	"       state_name
id               
3   wait_for_poke"
12163.9597	0.9272000000000844	states																																	"        state_name
id                
1   nose_in_center"
12164.8869	0.0020000000004074536	states																																	"   state_name
id           
5      go_cue"
12164.8889	1.8058000000000902	states																																	"            state_name
id                    
6   wait_for_side_poke"
12166.6947	0.08919999999852735	states																																	"         state_name
id                 
4   announce_reward"
12166.783899999999	0.23960000000079162	states																																	"   state_name
id           
8      reward"
12167.0235	9.999999929277692e-05	states																																	"    state_name
id            
7   stop_sound"
12167.5362	3.495199999999386	trials	1.0	2.0	40.0	1.0872605651572358	0.0	0.15	True	9380.0	False	False	44353.0	False	High	True	False	0.025	0.0	2.68201766085177	1.5	9.0													
12167.5362	3.495199999999386	processed_trials			40.0	1.0872605651572358					False				High					2.68201766085177		9.0	40.0	40.0	False	True	False			20.347301156158494	1.1973	-0.1702404234783231	Left	0.6915	
12167.5362	1.1972999999998137	states																																	"       state_name
id               
3   wait_for_poke"
12168.7335	0.2978999999995722	states																																	"        state_name
id                
1   nose_in_center"
12169.0314	2.0	states																																	"          state_name
id                  
2   punish_violation"
12171.5586	4.170799999999872	trials	1.0	2.0	40.0	0.9509538407051332	0.0	0.15	True	9380.0	False	False	44354.0	False	High	True	True	0.025	0.0	2.6820177	1.5	9.0													
12171.5586	4.170799999999872	processed_trials			40.0	0.9509538407051332					False				High					2.6820177		9.0	40.0	40.0	True	False	False	2.6819999999999995	2.6819999999999995	20.347301156158494	0.1884	-0.21477759692375048	Left	0.1884	
12171.5586	0.18839999999909196	states																																	"       state_name
id               
3   wait_for_poke"
12171.747	0.9510000000009313	states																																	"        state_name
id                
1   nose_in_center"
12172.698	0.0020000000004074536	states																																	"   state_name
id           
5      go_cue"
12172.7	2.6819999999988795	states																																	"            state_name
id                    
6   wait_for_side_poke"
12175.382	0.020000000000436557	states																																	"         state_name
id                 
4   announce_reward"
12175.402	0.32730000000083237	states																																	"   state_name
id           
8      reward"
12175.7293	9.999999929277692e-05	states																																	"    state_name
id            
7   stop_sound"
12176.2834	4.882999999999811	trials	1.0	2.0	80.0	1.0377753831772825	0.0	0.15	True	9420.0	False	False	44355.0	False	High	True	False	0.025	0.0	0.9023844912145317	1.5	9.0													
12176.2834	4.882999999999811	processed_trials			80.0	1.0377753831772825					False				High					0.9023844912145317		9.0	40.0	40.0	False	True	False			20.347301156158494	2.6023	-0.10821769705268586	Left	1.4289	
12176.2834	2.6023000000004686	states																																	"       state_name
id               
3   wait_for_poke"
12178.8857	0.28069999999934225	states																																	"        state_name
id                
1   nose_in_center"
12179.1664	2.0	states																																	"          state_name
id                  
2   punish_violation"
12181.6852	2.794400000000678	trials	1.0	2.0	80.0	0.9398642715571898	0.0	0.15	True	9420.0	False	False	44356.0	False	High	True	True	0.025	0.0	2.2516414309322146	1.5	9.0													
12181.6852	2.794400000000678	processed_trials			80.0	0.9398642715571898					False				High					2.2516414309322146		9.0	40.0	40.0	False	True	False			20.347301156158494	0.2455	-0.21225695800638117	Left	0.2455	
12181.6852	0.24550000000090222	states																																	"       state_name
id               
3   wait_for_poke"
12181.9307	0.5488999999997759	states																																	"        state_name
id                
1   nose_in_center"
12182.4796	2.0	states																																	"          state_name
id                  
2   punish_violation"
12184.9972	8.404000000000451	trials	1.0	2.0	80.0	0.9859201284585833	0.0	0.15	True	9420.0	True	False	44357.0	False	High	True	True	0.025	0.0	100.0	1.5	9.0													
12184.9972	8.404000000000451	processed_trials			80.0	0.9859201284585833					True				High					100.0		9.0	40.0	40.0	False	False	True	7.019899999999999	7.019899999999999	20.347301156158494	0.1961	-0.2144376858963644	Right	0.1961	
12184.9972	0.19609999999920547	states																																	"       state_name
id               
3   wait_for_poke"
12185.193299999999	0.985900000001493	states																																	"        state_name
id                
1   nose_in_center"
12186.1792	0.0019999999985884642	states																																	"   state_name
id           
5      go_cue"
12186.181199999999	7.019900000001144	states																																	"            state_name
id                    
6   wait_for_side_poke"
12193.2011	0.1999999999989086	states																																	"   state_name
id           
0     opt_out"
12193.4011	0.00010000000111176632	states																																	"    state_name
id            
7   stop_sound"
12193.9519	2.206000000000131	trials	1.0	2.0	40.0	1.0772238947260366	0.0	0.15	True	9420.0	False	False	44358.0	True	Mixed	True	False	0.025	0.0	11.531037484265571	1.5	9.0													
12193.9519	2.206000000000131	processed_trials			40.0	1.0772238947260366					False				Mixed					11.531037484265571		9.0	40.0	40.0	False	True	False			20.347301156158494	0.1766	-0.2152984995371473	Left	0.1766	
12193.9519	0.17660000000068976	states																																	"       state_name
id               
3   wait_for_poke"
12194.1285	0.029399999999441206	states																																	"        state_name
id                
1   nose_in_center"
12194.1579	2.0	states																																	"          state_name
id                  
2   punish_violation"
12196.6716	2.3026000000008935	trials	1.0	2.0	40.0	0.8280135169647177	0.0	0.15	True	9420.0	False	False	44359.0	True	Mixed	True	True	0.025	0.0	0.9500165414865518	1.5	9.0													
12196.6716	2.3026000000008935	processed_trials			40.0	0.8280135169647177					False				Mixed					0.9500165414865518		9.0	40.0	40.0	True	False	False	0.9500000000000001	0.9500000000000001	20.347301156158494	0.0985	-0.21874616852920586	Left	0.0985	
12196.6716	0.09850000000005821	states																																	"       state_name
id               
3   wait_for_poke"
12196.7701	0.8279999999995198	states																																	"        state_name
id                
1   nose_in_center"
12197.5981	0.0020000000004074536	states																																	"   state_name
id           
5      go_cue"
12197.6001	0.9500000000007276	states																																	"            state_name
id                    
6   wait_for_side_poke"
12198.5501	0.0967000000000553	states																																	"         state_name
id                 
4   announce_reward"
12198.6468	0.3272999999990134	states																																	"   state_name
id           
8      reward"
12198.9741	0.00010000000111176632	states																																	"    state_name
id            
7   stop_sound"
12199.5149	4.204599999999118	trials	1.0	2.0	10.0	0.9359940808605839	0.0	0.15	True	9460.0	False	False	44360.0	False	Mixed	True	False	0.025	0.0	5.0770062541184435	1.5	9.0													
12199.5149	4.204599999999118	processed_trials			10.0	0.9359940808605839					False				Mixed					5.0770062541184435		9.0	40.0	40.0	False	True	False			20.347301156158494	1.9312	-0.13784292958239772	Left	0.4676	
12199.5149	1.9312000000008993	states																																	"       state_name
id               
3   wait_for_poke"
12201.446100000001	0.27339999999821885	states																																	"        state_name
id                
1   nose_in_center"
12201.7195	2.0	states																																	"          state_name
id                  
2   punish_violation"
12204.2624	3.2969000000011874	trials	1.0	2.0	10.0	1.067683182500606	0.0	0.15	True	9460.0	False	False	44361.0	False	Mixed	True	True	0.025	0.0	1.7949116904768994	1.5	9.0													
12204.2624	3.2969000000011874	processed_trials			10.0	1.067683182500606					False				Mixed					1.7949116904768994		9.0	40.0	40.0	True	False	False	1.7949000000000002	1.7949000000000002	20.347301156158494	0.2409	-0.21246002173702738	Right	0.2409	
12204.2624	0.24090000000069267	states																																	"       state_name
id               
3   wait_for_poke"
12204.5033	1.0676999999996042	states																																	"        state_name
id                
1   nose_in_center"
12205.571	0.0020000000004074536	states																																	"   state_name
id           
5      go_cue"
12205.573	1.794899999998961	states																																	"            state_name
id                    
6   wait_for_side_poke"
12207.3679	0.0577000000012049	states																																	"         state_name
id                 
4   announce_reward"
12207.4256	0.13359999999920547	states																																	"   state_name
id           
8      reward"
12207.5592	9.999999929277692e-05	states																																	"    state_name
id            
7   stop_sound"
12208.0967	2.5890999999992346	trials	1.0	2.0	5.0	0.8344928313374266	0.0	0.15	True	9470.0	False	False	44362.0	False	Mixed	True	False	0.025	0.0	6.150611270029475	1.5	9.0													
12208.0967	2.5890999999992346	processed_trials			5.0	0.8344928313374266					False				Mixed					6.150611270029475		9.0	40.0	40.0	False	True	False			20.347301156158494	0.4895	-0.20148575142427763	Right	0.4895	
12208.0967	0.48949999999967986	states																																	"       state_name
id               
3   wait_for_poke"
12208.5862	0.09959999999955471	states																																	"        state_name
id                
1   nose_in_center"
12208.6858	2.0	states																																	"          state_name
id                  
2   punish_violation"
12211.2238	8.949399999999514	trials	1.0	2.0	5.0	1.0191572495841486	0.0	0.15	True	9470.0	False	False	44363.0	False	Mixed	True	True	0.025	0.0	1.566150008704751	1.5	9.0													
12211.2238	8.949399999999514	processed_trials			5.0	1.0191572495841486					False				Mixed					1.566150008704751		9.0	40.0	40.0	False	True	False			20.347301156158494	6.8326	0.07852588985007096	Left	6.8326	
12211.2238	6.832599999999729	states																																	"       state_name
id               
3   wait_for_poke"
12218.0564	0.11679999999978463	states																																	"        state_name
id                
1   nose_in_center"
12218.1732	2.0	states																																	"          state_name
id                  
2   punish_violation"
12220.7025	5.8343000000004395	trials	1.0	2.0	5.0	1.0191572	0.0	0.15	True	9470.0	False	False	44364.0	False	Mixed	True	True	0.025	0.0	0.43378036800855635	1.5	9.0													
12220.7025	5.8343000000004395	processed_trials			5.0	1.0191572					False				Mixed					0.43378036800855635		9.0	40.0	40.0	False	True	False			20.347301156158494	3.7131	-0.059182220530552145	Right	3.7131	
12220.7025	3.71310000000085	states																																	"       state_name
id               
3   wait_for_poke"
12224.4156	0.12119999999958964	states																																	"        state_name
id                
1   nose_in_center"
12224.5368	2.0	states																																	"          state_name
id                  
2   punish_violation"
12227.0924	37.97230000000127	trials	1.0	2.0	5.0	1.1612523391269114	0.0	0.15	True	9470.0	False	False	44365.0	False	Mixed	True	True	0.025	0.0	2.657220983789629	1.5	9.0													
12227.0924	37.97230000000127	processed_trials			5.0	1.1612523391269114					False				Mixed					2.657220983789629		9.0	40.0	40.0	False	True	False			20.347301156158494	35.6686	1.3514706152662104	Left	35.6686	
12227.0924	35.66860000000088	states																																	"       state_name
id               
3   wait_for_poke"
12262.761	0.303699999998571	states																																	"        state_name
id                
1   nose_in_center"
12263.064699999999	2.0	states																																	"          state_name
id                  
2   punish_violation"
12265.6061	5.441100000000006	trials	1.0	2.0	5.0	1.1612523	0.0	0.15	True	9470.0	False	False	44366.0	False	Mixed	True	True	0.025	0.0	1.5860311584590354	1.5	9.0													
12265.6061	5.441100000000006	processed_trials			5.0	1.1612523					False				Mixed					1.5860311584590354		9.0	40.0	40.0	False	True	False			20.347301156158494	2.9209	-0.09415332649097195	Left	2.9209	
12265.6061	2.9208999999991647	states																																	"       state_name
id               
3   wait_for_poke"
12268.527	0.5202000000008411	states																																	"        state_name
id                
1   nose_in_center"
12269.0472	2.0	states																																	"          state_name
id                  
2   punish_violation"
12271.5764	2.2172000000009575	trials	1.0	2.0	5.0	0.8950745337076481	0.0	0.15	True	9470.0	False	False	44367.0	False	Mixed	True	True	0.025	0.0	2.6753864003248804	1.5	9.0													
12271.5764	2.2172000000009575	processed_trials			5.0	0.8950745337076481					False				Mixed					2.6753864003248804		9.0	40.0	40.0	False	True	False			20.347301156158494	0.1439	-0.21674201779630622	Left	0.1439	
12271.5764	0.14389999999912106	states																																	"       state_name
id               
3   wait_for_poke"
12271.720299999999	0.07330000000001746	states																																	"        state_name
id                
1   nose_in_center"
12271.793599999999	2.0	states																																	"          state_name
id                  
2   punish_violation"
12274.3166	60.29999999999927	trials	1.0	2.0	5.0	1.0384346098186399	0.0	0.15	True	9470.0	True	False	44368.0	False	Mixed	True	True	0.025	0.0	100.0	1.5	9.0													
12274.3166	60.29999999999927	processed_trials			5.0	1.0384346098186399					True				Mixed					100.0		9.0	40.0	40.0	False	True	False			20.347301156158494	58.1036	2.3418477450592152	Left	58.1036	
12274.3166	58.10360000000037	states																																	"       state_name
id               
3   wait_for_poke"
12332.4202	0.19639999999890279	states																																	"        state_name
id                
1   nose_in_center"
12332.6166	2.0	states																																	"          state_name
id                  
2   punish_violation"
12335.1507	9.181000000000495	trials	1.0	2.0	5.0	0.8243667325413111	0.0	0.15	True	9470.0	True	False	44369.0	False	Mixed	True	True	0.025	0.0	100.0	1.5	9.0													
12335.1507	9.181000000000495	processed_trials			5.0	0.8243667325413111					True				Mixed					100.0		9.0	40.0	40.0	False	True	False			20.347301156158494	6.6819	0.07187334545694386	Right	6.6819	
12335.1507	6.681899999999587	states																																	"       state_name
id               
3   wait_for_poke"
12341.8326	0.49910000000090804	states																																	"        state_name
id                
1   nose_in_center"
12342.3317	2.0	states																																	"          state_name
id                  
2   punish_violation"
12344.9229	5.7435999999997875	trials	1.0	2.0	5.0	1.0432337349036702	0.0	0.15	True	9470.0	False	False	44370.0	False	Mixed	True	True	0.025	0.0	0.29911944051467404	1.5	9.0													
12344.9229	5.7435999999997875	processed_trials			5.0	1.0432337349036702					False				Mixed					0.29911944051467404		9.0	40.0	40.0	False	True	False			20.347301156158494	3.0524	-0.08834835245184647	Left	3.0524	
12344.9229	3.052400000000489	states																																	"       state_name
id               
3   wait_for_poke"
12347.9753	0.6911999999992986	states																																	"        state_name
id                
1   nose_in_center"
12348.6665	2.0	states																																	"          state_name
id                  
2   punish_violation"
12351.2114	57.96700000000055	trials	1.0	2.0	5.0	1.0116920501179698	0.0	0.15	True	9470.0	False	False	44371.0	False	Mixed	True	True	0.025	0.0	7.3642889304499715	1.5	9.0													
12351.2114	57.96700000000055	processed_trials			5.0	1.0116920501179698					False				Mixed					7.3642889304499715		9.0	40.0	40.0	False	True	False			20.347301156158494	55.842400000000005	2.2420286781598198	Right	55.842400000000005	
12351.2114	55.84239999999954	states																																	"       state_name
id               
3   wait_for_poke"
12407.0538	0.1246000000010099	states																																	"        state_name
id                
1   nose_in_center"
12407.1784	2.0	states																																	"          state_name
id                  
2   punish_violation"
12409.7177	9.631800000001022	trials	1.0	2.0	5.0	1.1959156718587647	0.0	0.15	True	9470.0	False	False	44372.0	False	Mixed	True	True	0.025	0.0	1.071565665923135	1.5	9.0													
12409.7177	9.631800000001022	processed_trials			5.0	1.1959156718587647					False				Mixed					1.071565665923135		9.0	40.0	40.0	False	True	False			20.347301156158494	7.583600000000001	0.11167825109252905	Left	7.583600000000001	
12409.7177	7.583599999999933	states																																	"       state_name
id               
3   wait_for_poke"
12417.3013	0.048199999999269494	states																																	"        state_name
id                
1   nose_in_center"
12417.349499999998	2.0	states																																	"          state_name
id                  
2   punish_violation"
12419.899	3.5182999999997264	trials	1.0	2.0	5.0	0.802382379947208	0.0	0.15	True	9470.0	False	False	44373.0	False	Mixed	True	True	0.025	0.0	1.0715657	1.5	9.0													
12419.899	3.5182999999997264	processed_trials			5.0	0.802382379947208					False				Mixed					1.0715657		9.0	40.0	40.0	False	True	False			20.347301156158494	1.2402	-0.16834663346860082	Left	1.2402	
12419.899	1.2402000000001863	states																																	"       state_name
id               
3   wait_for_poke"
12421.1392	0.27809999999954016	states																																	"        state_name
id                
1   nose_in_center"
12421.4173	2.0	states																																	"          state_name
id                  
2   punish_violation"
12423.96	230.70830000000024	trials	1.0	2.0	5.0	1.189014958166029	0.0	0.15	True	9470.0	False	False	44374.0	False	Mixed	True	True	0.025	0.0	1.4034961704587192	1.5	9.0													
12423.96	230.70830000000024	processed_trials			5.0	1.189014958166029					False				Mixed					1.4034961704587192		9.0	40.0	40.0	False	True	False			20.347301156158494	228.43179999999998	9.860865076853683	Right	228.43179999999998	
12423.96	228.4318000000003	states																																	"       state_name
id               
3   wait_for_poke"
12652.3918	0.2764999999999418	states																																	"        state_name
id                
1   nose_in_center"
12652.6683	2.0	states																																	"          state_name
id                  
2   punish_violation"
12655.242	27.204499999999825	trials	1.0	2.0	5.0	1.189015	0.0	0.15	True	9470.0	True	False	44375.0	False	Mixed	True	True	0.025	0.0	100.0	1.5	9.0													
12655.242	27.204499999999825	processed_trials			5.0	1.189015					True				Mixed					100.0		9.0	40.0	40.0	False	True	False			20.347301156158494	25.1772	0.8883352188093203	Left	25.1772	
12655.242	25.177200000000084	states																																	"       state_name
id               
3   wait_for_poke"
12680.4192	0.027299999999740976	states																																	"        state_name
id                
1   nose_in_center"
12680.4465	2.0	states																																	"          state_name
id                  
2   punish_violation"
12682.9812	26.340899999999237	trials	1.0	2.0	5.0	0.8620284059182746	0.0	0.15	True	9470.0	True	False	44376.0	False	Mixed	True	True	0.025	0.0	100.0	1.5	9.0													
12682.9812	26.340899999999237	processed_trials			5.0	0.8620284059182746					True				Mixed					100.0		9.0	40.0	40.0	False	False	True		24.569599999999998	20.347301156158494	0.7072	-0.19187553964999912	Left	0.7072	
12682.9812	0.7072000000007392	states																																	"       state_name
id               
3   wait_for_poke"
12683.688400000001	0.8619999999991705	states																																	"        state_name
id                
1   nose_in_center"
12684.5504	0.0020000000004074536	states																																	"   state_name
id           
5      go_cue"
12684.5524	24.5695999999989	states																																	"            state_name
id                    
6   wait_for_side_poke"
12709.122	0.2000000000007276	states																																	"   state_name
id           
0     opt_out"
12709.322	9.999999929277692e-05	states																																	"    state_name
id            
7   stop_sound"
12709.89	2.179600000001301	trials	1.0	2.0	40.0	1.0638202522349927	0.0	0.15	True	9470.0	True	False	44377.0	False	Mixed	True	False	0.025	0.0	100.0	1.5	9.0													
12709.89	2.179600000001301	processed_trials			40.0	1.0638202522349927					True				Mixed					100.0		9.0	40.0	40.0	False	True	False			20.347301156158494	0.15990000000000001	-0.21603570916797157	Left	0.15990000000000001	
12709.89	0.1599000000005617	states																																	"       state_name
id               
3   wait_for_poke"
12710.0499	0.019699999998920248	states																																	"        state_name
id                
1   nose_in_center"
12710.069599999999	2.0	states																																	"          state_name
id                  
2   punish_violation"
12712.6353	4.777299999999741	trials	1.0	2.0	40.0	1.0968124586951518	0.0	0.15	True	9470.0	False	False	44378.0	False	Mixed	True	True	0.025	0.0	3.0035029105984328	1.5	9.0													
12712.6353	4.777299999999741	processed_trials			40.0	1.0968124586951518					False				Mixed					3.0035029105984328		9.0	40.0	40.0	True	False	False	3.0035000000000003	3.0035000000000003	20.347301156158494	0.3092	-0.2094449667798238	Left	0.3092	
12712.6353	0.3091999999996915	states																																	"       state_name
id               
3   wait_for_poke"
12712.9445	1.096800000001167	states																																	"        state_name
id                
1   nose_in_center"
12714.0413	0.0019999999985884642	states																																	"   state_name
id           
5      go_cue"
12714.0433	3.003500000000713	states																																	"            state_name
id                    
6   wait_for_side_poke"
12717.0468	0.03839999999945576	states																																	"         state_name
id                 
4   announce_reward"
12717.0852	0.32730000000083237	states																																	"   state_name
id           
8      reward"
12717.4125	9.999999929277692e-05	states																																	"    state_name
id            
7   stop_sound"
12718.005	4.8870999999999185	trials	1.0	2.0	40.0	0.8482045879361831	0.0	0.15	True	9510.0	True	False	44379.0	False	Mixed	True	False	0.025	0.0	100.0	1.5	9.0													
12718.005	4.8870999999999185	processed_trials			40.0	0.8482045879361831					True				Mixed					100.0		9.0	40.0	40.0	False	True	False			20.347301156158494	2.571	-0.10959941330686553	Right	1.2967000000000002	
12718.005	2.5709999999999127	states																																	"       state_name
id               
3   wait_for_poke"
12720.576	0.3161000000000058	states																																	"        state_name
id                
1   nose_in_center"
12720.8921	2.0	states																																	"          state_name
id                  
2   punish_violation"
12723.4661	15.528000000000247	trials	1.0	2.0	40.0	0.8748287109297036	0.0	0.15	True	9510.0	True	False	44380.0	False	Mixed	True	True	0.025	0.0	100.0	1.5	9.0													
12723.4661	15.528000000000247	processed_trials			40.0	0.8748287109297036					True				Mixed					100.0		9.0	40.0	40.0	False	False	True	14.4475	14.4475	20.347301156158494	0.0036	-0.2229354615810158	Left	0.0036	
12723.4661	0.0036000000000058208	states																																	"       state_name
id               
3   wait_for_poke"
12723.4697	0.8747999999995955	states																																	"        state_name
id                
1   nose_in_center"
12724.3445	0.0020000000004074536	states																																	"   state_name
id           
5      go_cue"
12724.3465	14.447500000000218	states																																	"            state_name
id                    
6   wait_for_side_poke"
12738.794	0.1999999999989086	states																																	"   state_name
id           
0     opt_out"
12738.993999999999	0.00010000000111176632	states																																	"    state_name
id            
7   stop_sound"
12739.5501	4.3879999999990105	trials	1.0	2.0	10.0	1.072950329221939	0.0	0.15	True	9510.0	False	False	44381.0	False	Mixed	True	False	0.025	0.0	2.19439692214275	1.5	9.0													
12739.5501	4.3879999999990105	processed_trials			10.0	1.072950329221939					False				Mixed					2.19439692214275		9.0	40.0	40.0	True	False	False	2.194400000000001	2.194400000000001	20.347301156158494	0.8907	-0.18377506256878604	Left	0.8907	
12739.5501	0.8906999999999243	states																																	"       state_name
id               
3   wait_for_poke"
12740.4408	1.0730000000003201	states																																	"        state_name
id                
1   nose_in_center"
12741.5138	0.0020000000004074536	states																																	"   state_name
id           
5      go_cue"
12741.515800000001	2.1943999999984953	states																																	"            state_name
id                    
6   wait_for_side_poke"
12743.7102	0.11740000000099826	states																																	"         state_name
id                 
4   announce_reward"
12743.8276	0.11039999999957217	states																																	"   state_name
id           
8      reward"
12743.938	0.00010000000111176632	states																																	"    state_name
id            
7   stop_sound"
12744.4828	3.186999999999898	trials	1.0	2.0	10.0	1.0729503	0.0	0.15	True	9520.0	False	False	44382.0	False	Mixed	True	False	0.025	0.0	3.2508128215441703	1.5	9.0													
12744.4828	3.186999999999898	processed_trials			10.0	1.0729503					False				Mixed					3.2508128215441703		9.0	40.0	40.0	False	True	False			20.347301156158494	0.9788	-0.17988595068401833	Left	0.7896000000000001	
12744.4828	0.9788000000007742	states																																	"       state_name
id               
3   wait_for_poke"
12745.4616	0.20819999999912397	states																																	"        state_name
id                
1   nose_in_center"
12745.6698	2.0	states																																	"          state_name
id                  
2   punish_violation"
12748.2058	7.822799999999916	trials	1.0	2.0	10.0	1.0422123686549294	0.0	0.15	True	9520.0	True	False	44383.0	False	Mixed	True	True	0.025	0.0	100.0	1.5	9.0													
12748.2058	7.822799999999916	processed_trials			10.0	1.0422123686549294					True				Mixed					100.0		9.0	40.0	40.0	False	True	False			20.347301156158494	5.1876999999999995	0.005912948428340871	Right	5.1876999999999995	
12748.2058	5.1877000000004045	states																																	"       state_name
id               
3   wait_for_poke"
12753.3935	0.6350999999995111	states																																	"        state_name
id                
1   nose_in_center"
12754.0286	2.0	states																																	"          state_name
id                  
2   punish_violation"
12756.5673	2.7223999999987427	trials	1.0	2.0	10.0	0.9440211441512956	0.0	0.15	True	9520.0	False	False	44384.0	False	Mixed	True	True	0.025	0.0	0.4052451655994683	1.5	9.0													
12756.5673	2.7223999999987427	processed_trials			10.0	0.9440211441512956					False				Mixed					0.4052451655994683		9.0	40.0	40.0	True	False	False	0.4052000000000002	0.4052000000000002	20.347301156158494	0.4012	-0.2053836921668995	Right	0.4012	
12756.5673	0.40120000000024447	states																																	"       state_name
id               
3   wait_for_poke"
12756.9685	0.9439999999995052	states																																	"        state_name
id                
1   nose_in_center"
12757.9125	0.0020000000004074536	states																																	"   state_name
id           
5      go_cue"
12757.9145	0.4051999999992404	states																																	"            state_name
id                    
6   wait_for_side_poke"
12758.3197	0.8363000000008469	states																																	"         state_name
id                 
4   announce_reward"
12759.156	0.13359999999920547	states																																	"   state_name
id           
8      reward"
12759.2896	0.00010000000111176632	states																																	"    state_name
id            
7   stop_sound"
12759.8325	3.9684999999990396	trials	1.0	2.0	20.0	1.0789754494102608	0.0	0.15	True	9530.0	False	False	44385.0	False	Mixed	True	False	0.025	0.0	0.40524517	1.5	9.0													
12759.8325	3.9684999999990396	processed_trials			20.0	1.0789754494102608					False				Mixed					0.40524517		9.0	40.0	40.0	False	True	False			20.347301156158494	1.8985999999999998	-0.13928203341262957	Left	0.7189999999999999	
12759.8325	1.8986000000004424	states																																	"       state_name
id               
3   wait_for_poke"
12761.7311	0.06990000000041618	states																																	"        state_name
id                
1   nose_in_center"
12761.801000000001	2.0	states																																	"          state_name
id                  
2   punish_violation"
12764.3489	5.015599999998813	trials	1.0	2.0	20.0	0.8462053081930931	0.0	0.15	True	9530.0	False	False	44386.0	False	Mixed	True	True	0.025	0.0	3.282576368241882	1.5	9.0													
12764.3489	5.015599999998813	processed_trials			20.0	0.8462053081930931					False				Mixed					3.282576368241882		9.0	40.0	40.0	True	False	False	3.2825999999999995	3.2825999999999995	20.347301156158494	0.5501	-0.1988106074944601	Left	0.5501	
12764.3489	0.5501000000003842	states																																	"       state_name
id               
3   wait_for_poke"
12764.899000000001	0.8461999999999534	states																																	"        state_name
id                
1   nose_in_center"
12765.745200000001	0.0020000000004074536	states																																	"   state_name
id           
5      go_cue"
12765.747200000002	3.282599999998638	states																																	"            state_name
id                    
6   wait_for_side_poke"
12769.0298	0.15229999999974098	states																																	"         state_name
id                 
4   announce_reward"
12769.1821	0.1823000000003958	states																																	"   state_name
id           
8      reward"
12769.3644	0.00010000000111176632	states																																	"    state_name
id            
7   stop_sound"
12769.9213	4.78479999999945	trials	1.0	2.0	20.0	1.0681251952641864	0.0	0.15	True	9550.0	False	False	44387.0	False	Mixed	True	False	0.025	0.0	4.823326372563654	1.5	9.0													
12769.9213	4.78479999999945	processed_trials			20.0	1.0681251952641864					False				Mixed					4.823326372563654		9.0	40.0	40.0	False	True	False			20.347301156158494	2.7564	-0.10141506207603766	Left	1.5366000000000002	
12769.9213	2.7564000000002125	states																																	"       state_name
id               
3   wait_for_poke"
12772.6777	0.02839999999923748	states																																	"        state_name
id                
1   nose_in_center"
12772.7061	2.0	states																																	"          state_name
id                  
2   punish_violation"
12775.2648	3.2145000000000437	trials	1.0	2.0	20.0	1.126529236533129	0.0	0.15	True	9550.0	False	False	44388.0	False	Mixed	True	True	0.025	0.0	3.1288383761258727	1.5	9.0													
12775.2648	3.2145000000000437	processed_trials			20.0	1.126529236533129					False				Mixed					3.1288383761258727		9.0	40.0	40.0	False	True	False			20.347301156158494	1.0840999999999998	-0.17523755702379085	Left	1.0840999999999998	
12775.2648	1.084100000000035	states																																	"       state_name
id               
3   wait_for_poke"
12776.3489	0.13040000000000873	states																																	"        state_name
id                
1   nose_in_center"
12776.4793	2.0	states																																	"          state_name
id                  
2   punish_violation"
12779.0251	2.0692999999992026	trials	1.0	2.0	20.0	1.0254744109114284	0.0	0.15	True	9550.0	False	False	44389.0	False	Mixed	True	True	0.025	0.0	3.2095780030999355	1.5	9.0													
12779.0251	2.0692999999992026	processed_trials			20.0	1.0254744109114284					False				Mixed					3.2095780030999355		9.0	40.0	40.0	False	True	False			20.347301156158494	0.0445	-0.2211299601498353	Left	0.0445	
12779.0251	0.044499999999970896	states																																	"       state_name
id               
3   wait_for_poke"
12779.0696	0.02479999999923166	states																																	"        state_name
id                
1   nose_in_center"
12779.0944	2.0	states																																	"          state_name
id                  
2   punish_violation"
12781.6689	2.8980999999985215	trials	1.0	2.0	20.0	0.9191676225841716	0.0	0.15	True	9550.0	False	False	44390.0	False	Mixed	True	True	0.025	0.0	0.49690971841821063	1.5	9.0													
12781.6689	2.8980999999985215	processed_trials			20.0	0.9191676225841716					False				Mixed					0.49690971841821063		9.0	40.0	40.0	True	False	False	0.4969000000000001	0.4969000000000001	20.347301156158494	0.7964	-0.1879378690470334	Right	0.7964	
12781.6689	0.7963999999992666	states																																	"       state_name
id               
3   wait_for_poke"
12782.4653	0.9192000000002736	states																																	"        state_name
id                
1   nose_in_center"
12783.3845	0.0020000000004074536	states																																	"   state_name
id           
5      go_cue"
12783.3865	0.49690000000009604	states																																	"            state_name
id                    
6   wait_for_side_poke"
12783.8834	0.44390000000021246	states																																	"         state_name
id                 
4   announce_reward"
12784.3273	0.23959999999897263	states																																	"   state_name
id           
8      reward"
12784.5669	0.00010000000111176632	states																																	"    state_name
id            
7   stop_sound"
12785.1519	3.79529999999977	trials	1.0	2.0	20.0	1.0857845392031316	0.0	0.15	True	9570.0	False	False	44391.0	False	Mixed	True	False	0.025	0.0	4.345194890240016	1.5	9.0													
12785.1519	3.79529999999977	processed_trials			20.0	1.0857845392031316					False				Mixed					4.345194890240016		9.0	40.0	40.0	False	True	False			20.347301156158494	1.7485	-0.14590809123219411	Right	0.6322000000000001	
12785.1519	1.7484999999996944	states																																	"       state_name
id               
3   wait_for_poke"
12786.9004	0.04680000000007567	states																																	"        state_name
id                
1   nose_in_center"
12786.9472	2.0	states																																	"          state_name
id                  
2   punish_violation"
12789.5214	2.1179000000011	trials	1.0	2.0	20.0	1.1443299246616747	0.0	0.15	True	9570.0	False	False	44392.0	False	Mixed	True	True	0.025	0.0	1.4157306074157998	1.5	9.0													
12789.5214	2.1179000000011	processed_trials			20.0	1.1443299246616747					False				Mixed					1.4157306074157998		9.0	40.0	40.0	False	True	False			20.347301156158494	0.0282	-0.22184951206495124	Left	0.0282	
12789.5214	0.028200000000651926	states																																	"       state_name
id               
3   wait_for_poke"
12789.5496	0.08969999999862921	states																																	"        state_name
id                
1   nose_in_center"
12789.639299999999	2.0	states																																	"          state_name
id                  
2   punish_violation"
12792.1904	2.205100000001039	trials	1.0	2.0	20.0	1.1251326204538579	0.0	0.15	True	9570.0	False	False	44393.0	False	Mixed	True	True	0.025	0.0	0.8603652906766386	1.5	9.0													
12792.1904	2.205100000001039	processed_trials			20.0	1.1251326204538579					False				Mixed					0.8603652906766386		9.0	40.0	40.0	False	True	False			20.347301156158494	0.1758	-0.21533381496856402	Right	0.1758	
12792.1904	0.17580000000089058	states																																	"       state_name
id               
3   wait_for_poke"
12792.3662	0.02929999999832944	states																																	"        state_name
id                
1   nose_in_center"
12792.395499999999	2.0	states																																	"          state_name
id                  
2   punish_violation"
12794.9457	2.3215000000000146	trials	1.0	2.0	20.0	1.1251326	0.0	0.15	True	9570.0	False	False	44394.0	False	Mixed	True	True	0.025	0.0	2.548724038576533	1.5	9.0													
12794.9457	2.3215000000000146	processed_trials			20.0	1.1251326					False				Mixed					2.548724038576533		9.0	40.0	40.0	False	True	False			20.347301156158494	0.2388	-0.21255272474449627	Left	0.2388	
12794.9457	0.23879999999917345	states																																	"       state_name
id               
3   wait_for_poke"
12795.1845	0.0827000000008411	states																																	"        state_name
id                
1   nose_in_center"
12795.2672	2.0	states																																	"          state_name
id                  
2   punish_violation"
12797.8131	14.035100000000966	trials	1.0	2.0	20.0	1.1092112849421596	0.0	0.15	True	9570.0	False	False	44395.0	False	Mixed	True	True	0.025	0.0	5.303247858972947	1.5	9.0													
12797.8131	14.035100000000966	processed_trials			20.0	1.1092112849421596					False				Mixed					5.303247858972947		9.0	40.0	40.0	False	True	False			20.347301156158494	11.9796	0.30573654672747663	Left	11.9796	
12797.8131	11.979600000000573	states																																	"       state_name
id               
3   wait_for_poke"
12809.7927	0.05549999999857391	states																																	"        state_name
id                
1   nose_in_center"
12809.848199999999	2.0	states																																	"          state_name
id                  
2   punish_violation"
12812.4443	26.465500000000247	trials	1.0	2.0	20.0	1.1725129834754224	0.0	0.15	True	9570.0	True	False	44396.0	False	Mixed	True	True	0.025	0.0	100.0	1.5	9.0													
12812.4443	26.465500000000247	processed_trials			20.0	1.1725129834754224					True				Mixed					100.0		9.0	40.0	40.0	False	False	True	9.086000000000002	9.086000000000002	20.347301156158494	16.0049	0.4834305543296956	Right	16.0049	
12812.4443	16.004899999999907	states																																	"       state_name
id               
3   wait_for_poke"
12828.4492	1.172500000000582	states																																	"        state_name
id                
1   nose_in_center"
12829.6217	0.0020000000004074536	states																																	"   state_name
id           
5      go_cue"
12829.6237	9.08599999999933	states																																	"            state_name
id                    
6   wait_for_side_poke"
12838.7097	0.1999999999989086	states																																	"   state_name
id           
0     opt_out"
12838.909699999998	0.00010000000111176632	states																																	"    state_name
id            
7   stop_sound"
12839.4964	2.08179999999993	trials	1.0	2.0	5.0	1.0080892286123222	0.0	0.15	True	9570.0	False	False	44397.0	False	Mixed	True	False	0.025	0.0	8.195617456381818	1.5	9.0													
12839.4964	2.08179999999993	processed_trials			5.0	1.0080892286123222					False				Mixed					8.195617456381818		9.0	40.0	40.0	False	True	False			20.347301156158494	0.0409	-0.22128887959121063	Right	0.0409	
12839.4964	0.040899999999965075	states																																	"       state_name
id               
3   wait_for_poke"
12839.5373	0.040899999999965075	states																																	"        state_name
id                
1   nose_in_center"
12839.5782	2.0	states																																	"          state_name
id                  
2   punish_violation"
12842.1279	3.783000000001266	trials	1.0	2.0	5.0	1.1240781544004097	0.0	0.15	True	9570.0	True	False	44398.0	False	Mixed	True	True	0.025	0.0	100.0	1.5	9.0													
12842.1279	3.783000000001266	processed_trials			5.0	1.1240781544004097					True				Mixed					100.0		9.0	40.0	40.0	False	True	False			20.347301156158494	1.5422	-0.1550150581087841	Left	1.5422	
12842.1279	1.5421999999998661	states																																	"       state_name
id               
3   wait_for_poke"
12843.6701	0.2407999999995809	states																																	"        state_name
id                
1   nose_in_center"
12843.910899999999	2.0	states																																	"          state_name
id                  
2   punish_violation"
12846.5529	41.83189999999922	trials	1.0	2.0	5.0	1.0424986191262404	0.0	0.15	True	9570.0	False	False	44399.0	False	Mixed	True	True	0.025	0.0	0.7515928782165489	1.5	9.0													
12846.5529	41.83189999999922	processed_trials			5.0	1.0424986191262404					False				Mixed					0.7515928782165489		9.0	40.0	40.0	False	True	False			20.347301156158494	38.9437	1.496047577057388	Left	38.9437	
12846.5529	38.94369999999981	states																																	"       state_name
id               
3   wait_for_poke"
12885.4966	0.888199999999415	states																																	"        state_name
id                
1   nose_in_center"
12886.3848	2.0	states																																	"          state_name
id                  
2   punish_violation"
12888.9755	10.286799999999857	trials	1.0	2.0	5.0	1.0770852428379087	0.0	0.15	True	9570.0	False	False	44400.0	False	Mixed	True	True	0.025	0.0	4.4030376101687985	1.5	9.0													
12888.9755	10.286799999999857	processed_trials			5.0	1.0770852428379087					False				Mixed					4.4030376101687985		9.0	40.0	40.0	False	True	False			20.347301156158494	7.975899999999999	0.12899605577350942	Left	7.975899999999999	
12888.9755	7.975899999999456	states																																	"       state_name
id               
3   wait_for_poke"
12896.9514	0.31090000000040163	states																																	"        state_name
id                
1   nose_in_center"
12897.2623	2.0	states																																	"          state_name
id                  
2   punish_violation"
12899.826	360.1168000000016	trials	1.0	2.0	5.0	0.8937277483381131	0.0	0.15	True	9570.0	False	False	44401.0	False	Mixed	True	True	0.025	0.0	5.799162139241009	1.5	9.0													
12899.826	360.1168000000016	processed_trials			5.0	0.8937277483381131					False				Mixed					5.799162139241009		9.0	40.0	40.0	False	True	False			20.347301156158494	357.99920000000003	15.580525862534193	Left	357.99920000000003	
12899.826	357.9992000000002	states																																	"       state_name
id               
3   wait_for_poke"
13257.8252	0.11759999999958382	states																																	"        state_name
id                
1   nose_in_center"
13257.942799999999	2.0	states																																	"          state_name
id                  
2   punish_violation"
13260.5061	14.285099999999147	trials	1.0	2.0	5.0	0.89372775	0.0	0.15	True	9570.0	False	False	44402.0	False	Mixed	True	True	0.025	0.0	2.7539766426850805	1.5	9.0													
13260.5061	14.285099999999147	processed_trials			5.0	0.89372775					False				Mixed					2.7539766426850805		9.0	40.0	40.0	False	True	False			20.347301156158494	12.0483	0.3087692594003886	Right	12.0483	
13260.5061	12.048300000000381	states																																	"       state_name
id               
3   wait_for_poke"
13272.5544	0.236799999998766	states																																	"        state_name
id                
1   nose_in_center"
13272.7912	2.0	states																																	"          state_name
id                  
2   punish_violation"
13275.3612	17.92530000000079	trials	1.0	2.0	5.0	1.133174040646451	0.0	0.15	True	9570.0	False	False	44403.0	False	Mixed	True	True	0.025	0.0	0.9540135354919854	1.5	9.0													
13275.3612	17.92530000000079	processed_trials			5.0	1.133174040646451					False				Mixed					0.9540135354919854		9.0	40.0	40.0	False	True	False			20.347301156158494	15.7473	0.4720589854135076	Right	15.7473	
13275.3612	15.747300000000905	states																																	"       state_name
id               
3   wait_for_poke"
13291.1085	0.17799999999988358	states																																	"        state_name
id                
1   nose_in_center"
13291.2865	2.0	states																																	"          state_name
id                  
2   punish_violation"
13293.8405	39.76900000000023	trials	1.0	2.0	5.0	1.133174	0.0	0.15	True	9570.0	False	False	44404.0	False	Mixed	True	True	0.025	0.0	6.071896698092978	1.5	9.0													
13293.8405	39.76900000000023	processed_trials			5.0	1.133174					False				Mixed					6.071896698092978		9.0	40.0	40.0	True	False	False	6.071899999999999	6.071899999999999	20.347301156158494	32.3803	1.2063109488566568	Left	32.3803	
13293.8405	32.380300000000716	states																																	"       state_name
id               
3   wait_for_poke"
13326.220800000001	1.1331999999983964	states																																	"        state_name
id                
1   nose_in_center"
13327.354	0.0020000000004074536	states																																	"   state_name
id           
5      go_cue"
13327.356	6.071900000000824	states																																	"            state_name
id                    
6   wait_for_side_poke"
13333.4279	0.10689999999885913	states																																	"         state_name
id                 
4   announce_reward"
13333.5348	0.07459999999991851	states																																	"   state_name
id           
8      reward"
13333.6094	0.00010000000111176632	states																																	"    state_name
id            
7   stop_sound"
13334.1647	3.81919999999991	trials	1.0	2.0	80.0	0.9519838089936525	0.0	0.15	True	9575.0	False	False	44405.0	False	Mixed	True	False	0.025	0.0	0.24433057259100138	1.5	9.0													
13334.1647	3.81919999999991	processed_trials			80.0	0.9519838089936525					False				Mixed					0.24433057259100138		9.0	40.0	40.0	False	True	False			20.347301156158494	1.8012000000000001	-0.14358168718761682	Left	0.8132000000000001	
13334.1647	1.8011999999998807	states																																	"       state_name
id               
3   wait_for_poke"
13335.9659	0.018000000000029104	states																																	"        state_name
id                
1   nose_in_center"
13335.9839	2.0	states																																	"          state_name
id                  
2   punish_violation"
13338.5621	16.12970000000132	trials	1.0	2.0	80.0	0.8292737755260311	0.0	0.15	True	9575.0	True	False	44406.0	False	Mixed	True	True	0.025	0.0	100.0	1.5	9.0													
13338.5621	16.12970000000132	processed_trials			80.0	0.8292737755260311					True				Mixed					100.0		9.0	40.0	40.0	False	False	True	14.9847	14.9847	20.347301156158494	0.11359999999999999	-0.218079589761215	Left	0.11359999999999999	
13338.5621	0.1136000000005879	states																																	"       state_name
id               
3   wait_for_poke"
13338.6757	0.8292999999994208	states																																	"        state_name
id                
1   nose_in_center"
13339.505	0.0020000000004074536	states																																	"   state_name
id           
5      go_cue"
13339.507	14.984699999999066	states																																	"            state_name
id                    
6   wait_for_side_poke"
13354.491699999999	0.2000000000007276	states																																	"   state_name
id           
0     opt_out"
13354.6917	9.999999929277692e-05	states																																	"    state_name
id            
7   stop_sound"
13355.276	2.2893999999996595	trials	1.0	2.0	10.0	0.9399104789335825	0.0	0.15	True	9575.0	False	False	44407.0	False	Mixed	True	False	0.025	0.0	1.1589005005503958	1.5	9.0													
13355.276	2.2893999999996595	processed_trials			10.0	0.9399104789335825					False				Mixed					1.1589005005503958		9.0	40.0	40.0	False	True	False			20.347301156158494	0.236	-0.21267632875445486	Left	0.236	
13355.276	0.2360000000007858	states																																	"       state_name
id               
3   wait_for_poke"
13355.512	0.05339999999887368	states																																	"        state_name
id                
1   nose_in_center"
13355.5654	2.0	states																																	"          state_name
id                  
2   punish_violation"
13358.1839	5.6203999999997905	trials	1.0	2.0	10.0	1.0794027222337423	0.0	0.15	True	9575.0	False	False	44408.0	False	Mixed	True	True	0.025	0.0	2.797725115393942	1.5	9.0													
13358.1839	5.6203999999997905	processed_trials			10.0	1.0794027222337423					False				Mixed					2.797725115393942		9.0	40.0	40.0	True	False	False	2.7977000000000003	2.7977000000000003	20.347301156158494	1.5217	-0.1559200160388379	Left	1.5217	
13358.1839	1.5216999999993277	states																																	"       state_name
id               
3   wait_for_poke"
13359.7056	1.0794000000005326	states																																	"        state_name
id                
1   nose_in_center"
13360.785	0.0020000000004074536	states																																	"   state_name
id           
5      go_cue"
13360.787	2.7976999999991676	states																																	"            state_name
id                    
6   wait_for_side_poke"
13363.5847	0.10909999999967113	states																																	"         state_name
id                 
4   announce_reward"
13363.6938	0.11040000000139116	states																																	"   state_name
id           
8      reward"
13363.8042	9.999999929277692e-05	states																																	"    state_name
id            
7   stop_sound"
13364.3777	3.261800000000221	trials	1.0	2.0	40.0	0.8833360225271242	0.0	0.15	True	9585.0	False	False	44409.0	False	Mixed	True	False	0.025	0.0	0.3946359342803737	1.5	9.0													
13364.3777	3.261800000000221	processed_trials			40.0	0.8833360225271242					False				Mixed					0.3946359342803737		9.0	40.0	40.0	True	False	False	0.39460000000000006	0.39460000000000006	20.347301156158494	1.4962	-0.15704569541524627	Left	1.062	
13364.3777	1.4961999999995896	states																																	"       state_name
id               
3   wait_for_poke"
13365.873899999999	0.8832999999995081	states																																	"        state_name
id                
1   nose_in_center"
13366.757199999998	0.0020000000004074536	states																																	"   state_name
id           
5      go_cue"
13366.759199999999	0.39459999999962747	states																																	"            state_name
id                    
6   wait_for_side_poke"
13367.153799999998	0.15830000000096334	states																																	"         state_name
id                 
4   announce_reward"
13367.3121	0.3272999999990134	states																																	"   state_name
id           
8      reward"
13367.639399999998	0.00010000000111176632	states																																	"    state_name
id            
7   stop_sound"
13368.2181	5.767299999999523	trials	1.0	2.0	40.0	1.1886830817515077	0.0	0.15	True	9625.0	False	False	44410.0	False	Mixed	True	False	0.025	0.0	0.39463593	1.5	9.0													
13368.2181	5.767299999999523	processed_trials			40.0	1.1886830817515077					False				Mixed					0.39463593		9.0	40.0	40.0	False	True	False			20.347301156158494	3.7364	-0.05815365859053978	Right	1.9872	
13368.2181	3.736399999999776	states																																	"       state_name
id               
3   wait_for_poke"
13371.9545	0.030899999999746797	states																																	"        state_name
id                
1   nose_in_center"
13371.9854	2.0	states																																	"          state_name
id                  
2   punish_violation"
13374.5566	7.89639999999963	trials	1.0	2.0	40.0	1.1886831	0.0	0.15	True	9625.0	True	False	44411.0	False	Mixed	True	True	0.025	0.0	100.0	1.5	9.0													
13374.5566	7.89639999999963	processed_trials			40.0	1.1886831					True				Mixed					100.0		9.0	40.0	40.0	False	False	True	6.4828	6.4828	20.347301156158494	0.0228	-0.2220878912270142	Right	0.0228	
13374.5566	0.022800000000643195	states																																	"       state_name
id               
3   wait_for_poke"
13374.5794	1.1886999999987893	states																																	"        state_name
id                
1   nose_in_center"
13375.7681	0.0020000000004074536	states																																	"   state_name
id           
5      go_cue"
13375.7701	6.48279999999977	states																																	"            state_name
id                    
6   wait_for_side_poke"
13382.2529	0.2000000000007276	states																																	"   state_name
id           
0     opt_out"
13382.4529	9.999999929277692e-05	states																																	"    state_name
id            
7   stop_sound"
13383.0597	2.0370999999995547	trials	1.0	2.0	10.0	1.1220929631839125	0.0	0.15	True	9625.0	False	False	44412.0	False	Mixed	True	False	0.025	0.0	2.4961225260201627	1.5	9.0													
13383.0597	2.0370999999995547	processed_trials			10.0	1.1220929631839125					False				Mixed					2.4961225260201627		9.0	40.0	40.0	False	True	False			20.347301156158494	0.0047	-0.2228869028628178	Right	0.0047	
13383.0597	0.0046999999995023245	states																																	"       state_name
id               
3   wait_for_poke"
13383.0644	0.03240000000005239	states																																	"        state_name
id                
1   nose_in_center"
13383.0968	2.0	states																																	"          state_name
id                  
2   punish_violation"
13385.6758	5.925499999999374	trials	1.0	2.0	10.0	1.102780002493097	0.0	0.15	True	9625.0	False	False	44413.0	False	Mixed	True	True	0.025	0.0	4.531891977884691	1.5	9.0													
13385.6758	5.925499999999374	processed_trials			10.0	1.102780002493097					False				Mixed					4.531891977884691		9.0	40.0	40.0	True	False	False	4.5319	4.5319	20.347301156158494	0.06509999999999999	-0.22022058779085443	Left	0.06509999999999999	
13385.6758	0.0650999999998021	states																																	"       state_name
id               
3   wait_for_poke"
13385.7409	1.1028000000005704	states																																	"        state_name
id                
1   nose_in_center"
13386.843700000001	0.0020000000004074536	states																																	"   state_name
id           
5      go_cue"
13386.845700000002	4.5318999999999505	states																																	"            state_name
id                    
6   wait_for_side_poke"
13391.377600000002	0.11319999999977881	states																																	"         state_name
id                 
4   announce_reward"
13391.490800000001	0.11039999999957217	states																																	"   state_name
id           
8      reward"
13391.601200000001	9.999999929277692e-05	states																																	"    state_name
id            
7   stop_sound"
13392.1652	3.6591000000007625	trials	1.0	2.0	10.0	0.9724075471039173	0.0	0.15	True	9635.0	False	False	44414.0	False	Mixed	True	False	0.025	0.0	0.9019665486796089	1.5	9.0													
13392.1652	3.6591000000007625	processed_trials			10.0	0.9724075471039173					False				Mixed					0.9019665486796089		9.0	40.0	40.0	False	True	False			20.347301156158494	1.6227	-0.15146144282247537	Right	0.713	
13392.1652	1.6226999999998952	states																																	"       state_name
id               
3   wait_for_poke"
13393.7879	0.036400000000867294	states																																	"        state_name
id                
1   nose_in_center"
13393.8243	2.0	states																																	"          state_name
id                  
2   punish_violation"
13396.4217	8.13669999999911	trials	1.0	2.0	10.0	0.97240755	0.0	0.15	True	9635.0	True	False	44415.0	False	Mixed	True	True	0.025	0.0	100.0	1.5	9.0													
13396.4217	8.13669999999911	processed_trials			10.0	0.97240755					True				Mixed					100.0		9.0	40.0	40.0	False	False	True	6.885300000000001	6.885300000000001	20.347301156158494	0.07690000000000001	-0.2196996851774576	Right	0.07690000000000001	
13396.4217	0.07690000000002328	states																																	"       state_name
id               
3   wait_for_poke"
13396.4986	0.9724000000005617	states																																	"        state_name
id                
1   nose_in_center"
13397.471000000001	0.0019999999985884642	states																																	"   state_name
id           
5      go_cue"
13397.473	6.885300000001735	states																																	"            state_name
id                    
6   wait_for_side_poke"
13404.358300000002	0.1999999999989086	states																																	"   state_name
id           
0     opt_out"
13404.5583	9.999999929277692e-05	states																																	"    state_name
id            
7   stop_sound"
13405.1261	3.7541000000001077	trials	1.0	2.0	20.0	0.9061479487453334	0.0	0.15	True	9635.0	False	False	44416.0	False	Mixed	True	False	0.025	0.0	2.427616673846749	1.5	9.0													
13405.1261	3.7541000000001077	processed_trials			20.0	0.9061479487453334					False				Mixed					2.427616673846749		9.0	40.0	40.0	True	False	False	2.4276	2.4276	20.347301156158494	0.15419999999999998	-0.2162873316168158	Right	0.15419999999999998	
13405.1261	0.15420000000085565	states																																	"       state_name
id               
3   wait_for_poke"
13405.2803	0.9060999999983324	states																																	"        state_name
id                
1   nose_in_center"
13406.186399999999	0.0020000000004074536	states																																	"   state_name
id           
5      go_cue"
13406.1884	2.4276000000008935	states																																	"            state_name
id                    
6   wait_for_side_poke"
13408.616	0.02449999999953434	states																																	"         state_name
id                 
4   announce_reward"
13408.6405	0.23960000000079162	states																																	"   state_name
id           
8      reward"
13408.8801	9.999999929277692e-05	states																																	"    state_name
id            
7   stop_sound"
13409.4627	3.0776999999998225	trials	1.0	2.0	20.0	0.9160742993262159	0.0	0.15	True	9655.0	False	False	44417.0	False	Mixed	True	False	0.025	0.0	1.889905607760819	1.5	9.0													
13409.4627	3.0776999999998225	processed_trials			20.0	0.9160742993262159					False				Mixed					1.889905607760819		9.0	40.0	40.0	False	True	False			20.347301156158494	1.0479	-0.17683558029539798	Left	0.6004	
13409.4627	1.0478999999995722	states																																	"       state_name
id               
3   wait_for_poke"
13410.5106	0.029800000000250293	states																																	"        state_name
id                
1   nose_in_center"
13410.5404	2.0	states																																	"          state_name
id                  
2   punish_violation"
13413.1314	2.615799999999581	trials	1.0	2.0	20.0	1.1598556992689484	0.0	0.15	True	9655.0	False	False	44418.0	False	Mixed	True	True	0.025	0.0	0.7068849925357967	1.5	9.0													
13413.1314	2.615799999999581	processed_trials			20.0	1.1598556992689484					False				Mixed					0.7068849925357967		9.0	40.0	40.0	True	False	False	0.7069000000000001	0.7069000000000001	20.347301156158494	0.3478	-0.2077409972139664	Right	0.3478	
13413.1314	0.3477999999995518	states																																	"       state_name
id               
3   wait_for_poke"
13413.4792	1.1599000000005617	states																																	"        state_name
id                
1   nose_in_center"
13414.6391	0.0020000000004074536	states																																	"   state_name
id           
5      go_cue"
13414.6411	0.7068999999992229	states																																	"            state_name
id                    
6   wait_for_side_poke"
13415.348	0.15949999999975262	states																																	"         state_name
id                 
4   announce_reward"
13415.5075	0.23960000000079162	states																																	"   state_name
id           
8      reward"
13415.7471	9.999999929277692e-05	states																																	"    state_name
id            
7   stop_sound"
13416.351	3.5648999999993976	trials	1.0	2.0	20.0	1.0340896040717775	0.0	0.15	True	9675.0	True	False	44419.0	False	Mixed	True	False	0.025	0.0	100.0	1.5	9.0													
13416.351	3.5648999999993976	processed_trials			20.0	1.0340896040717775					True				Mixed					100.0		9.0	40.0	40.0	False	True	False			20.347301156158494	1.5372000000000001	-0.15523577955513868	Right	0.6625000000000001	
13416.351	1.5372000000006665	states																																	"       state_name
id               
3   wait_for_poke"
13417.888200000001	0.027699999998731073	states																																	"        state_name
id                
1   nose_in_center"
13417.9159	2.0	states																																	"          state_name
id                  
2   punish_violation"
13420.5174	7.278899999999339	trials	1.0	2.0	20.0	0.8333367676038785	0.0	0.15	True	9675.0	False	False	44420.0	False	Mixed	True	True	0.025	0.0	3.2770123924678227	1.5	9.0													
13420.5174	7.278899999999339	processed_trials			20.0	0.8333367676038785					False				Mixed					3.2770123924678227		9.0	40.0	40.0	True	False	False	3.277	3.277	20.347301156158494	2.912	-0.0945462106654831	Left	2.912	
13420.5174	2.912000000000262	states																																	"       state_name
id               
3   wait_for_poke"
13423.4294	0.8333000000002357	states																																	"        state_name
id                
1   nose_in_center"
13424.262700000001	0.0020000000004074536	states																																	"   state_name
id           
5      go_cue"
13424.264700000002	3.2769999999982247	states																																	"            state_name
id                    
6   wait_for_side_poke"
13427.5417	0.07220000000052096	states																																	"         state_name
id                 
4   announce_reward"
13427.6139	0.1823000000003958	states																																	"   state_name
id           
8      reward"
13427.7962	9.999999929277692e-05	states																																	"    state_name
id            
7   stop_sound"
13428.3993	7.902100000001155	trials	1.0	2.0	40.0	1.0606980232335637	0.0	0.15	True	9695.0	False	False	44421.0	False	Mixed	True	False	0.025	0.0	3.2752141551886425	1.5	9.0													
13428.3993	7.902100000001155	processed_trials			40.0	1.0606980232335637					False				Mixed					3.2752141551886425		9.0	40.0	40.0	True	False	False	3.2752	3.2752	20.347301156158494	2.751	-0.10165344123810062	Right	1.029	
13428.3993	2.7510000000002037	states																																	"       state_name
id               
3   wait_for_poke"
13431.1503	1.060699999999997	states																																	"        state_name
id                
1   nose_in_center"
13432.211	0.0020000000004074536	states																																	"   state_name
id           
5      go_cue"
13432.213	3.2752000000000407	states																																	"            state_name
id                    
6   wait_for_side_poke"
13435.4882	0.355199999999968	states																																	"         state_name
id                 
4   announce_reward"
13435.8434	0.45789999999942665	states																																	"   state_name
id           
8      reward"
13436.3013	9.999999929277692e-05	states																																	"    state_name
id            
7   stop_sound"
13436.921	3.918999999999869	trials	1.0	2.0	20.0	1.0290718445461247	0.0	0.15	True	9735.0	False	False	44422.0	False	Mixed	True	False	0.025	0.0	1.541531028323173	1.5	9.0													
13436.921	3.918999999999869	processed_trials			20.0	1.0290718445461247					False				Mixed					1.541531028323173		9.0	40.0	40.0	False	True	False			20.347301156158494	1.8682999999999998	-0.14061960537753837	Left	0.9118999999999998	
13436.921	1.8683000000000902	states																																	"       state_name
id               
3   wait_for_poke"
13438.7893	0.05069999999977881	states																																	"        state_name
id                
1   nose_in_center"
13438.84	2.0	states																																	"          state_name
id                  
2   punish_violation"
13441.4231	3.4007999999994354	trials	1.0	2.0	20.0	1.196995587879653	0.0	0.15	True	9735.0	False	False	44423.0	False	Mixed	True	True	0.025	0.0	1.541531	1.5	9.0													
13441.4231	3.4007999999994354	processed_trials			20.0	1.196995587879653					False				Mixed					1.541531		9.0	40.0	40.0	True	False	False	1.5414999999999999	1.5414999999999999	20.347301156158494	0.3912	-0.20582513505960864	Right	0.3912	
13441.4231	0.3912000000000262	states																																	"       state_name
id               
3   wait_for_poke"
13441.8143	1.1970000000001164	states																																	"        state_name
id                
1   nose_in_center"
13443.0113	0.0020000000004074536	states																																	"   state_name
id           
5      go_cue"
13443.0133	1.5414999999993597	states																																	"            state_name
id                    
6   wait_for_side_poke"
13444.5548	0.029399999999441206	states																																	"         state_name
id                 
4   announce_reward"
13444.5842	0.23960000000079162	states																																	"   state_name
id           
8      reward"
13444.8238	9.999999929277692e-05	states																																	"    state_name
id            
7   stop_sound"
13445.4017	4.046199999998862	trials	1.0	2.0	20.0	1.0820422828238911	0.0	0.15	True	9755.0	False	False	44424.0	False	Mixed	True	False	0.025	0.0	5.009486283790203	1.5	9.0													
13445.4017	4.046199999998862	processed_trials			20.0	1.0820422828238911					False				Mixed					5.009486283790203		9.0	40.0	40.0	False	True	False			20.347301156158494	1.9874	-0.13536202052537222	Left	0.5269999999999999	
13445.4017	1.9873999999999796	states																																	"       state_name
id               
3   wait_for_poke"
13447.3891	0.0588000000007014	states																																	"        state_name
id                
1   nose_in_center"
13447.447900000001	2.0	states																																	"          state_name
id                  
2   punish_violation"
13450.0237	2.100000000000364	trials	1.0	2.0	20.0	0.9773501662447472	0.0	0.15	True	9755.0	False	False	44425.0	False	Mixed	True	True	0.025	0.0	1.6871728885713027	1.5	9.0													
13450.0237	2.100000000000364	processed_trials			20.0	0.9773501662447472					False				Mixed					1.6871728885713027		9.0	40.0	40.0	False	True	False			20.347301156158494	0.047	-0.22101959942665803	Left	0.047	
13450.0237	0.04700000000048021	states																																	"       state_name
id               
3   wait_for_poke"
13450.0707	0.052999999999883585	states																																	"        state_name
id                
1   nose_in_center"
13450.1237	2.0	states																																	"          state_name
id                  
2   punish_violation"
13452.6967	2.3963999999996304	trials	1.0	2.0	20.0	0.938280220970809	0.0	0.15	True	9755.0	False	False	44426.0	False	Mixed	True	True	0.025	0.0	0.3401824926277861	1.5	9.0													
13452.6967	2.3963999999996304	processed_trials			20.0	0.938280220970809					False				Mixed					0.3401824926277861		9.0	40.0	40.0	True	False	False	0.34019999999999984	0.34019999999999984	20.347301156158494	0.6561	-0.19413131283174295	Left	0.6561	
13452.6967	0.6561000000001513	states																																	"       state_name
id               
3   wait_for_poke"
13453.3528	0.9382999999997992	states																																	"        state_name
id                
1   nose_in_center"
13454.2911	0.0020000000004074536	states																																	"   state_name
id           
5      go_cue"
13454.2931	0.34020000000055006	states																																	"            state_name
id                    
6   wait_for_side_poke"
13454.633300000001	0.27739999999903375	states																																	"         state_name
id                 
4   announce_reward"
13454.9107	0.1823000000003958	states																																	"   state_name
id           
8      reward"
13455.093	9.999999929277692e-05	states																																	"    state_name
id            
7   stop_sound"
13455.6647	4.299200000001292	trials	1.0	2.0	10.0	1.10449486737314	0.0	0.15	True	9775.0	False	False	44427.0	False	Mixed	True	False	0.025	0.0	2.6928240884683703	1.5	9.0													
13455.6647	4.299200000001292	processed_trials			10.0	1.10449486737314					False				Mixed					2.6928240884683703		9.0	40.0	40.0	False	True	False			20.347301156158494	2.2784	-0.12251603234753561	Left	1.321	
13455.6647	2.2783999999992375	states																																	"       state_name
id               
3   wait_for_poke"
13457.943099999999	0.02080000000023574	states																																	"        state_name
id                
1   nose_in_center"
13457.963899999999	2.0	states																																	"          state_name
id                  
2   punish_violation"
13460.5612	4.972099999999045	trials	1.0	2.0	10.0	1.1044949	0.0	0.15	True	9775.0	False	False	44428.0	False	Mixed	True	True	0.025	0.0	1.8730312296078968	1.5	9.0													
13460.5612	4.972099999999045	processed_trials			10.0	1.1044949					False				Mixed					1.8730312296078968		9.0	40.0	40.0	False	True	False			20.347301156158494	2.8105	-0.09902685602648109	Left	2.8105	
13460.5612	2.8104999999995925	states																																	"       state_name
id               
3   wait_for_poke"
13463.3717	0.16160000000127184	states																																	"        state_name
id                
1   nose_in_center"
13463.533300000001	2.0	states																																	"          state_name
id                  
2   punish_violation"
13466.1165	4.585199999999531	trials	1.0	2.0	10.0	1.1672465168998285	0.0	0.15	True	9775.0	False	False	44429.0	False	Mixed	True	True	0.025	0.0	3.213596370059169	1.5	9.0													
13466.1165	4.585199999999531	processed_trials			10.0	1.1672465168998285					False				Mixed					3.213596370059169		9.0	40.0	40.0	True	False	False	3.2136	3.2136	20.347301156158494	0.0318	-0.22169059262357596	Left	0.0318	
13466.1165	0.03180000000065775	states																																	"       state_name
id               
3   wait_for_poke"
13466.1483	1.1671999999998661	states																																	"        state_name
id                
1   nose_in_center"
13467.3155	0.0019999999985884642	states																																	"   state_name
id           
5      go_cue"
13467.3175	3.2136000000009517	states																																	"            state_name
id                    
6   wait_for_side_poke"
13470.5311	0.06010000000060245	states																																	"         state_name
id                 
4   announce_reward"
13470.5912	0.11039999999957217	states																																	"   state_name
id           
8      reward"
13470.7016	9.999999929277692e-05	states																																	"    state_name
id            
7   stop_sound"
13471.2898	10.098699999998644	trials	1.0	2.0	40.0	1.0338704560479965	0.0	0.15	True	9785.0	False	False	44430.0	False	Mixed	True	False	0.025	0.0	8.112253211005246	1.5	9.0													
13471.2898	10.098699999998644	processed_trials			40.0	1.0338704560479965					False				Mixed					8.112253211005246		9.0	40.0	40.0	False	False	True	7.7036	7.7036	20.347301156158494	1.1591	-0.1719267353284721	Right	0.8553	
13471.2898	1.1591000000007625	states																																	"       state_name
id               
3   wait_for_poke"
13472.448900000001	1.033899999998539	states																																	"        state_name
id                
1   nose_in_center"
13473.4828	0.0020000000004074536	states																																	"   state_name
id           
5      go_cue"
13473.4848	7.703600000000733	states																																	"            state_name
id                    
6   wait_for_side_poke"
13481.188400000001	0.1999999999989086	states																																	"   state_name
id           
0     opt_out"
13481.3884	0.00010000000111176632	states																																	"    state_name
id            
7   stop_sound"
13482.017	2.705100000001039	trials	1.0	2.0	20.0	0.8841689238522844	0.0	0.15	True	9785.0	False	False	44431.0	False	Mixed	True	False	0.025	0.0	1.266437963817093	1.5	9.0													
13482.017	2.705100000001039	processed_trials			20.0	0.8841689238522844					False				Mixed					1.266437963817093		9.0	40.0	40.0	True	False	False	1.2664	1.2664	20.347301156158494	0.2355	-0.2126984008990903	Left	0.2355	
13482.017	0.23550000000068394	states																																	"       state_name
id               
3   wait_for_poke"
13482.2525	0.8841999999986001	states																																	"        state_name
id                
1   nose_in_center"
13483.1367	0.0020000000004074536	states																																	"   state_name
id           
5      go_cue"
13483.1387	1.2664000000004307	states																																	"            state_name
id                    
6   wait_for_side_poke"
13484.4051	0.1345999999994092	states																																	"         state_name
id                 
4   announce_reward"
13484.5397	0.1823000000003958	states																																	"   state_name
id           
8      reward"
13484.722	9.999999929277692e-05	states																																	"    state_name
id            
7   stop_sound"
13485.3254	8.471300000001065	trials	1.0	2.0	80.0	1.1450979217283188	0.0	0.15	True	9805.0	False	False	44432.0	False	Mixed	True	False	0.025	0.0	4.084927923673703	1.5	9.0													
13485.3254	8.471300000001065	processed_trials			80.0	1.1450979217283188					False				Mixed					4.084927923673703		9.0	40.0	40.0	True	False	False	4.084899999999999	4.084899999999999	20.347301156158494	1.6864000000000001	-0.148649451595918	Left	1.0244	
13485.3254	1.6864000000005035	states																																	"       state_name
id               
3   wait_for_poke"
13487.0118	1.1450999999997293	states																																	"        state_name
id                
1   nose_in_center"
13488.1569	0.0020000000004074536	states																																	"   state_name
id           
5      go_cue"
13488.1589	4.084899999999834	states																																	"            state_name
id                    
6   wait_for_side_poke"
13492.2438	0.9301999999988766	states																																	"         state_name
id                 
4   announce_reward"
13493.173999999999	0.6226000000006024	states																																	"   state_name
id           
8      reward"
13493.7966	9.999999929277692e-05	states																																	"    state_name
id            
7   stop_sound"
13494.3736	58.65939999999864	trials	1.0	2.0	40.0	1.1450979	0.0	0.15	True	9885.0	False	False	44433.0	False	Mixed	True	False	0.025	0.0	5.321132584757984	1.5	9.0													
13494.3736	58.65939999999864	processed_trials			40.0	1.1450979					False				Mixed					5.321132584757984		9.0	40.0	40.0	False	True	False			20.347301156158494	56.3414	2.264056678506007	Left	55.0826	
13494.3736	56.34139999999934	states																																	"       state_name
id               
3   wait_for_poke"
13550.715	0.3180000000011205	states																																	"        state_name
id                
1   nose_in_center"
13551.033000000001	2.0	states																																	"          state_name
id                  
2   punish_violation"
13553.6113	2.203799999999319	trials	1.0	2.0	40.0	0.8908355507947208	0.0	0.15	True	9885.0	False	False	44434.0	False	Mixed	True	True	0.025	0.0	0.4789374863770213	1.5	9.0													
13553.6113	2.203799999999319	processed_trials			40.0	0.8908355507947208					False				Mixed					0.4789374863770213		9.0	40.0	40.0	False	True	False			20.347301156158494	0.1733	-0.2154441756917413	Left	0.1733	
13553.6113	0.17330000000038126	states																																	"       state_name
id               
3   wait_for_poke"
13553.7846	0.03049999999893771	states																																	"        state_name
id                
1   nose_in_center"
13553.8151	2.0	states																																	"          state_name
id                  
2   punish_violation"
13556.3933	2.353800000000774	trials	1.0	2.0	40.0	0.9023416266342908	0.0	0.15	True	9885.0	False	False	44435.0	False	Mixed	True	True	0.025	0.0	0.8320850466826023	1.5	9.0													
13556.3933	2.353800000000774	processed_trials			40.0	0.9023416266342908					False				Mixed					0.8320850466826023		9.0	40.0	40.0	True	False	False	0.8321000000000001	0.8321000000000001	20.347301156158494	0.2026	-0.21415074801610345	Left	0.2026	
13556.3933	0.2026000000005297	states																																	"       state_name
id               
3   wait_for_poke"
13556.5959	0.902299999999741	states																																	"        state_name
id                
1   nose_in_center"
13557.4982	0.0020000000004074536	states																																	"   state_name
id           
5      go_cue"
13557.5002	0.8320999999996275	states																																	"            state_name
id                    
6   wait_for_side_poke"
13558.3323	0.08740000000034343	states																																	"         state_name
id                 
4   announce_reward"
13558.4197	0.3272999999990134	states																																	"   state_name
id           
8      reward"
13558.747	0.00010000000111176632	states																																	"    state_name
id            
7   stop_sound"
13559.3385	5.0997000000006665	trials	1.0	2.0	10.0	1.123939067301021	0.0	0.15	True	9925.0	False	False	44436.0	False	Mixed	True	False	0.025	0.0	4.677375316282958	1.5	9.0													
13559.3385	5.0997000000006665	processed_trials			10.0	1.123939067301021					False				Mixed					4.677375316282958		9.0	40.0	40.0	False	True	False			20.347301156158494	2.9544	-0.09267449280039626	Right	1.4526000000000001	
13559.3385	2.9544000000005326	states																																	"       state_name
id               
3   wait_for_poke"
13562.2929	0.14530000000013388	states																																	"        state_name
id                
1   nose_in_center"
13562.4382	2.0	states																																	"          state_name
id                  
2   punish_violation"
13565.0481	7.423399999999674	trials	1.0	2.0	10.0	1.1239391	0.0	0.15	True	9925.0	True	False	44437.0	False	Mixed	True	True	0.025	0.0	100.0	1.5	9.0													
13565.0481	7.423399999999674	processed_trials			10.0	1.1239391					True				Mixed					100.0		9.0	40.0	40.0	False	False	True	5.9725	5.9725	20.347301156158494	0.12490000000000001	-0.21758075929245363	Right	0.12490000000000001	
13565.0481	0.12490000000070722	states																																	"       state_name
id               
3   wait_for_poke"
13565.173	1.1238999999986845	states																																	"        state_name
id                
1   nose_in_center"
13566.2969	0.0020000000004074536	states																																	"   state_name
id           
5      go_cue"
13566.2989	5.9724999999998545	states																																	"            state_name
id                    
6   wait_for_side_poke"
13572.2714	0.2000000000007276	states																																	"   state_name
id           
0     opt_out"
13572.4714	9.999999929277692e-05	states																																	"    state_name
id            
7   stop_sound"
13573.0964	7.807800000000498	trials	1.0	2.0	10.0	1.083053408876613	0.0	0.15	True	9925.0	True	False	44438.0	False	Low	True	False	0.025	0.0	100.0	1.5	9.0													
13573.0964	7.807800000000498	processed_trials			10.0	1.083053408876613					True				Low					100.0		9.0	40.0	40.0	False	False	True	6.3652	6.3652	20.347301156158494	0.1574	-0.21614606989114887	Right	0.1574	
13573.0964	0.1574000000000524	states																																	"       state_name
id               
3   wait_for_poke"
13573.2538	1.0830999999998312	states																																	"        state_name
id                
1   nose_in_center"
13574.3369	0.0020000000004074536	states																																	"   state_name
id           
5      go_cue"
13574.3389	6.365200000000186	states																																	"            state_name
id                    
6   wait_for_side_poke"
13580.7041	0.1999999999989086	states																																	"   state_name
id           
0     opt_out"
13580.9041	0.00010000000111176632	states																																	"    state_name
id            
7   stop_sound"
13581.5263	5.229400000000169	trials	1.0	2.0	5.0	1.033487573003877	0.0	0.15	True	9925.0	False	False	44439.0	False	Low	True	False	0.025	0.0	3.9535075347394733	1.5	9.0													
13581.5263	5.229400000000169	processed_trials			5.0	1.033487573003877					False				Low					3.9535075347394733		9.0	40.0	40.0	True	False	False	3.9535	3.9535	20.347301156158494	0.1357	-0.21710400096832777	Right	0.1357	
13581.5263	0.13570000000072469	states																																	"       state_name
id               
3   wait_for_poke"
13581.662	1.033499999999549	states																																	"        state_name
id                
1   nose_in_center"
13582.6955	0.0020000000004074536	states																																	"   state_name
id           
5      go_cue"
13582.6975	3.9534999999996217	states																																	"            state_name
id                    
6   wait_for_side_poke"
13586.651	0.023199999999633292	states																																	"         state_name
id                 
4   announce_reward"
13586.6742	0.08140000000094005	states																																	"   state_name
id           
8      reward"
13586.7556	9.999999929277692e-05	states																																	"    state_name
id            
7   stop_sound"
13587.351	4.134500000000116	trials	1.0	2.0	20.0	0.8256500801430781	0.0	0.15	True	9930.0	False	False	44440.0	False	Low	True	False	0.025	0.0	2.4448238969780753	1.5	9.0													
13587.351	4.134500000000116	processed_trials			20.0	0.8256500801430781					False				Low					2.4448238969780753		9.0	40.0	40.0	False	True	False			20.347301156158494	2.0339	-0.13330931107427463	Right	0.5428999999999999	
13587.351	2.033900000000358	states																																	"       state_name
id               
3   wait_for_poke"
13589.384900000001	0.10059999999975844	states																																	"        state_name
id                
1   nose_in_center"
13589.4855	2.0	states																																	"          state_name
id                  
2   punish_violation"
13592.0772	7.309999999999491	trials	1.0	2.0	20.0	1.1966615312701923	0.0	0.15	True	9930.0	False	False	44441.0	False	Low	True	True	0.025	0.0	1.303570317607008	1.5	9.0													
13592.0772	7.309999999999491	processed_trials			20.0	1.1966615312701923					False				Low					1.303570317607008		9.0	40.0	40.0	True	False	False	1.3036000000000003	1.3036000000000003	20.347301156158494	4.4082	-0.028497525058338292	Right	4.4082	
13592.0772	4.408199999999852	states																																	"       state_name
id               
3   wait_for_poke"
13596.4854	1.196700000000419	states																																	"        state_name
id                
1   nose_in_center"
13597.6821	0.0020000000004074536	states																																	"   state_name
id           
5      go_cue"
13597.6841	1.3035999999992782	states																																	"            state_name
id                    
6   wait_for_side_poke"
13598.9877	0.15979999999944994	states																																	"         state_name
id                 
4   announce_reward"
13599.1475	0.23960000000079162	states																																	"   state_name
id           
8      reward"
13599.3871	9.999999929277692e-05	states																																	"    state_name
id            
7   stop_sound"
13599.9897	3.9843000000000757	trials	1.0	2.0	10.0	0.8173713756625866	0.0	0.15	True	9950.0	True	False	44442.0	False	Low	True	False	0.025	0.0	100.0	1.5	9.0													
13599.9897	3.9843000000000757	processed_trials			10.0	0.8173713756625866					True				Low					100.0		9.0	40.0	40.0	False	True	False			20.347301156158494	1.9125999999999999	-0.13866401336283676	Left	0.7585999999999999	
13599.9897	1.9125999999996566	states																																	"       state_name
id               
3   wait_for_poke"
13601.9023	0.0717000000004191	states																																	"        state_name
id                
1   nose_in_center"
13601.974	2.0	states																																	"          state_name
id                  
2   punish_violation"
13604.5592	7.006999999999607	trials	1.0	2.0	10.0	0.9188535357656077	0.0	0.15	True	9950.0	False	False	44443.0	False	Low	True	True	0.025	0.0	5.222421851587241	1.5	9.0													
13604.5592	7.006999999999607	processed_trials			10.0	0.9188535357656077					False				Low					5.222421851587241		9.0	40.0	40.0	True	False	False	5.2224	5.2224	20.347301156158494	0.16390000000000002	-0.2158591320108879	Right	0.16390000000000002	
13604.5592	0.16389999999955762	states																																	"       state_name
id               
3   wait_for_poke"
13604.7231	0.9189000000005763	states																																	"        state_name
id                
1   nose_in_center"
13605.642	0.0020000000004074536	states																																	"   state_name
id           
5      go_cue"
13605.644	5.222399999998743	states																																	"            state_name
id                    
6   wait_for_side_poke"
13610.866399999999	0.5661000000000058	states																																	"         state_name
id                 
4   announce_reward"
13611.432499999999	0.13360000000102445	states																																	"   state_name
id           
8      reward"
13611.5661	9.999999929277692e-05	states																																	"    state_name
id            
7   stop_sound"
13612.1623	4.556800000000294	trials	1.0	2.0	20.0	0.9142808016128988	0.0	0.15	True	9960.0	True	False	44444.0	False	Low	True	False	0.025	0.0	5.2224219	1.5	9.0													
13612.1623	4.556800000000294	processed_trials			20.0	0.9142808016128988					False				Low					5.2224219		9.0	40.0	40.0	False	True	False			20.347301156158494	2.5042	-0.11254825183016273	Right	0.8082	
13612.1623	2.5041999999994005	states																																	"       state_name
id               
3   wait_for_poke"
13614.6665	0.05260000000089349	states																																	"        state_name
id                
1   nose_in_center"
13614.7191	2.0	states																																	"          state_name
id                  
2   punish_violation"
13617.3157	4.435699999999997	trials	1.0	2.0	20.0	1.1233609650801415	0.0	0.15	True	9960.0	False	False	44445.0	False	Low	True	True	0.025	0.0	3.534659223874378	1.5	9.0													
13617.3157	4.435699999999997	processed_trials			20.0	1.1233609650801415					False				Low					3.534659223874378		9.0	40.0	40.0	False	True	False			20.347301156158494	2.2249	-0.12487775182352963	Left	2.2249	
13617.3157	2.224899999999252	states																																	"       state_name
id               
3   wait_for_poke"
13619.540599999998	0.21080000000074506	states																																	"        state_name
id                
1   nose_in_center"
13619.7514	2.0	states																																	"          state_name
id                  
2   punish_violation"
13622.3587	2.4676999999992404	trials	1.0	2.0	20.0	1.064847873084827	0.0	0.15	True	9960.0	True	False	44446.0	False	Low	True	True	0.025	0.0	100.0	1.5	9.0													
13622.3587	2.4676999999992404	processed_trials			20.0	1.064847873084827					True				Low					100.0		9.0	40.0	40.0	False	True	False			20.347301156158494	0.19569999999999999	-0.2144553436120728	Left	0.19569999999999999	
13622.3587	0.19570000000021537	states																																	"       state_name
id               
3   wait_for_poke"
13622.5544	0.271999999999025	states																																	"        state_name
id                
1   nose_in_center"
13622.8264	2.0	states																																	"          state_name
id                  
2   punish_violation"
13625.4178	17.990700000000288	trials	1.0	2.0	20.0	1.0648479	0.0	0.15	True	9960.0	False	False	44447.0	False	Low	True	True	0.025	0.0	1.7391898457111332	1.5	9.0													
13625.4178	17.990700000000288	processed_trials			20.0	1.0648479					False				Low					1.7391898457111332		9.0	40.0	40.0	False	True	False			20.347301156158494	15.9184	0.47961207330776134	Left	15.9184	
13625.4178	15.918400000000474	states																																	"       state_name
id               
3   wait_for_poke"
13641.3362	0.07229999999981374	states																																	"        state_name
id                
1   nose_in_center"
13641.4085	2.0	states																																	"          state_name
id                  
2   punish_violation"
13644.0129	3.373700000000099	trials	1.0	2.0	20.0	0.8229911602608773	0.0	0.15	True	9960.0	False	False	44448.0	False	Low	True	True	0.025	0.0	1.7391898	1.5	9.0													
13644.0129	3.373700000000099	processed_trials			20.0	0.8229911602608773					False				Low					1.7391898		9.0	40.0	40.0	True	False	False	1.7392000000000005	1.7392000000000005	20.347301156158494	0.5231	-0.20000250330477481	Left	0.5231	
13644.0129	0.5231000000003405	states																																	"       state_name
id               
3   wait_for_poke"
13644.536	0.8230000000003201	states																																	"        state_name
id                
1   nose_in_center"
13645.359	0.0019999999985884642	states																																	"   state_name
id           
5      go_cue"
13645.360999999999	1.7391999999999825	states																																	"            state_name
id                    
6   wait_for_side_poke"
13647.100199999999	0.1040000000011787	states																																	"         state_name
id                 
4   announce_reward"
13647.2042	0.1823000000003958	states																																	"   state_name
id           
8      reward"
13647.3865	9.999999929277692e-05	states																																	"    state_name
id            
7   stop_sound"
13647.9955	6.270799999998417	trials	1.0	2.0	20.0	0.9283215672806792	0.0	0.15	True	9980.0	False	False	44449.0	False	Low	True	False	0.025	0.0	4.903519929407379	1.5	9.0													
13647.9955	6.270799999998417	processed_trials			20.0	0.9283215672806792					False				Low					4.903519929407379		9.0	40.0	40.0	False	True	False			20.347301156158494	4.113	-0.04152891925111273	Right	1.1439000000000004	
13647.9955	4.112999999999374	states																																	"       state_name
id               
3   wait_for_poke"
13652.1085	0.15780000000086147	states																																	"        state_name
id                
1   nose_in_center"
13652.266300000001	2.0	states																																	"          state_name
id                  
2   punish_violation"
13654.8685	4.734599999999773	trials	1.0	2.0	20.0	1.0973543834668833	0.0	0.15	True	9980.0	False	False	44450.0	False	Low	True	True	0.025	0.0	2.6355573704625526	1.5	9.0													
13654.8685	4.734599999999773	processed_trials			20.0	1.0973543834668833					False				Low					2.6355573704625526		9.0	40.0	40.0	True	False	False	2.6355999999999997	2.6355999999999997	20.347301156158494	0.1001	-0.21867553766637235	Right	0.1001	
13654.8685	0.10009999999965657	states																																	"       state_name
id               
3   wait_for_poke"
13654.9686	1.0974000000005617	states																																	"        state_name
id                
1   nose_in_center"
13656.066	0.0020000000004074536	states																																	"   state_name
id           
5      go_cue"
13656.068000000001	2.635599999999613	states																																	"            state_name
id                    
6   wait_for_side_poke"
13658.7036	0.6597999999994499	states																																	"         state_name
id                 
4   announce_reward"
13659.3634	0.23960000000079162	states																																	"   state_name
id           
8      reward"
13659.603000000001	9.999999929277692e-05	states																																	"    state_name
id            
7   stop_sound"
13660.2383	3.7347999999983585	trials	1.0	2.0	10.0	1.0931325683256001	0.0	0.15	True	10000.0	False	False	44451.0	False	Low	True	False	0.025	0.0	1.533696152984462	1.5	9.0													
13660.2383	3.7347999999983585	processed_trials			10.0	1.0931325683256001					False				Low					1.533696152984462		9.0	40.0	40.0	False	True	False			20.347301156158494	1.6757	-0.14912179549111682	Left	0.8648	
13660.2383	1.6756999999997788	states																																	"       state_name
id               
3   wait_for_poke"
13661.914	0.05910000000039872	states																																	"        state_name
id                
1   nose_in_center"
13661.973100000001	2.0	states																																	"          state_name
id                  
2   punish_violation"
13664.624	2.4439999999995052	trials	1.0	2.0	10.0	1.073140853625182	0.0	0.15	True	10000.0	False	False	44452.0	False	Low	True	True	0.025	0.0	0.8173566092798725	1.5	9.0													
13664.624	2.4439999999995052	processed_trials			10.0	1.073140853625182					False				Low					0.8173566092798725		9.0	40.0	40.0	True	False	False	0.8174000000000001	0.8174000000000001	20.347301156158494	0.419	-0.20459792381787723	Left	0.419	
13664.624	0.41899999999986903	states																																	"       state_name
id               
3   wait_for_poke"
13665.043	1.073099999999613	states																																	"        state_name
id                
1   nose_in_center"
13666.1161	0.0020000000004074536	states																																	"   state_name
id           
5      go_cue"
13666.1181	0.8173999999999069	states																																	"            state_name
id                    
6   wait_for_side_poke"
13666.9355	0.02200000000084401	states																																	"         state_name
id                 
4   announce_reward"
13666.9575	0.11039999999957217	states																																	"   state_name
id           
8      reward"
13667.0679	9.999999929277692e-05	states																																	"    state_name
id            
7   stop_sound"
13667.6863	3.624200000000201	trials	1.0	2.0	10.0	0.8952091946042601	0.0	0.15	True	10010.0	False	False	44453.0	False	Low	True	False	0.025	0.0	1.0020727638997868	1.5	9.0													
13667.6863	3.624200000000201	processed_trials			10.0	0.8952091946042601					False				Low					1.0020727638997868		9.0	40.0	40.0	False	True	False			20.347301156158494	1.5929	-0.15277694264274866	Right	1.0755	
13667.6863	1.592899999999645	states																																	"       state_name
id               
3   wait_for_poke"
13669.279199999999	0.03130000000055588	states																																	"        state_name
id                
1   nose_in_center"
13669.3105	2.0	states																																	"          state_name
id                  
2   punish_violation"
13671.9091	2.6322000000000116	trials	1.0	2.0	10.0	0.9807868818028187	0.0	0.15	True	10010.0	False	False	44454.0	False	Low	True	True	0.025	0.0	1.3265649339673924	1.5	9.0													
13671.9091	2.6322000000000116	processed_trials			10.0	0.9807868818028187					False				Low					1.3265649339673924		9.0	40.0	40.0	False	True	False			20.347301156158494	0.5317999999999999	-0.19961844798811787	Left	0.5317999999999999	
13671.9091	0.5318000000006577	states																																	"       state_name
id               
3   wait_for_poke"
13672.440900000001	0.1003999999993539	states																																	"        state_name
id                
1   nose_in_center"
13672.5413	2.0	states																																	"          state_name
id                  
2   punish_violation"
13675.1674	48.72519999999895	trials	1.0	2.0	10.0	1.0896861333325785	0.0	0.15	True	10010.0	False	False	44455.0	False	Low	True	True	0.025	0.0	2.348397237709473	1.5	9.0													
13675.1674	48.72519999999895	processed_trials			10.0	1.0896861333325785					False				Low					2.348397237709473		9.0	40.0	40.0	False	True	False			20.347301156158494	46.6828	1.8376846461539356	Right	46.6828	
13675.1674	46.6828000000005	states																																	"       state_name
id               
3   wait_for_poke"
13721.8502	0.042400000000270666	states																																	"        state_name
id                
1   nose_in_center"
13721.892600000001	2.0	states																																	"          state_name
id                  
2   punish_violation"
13724.5032	17.36959999999999	trials	1.0	2.0	10.0	0.9905346044158382	0.0	0.15	True	10010.0	False	False	44456.0	False	Low	True	True	0.025	0.0	1.9216186541888938	1.5	9.0													
13724.5032	17.36959999999999	processed_trials			10.0	0.9905346044158382					False				Low					1.9216186541888938		9.0	40.0	40.0	True	False	False	1.9216000000000015	1.9216000000000015	20.347301156158494	14.2334	0.40522894588626757	Left	14.2334	
13724.5032	14.233399999999165	states																																	"       state_name
id               
3   wait_for_poke"
13738.736599999998	0.9905000000017026	states																																	"        state_name
id                
1   nose_in_center"
13739.7271	0.0019999999985884642	states																																	"   state_name
id           
5      go_cue"
13739.729099999999	1.9215999999996711	states																																	"            state_name
id                    
6   wait_for_side_poke"
13741.650699999998	0.11160000000018044	states																																	"         state_name
id                 
4   announce_reward"
13741.762299999999	0.11040000000139116	states																																	"   state_name
id           
8      reward"
13741.8727	9.999999929277692e-05	states																																	"    state_name
id            
7   stop_sound"
13742.5153	6.316200000001118	trials	1.0	2.0	20.0	1.1528387705753214	0.0	0.15	True	10020.0	False	False	44457.0	False	Low	True	False	0.025	0.0	1.2400199335794775	1.5	9.0													
13742.5153	6.316200000001118	processed_trials			20.0	1.1528387705753214					False				Low					1.2400199335794775		9.0	40.0	40.0	False	True	False			20.347301156158494	3.9985999999999997	-0.046579025943705575	Left	3.0707999999999998	
13742.5153	3.998600000000806	states																																	"       state_name
id               
3   wait_for_poke"
13746.5139	0.3175999999984924	states																																	"        state_name
id                
1   nose_in_center"
13746.831499999998	2.0	states																																	"          state_name
id                  
2   punish_violation"
13749.4295	6.125599999999395	trials	1.0	2.0	20.0	0.9870182308667305	0.0	0.15	True	10020.0	False	False	44458.0	False	Low	True	True	0.025	0.0	4.647943859689059	1.5	9.0													
13749.4295	6.125599999999395	processed_trials			20.0	0.9870182308667305					False				Low					4.647943859689059		9.0	40.0	40.0	True	False	False	4.6479	4.6479	20.347301156158494	0.179	-0.21519255324289707	Left	0.179	
13749.4295	0.1790000000000873	states																																	"       state_name
id               
3   wait_for_poke"
13749.6085	0.9869999999991705	states																																	"        state_name
id                
1   nose_in_center"
13750.5955	0.0020000000004074536	states																																	"   state_name
id           
5      go_cue"
13750.5975	4.647899999999936	states																																	"            state_name
id                    
6   wait_for_side_poke"
13755.2454	0.12730000000010477	states																																	"         state_name
id                 
4   announce_reward"
13755.3727	0.1823000000003958	states																																	"   state_name
id           
8      reward"
13755.555	9.999999929277692e-05	states																																	"    state_name
id            
7   stop_sound"
13756.1736	5.271099999999933	trials	1.0	2.0	20.0	1.0288634930489484	0.0	0.15	True	10040.0	True	False	44459.0	False	Low	True	False	0.025	0.0	100.0	1.5	9.0													
13756.1736	5.271099999999933	processed_trials			20.0	1.0288634930489484					True				Low					100.0		9.0	40.0	40.0	False	True	False			20.347301156158494	3.1628000000000003	-0.08347482291633732	Right	1.5623000000000002	
13756.1736	3.162800000000061	states																																	"       state_name
id               
3   wait_for_poke"
13759.3364	0.10829999999987194	states																																	"        state_name
id                
1   nose_in_center"
13759.4447	2.0	states																																	"          state_name
id                  
2   punish_violation"
13762.0614	5.449499999998807	trials	1.0	2.0	20.0	0.8057078329316896	0.0	0.15	True	10040.0	False	False	44460.0	False	Low	True	True	0.025	0.0	4.164747893618821	1.5	9.0													
13762.0614	5.449499999998807	processed_trials			20.0	0.8057078329316896					False				Low					4.164747893618821		9.0	40.0	40.0	True	False	False	4.164700000000001	4.164700000000001	20.347301156158494	0.0872	-0.21924499899796718	Right	0.0872	
13762.0614	0.08719999999993888	states																																	"       state_name
id               
3   wait_for_poke"
13762.1486	0.8057000000007974	states																																	"        state_name
id                
1   nose_in_center"
13762.954300000001	0.0019999999985884642	states																																	"   state_name
id           
5      go_cue"
13762.9563	4.164700000001176	states																																	"            state_name
id                    
6   wait_for_side_poke"
13767.121000000001	0.15020000000004075	states																																	"         state_name
id                 
4   announce_reward"
13767.271200000001	0.23959999999897263	states																																	"   state_name
id           
8      reward"
13767.5108	0.00010000000111176632	states																																	"    state_name
id            
7   stop_sound"
13768.1128	2.861799999998766	trials	1.0	2.0	20.0	0.9987519559955931	0.0	0.15	True	10060.0	False	False	44461.0	False	Low	True	False	0.025	0.0	0.980856914971582	1.5	9.0													
13768.1128	2.861799999998766	processed_trials			20.0	0.9987519559955931					False				Low					0.980856914971582		9.0	40.0	40.0	False	True	False			20.347301156158494	0.7787999999999999	-0.18871480853820158	Left	0.7787999999999999	
13768.1128	0.7788000000000466	states																																	"       state_name
id               
3   wait_for_poke"
13768.8916	0.08300000000053842	states																																	"        state_name
id                
1   nose_in_center"
13768.974600000001	2.0	states																																	"          state_name
id                  
2   punish_violation"
13771.695	2.091500000000451	trials	1.0	2.0	20.0	0.8204054251028456	0.0	0.15	True	10060.0	True	False	44462.0	False	Low	True	True	0.025	0.0	100.0	1.5	9.0													
13771.695	2.091500000000451	processed_trials			20.0	0.8204054251028456					True				Low					100.0		9.0	40.0	40.0	False	True	False			20.347301156158494	0.0772	-0.21968644189067635	Right	0.0772	
13771.695	0.0771999999997206	states																																	"       state_name
id               
3   wait_for_poke"
13771.7722	0.014300000000730506	states																																	"        state_name
id                
1   nose_in_center"
13771.7865	2.0	states																																	"          state_name
id                  
2   punish_violation"
13774.3839	2.2929999999996653	trials	1.0	2.0	20.0	0.9265997239418342	0.0	0.15	True	10060.0	False	False	44463.0	False	Low	True	True	0.025	0.0	1.7684699386527458	1.5	9.0													
13774.3839	2.2929999999996653	processed_trials			20.0	0.9265997239418342					False				Low					1.7684699386527458		9.0	40.0	40.0	False	True	False			20.347301156158494	0.2424	-0.212393805303121	Left	0.2424	
13774.3839	0.24239999999917927	states																																	"       state_name
id               
3   wait_for_poke"
13774.6263	0.050600000000486034	states																																	"        state_name
id                
1   nose_in_center"
13774.6769	2.0	states																																	"          state_name
id                  
2   punish_violation"
13777.3038	2.714700000000448	trials	1.0	2.0	20.0	1.1091796698615954	0.0	0.15	True	10060.0	False	False	44464.0	False	Low	True	True	0.025	0.0	1.1443754266983652	1.5	9.0													
13777.3038	2.714700000000448	processed_trials			20.0	1.1091796698615954					False				Low					1.1443754266983652		9.0	40.0	40.0	True	False	False	1.1444	1.1444	20.347301156158494	0.2022	-0.2141684057318118	Right	0.2022	
13777.3038	0.2021999999997206	states																																	"       state_name
id               
3   wait_for_poke"
13777.506	1.109200000000783	states																																	"        state_name
id                
1   nose_in_center"
13778.6152	0.0019999999985884642	states																																	"   state_name
id           
5      go_cue"
13778.617199999999	1.144400000001042	states																																	"            state_name
id                    
6   wait_for_side_poke"
13779.7616	0.01720000000022992	states																																	"         state_name
id                 
4   announce_reward"
13779.7788	0.23959999999897263	states																																	"   state_name
id           
8      reward"
13780.018399999999	0.00010000000111176632	states																																	"    state_name
id            
7   stop_sound"
13780.6236	6.878600000000006	trials	1.0	2.0	5.0	1.1091797	0.0	0.15	True	10080.0	False	False	44465.0	False	Low	True	False	0.025	0.0	8.928250784436724	1.5	9.0													
13780.6236	6.878600000000006	processed_trials			5.0	1.1091797					False				Low					8.928250784436724		9.0	40.0	40.0	False	True	False			20.347301156158494	4.7953	-0.011409270681566622	Right	0.48360000000000003	
13780.6236	4.79529999999977	states																																	"       state_name
id               
3   wait_for_poke"
13785.4189	0.08330000000023574	states																																	"        state_name
id                
1   nose_in_center"
13785.5022	2.0	states																																	"          state_name
id                  
2   punish_violation"
13788.1104	13.640300000000934	trials	1.0	2.0	5.0	1.125109847387159	0.0	0.15	True	10080.0	True	False	44466.0	False	Low	True	True	0.025	0.0	8.9282508	1.5	9.0													
13788.1104	13.640300000000934	processed_trials			5.0	1.125109847387159					False				Low					8.9282508		9.0	40.0	40.0	False	True	False			20.347301156158494	11.526399999999999	0.28573035482989734	Left	11.526399999999999	
13788.1104	11.526400000000649	states																																	"       state_name
id               
3   wait_for_poke"
13799.6368	0.11389999999846623	states																																	"        state_name
id                
1   nose_in_center"
13799.750699999999	2.0	states																																	"          state_name
id                  
2   punish_violation"
13802.4224	164.17669999999998	trials	1.0	2.0	5.0	0.9097567043053877	0.0	0.15	True	10080.0	False	False	44467.0	False	Low	True	True	0.025	0.0	7.516676099229615	1.5	9.0													
13802.4224	164.17669999999998	processed_trials			5.0	0.9097567043053877					False				Low					7.516676099229615		9.0	40.0	40.0	True	False	False	7.516700000000014	7.516700000000014	20.347301156158494	155.4871	6.640773139273484	Left	155.4871	
13802.4224	155.48710000000028	states																																	"       state_name
id               
3   wait_for_poke"
13957.9095	0.9097999999994499	states																																	"        state_name
id                
1   nose_in_center"
13958.8193	0.0020000000004074536	states																																	"   state_name
id           
5      go_cue"
13958.8213	7.516700000000128	states																																	"            state_name
id                    
6   wait_for_side_poke"
13966.338	0.1864000000005035	states																																	"         state_name
id                 
4   announce_reward"
13966.5244	0.07459999999991851	states																																	"   state_name
id           
8      reward"
13966.599	9.999999929277692e-05	states																																	"    state_name
id            
7   stop_sound"
13967.2802	4.264400000000023	trials	1.0	2.0	10.0	1.0465826980321937	0.0	0.15	True	10085.0	False	False	44468.0	False	Low	True	False	0.025	0.0	1.5338605372896392	1.5	9.0													
13967.2802	4.264400000000023	processed_trials			10.0	1.0465826980321937					False				Low					1.5338605372896392		9.0	40.0	40.0	False	True	False			20.347301156158494	2.1468000000000003	-0.12832542081558818	Left	0.9561000000000002	
13967.2802	2.1468000000004395	states																																	"       state_name
id               
3   wait_for_poke"
13969.427	0.11759999999958382	states																																	"        state_name
id                
1   nose_in_center"
13969.5446	2.0	states																																	"          state_name
id                  
2   punish_violation"
13972.162	3.2088000000003376	trials	1.0	2.0	10.0	1.137045511011691	0.0	0.15	True	10085.0	True	False	44469.0	False	Low	True	True	0.025	0.0	1.5338605	1.5	9.0													
13972.162	3.2088000000003376	processed_trials			10.0	1.137045511011691					False				Low					1.5338605		9.0	40.0	40.0	False	False	False	1.5339	1.5339	20.347301156158494	0.5358999999999999	-0.1994374564021071	Left	0.5358999999999999	
13972.162	0.5359000000007654	states																																	"       state_name
id               
3   wait_for_poke"
13972.697900000001	1.1369999999988067	states																																	"        state_name
id                
1   nose_in_center"
13973.8349	0.0020000000004074536	states																																	"   state_name
id           
5      go_cue"
13973.8369	1.533900000000358	states																																	"            state_name
id                    
6   wait_for_side_poke"
13976.0076	10.066399999999703	trials	1.0	2.0	20.0	1.1634585647994147	0.0	0.15	True	10085.0	False	False	44470.0	False	Low	True	False	0.025	0.0	1.0661729115764693	1.5	9.0													
13976.0076	10.066399999999703	processed_trials			20.0	1.1634585647994147					False				Low					1.0661729115764693		9.0	40.0	40.0	False	True	False			20.347301156158494	7.824	0.12229053823325726	Left	7.824	
13976.0076	7.824000000000524	states																																	"       state_name
id               
3   wait_for_poke"
13983.831600000001	0.24239999999917927	states																																	"        state_name
id                
1   nose_in_center"
13984.074	2.0	states																																	"          state_name
id                  
2   punish_violation"
13986.7516	9.20219999999972	trials	1.0	2.0	20.0	1.197474380251902	0.0	0.15	True	10085.0	False	False	44471.0	False	Low	True	True	0.025	0.0	6.941410327277595	1.5	9.0													
13986.7516	9.20219999999972	processed_trials			20.0	1.197474380251902					False				Low					6.941410327277595		9.0	40.0	40.0	True	False	False	6.9414	6.9414	20.347301156158494	0.7927000000000001	-0.1881012029173358	Left	0.7927000000000001	
13986.7516	0.792699999999968	states																																	"       state_name
id               
3   wait_for_poke"
13987.5443	1.1975000000002183	states																																	"        state_name
id                
1   nose_in_center"
13988.7418	0.0020000000004074536	states																																	"   state_name
id           
5      go_cue"
13988.7438	6.941399999999703	states																																	"            state_name
id                    
6   wait_for_side_poke"
13995.6852	0.08619999999973516	states																																	"         state_name
id                 
4   announce_reward"
13995.7714	0.1823000000003958	states																																	"   state_name
id           
8      reward"
13995.9537	9.999999929277692e-05	states																																	"    state_name
id            
7   stop_sound"
13996.573	5.653899999999339	trials	1.0	2.0	20.0	1.0871445292460091	0.0	0.15	True	10105.0	False	False	44472.0	False	Low	True	False	0.025	0.0	6.9414103	1.5	9.0													
13996.573	5.653899999999339	processed_trials			20.0	1.0871445292460091					False				Low					6.9414103		9.0	40.0	40.0	False	True	False			20.347301156158494	3.594	-0.06443980538271826	Left	0.6423999999999999	
13996.573	3.5939999999991414	states																																	"       state_name
id               
3   wait_for_poke"
14000.167	0.059900000000197906	states																																	"        state_name
id                
1   nose_in_center"
14000.2269	2.0	states																																	"          state_name
id                  
2   punish_violation"
14002.8613	3.3897999999990134	trials	1.0	2.0	20.0	0.9260103553839542	0.0	0.15	True	10105.0	False	False	44473.0	False	Low	True	True	0.025	0.0	0.20439478018528048	1.5	9.0													
14002.8613	3.3897999999990134	processed_trials			20.0	0.9260103553839542					False				Low					0.20439478018528048		9.0	40.0	40.0	False	False	True	0.20440000000000014	0.20440000000000014	20.347301156158494	0.1596	-0.21604895245475286	Right	0.1596	
14002.8613	0.15960000000086438	states																																	"       state_name
id               
3   wait_for_poke"
14003.020900000001	0.9259999999994761	states																																	"        state_name
id                
1   nose_in_center"
14003.9469	0.0020000000004074536	states																																	"   state_name
id           
5      go_cue"
14003.948900000001	0.2043999999987136	states																																	"            state_name
id                    
6   wait_for_side_poke"
14004.1533	1.8977000000013504	states																																	"         state_name
id                 
4   announce_reward"
14006.051000000001	0.1999999999989086	states																																	"   state_name
id           
0     opt_out"
14006.251	0.00010000000111176632	states																																	"    state_name
id            
7   stop_sound"
14006.8795	2.367500000000291	trials	1.0	2.0	20.0	0.9871575742910924	0.0	0.15	True	10105.0	False	False	44474.0	False	Low	True	False	0.025	0.0	0.20439478	1.5	9.0													
14006.8795	2.367500000000291	processed_trials			20.0	0.9871575742910924					False				Low					0.20439478		9.0	40.0	40.0	False	True	False			20.347301156158494	0.3358	-0.20827072868521743	Left	0.3358	
14006.8795	0.33580000000074506	states																																	"       state_name
id               
3   wait_for_poke"
14007.2153	0.03169999999954598	states																																	"        state_name
id                
1   nose_in_center"
14007.247	2.0	states																																	"          state_name
id                  
2   punish_violation"
14009.8728	6.101200000000972	trials	1.0	2.0	20.0	1.1765410428928162	0.0	0.15	True	10105.0	False	False	44475.0	False	Low	True	True	0.025	0.0	4.38848610461772	1.5	9.0													
14009.8728	6.101200000000972	processed_trials			20.0	1.1765410428928162					False				Low					4.38848610461772		9.0	40.0	40.0	True	False	False	4.3885000000000005	4.3885000000000005	20.347301156158494	0.3075	-0.20952001207158436	Left	0.3075	
14009.8728	0.30750000000080036	states																																	"       state_name
id               
3   wait_for_poke"
14010.1803	1.176499999999578	states																																	"        state_name
id                
1   nose_in_center"
14011.3568	0.0020000000004074536	states																																	"   state_name
id           
5      go_cue"
14011.3588	4.388499999999112	states																																	"            state_name
id                    
6   wait_for_side_poke"
14015.747299999999	0.04429999999956635	states																																	"         state_name
id                 
4   announce_reward"
14015.791599999999	0.1823000000003958	states																																	"   state_name
id           
8      reward"
14015.973899999999	9.999999929277692e-05	states																																	"    state_name
id            
7   stop_sound"
14016.6011	6.086800000000949	trials	1.0	2.0	5.0	1.176541	0.0	0.15	True	10125.0	False	False	44476.0	False	Low	True	False	0.025	0.0	4.581516134975799	1.5	9.0													
14016.6011	6.086800000000949	processed_trials			5.0	1.176541					False				Low					4.581516134975799		9.0	40.0	40.0	False	True	False			20.347301156158494	3.8590999999999998	-0.052737154296998386	Right	2.1446999999999994	
14016.6011	3.859099999999671	states																																	"       state_name
id               
3   wait_for_poke"
14020.4602	0.22769999999945867	states																																	"        state_name
id                
1   nose_in_center"
14020.687899999999	2.0	states																																	"          state_name
id                  
2   punish_violation"
14023.3187	2.0395000000007713	trials	1.0	2.0	5.0	1.1332538265420617	0.0	0.15	True	10125.0	False	False	44477.0	False	Low	True	True	0.025	0.0	2.949842095091319	1.5	9.0													
14023.3187	2.0395000000007713	processed_trials			5.0	1.1332538265420617					False				Low					2.949842095091319		9.0	40.0	40.0	False	True	False			20.347301156158494	0.0018	-0.22301492130170342	Right	0.0018	
14023.3187	0.0018000000000029104	states																																	"       state_name
id               
3   wait_for_poke"
14023.3205	0.03770000000076834	states																																	"        state_name
id                
1   nose_in_center"
14023.3582	2.0	states																																	"          state_name
id                  
2   punish_violation"
14025.9962	5.080200000000332	trials	1.0	2.0	5.0	0.8623503523811739	0.0	0.15	True	10125.0	False	False	44478.0	False	Low	True	True	0.025	0.0	2.9498421	1.5	9.0													
14025.9962	5.080200000000332	processed_trials			5.0	0.8623503523811739					False				Low					2.9498421		9.0	40.0	40.0	True	False	False	2.9498	2.9498	20.347301156158494	1.1542000000000001	-0.17214304234589958	Right	1.1542000000000001	
14025.9962	1.1542000000008557	states																																	"       state_name
id               
3   wait_for_poke"
14027.1504	0.8623999999999796	states																																	"        state_name
id                
1   nose_in_center"
14028.0128	0.0019999999985884642	states																																	"   state_name
id           
5      go_cue"
14028.014799999999	2.949800000000323	states																																	"            state_name
id                    
6   wait_for_side_poke"
14030.9646	0.030300000000352156	states																																	"         state_name
id                 
4   announce_reward"
14030.9949	0.08139999999912106	states																																	"   state_name
id           
8      reward"
14031.076299999999	0.00010000000111176632	states																																	"    state_name
id            
7   stop_sound"
14031.6964	4.235999999998967	trials	1.0	2.0	10.0	0.9689456011136377	0.0	0.15	True	10130.0	False	False	44479.0	False	Low	True	False	0.025	0.0	0.5043819348237211	1.5	9.0													
14031.6964	4.235999999998967	processed_trials			10.0	0.9689456011136377					False				Low					0.5043819348237211		9.0	40.0	40.0	False	True	False			20.347301156158494	2.1178000000000003	-0.12960560520444475	Right	1.0313000000000003	
14031.6964	2.1177999999999884	states																																	"       state_name
id               
3   wait_for_poke"
14033.8142	0.11820000000079744	states																																	"        state_name
id                
1   nose_in_center"
14033.932400000002	2.0	states																																	"          state_name
id                  
2   punish_violation"
