onset	duration	nwb_table	target_duration_for_nose_in_center	violation_time_out	reward_volume_ul	nose_in_center	high_ITI	catch_percentage	punish_sound_enabled	cumulative_reward_volume_ul	is_catch	is_warm_up	trials_in_stage	changed	block_type	auto_change_catch_probability	previous_was_violation	time_increment_for_reward_delay	time_increment_for_nose_in_center	reward_delay	target_reward_delay	training_stage	num_trials_in_adaptation_blocks	num_trials_in_mixed_blocks	is_rewarded	is_violation	is_opt_out	wait_time	wait_time_unthresholded	wait_time_threshold	wait_for_center_poke	z_scored_wait_for_center_poke	rewarded_port	inter_trial_interval	state_type
166147.3498	18.23399999999674	trials	1.0	4.0	10.0	0.90073	0.0	0.15	True	0.0	True	False	10315.0	False	Mixed	True	False	0.002	0.0	6.6561	1.5	9.0													
166147.3498	18.23399999999674	processed_trials			10.0	0.90073					False				Mixed					6.6561		9.0	40.0	40.0	False	True	False			24.554372273282663			Right	13.4453	
166147.3498	13.44529999999213	states																																	"       state_name
id               
3   wait_for_poke"
166160.7951	0.78870000000461	states																																	"        state_name
id                
1   nose_in_center"
166161.5838	4.0	states																																	"          state_name
id                  
2   punish_violation"
166165.6107	5.689500000007683	trials	1.0	4.0	10.0	1.1429356906047807	0.0	0.15	True	0.0	False	False	10317.0	False	Mixed	True	True	0.002	0.0	6.069680495352766	1.5	9.0													
166165.6107	5.689500000007683	processed_trials			10.0	1.1429356906047807					False				Mixed					6.069680495352766		9.0	40.0	40.0	False	True	False			24.554372273282663	1.2568	-0.20824799798056473	Left	1.2568	
166165.6107	1.2568000000028405	states																																	"       state_name
id               
3   wait_for_poke"
166166.8675	0.4327000000048429	states																																	"        state_name
id                
1   nose_in_center"
166167.3002	4.0	states																																	"          state_name
id                  
2   punish_violation"
166171.3219	9.339899999991758	trials	1.0	4.0	10.0	1.1429357	0.0	0.15	True	0.0	False	False	10318.0	False	Mixed	True	True	0.002	0.0	0.7354844056868302	1.5	9.0													
166171.3219	9.339899999991758	processed_trials			10.0	1.1429357					False				Mixed					0.7354844056868302		9.0	40.0	40.0	True	False	False	0.7355	0.7355	24.554372273282663	6.9749	-0.06095644620987175	Right	6.9749	
166171.3219	6.974900000001071	states																																	"       state_name
id               
3   wait_for_poke"
166178.2968	1.1429000000061933	states																																	"        state_name
id                
1   nose_in_center"
166179.43970000002	0.001999999978579581	states																																	"   state_name
id           
5      go_cue"
166179.4417	0.7355000000097789	states																																	"            state_name
id                    
6   wait_for_side_poke"
166180.1772	0.3508999999903608	states																																	"         state_name
id                 
4   announce_reward"
166180.5281	0.13360000000102445	states																																	"   state_name
id           
8      reward"
166180.6617	0.00010000000474974513	states																																	"    state_name
id            
7   stop_sound"
166180.6876	9.148300000000745	trials	1.0	4.0	40.0	0.909174414980885	0.0	0.15	True	10.0	False	False	10319.0	False	Mixed	True	False	0.002	0.0	5.248327669853169	1.5	9.0													
166180.6876	9.148300000000745	processed_trials			40.0	0.909174414980885					False				Mixed					5.248327669853169		9.0	40.0	40.0	True	False	False	5.2483	5.2483	24.554372273282663	1.76	-0.19528615596118545	Right	0.8849	
166180.6876	1.7600000000093132	states																																	"       state_name
id               
3   wait_for_poke"
166182.4476	0.9091999999945983	states																																	"        state_name
id                
1   nose_in_center"
166183.3568	0.0020000000076834112	states																																	"   state_name
id           
5      go_cue"
166183.35880000002	5.248299999977462	states																																	"            state_name
id                    
6   wait_for_side_poke"
166188.6071	0.7707999999984168	states																																	"         state_name
id                 
4   announce_reward"
166189.3779	0.4579000000085216	states																																	"   state_name
id           
8      reward"
166189.8358	0.00010000000474974513	states																																	"    state_name
id            
7   stop_sound"
166189.8613	11.808500000013737	trials	1.0	4.0	5.0	0.90917441	0.0	0.15	True	50.0	False	False	10320.0	False	Mixed	True	False	0.002	0.0	7.870750324556759	1.5	9.0													
166189.8613	11.808500000013737	processed_trials			5.0	0.90917441					False				Mixed					7.870750324556759		9.0	40.0	40.0	True	False	False	7.870800000000001	7.870800000000001	24.554372273282663	2.7855	-0.16887047831636537	Left	1.3152	
166189.8613	2.7854999999981374	states																																	"       state_name
id               
3   wait_for_poke"
166192.6468	0.9091999999945983	states																																	"        state_name
id                
1   nose_in_center"
166193.55599999998	0.0020000000076834112	states																																	"   state_name
id           
5      go_cue"
166193.558	7.8708000000042375	states																																	"            state_name
id                    
6   wait_for_side_poke"
166201.4288	0.16629999998258427	states																																	"         state_name
id                 
4   announce_reward"
166201.59509999998	0.07460000002174638	states																																	"   state_name
id           
8      reward"
166201.6697	0.00010000000474974513	states																																	"    state_name
id            
7   stop_sound"
166201.6986	9.546100000006845	trials	1.0	4.0	5.0	0.9118783736266393	0.0	0.15	True	55.0	False	False	10321.0	False	Mixed	True	False	0.002	0.0	1.0272221833666426	1.5	9.0													
166201.6986	9.546100000006845	processed_trials			5.0	0.9118783736266393					False				Mixed					1.0272221833666426		9.0	40.0	40.0	False	True	False			24.554372273282663	5.424	-0.1009058118455143	Right	1.5406000000000004	
166201.6986	5.423999999999069	states																																	"       state_name
id               
3   wait_for_poke"
166207.1226	0.12210000000777654	states																																	"        state_name
id                
1   nose_in_center"
166207.2447	4.0	states																																	"          state_name
id                  
2   punish_violation"
166211.2763	6.6877000000094995	trials	1.0	4.0	5.0	0.9155242669463907	0.0	0.15	True	55.0	False	False	10322.0	False	Mixed	True	True	0.002	0.0	0.8657362616257086	1.5	9.0													
166211.2763	6.6877000000094995	processed_trials			5.0	0.9155242669463907					False				Mixed					0.8657362616257086		9.0	40.0	40.0	True	False	False	0.8657000000000004	0.8657000000000004	24.554372273282663	4.618399999999999	-0.12165712331374158	Left	4.618399999999999	
166211.2763	4.618400000006659	states																																	"       state_name
id               
3   wait_for_poke"
166215.8947	0.915500000002794	states																																	"        state_name
id                
1   nose_in_center"
166216.8102	0.001999999978579581	states																																	"   state_name
id           
5      go_cue"
166216.8122	0.865700000023935	states																																	"            state_name
id                    
6   wait_for_side_poke"
166217.6779	0.2114000000001397	states																																	"         state_name
id                 
4   announce_reward"
166217.8893	0.07459999999264255	states																																	"   state_name
id           
8      reward"
166217.9639	0.00010000000474974513	states																																	"    state_name
id            
7   stop_sound"
166217.9976	4.470100000005914	trials	1.0	4.0	5.0	0.8264821301338897	0.0	0.15	True	60.0	False	False	10323.0	False	Mixed	True	False	0.002	0.0	0.6751419750123198	1.5	9.0													
166217.9976	4.470100000005914	processed_trials			5.0	0.8264821301338897					False				Mixed					0.6751419750123198		9.0	40.0	40.0	True	False	False	0.6751	0.6751	24.554372273282663	2.2583	-0.18245053219676433	Right	0.5162000000000002	
166217.9976	2.258299999986775	states																																	"       state_name
id               
3   wait_for_poke"
166220.2559	0.82650000002468	states																																	"        state_name
id                
1   nose_in_center"
166221.0824	0.001999999978579581	states																																	"   state_name
id           
5      go_cue"
166221.0844	0.675100000022212	states																																	"            state_name
id                    
6   wait_for_side_poke"
166221.75950000001	0.6266999999934342	states																																	"         state_name
id                 
4   announce_reward"
166222.3862	0.08139999999548309	states																																	"   state_name
id           
8      reward"
166222.4676	0.00010000000474974513	states																																	"    state_name
id            
7   stop_sound"
166222.4962	16.79910000000382	trials	1.0	4.0	40.0	1.017015075814896	0.0	0.15	True	65.0	True	False	10324.0	False	Mixed	True	False	0.002	0.0	100.0	1.5	9.0													
166222.4962	16.79910000000382	processed_trials			40.0	1.017015075814896					True				Mixed					100.0		9.0	40.0	40.0	False	False	True	14.0641	14.0641	24.554372273282663	1.5159	-0.20157388576430643	Left	0.7252	
166222.4962	1.5158999999985099	states																																	"       state_name
id               
3   wait_for_poke"
166224.0121	1.0169999999925494	states																																	"        state_name
id                
1   nose_in_center"
166225.02909999999	0.0020000000076834112	states																																	"   state_name
id           
5      go_cue"
166225.0311	14.064099999988684	states																																	"            state_name
id                    
6   wait_for_side_poke"
166239.09519999998	0.20000000001164153	states																																	"   state_name
id           
0     opt_out"
166239.2952	0.00010000000474974513	states																																	"    state_name
id            
7   stop_sound"
166239.3266	18.306099999987055	trials	1.0	4.0	80.0	0.9263171160369137	0.0	0.15	True	65.0	True	False	10325.0	False	Mixed	True	False	0.002	0.0	100.0	1.5	9.0													
166239.3266	18.306099999987055	processed_trials			80.0	0.9263171160369137					True				Mixed					100.0		9.0	40.0	40.0	False	False	True	16.808300000000003	16.808300000000003	24.554372273282663	0.36939999999999995	-0.23110638154176738	Right	0.36939999999999995	
166239.3266	0.36939999999594875	states																																	"       state_name
id               
3   wait_for_poke"
166239.696	0.9262999999918975	states																																	"        state_name
id                
1   nose_in_center"
166240.6223	0.0020000000076834112	states																																	"   state_name
id           
5      go_cue"
166240.6243	16.808300000004238	states																																	"            state_name
id                    
6   wait_for_side_poke"
166257.4326	0.20000000001164153	states																																	"   state_name
id           
0     opt_out"
166257.6326	9.999997564591467e-05	states																																	"    state_name
id            
7   stop_sound"
166257.663	4.971300000004703	trials	1.0	4.0	20.0	0.9814991416587471	0.0	0.15	True	65.0	True	False	10326.0	False	Mixed	True	False	0.002	0.0	100.0	1.5	9.0													
166257.663	4.971300000004703	processed_trials			20.0	0.9814991416587471					True				Mixed					100.0		9.0	40.0	40.0	False	True	False			24.554372273282663	0.5886	-0.22546004654445434	Left	0.5886	
166257.663	0.5885999999882188	states																																	"       state_name
id               
3   wait_for_poke"
166258.2516	0.3827000000164844	states																																	"        state_name
id                
1   nose_in_center"
166258.6343	4.0	states																																	"          state_name
id                  
2   punish_violation"
166262.662	7.651799999992363	trials	1.0	4.0	20.0	1.1150442206039521	0.0	0.15	True	65.0	False	False	10327.0	False	Mixed	True	True	0.002	0.0	2.9891047230099077	1.5	9.0													
166262.662	7.651799999992363	processed_trials			20.0	1.1150442206039521					False				Mixed					2.9891047230099077		9.0	40.0	40.0	True	False	False	2.9891	2.9891	24.554372273282663	2.4864	-0.17657494363432313	Right	2.4864	
166262.662	2.486399999994319	states																																	"       state_name
id               
3   wait_for_poke"
166265.1484	1.1150000000197906	states																																	"        state_name
id                
1   nose_in_center"
166266.26340000003	0.001999999978579581	states																																	"   state_name
id           
5      go_cue"
166266.2654	2.9891000000061467	states																																	"            state_name
id                    
6   wait_for_side_poke"
166269.2545	0.8195999999879859	states																																	"         state_name
id                 
4   announce_reward"
166270.0741	0.23960000000079162	states																																	"   state_name
id           
8      reward"
166270.3137	0.00010000000474974513	states																																	"    state_name
id            
7   stop_sound"
166270.3534	12.414099999994505	trials	1.0	4.0	10.0	0.8731776095056298	0.0	0.15	True	85.0	True	False	10328.0	False	Mixed	True	False	0.002	0.0	100.0	1.5	9.0													
166270.3534	12.414099999994505	processed_trials			10.0	0.8731776095056298					True				Mixed					100.0		9.0	40.0	40.0	False	False	True	9.6234	9.6234	24.554372273282663	1.7154	-0.19643499966958036	Left	0.5671000000000002	
166270.3534	1.7153999999864027	states																																	"       state_name
id               
3   wait_for_poke"
166272.06879999998	0.8732000000018161	states																																	"        state_name
id                
1   nose_in_center"
166272.94199999998	0.0020000000076834112	states																																	"   state_name
id           
5      go_cue"
166272.944	9.623400000011316	states																																	"            state_name
id                    
6   wait_for_side_poke"
166282.5674	0.1999999999825377	states																																	"   state_name
id           
0     opt_out"
166282.76739999998	0.00010000000474974513	states																																	"    state_name
id            
7   stop_sound"
166282.7983	3.095100000005914	trials	1.0	4.0	20.0	0.940921512001479	0.0	0.15	True	85.0	False	False	10329.0	False	Mixed	True	False	0.002	0.0	0.8762609125467001	1.5	9.0													
166282.7983	3.095100000005914	processed_trials			20.0	0.940921512001479					False				Mixed					0.8762609125467001		9.0	40.0	40.0	True	False	False	0.8762999999999999	0.8762999999999999	24.554372273282663	0.827	-0.2193191420583255	Left	0.827	
166282.7983	0.8269999999902211	states																																	"       state_name
id               
3   wait_for_poke"
166283.62529999999	0.9409000000159722	states																																	"        state_name
id                
1   nose_in_center"
166284.5662	0.0020000000076834112	states																																	"   state_name
id           
5      go_cue"
166284.5682	0.8762999999744352	states																																	"            state_name
id                    
6   wait_for_side_poke"
166285.44449999998	0.2664999999979045	states																																	"         state_name
id                 
4   announce_reward"
166285.71099999998	0.18230000001494773	states																																	"   state_name
id           
8      reward"
166285.8933	0.00010000000474974513	states																																	"    state_name
id            
7   stop_sound"
166285.9263	11.925500000012107	trials	1.0	4.0	40.0	0.856082456624947	0.0	0.15	True	105.0	False	False	10330.0	False	Mixed	True	False	0.002	0.0	7.287047122666878	1.5	9.0													
166285.9263	11.925500000012107	processed_trials			40.0	0.856082456624947					False				Mixed					7.287047122666878		9.0	40.0	40.0	True	False	False	7.286999999999998	7.286999999999998	24.554372273282663	2.6786999999999996	-0.17162152109790296	Right	0.42759999999999954	
166285.9263	2.678699999989476	states																																	"       state_name
id               
3   wait_for_poke"
166288.60499999998	0.8561000000045169	states																																	"        state_name
id                
1   nose_in_center"
166289.4611	0.0020000000076834112	states																																	"   state_name
id           
5      go_cue"
166289.4631	7.287000000011176	states																																	"            state_name
id                    
6   wait_for_side_poke"
166296.7501	0.6436999999859836	states																																	"         state_name
id                 
4   announce_reward"
166297.3938	0.4579000000085216	states																																	"   state_name
id           
8      reward"
166297.8517	0.00010000000474974513	states																																	"    state_name
id            
7   stop_sound"
166297.8895	4.138600000005681	trials	1.0	4.0	5.0	0.8348443548692482	0.0	0.15	True	145.0	False	False	10331.0	False	Mixed	True	False	0.002	0.0	1.418560897952141	1.5	9.0													
166297.8895	4.138600000005681	processed_trials			5.0	0.8348443548692482					False				Mixed					1.418560897952141		9.0	40.0	40.0	True	False	False	1.4186	1.4186	24.554372273282663	1.7911	-0.1944850564246141	Right	0.7901	
166297.8895	1.7911000000021886	states																																	"       state_name
id               
3   wait_for_poke"
166299.6806	0.8348000000114553	states																																	"        state_name
id                
1   nose_in_center"
166300.5154	0.001999999978579581	states																																	"   state_name
id           
5      go_cue"
166300.51739999998	1.418600000004517	states																																	"            state_name
id                    
6   wait_for_side_poke"
166301.936	0.010600000008707866	states																																	"         state_name
id                 
4   announce_reward"
166301.9466	0.08139999999548309	states																																	"   state_name
id           
8      reward"
166302.028	0.00010000000474974513	states																																	"    state_name
id            
7   stop_sound"
166302.0611	5.611900000018068	trials	1.0	4.0	80.0	0.9300165028538524	0.0	0.15	True	150.0	False	False	10332.0	False	Mixed	True	False	0.002	0.0	1.994404885721249	1.5	9.0													
166302.0611	5.611900000018068	processed_trials			80.0	0.9300165028538524					False				Mixed					1.994404885721249		9.0	40.0	40.0	True	False	False	1.9943999999999997	1.9943999999999997	24.554372273282663	1.5275999999999998	-0.20127250748205935	Left	0.6125999999999998	
166302.0611	1.5276000000012573	states																																	"       state_name
id               
3   wait_for_poke"
166303.5887	0.9299999999930151	states																																	"        state_name
id                
1   nose_in_center"
166304.5187	0.0020000000076834112	states																																	"   state_name
id           
5      go_cue"
166304.5207	1.9943999999959487	states																																	"            state_name
id                    
6   wait_for_side_poke"
166306.5151	0.535200000012992	states																																	"         state_name
id                 
4   announce_reward"
166307.0503	0.6226000000024214	states																																	"   state_name
id           
8      reward"
166307.6729	9.999997564591467e-05	states																																	"    state_name
id            
7   stop_sound"
166307.7135	8.732499999983702	trials	1.0	4.0	40.0	1.164510492318424	0.0	0.15	True	230.0	False	False	10333.0	False	Mixed	True	False	0.002	0.0	0.9900635636326814	1.5	9.0													
166307.7135	8.732499999983702	processed_trials			40.0	1.164510492318424					False				Mixed					0.9900635636326814		9.0	40.0	40.0	True	False	False	0.9901000000000009	0.9901000000000009	24.554372273282663	5.8195	-0.09071819555246084	Right	1.7657999999999996	
166307.7135	5.81950000001234	states																																	"       state_name
id               
3   wait_for_poke"
166313.53300000002	1.1644999999844003	states																																	"        state_name
id                
1   nose_in_center"
166314.6975	0.0020000000076834112	states																																	"   state_name
id           
5      go_cue"
166314.69950000002	0.9900999999954365	states																																	"            state_name
id                    
6   wait_for_side_poke"
166315.6896	0.29839999999967404	states																																	"         state_name
id                 
4   announce_reward"
166315.988	0.4579000000085216	states																																	"   state_name
id           
8      reward"
166316.44590000002	0.00010000000474974513	states																																	"    state_name
id            
7   stop_sound"
166316.4915	6.661599999992177	trials	1.0	4.0	10.0	1.1650633458094082	0.0	0.15	True	270.0	False	False	10334.0	False	Mixed	True	False	0.002	0.0	0.19913024814188213	1.5	9.0													
166316.4915	6.661599999992177	processed_trials			10.0	1.1650633458094082					False				Mixed					0.19913024814188213		9.0	40.0	40.0	False	True	False			24.554372273282663	2.4573	-0.1773245255158095	Right	0.8768	
166316.4915	2.457300000009127	states																																	"       state_name
id               
3   wait_for_poke"
166318.9488	0.20429999998304993	states																																	"        state_name
id                
1   nose_in_center"
166319.1531	4.0	states																																	"          state_name
id                  
2   punish_violation"
166323.1895	6.362599999993108	trials	1.0	4.0	10.0	1.1650633	0.0	0.15	True	270.0	False	False	10335.0	False	Mixed	True	True	0.002	0.0	3.9229414184613627	1.5	9.0													
166323.1895	6.362599999993108	processed_trials			10.0	1.1650633					False				Mixed					3.9229414184613627		9.0	40.0	40.0	True	False	False	3.9229	3.9229	24.554372273282663	0.4067	-0.23014557727443263	Left	0.4067	
166323.1895	0.40669999999227	states																																	"       state_name
id               
3   wait_for_poke"
166323.5962	1.1651000000128988	states																																	"        state_name
id                
1   nose_in_center"
166324.7613	0.0020000000076834112	states																																	"   state_name
id           
5      go_cue"
166324.76330000002	3.9228999999759253	states																																	"            state_name
id                    
6   wait_for_side_poke"
166328.6862	0.7554000000236556	states																																	"         state_name
id                 
4   announce_reward"
166329.44160000002	0.11039999997592531	states																																	"   state_name
id           
8      reward"
166329.552	0.00010000000474974513	states																																	"    state_name
id            
7   stop_sound"
166329.589	6.296299999987241	trials	1.0	4.0	5.0	0.9824363327624082	0.0	0.15	True	280.0	False	False	10336.0	False	Mixed	True	False	0.002	0.0	3.956560742645724	1.5	9.0													
166329.589	6.296299999987241	processed_trials			5.0	0.9824363327624082					False				Mixed					3.956560742645724		9.0	40.0	40.0	False	True	False			24.554372273282663	2.0294	-0.18834672782123954	Left	0.5279999999999998	
166329.589	2.029399999999441	states																																	"       state_name
id               
3   wait_for_poke"
166331.6184	0.2668999999877997	states																																	"        state_name
id                
1   nose_in_center"
166331.8853	4.0	states																																	"          state_name
id                  
2   punish_violation"
166335.921	15.276099999988219	trials	1.0	4.0	5.0	1.019104627965632	0.0	0.15	True	280.0	False	False	10337.0	False	Mixed	True	True	0.002	0.0	3.9565607	1.5	9.0													
166335.921	15.276099999988219	processed_trials			5.0	1.019104627965632					False				Mixed					3.9565607		9.0	40.0	40.0	True	False	False	3.956599999999999	3.956599999999999	24.554372273282663	4.8481000000000005	-0.11574032062723237	Left	4.8481000000000005	
166335.921	4.848100000002887	states																																	"       state_name
id               
3   wait_for_poke"
166340.7691	1.0191000000049826	states																																	"        state_name
id                
1   nose_in_center"
166341.7882	0.001999999978579581	states																																	"   state_name
id           
5      go_cue"
166341.7902	3.9566000000049826	states																																	"            state_name
id                    
6   wait_for_side_poke"
166345.7468	5.375599999999395	states																																	"         state_name
id                 
4   announce_reward"
166351.1224	0.07460000002174638	states																																	"   state_name
id           
8      reward"
166351.19700000001	9.999997564591467e-05	states																																	"    state_name
id            
7   stop_sound"
166351.2378	6.8070000000006985	trials	1.0	4.0	5.0	0.9806047818063575	0.0	0.15	True	285.0	True	False	10338.0	False	Mixed	True	False	0.002	0.0	100.0	1.5	9.0													
166351.2378	6.8070000000006985	processed_trials			5.0	0.9806047818063575					True				Mixed					100.0		9.0	40.0	40.0	False	True	False			24.554372273282663	1.9502000000000002	-0.19038682696260445	Left	0.4489000000000003	
166351.2378	1.9501999999920372	states																																	"       state_name
id               
3   wait_for_poke"
166353.188	0.8568000000086613	states																																	"        state_name
id                
1   nose_in_center"
166354.0448	4.0	states																																	"          state_name
id                  
2   punish_violation"
166358.083	5.499699999985751	trials	1.0	4.0	5.0	1.0905654047906133	0.0	0.15	True	285.0	False	False	10339.0	False	Mixed	True	True	0.002	0.0	1.6481850094355206	1.5	9.0													
166358.083	5.499699999985751	processed_trials			5.0	1.0905654047906133					False				Mixed					1.6481850094355206		9.0	40.0	40.0	True	False	False	1.6481999999999997	1.6481999999999997	24.554372273282663	2.0187	-0.18862234727594415	Right	2.0187	
166358.083	2.0186999999859836	states																																	"       state_name
id               
3   wait_for_poke"
166360.1017	1.090600000025006	states																																	"        state_name
id                
1   nose_in_center"
166361.19230000002	0.001999999978579581	states																																	"   state_name
id           
5      go_cue"
166361.1943	1.6481999999959953	states																																	"            state_name
id                    
6   wait_for_side_poke"
166362.8425	0.6586999999999534	states																																	"         state_name
id                 
4   announce_reward"
166363.5012	0.08140000002458692	states																																	"   state_name
id           
8      reward"
166363.58260000002	9.999997564591467e-05	states																																	"    state_name
id            
7   stop_sound"
166363.6249	4.344600000011269	trials	1.0	4.0	20.0	1.1057847067969326	0.0	0.15	True	290.0	False	False	10340.0	False	Mixed	True	False	0.002	0.0	1.0904899389146292	1.5	9.0													
166363.6249	4.344600000011269	processed_trials			20.0	1.1057847067969326					False				Mixed					1.0904899389146292		9.0	40.0	40.0	True	False	False	1.0905	1.0905	24.554372273282663	1.5294	-0.20122614159248287	Right	1.0143	
166363.6249	1.5293999999994412	states																																	"       state_name
id               
3   wait_for_poke"
166365.1543	1.1057999999902677	states																																	"        state_name
id                
1   nose_in_center"
166366.26009999998	0.0020000000076834112	states																																	"   state_name
id           
5      go_cue"
166366.2621	1.0904999999911524	states																																	"            state_name
id                    
6   wait_for_side_poke"
166367.35259999998	0.3772000000171829	states																																	"         state_name
id                 
4   announce_reward"
166367.7298	0.23960000000079162	states																																	"   state_name
id           
8      reward"
166367.9694	0.00010000000474974513	states																																	"    state_name
id            
7   stop_sound"
166368.0103	5.4192000000039116	trials	1.0	4.0	20.0	1.1873347711599844	0.0	0.15	True	310.0	False	False	10341.0	False	Mixed	True	False	0.002	0.0	1.0904899	1.5	9.0													
166368.0103	5.4192000000039116	processed_trials			20.0	1.1873347711599844					False				Mixed					1.0904899		9.0	40.0	40.0	False	True	False			24.554372273282663	1.3654000000000002	-0.20545058930945068	Left	0.7142000000000002	
166368.0103	1.3654000000096858	states																																	"       state_name
id               
3   wait_for_poke"
166369.3757	0.0537999999942258	states																																	"        state_name
id                
1   nose_in_center"
166369.4295	4.0	states																																	"          state_name
id                  
2   punish_violation"
166373.4719	5.324900000006892	trials	1.0	4.0	20.0	1.197899207798918	0.0	0.15	True	310.0	False	False	10342.0	False	Mixed	True	True	0.002	0.0	2.394588633773644	1.5	9.0													
166373.4719	5.324900000006892	processed_trials			20.0	1.197899207798918					False				Mixed					2.394588633773644		9.0	40.0	40.0	True	False	False	2.394599999999999	2.394599999999999	24.554372273282663	1.4469	-0.20335124486473802	Right	1.4469	
166373.4719	1.4469000000099186	states																																	"       state_name
id               
3   wait_for_poke"
166374.9188	1.1978999999992084	states																																	"        state_name
id                
1   nose_in_center"
166376.1167	0.001999999978579581	states																																	"   state_name
id           
5      go_cue"
166376.1187	2.3945999999996275	states																																	"            state_name
id                    
6   wait_for_side_poke"
166378.5133	0.043800000014016405	states																																	"         state_name
id                 
4   announce_reward"
166378.5571	0.23960000000079162	states																																	"   state_name
id           
8      reward"
166378.7967	0.00010000000474974513	states																																	"    state_name
id            
7   stop_sound"
166378.8417	4.596600000018952	trials	1.0	4.0	5.0	0.9551508836345277	0.0	0.15	True	330.0	False	False	10343.0	False	Mixed	True	False	0.002	0.0	1.1743356972601062	1.5	9.0													
166378.8417	4.596600000018952	processed_trials			5.0	0.9551508836345277					False				Mixed					1.1743356972601062		9.0	40.0	40.0	True	False	False	1.1742999999999997	1.1742999999999997	24.554372273282663	2.2287	-0.18321299349202194	Right	2.2287	
166378.8417	2.2287000000069384	states																																	"       state_name
id               
3   wait_for_poke"
166381.0704	0.9551999999966938	states																																	"        state_name
id                
1   nose_in_center"
166382.0256	0.0020000000076834112	states																																	"   state_name
id           
5      go_cue"
166382.0276	1.174299999984214	states																																	"            state_name
id                    
6   wait_for_side_poke"
166383.2019	0.1548999999940861	states																																	"         state_name
id                 
4   announce_reward"
166383.35679999998	0.08140000002458692	states																																	"   state_name
id           
8      reward"
166383.4382	9.999997564591467e-05	states																																	"    state_name
id            
7   stop_sound"
166383.4822	16.33739999998943	trials	1.0	4.0	80.0	0.8720250761128915	0.0	0.15	True	335.0	True	False	10344.0	False	Mixed	True	False	0.002	0.0	100.0	1.5	9.0													
166383.4822	16.33739999998943	processed_trials			80.0	0.8720250761128915					True				Mixed					100.0		9.0	40.0	40.0	False	False	True	13.7278	13.7278	24.554372273282663	1.5355	-0.2010690127444737	Right	1.5355	
166383.4822	1.5354999999981374	states																																	"       state_name
id               
3   wait_for_poke"
166385.0177	0.8720000000030268	states																																	"        state_name
id                
1   nose_in_center"
166385.8897	0.0020000000076834112	states																																	"   state_name
id           
5      go_cue"
166385.8917	13.727799999993294	states																																	"            state_name
id                    
6   wait_for_side_poke"
166399.6195	0.20000000001164153	states																																	"   state_name
id           
0     opt_out"
166399.8195	9.999997564591467e-05	states																																	"    state_name
id            
7   stop_sound"
166399.8632	3.2384000000020023	trials	1.0	4.0	80.0	0.9702918883490622	0.0	0.15	True	335.0	False	False	10345.0	False	Mixed	True	False	0.002	0.0	0.7506887375113556	1.5	9.0													
166399.8632	3.2384000000020023	processed_trials			80.0	0.9702918883490622					False				Mixed					0.7506887375113556		9.0	40.0	40.0	True	False	False	0.7506999999999997	0.7506999999999997	24.554372273282663	0.21009999999999998	-0.2352097627692855	Right	0.21009999999999998	
166399.8632	0.21009999999660067	states																																	"       state_name
id               
3   wait_for_poke"
166400.0733	0.9703000000154134	states																																	"        state_name
id                
1   nose_in_center"
166401.0436	0.001999999978579581	states																																	"   state_name
id           
5      go_cue"
166401.04559999998	0.7507000000041444	states																																	"            state_name
id                    
6   wait_for_side_poke"
166401.7963	0.38510000001406297	states																																	"         state_name
id                 
4   announce_reward"
166402.1814	0.9200999999884516	states																																	"   state_name
id           
8      reward"
166403.1015	0.00010000000474974513	states																																	"    state_name
id            
7   stop_sound"
166403.1654	16.82630000001518	trials	1.0	4.0	80.0	0.8313843824683733	0.0	0.15	True	415.0	True	False	10346.0	False	Mixed	True	False	0.002	0.0	100.0	1.5	9.0													
166403.1654	16.82630000001518	processed_trials			80.0	0.8313843824683733					True				Mixed					100.0		9.0	40.0	40.0	False	False	True	11.709700000000002	11.709700000000002	24.554372273282663	4.0831	-0.13544582369723468	Left	2.2847	
166403.1654	4.083099999988917	states																																	"       state_name
id               
3   wait_for_poke"
166407.2485	0.8314000000245869	states																																	"        state_name
id                
1   nose_in_center"
166408.0799	0.001999999978579581	states																																	"   state_name
id           
5      go_cue"
166408.0819	11.709700000006706	states																																	"            state_name
id                    
6   wait_for_side_poke"
166419.7916	0.20000000001164153	states																																	"   state_name
id           
0     opt_out"
166419.9916	9.999997564591467e-05	states																																	"    state_name
id            
7   stop_sound"
166420.0469	9.362900000007357	trials	1.0	4.0	10.0	1.0914077606093533	0.0	0.15	True	415.0	True	False	10347.0	False	Mixed	True	False	0.002	0.0	100.0	1.5	9.0													
166420.0469	9.362900000007357	processed_trials			10.0	1.0914077606093533					True				Mixed					100.0		9.0	40.0	40.0	False	False	True	7.5333999999999985	7.5333999999999985	24.554372273282663	0.536	-0.22681496087318911	Right	0.536	
166420.0469	0.5359999999927823	states																																	"       state_name
id               
3   wait_for_poke"
166420.58289999998	1.0914000000047963	states																																	"        state_name
id                
1   nose_in_center"
166421.67429999998	0.0020000000076834112	states																																	"   state_name
id           
5      go_cue"
166421.6763	7.533399999985704	states																																	"            state_name
id                    
6   wait_for_side_poke"
166429.20969999998	0.20000000001164153	states																																	"   state_name
id           
0     opt_out"
166429.4097	0.00010000000474974513	states																																	"    state_name
id            
7   stop_sound"
166429.4535	2.5278000000107568	trials	1.0	4.0	10.0	1.1253353259750833	0.0	0.15	True	415.0	False	False	10348.0	False	Mixed	True	False	0.002	0.0	0.6000242725592458	1.5	9.0													
166429.4535	2.5278000000107568	processed_trials			10.0	1.1253353259750833					False				Mixed					0.6000242725592458		9.0	40.0	40.0	True	False	False	0.6000000000000001	0.6000000000000001	24.554372273282663	0.15880000000000002	-0.2365311906222151	Left	0.15880000000000002	
166429.4535	0.15880000000470318	states																																	"       state_name
id               
3   wait_for_poke"
166429.6123	1.1252999999851454	states																																	"        state_name
id                
1   nose_in_center"
166430.7376	0.0020000000076834112	states																																	"   state_name
id           
5      go_cue"
166430.7396	0.6000000000058208	states																																	"            state_name
id                    
6   wait_for_side_poke"
166431.3396	0.5311999999976251	states																																	"         state_name
id                 
4   announce_reward"
166431.8708	0.11040000000502914	states																																	"   state_name
id           
8      reward"
166431.9812	0.00010000000474974513	states																																	"    state_name
id            
7   stop_sound"
166432.035	7.049200000008568	trials	1.0	4.0	5.0	1.1407150569744182	0.0	0.15	True	425.0	False	False	10349.0	False	Mixed	True	False	0.002	0.0	7.6880090182868805	1.5	9.0													
166432.035	7.049200000008568	processed_trials			5.0	1.1407150569744182					False				Mixed					7.6880090182868805		9.0	40.0	40.0	False	True	False			24.554372273282663	2.7786999999999997	-0.1690456383436543	Left	1.5949999999999998	
166432.035	2.778699999995297	states																																	"       state_name
id               
3   wait_for_poke"
166434.8137	0.27050000001327135	states																																	"        state_name
id                
1   nose_in_center"
166435.0842	4.0	states																																	"          state_name
id                  
2   punish_violation"
166439.1343	3.6763999999966472	trials	1.0	4.0	5.0	1.1407151	0.0	0.15	True	425.0	False	False	10350.0	False	Mixed	True	True	0.002	0.0	1.3255237359436856	1.5	9.0													
166439.1343	3.6763999999966472	processed_trials			5.0	1.1407151					False				Mixed					1.3255237359436856		9.0	40.0	40.0	True	False	False	1.3255	1.3255	24.554372273282663	0.9365	-0.2164985504424232	Right	0.9365	
166439.1343	0.9365000000107102	states																																	"       state_name
id               
3   wait_for_poke"
166440.07080000002	1.1406999999890104	states																																	"        state_name
id                
1   nose_in_center"
166441.2115	0.0020000000076834112	states																																	"   state_name
id           
5      go_cue"
166441.2135	1.3255000000062864	states																																	"            state_name
id                    
6   wait_for_side_poke"
166442.53900000002	0.19019999998272397	states																																	"         state_name
id                 
4   announce_reward"
166442.7292	0.08139999999548309	states																																	"   state_name
id           
8      reward"
166442.8106	0.00010000000474974513	states																																	"    state_name
id            
7   stop_sound"
166442.8606	2.8885999999765772	trials	1.0	4.0	20.0	1.0845909541925511	0.0	0.15	True	430.0	False	False	10351.0	False	Mixed	True	False	0.002	0.0	0.19115220418431197	1.5	9.0													
166442.8606	2.8885999999765772	processed_trials			20.0	1.0845909541925511					False				Mixed					0.19115220418431197		9.0	40.0	40.0	True	False	False	0.19119999999999981	0.19119999999999981	24.554372273282663	1.1374000000000002	-0.21132360198913766	Left	0.6091000000000002	
166442.8606	1.1374000000068918	states																																	"       state_name
id               
3   wait_for_poke"
166443.99800000002	1.0846000000019558	states																																	"        state_name
id                
1   nose_in_center"
166445.08260000002	0.001999999978579581	states																																	"   state_name
id           
5      go_cue"
166445.0846	0.1912000000011176	states																																	"            state_name
id                    
6   wait_for_side_poke"
166445.2758	0.29099999999743886	states																																	"         state_name
id                 
4   announce_reward"
166445.5668	0.18230000001494773	states																																	"   state_name
id           
8      reward"
166445.74910000002	0.00010000000474974513	states																																	"    state_name
id            
7   stop_sound"
166445.798	12.783999999985099	trials	1.0	4.0	40.0	1.084591	0.0	0.15	True	450.0	True	False	10352.0	False	Mixed	True	False	0.002	0.0	100.0	1.5	9.0													
166445.798	12.783999999985099	processed_trials			40.0	1.084591					True				Mixed					100.0		9.0	40.0	40.0	False	False	True	9.007	9.007	24.554372273282663	2.4903000000000004	-0.17647448420690742	Left	0.48140000000000027	
166445.798	2.490300000004936	states																																	"       state_name
id               
3   wait_for_poke"
166448.28830000001	1.0846000000019558	states																																	"        state_name
id                
1   nose_in_center"
166449.37290000002	0.001999999978579581	states																																	"   state_name
id           
5      go_cue"
166449.3749	9.00700000001234	states																																	"            state_name
id                    
6   wait_for_side_poke"
166458.3819	0.20000000001164153	states																																	"   state_name
id           
0     opt_out"
166458.58190000002	0.00010000000474974513	states																																	"    state_name
id            
7   stop_sound"
166458.6305	2.8978000000061	trials	1.0	4.0	80.0	0.9123702760804647	0.0	0.15	True	450.0	False	False	10353.0	False	Mixed	True	False	0.002	0.0	0.0094965816073967	1.5	9.0													
166458.6305	2.8978000000061	processed_trials			80.0	0.9123702760804647					False				Mixed					0.0094965816073967		9.0	40.0	40.0	True	False	False	0.009499999999999842	0.009499999999999842	24.554372273282663	0.32939999999999997	-0.23213673464346687	Right	0.32939999999999997	
166458.6305	0.3293999999877997	states																																	"       state_name
id               
3   wait_for_poke"
166458.9599	0.912400000001071	states																																	"        state_name
id                
1   nose_in_center"
166459.8723	0.0020000000076834112	states																																	"   state_name
id           
5      go_cue"
166459.8743	0.00950000001466833	states																																	"            state_name
id                    
6   wait_for_side_poke"
166459.8838	0.7243000000016764	states																																	"         state_name
id                 
4   announce_reward"
166460.6081	0.9200999999884516	states																																	"   state_name
id           
8      reward"
166461.5282	0.00010000000474974513	states																																	"    state_name
id            
7   stop_sound"
166461.586	5.523499999981141	trials	1.0	4.0	10.0	1.0315573027052394	0.0	0.15	True	530.0	False	False	10354.0	False	Mixed	True	False	0.002	0.0	0.34428850470737415	1.5	9.0													
166461.586	5.523499999981141	processed_trials			10.0	1.0315573027052394					False				Mixed					0.34428850470737415		9.0	40.0	40.0	True	False	False	0.3442999999999996	0.3442999999999996	24.554372273282663	3.8695999999999997	-0.14094533337755558	Right	3.8695999999999997	
166461.586	3.8696000000054482	states																																	"       state_name
id               
3   wait_for_poke"
166465.45560000002	1.0315999999875203	states																																	"        state_name
id                
1   nose_in_center"
166466.4872	0.0020000000076834112	states																																	"   state_name
id           
5      go_cue"
166466.4892	0.34429999999701977	states																																	"            state_name
id                    
6   wait_for_side_poke"
166466.8335	0.14230000000679865	states																																	"         state_name
id                 
4   announce_reward"
166466.97580000001	0.13360000000102445	states																																	"   state_name
id           
8      reward"
166467.10940000002	0.00010000000474974513	states																																	"    state_name
id            
7   stop_sound"
166467.1676	7.156200000026729	trials	1.0	4.0	20.0	0.8890568171221844	0.0	0.15	True	540.0	False	False	10355.0	False	Mixed	True	False	0.002	0.0	4.134919973461497	1.5	9.0													
166467.1676	7.156200000026729	processed_trials			20.0	0.8890568171221844					False				Mixed					4.134919973461497		9.0	40.0	40.0	True	False	False	4.1349	4.1349	24.554372273282663	1.2732999999999999	-0.20782297732611368	Left	1.2309999999999999	
166467.1676	1.273300000000745	states																																	"       state_name
id               
3   wait_for_poke"
166468.4409	0.889100000000326	states																																	"        state_name
id                
1   nose_in_center"
166469.33	0.0020000000076834112	states																																	"   state_name
id           
5      go_cue"
166469.332	4.1349000000045635	states																																	"            state_name
id                    
6   wait_for_side_poke"
166473.4669	0.6744999999937136	states																																	"         state_name
id                 
4   announce_reward"
166474.1414	0.1822999999858439	states																																	"   state_name
id           
8      reward"
166474.32369999998	0.00010000000474974513	states																																	"    state_name
id            
7   stop_sound"
166474.3883	7.170000000012806	trials	1.0	4.0	40.0	1.0190109443718132	0.0	0.15	True	560.0	False	False	10356.0	False	Mixed	True	False	0.002	0.0	4.686499592410794	1.5	9.0													
166474.3883	7.170000000012806	processed_trials			40.0	1.0190109443718132					False				Mixed					4.686499592410794		9.0	40.0	40.0	False	True	False			24.554372273282663	2.2986999999999997	-0.18140987556404786	Right	0.5146999999999997	
166474.3883	2.2987000000139233	states																																	"       state_name
id               
3   wait_for_poke"
166476.687	0.8712999999988824	states																																	"        state_name
id                
1   nose_in_center"
166477.5583	4.0	states																																	"          state_name
id                  
2   punish_violation"
166481.6123	17.251799999998184	trials	1.0	4.0	40.0	0.8380912377959202	0.0	0.15	True	560.0	True	False	10357.0	False	Mixed	True	True	0.002	0.0	100.0	1.5	9.0													
166481.6123	17.251799999998184	processed_trials			40.0	0.8380912377959202					True				Mixed					100.0		9.0	40.0	40.0	False	False	True	16.0524	16.0524	24.554372273282663	0.15919999999999998	-0.2365208870911981	Right	0.15919999999999998	
166481.6123	0.15919999999459833	states																																	"       state_name
id               
3   wait_for_poke"
166481.7715	0.8380999999935739	states																																	"        state_name
id                
1   nose_in_center"
166482.6096	0.0020000000076834112	states																																	"   state_name
id           
5      go_cue"
166482.6116	16.05240000001504	states																																	"            state_name
id                    
6   wait_for_side_poke"
166498.66400000002	0.1999999999825377	states																																	"   state_name
id           
0     opt_out"
166498.864	0.00010000000474974513	states																																	"    state_name
id            
7   stop_sound"
166498.922	13.14100000000326	trials	1.0	4.0	40.0	1.044231605453524	0.0	0.15	True	560.0	True	False	10358.0	False	High	True	False	0.002	0.0	100.0	1.5	9.0													
166498.922	13.14100000000326	processed_trials			40.0	1.044231605453524					True				High					100.0		9.0	40.0	40.0	False	False	True	11.673699999999998	11.673699999999998	24.554372273282663	0.221	-0.2349289915490724	Left	0.221	
166498.922	0.22099999999045394	states																																	"       state_name
id               
3   wait_for_poke"
166499.14299999998	1.0442000000039116	states																																	"        state_name
id                
1   nose_in_center"
166500.1872	0.0020000000076834112	states																																	"   state_name
id           
5      go_cue"
166500.1892	11.67369999998482	states																																	"            state_name
id                    
6   wait_for_side_poke"
166511.86289999998	0.20000000001164153	states																																	"   state_name
id           
0     opt_out"
166512.0629	0.00010000000474974513	states																																	"    state_name
id            
7   stop_sound"
166512.1215	10.312699999980396	trials	1.0	4.0	40.0	0.9440741558796683	0.0	0.15	True	560.0	True	False	10359.0	False	High	True	False	0.002	0.0	100.0	1.5	9.0													
166512.1215	10.312699999980396	processed_trials			40.0	0.9440741558796683					True				High					100.0		9.0	40.0	40.0	False	False	True	8.3521	8.3521	24.554372273282663	0.8144	-0.21964370328536081	Left	0.8144	
166512.1215	0.8144000000029337	states																																	"       state_name
id               
3   wait_for_poke"
166512.9359	0.944099999993341	states																																	"        state_name
id                
1   nose_in_center"
166513.88	0.0020000000076834112	states																																	"   state_name
id           
5      go_cue"
166513.882	8.35209999998915	states																																	"            state_name
id                    
6   wait_for_side_poke"
166522.2341	0.20000000001164153	states																																	"   state_name
id           
0     opt_out"
166522.4341	0.00010000000474974513	states																																	"    state_name
id            
7   stop_sound"
166522.4995	2.7841999999945983	trials	1.0	4.0	40.0	1.0020586921006427	0.0	0.15	True	560.0	False	False	10360.0	False	High	True	False	0.002	0.0	0.8839567319546643	1.5	9.0													
166522.4995	2.7841999999945983	processed_trials			40.0	1.0020586921006427					False				High					0.8839567319546643		9.0	40.0	40.0	True	False	False	0.8840000000000001	0.8840000000000001	24.554372273282663	0.1918	-0.235681149313313	Left	0.1918	
166522.4995	0.19180000000051223	states																																	"       state_name
id               
3   wait_for_poke"
166522.6913	1.0021000000124332	states																																	"        state_name
id                
1   nose_in_center"
166523.69340000002	0.001999999978579581	states																																	"   state_name
id           
5      go_cue"
166523.6954	0.8840000000200234	states																																	"            state_name
id                    
6   wait_for_side_poke"
166524.57940000002	0.37690000000293367	states																																	"         state_name
id                 
4   announce_reward"
166524.95630000002	0.3272999999753665	states																																	"   state_name
id           
8      reward"
166525.2836	0.00010000000474974513	states																																	"    state_name
id            
7   stop_sound"
166525.3419	6.8893000000098255	trials	1.0	4.0	40.0	0.8301522936003108	0.0	0.15	True	600.0	False	False	10361.0	False	High	True	False	0.002	0.0	0.6354054957418519	1.5	9.0													
166525.3419	6.8893000000098255	processed_trials			40.0	0.8301522936003108					False				High					0.6354054957418519		9.0	40.0	40.0	True	False	False	0.6353999999999997	0.6353999999999997	24.554372273282663	4.6349	-0.12123210265929053	Right	0.5035999999999996	
166525.3419	4.6349000000045635	states																																	"       state_name
id               
3   wait_for_poke"
166529.9768	0.8301999999966938	states																																	"        state_name
id                
1   nose_in_center"
166530.807	0.0020000000076834112	states																																	"   state_name
id           
5      go_cue"
166530.809	0.6353999999992084	states																																	"            state_name
id                    
6   wait_for_side_poke"
166531.4444	0.32879999998840503	states																																	"         state_name
id                 
4   announce_reward"
166531.7732	0.4579000000085216	states																																	"   state_name
id           
8      reward"
166532.2311	0.00010000000474974513	states																																	"    state_name
id            
7   stop_sound"
166532.2987	8.867199999978766	trials	1.0	4.0	80.0	0.9932728741466188	0.0	0.15	True	640.0	False	False	10362.0	False	High	True	False	0.002	0.0	3.2181671507513436	1.5	9.0													
166532.2987	8.867199999978766	processed_trials			80.0	0.9932728741466188					False				High					3.2181671507513436		9.0	40.0	40.0	True	False	False	3.2181999999999995	3.2181999999999995	24.554372273282663	3.0285	-0.1626110832235411	Right	1.6330000000000002	
166532.2987	3.0284999999857973	states																																	"       state_name
id               
3   wait_for_poke"
166535.3272	0.9933000000019092	states																																	"        state_name
id                
1   nose_in_center"
166536.3205	0.0020000000076834112	states																																	"   state_name
id           
5      go_cue"
166536.3225	3.2182000000029802	states																																	"            state_name
id                    
6   wait_for_side_poke"
166539.5407	0.7049999999871943	states																																	"         state_name
id                 
4   announce_reward"
166540.2457	0.9201000000175554	states																																	"   state_name
id           
8      reward"
166541.16580000002	0.00010000000474974513	states																																	"    state_name
id            
7   stop_sound"
166541.2244	9.654899999994086	trials	1.0	4.0	20.0	0.99327287	0.0	0.15	True	720.0	False	False	10363.0	False	High	True	False	0.002	0.0	3.2181672	1.5	9.0													
166541.2244	9.654899999994086	processed_trials			20.0	0.99327287					False				High					3.2181672		9.0	40.0	40.0	True	False	False	3.2182000000000004	3.2182000000000004	24.554372273282663	4.4365	-0.1263426540437199	Right	4.4365	
166541.2244	4.43650000001071	states																																	"       state_name
id               
3   wait_for_poke"
166545.66090000002	0.9933000000019092	states																																	"        state_name
id                
1   nose_in_center"
166546.65420000002	0.001999999978579581	states																																	"   state_name
id           
5      go_cue"
166546.6562	3.2182000000029802	states																																	"            state_name
id                    
6   wait_for_side_poke"
166549.8744	0.7651999999943655	states																																	"         state_name
id                 
4   announce_reward"
166550.6396	0.23960000000079162	states																																	"   state_name
id           
8      reward"
166550.8792	0.00010000000474974513	states																																	"    state_name
id            
7   stop_sound"
166550.9386	5.181700000015553	trials	1.0	4.0	40.0	0.821292434593109	0.0	0.15	True	740.0	False	False	10364.0	False	High	True	False	0.002	0.0	2.0227587837209056	1.5	9.0													
166550.9386	5.181700000015553	processed_trials			40.0	0.821292434593109					False				High					2.0227587837209056		9.0	40.0	40.0	True	False	False	2.0227999999999997	2.0227999999999997	24.554372273282663	1.272	-0.2078564638019189	Right	1.272	
166550.9386	1.271999999997206	states																																	"       state_name
id               
3   wait_for_poke"
166552.2106	0.821300000010524	states																																	"        state_name
id                
1   nose_in_center"
166553.0319	0.001999999978579581	states																																	"   state_name
id           
5      go_cue"
166553.03389999998	2.0228000000061	states																																	"            state_name
id                    
6   wait_for_side_poke"
166555.0567	0.605600000009872	states																																	"         state_name
id                 
4   announce_reward"
166555.6623	0.4579000000085216	states																																	"   state_name
id           
8      reward"
166556.1202	9.999997564591467e-05	states																																	"    state_name
id            
7   stop_sound"
166556.1904	6.672500000015134	trials	1.0	4.0	80.0	0.82129243	0.0	0.15	True	780.0	False	False	10365.0	False	High	True	False	0.002	0.0	2.2462714304342324	1.5	9.0													
166556.1904	6.672500000015134	processed_trials			80.0	0.82129243					False				High					2.2462714304342324		9.0	40.0	40.0	True	False	False	2.2462999999999997	2.2462999999999997	24.554372273282663	2.1945	-0.184093945393975	Left	0.6178000000000001	
166556.1904	2.19450000001234	states																																	"       state_name
id               
3   wait_for_poke"
166558.3849	0.8212999999814201	states																																	"        state_name
id                
1   nose_in_center"
166559.2062	0.0020000000076834112	states																																	"   state_name
id           
5      go_cue"
166559.2082	2.2462999999988824	states																																	"            state_name
id                    
6   wait_for_side_poke"
166561.4545	0.7857000000076368	states																																	"         state_name
id                 
4   announce_reward"
166562.2402	0.6226000000024214	states																																	"   state_name
id           
8      reward"
166562.8628	9.999997564591467e-05	states																																	"    state_name
id            
7   stop_sound"
166562.9494	7.161899999977322	trials	1.0	4.0	20.0	0.9481041461541037	0.0	0.15	True	860.0	False	False	10366.0	False	High	True	False	0.002	0.0	1.0441417771151311	1.5	9.0													
166562.9494	7.161899999977322	processed_trials			20.0	0.9481041461541037					False				High					1.0441417771151311		9.0	40.0	40.0	True	False	False	1.0441000000000003	1.0441000000000003	24.554372273282663	4.376600000000001	-0.12788560781351482	Right	0.5702000000000007	
166562.9494	4.376599999988684	states																																	"       state_name
id               
3   wait_for_poke"
166567.326	0.9481000000087079	states																																	"        state_name
id                
1   nose_in_center"
166568.2741	0.0020000000076834112	states																																	"   state_name
id           
5      go_cue"
166568.27610000002	1.0440999999991618	states																																	"            state_name
id                    
6   wait_for_side_poke"
166569.32020000002	0.5513999999966472	states																																	"         state_name
id                 
4   announce_reward"
166569.8716	0.23960000000079162	states																																	"   state_name
id           
8      reward"
166570.1112	0.00010000000474974513	states																																	"    state_name
id            
7   stop_sound"
166570.1825	9.58420000001206	trials	1.0	4.0	20.0	1.1344354403324366	0.0	0.15	True	880.0	True	False	10367.0	False	High	True	False	0.002	0.0	100.0	1.5	9.0													
166570.1825	9.58420000001206	processed_trials			20.0	1.1344354403324366					True				High					100.0		9.0	40.0	40.0	False	False	True	7.1054	7.1054	24.554372273282663	1.1422999999999999	-0.21119738373417943	Right	0.6505999999999998	
166570.1825	1.1423000000067987	states																																	"       state_name
id               
3   wait_for_poke"
166571.3248	1.1343999999808148	states																																	"        state_name
id                
1   nose_in_center"
166572.45919999998	0.0020000000076834112	states																																	"   state_name
id           
5      go_cue"
166572.4612	7.1054000000003725	states																																	"            state_name
id                    
6   wait_for_side_poke"
166579.5666	0.20000000001164153	states																																	"   state_name
id           
0     opt_out"
166579.7666	0.00010000000474974513	states																																	"    state_name
id            
7   stop_sound"
166579.8402	2.170799999992596	trials	1.0	4.0	20.0	0.9249730919725363	0.0	0.15	True	880.0	False	False	10368.0	False	High	True	False	0.002	0.0	0.8431671183523481	1.5	9.0													
166579.8402	2.170799999992596	processed_trials			20.0	0.9249730919725363					False				High					0.8431671183523481		9.0	40.0	40.0	True	False	False	0.8432	0.8432	24.554372273282663	0.16119999999999998	-0.23646936943611313	Left	0.16119999999999998	
166579.8402	0.16120000000228174	states																																	"       state_name
id               
3   wait_for_poke"
166580.0014	0.9249999999883585	states																																	"        state_name
id                
1   nose_in_center"
166580.9264	0.0020000000076834112	states																																	"   state_name
id           
5      go_cue"
166580.9284	0.8432000000029802	states																																	"            state_name
id                    
6   wait_for_side_poke"
166581.7716	0.05700000000069849	states																																	"         state_name
id                 
4   announce_reward"
166581.8286	0.1822999999858439	states																																	"   state_name
id           
8      reward"
166582.0109	0.00010000000474974513	states																																	"    state_name
id            
7   stop_sound"
166582.0769	16.22750000000815	trials	1.0	4.0	40.0	1.0475780390523108	0.0	0.15	True	900.0	False	False	10369.0	False	High	True	False	0.002	0.0	10.74920431158662	1.5	9.0													
166582.0769	16.22750000000815	processed_trials			40.0	1.0475780390523108					False				High					10.74920431158662		9.0	40.0	40.0	False	False	True	10.7492	10.7492	24.554372273282663	3.2928	-0.15580302510406188	Left	0.6553	
166582.0769	3.292799999995623	states																																	"       state_name
id               
3   wait_for_poke"
166585.36969999998	1.04759999999078	states																																	"        state_name
id                
1   nose_in_center"
166586.41729999997	0.0020000000076834112	states																																	"   state_name
id           
5      go_cue"
166586.41929999998	10.74920000002021	states																																	"            state_name
id                    
6   wait_for_side_poke"
166597.1685	0.935799999977462	states																																	"         state_name
id                 
4   announce_reward"
166598.10429999998	0.20000000001164153	states																																	"   state_name
id           
0     opt_out"
166598.3043	0.00010000000474974513	states																																	"    state_name
id            
7   stop_sound"
166598.3718	11.103300000017043	trials	1.0	4.0	80.0	1.047578	0.0	0.15	True	900.0	False	False	10370.0	False	High	True	False	0.002	0.0	10.749204	1.5	9.0													
166598.3718	11.103300000017043	processed_trials			80.0	1.047578					False				High					10.749204		9.0	40.0	40.0	False	False	True	8.3076	8.3076	24.554372273282663	1.546	-0.20079854505527758	Right	1.546	
166598.3718	1.5460000000020955	states																																	"       state_name
id               
3   wait_for_poke"
166599.9178	1.04759999999078	states																																	"        state_name
id                
1   nose_in_center"
166600.9654	0.0020000000076834112	states																																	"   state_name
id           
5      go_cue"
166600.9674	8.307600000000093	states																																	"            state_name
id                    
6   wait_for_side_poke"
166609.275	0.20000000001164153	states																																	"   state_name
id           
0     opt_out"
166609.475	9.999997564591467e-05	states																																	"    state_name
id            
7   stop_sound"
166609.5671	3.011800000007497	trials	1.0	4.0	20.0	1.1165166415749443	0.0	0.15	True	900.0	False	False	10371.0	False	High	True	False	0.002	0.0	0.9800495297806884	1.5	9.0													
166609.5671	3.011800000007497	processed_trials			20.0	1.1165166415749443					False				High					0.9800495297806884		9.0	40.0	40.0	True	False	False	0.9800000000000002	0.9800000000000002	24.554372273282663	0.1726	-0.2361757188021288	Left	0.1726	
166609.5671	0.1725999999907799	states																																	"       state_name
id               
3   wait_for_poke"
166609.73969999998	1.1165000000037253	states																																	"        state_name
id                
1   nose_in_center"
166610.85619999998	0.0020000000076834112	states																																	"   state_name
id           
5      go_cue"
166610.8582	0.9800000000104774	states																																	"            state_name
id                    
6   wait_for_side_poke"
166611.8382	0.5582999999751337	states																																	"         state_name
id                 
4   announce_reward"
166612.39649999997	0.18230000001494773	states																																	"   state_name
id           
8      reward"
166612.5788	0.00010000000474974513	states																																	"    state_name
id            
7   stop_sound"
166612.6482	6.496600000013132	trials	1.0	4.0	40.0	0.8905844151997577	0.0	0.15	True	920.0	False	False	10372.0	False	High	True	False	0.002	0.0	1.9677908329367755	1.5	9.0													
166612.6482	6.496600000013132	processed_trials			40.0	0.8905844151997577					False				High					1.9677908329367755		9.0	40.0	40.0	True	False	False	1.9678	1.9678	24.554372273282663	2.6306	-0.17286052070269656	Right	0.5176999999999996	
166612.6482	2.6306000000040513	states																																	"       state_name
id               
3   wait_for_poke"
166615.2788	0.8905999999842606	states																																	"        state_name
id                
1   nose_in_center"
166616.16939999998	0.0020000000076834112	states																																	"   state_name
id           
5      go_cue"
166616.1714	1.967800000013085	states																																	"            state_name
id                    
6   wait_for_side_poke"
166618.1392	0.5475999999907799	states																																	"         state_name
id                 
4   announce_reward"
166618.6868	0.4579000000085216	states																																	"   state_name
id           
8      reward"
166619.1447	0.00010000000474974513	states																																	"    state_name
id            
7   stop_sound"
166619.2243	6.491600000008475	trials	1.0	4.0	20.0	1.0713897773863077	0.0	0.15	True	960.0	False	False	10373.0	False	High	True	False	0.002	0.0	2.3931599241540082	1.5	9.0													
166619.2243	6.491600000008475	processed_trials			20.0	1.0713897773863077					False				High					2.3931599241540082		9.0	40.0	40.0	False	True	False			24.554372273282663	2.2527	-0.18259478163100226	Left	0.6438999999999999	
166619.2243	2.252700000011828	states																																	"       state_name
id               
3   wait_for_poke"
166621.477	0.23889999999664724	states																																	"        state_name
id                
1   nose_in_center"
166621.7159	4.0	states																																	"          state_name
id                  
2   punish_violation"
166625.7869	4.389999999984866	trials	1.0	4.0	20.0	0.9151628402637156	0.0	0.15	True	960.0	False	False	10374.0	False	High	True	True	0.002	0.0	1.6352788920567742	1.5	9.0													
166625.7869	4.389999999984866	processed_trials			20.0	0.9151628402637156					False				High					1.6352788920567742		9.0	40.0	40.0	False	True	False			24.554372273282663	0.3511	-0.2315777680857949	Right	0.3511	
166625.7869	0.3510999999998603	states																																	"       state_name
id               
3   wait_for_poke"
166626.138	0.03890000001410954	states																																	"        state_name
id                
1   nose_in_center"
166626.17690000002	4.0	states																																	"          state_name
id                  
2   punish_violation"
166630.2478	12.941800000000512	trials	1.0	4.0	20.0	1.141965438105379	0.0	0.15	True	960.0	False	False	10375.0	False	High	True	True	0.002	0.0	1.3425657340243298	1.5	9.0													
166630.2478	12.941800000000512	processed_trials			20.0	1.141965438105379					False				High					1.3425657340243298		9.0	40.0	40.0	False	True	False			24.554372273282663	8.926200000000001	-0.010693246026217488	Left	8.926200000000001	
166630.2478	8.926199999987148	states																																	"       state_name
id               
3   wait_for_poke"
166639.174	0.015600000013364479	states																																	"        state_name
id                
1   nose_in_center"
166639.1896	4.0	states																																	"          state_name
id                  
2   punish_violation"
166643.2959	3.4241000000038184	trials	1.0	4.0	20.0	0.8763169328161157	0.0	0.15	True	960.0	False	False	10376.0	False	High	True	True	0.002	0.0	1.3425657	1.5	9.0													
166643.2959	3.4241000000038184	processed_trials			20.0	0.8763169328161157					False				High					1.3425657		9.0	40.0	40.0	True	False	False	1.3425999999999998	1.3425999999999998	24.554372273282663	0.4178	-0.22985965428871105	Left	0.4178	
166643.2959	0.4177999999956228	states																																	"       state_name
id               
3   wait_for_poke"
166643.7137	0.876300000003539	states																																	"        state_name
id                
1   nose_in_center"
166644.59	0.0020000000076834112	states																																	"   state_name
id           
5      go_cue"
166644.592	1.3426000000035856	states																																	"            state_name
id                    
6   wait_for_side_poke"
166645.9346	0.603000000002794	states																																	"         state_name
id                 
4   announce_reward"
166646.5376	0.1822999999858439	states																																	"   state_name
id           
8      reward"
166646.7199	0.00010000000474974513	states																																	"    state_name
id            
7   stop_sound"
166646.7995	6.464000000007218	trials	1.0	4.0	20.0	1.025235321977803	0.0	0.15	True	980.0	False	False	10377.0	False	High	True	False	0.002	0.0	2.0236207864392015	1.5	9.0													
166646.7995	6.464000000007218	processed_trials			20.0	1.025235321977803					False				High					2.0236207864392015		9.0	40.0	40.0	True	False	False	2.023599999999999	2.023599999999999	24.554372273282663	2.5946	-0.17378783849422608	Right	0.48	
166646.7995	2.594600000011269	states																																	"       state_name
id               
3   wait_for_poke"
166649.3941	1.025199999974575	states																																	"        state_name
id                
1   nose_in_center"
166650.41929999998	0.0020000000076834112	states																																	"   state_name
id           
5      go_cue"
166650.4213	2.0236000000149943	states																																	"            state_name
id                    
6   wait_for_side_poke"
166652.4449	0.5788999999931548	states																																	"         state_name
id                 
4   announce_reward"
166653.0238	0.23960000000079162	states																																	"   state_name
id           
8      reward"
166653.2634	0.00010000000474974513	states																																	"    state_name
id            
7   stop_sound"
166653.3386	9.133600000001024	trials	1.0	4.0	20.0	0.8831644525975882	0.0	0.15	True	1000.0	True	False	10378.0	False	High	True	False	0.002	0.0	100.0	1.5	9.0													
166653.3386	9.133600000001024	processed_trials			20.0	0.8831644525975882					True				High					100.0		9.0	40.0	40.0	False	False	True	6.6121	6.6121	24.554372273282663	1.4362000000000001	-0.2036268643194426	Right	0.5858000000000002	
166653.3386	1.436199999996461	states																																	"       state_name
id               
3   wait_for_poke"
166654.77479999998	0.8832000000111293	states																																	"        state_name
id                
1   nose_in_center"
166655.658	0.001999999978579581	states																																	"   state_name
id           
5      go_cue"
166655.65999999997	6.612100000027567	states																																	"            state_name
id                    
6   wait_for_side_poke"
166662.2721	0.1999999999825377	states																																	"   state_name
id           
0     opt_out"
166662.47209999998	0.00010000000474974513	states																																	"    state_name
id            
7   stop_sound"
166662.5501	4.67970000000787	trials	1.0	4.0	80.0	0.89862339730648	0.0	0.15	True	1000.0	False	False	10379.0	False	High	True	False	0.002	0.0	1.9120364542198547	1.5	9.0													
166662.5501	4.67970000000787	processed_trials			80.0	0.89862339730648					False				High					1.9120364542198547		9.0	40.0	40.0	True	False	False	1.912	1.912	24.554372273282663	0.2755	-0.2335251354480069	Right	0.2755	
166662.5501	0.27549999998882413	states																																	"       state_name
id               
3   wait_for_poke"
166662.82559999998	0.8986000000149943	states																																	"        state_name
id                
1   nose_in_center"
166663.7242	0.0020000000076834112	states																																	"   state_name
id           
5      go_cue"
166663.7262	1.911999999982072	states																																	"            state_name
id                    
6   wait_for_side_poke"
166665.6382	0.6713999999919906	states																																	"         state_name
id                 
4   announce_reward"
166666.30959999998	0.9201000000175554	states																																	"   state_name
id           
8      reward"
166667.2297	0.00010000000474974513	states																																	"    state_name
id            
7   stop_sound"
166667.3108	7.8849000000045635	trials	1.0	4.0	20.0	1.0160387643327975	0.0	0.15	True	1080.0	False	False	10380.0	False	High	True	False	0.002	0.0	1.9120365	1.5	9.0													
166667.3108	7.8849000000045635	processed_trials			20.0	1.0160387643327975					False				High					1.9120365		9.0	40.0	40.0	True	False	False	1.912	1.912	24.554372273282663	4.1654	-0.13332587219048803	Left	2.4561	
166667.3108	4.165399999998044	states																																	"       state_name
id               
3   wait_for_poke"
166671.4762	1.0160000000032596	states																																	"        state_name
id                
1   nose_in_center"
166672.4922	0.0020000000076834112	states																																	"   state_name
id           
5      go_cue"
166672.49420000002	1.911999999982072	states																																	"            state_name
id                    
6   wait_for_side_poke"
166674.4062	0.6071000000229105	states																																	"         state_name
id                 
4   announce_reward"
166675.01330000002	0.1822999999858439	states																																	"   state_name
id           
8      reward"
166675.1956	0.00010000000474974513	states																																	"    state_name
id            
7   stop_sound"
166675.2718	8.001799999998184	trials	1.0	4.0	40.0	0.9941419005800372	0.0	0.15	True	1100.0	False	False	10381.0	False	High	True	False	0.002	0.0	3.281703923229377	1.5	9.0													
166675.2718	8.001799999998184	processed_trials			40.0	0.9941419005800372					False				High					3.281703923229377		9.0	40.0	40.0	True	False	False	3.2817	3.2817	24.554372273282663	2.7346999999999997	-0.17017902675552368	Left	0.48669999999999947	
166675.2718	2.7347000000008848	states																																	"       state_name
id               
3   wait_for_poke"
166678.0065	0.9941000000108033	states																																	"        state_name
id                
1   nose_in_center"
166679.0006	0.001999999978579581	states																																	"   state_name
id           
5      go_cue"
166679.00259999998	3.281700000021374	states																																	"            state_name
id                    
6   wait_for_side_poke"
166682.2843	0.6618999999773223	states																																	"         state_name
id                 
4   announce_reward"
166682.94619999998	0.32730000000447035	states																																	"   state_name
id           
8      reward"
166683.27349999998	0.00010000000474974513	states																																	"    state_name
id            
7   stop_sound"
166683.3543	7.626599999988684	trials	1.0	4.0	40.0	1.1234761974744392	0.0	0.15	True	1140.0	False	False	10382.0	False	High	True	False	0.002	0.0	2.1632413002541506	1.5	9.0													
166683.3543	7.626599999988684	processed_trials			40.0	1.1234761974744392					False				High					2.1632413002541506		9.0	40.0	40.0	True	False	False	2.1632	2.1632	24.554372273282663	3.4108	-0.15276348345404847	Left	1.0342000000000002	
166683.3543	3.4108000000123866	states																																	"       state_name
id               
3   wait_for_poke"
166686.76510000002	1.1234999999869615	states																																	"        state_name
id                
1   nose_in_center"
166687.8886	0.0020000000076834112	states																																	"   state_name
id           
5      go_cue"
166687.8906	2.1631999999808613	states																																	"            state_name
id                    
6   wait_for_side_poke"
166690.0538	0.5997000000206754	states																																	"         state_name
id                 
4   announce_reward"
166690.65350000001	0.32730000000447035	states																																	"   state_name
id           
8      reward"
166690.98080000002	9.999997564591467e-05	states																																	"    state_name
id            
7   stop_sound"
166691.0626	5.490799999999581	trials	1.0	4.0	40.0	1.0079066921949988	0.0	0.15	True	1180.0	False	False	10383.0	False	High	True	False	0.002	0.0	0.10650472728778215	1.5	9.0													
166691.0626	5.490799999999581	processed_trials			40.0	1.0079066921949988					False				High					0.10650472728778215		9.0	40.0	40.0	True	False	False	0.10650000000000048	0.10650000000000048	24.554372273282663	3.2216	-0.15763705362508693	Right	0.5166	
166691.0626	3.2215999999898486	states																																	"       state_name
id               
3   wait_for_poke"
166694.2842	1.00789999999688	states																																	"        state_name
id                
1   nose_in_center"
166695.2921	0.0020000000076834112	states																																	"   state_name
id           
5      go_cue"
166695.2941	0.10649999999441206	states																																	"            state_name
id                    
6   wait_for_side_poke"
166695.4006	0.6947999999974854	states																																	"         state_name
id                 
4   announce_reward"
166696.0954	0.4579000000085216	states																																	"   state_name
id           
8      reward"
166696.5533	0.00010000000474974513	states																																	"    state_name
id            
7   stop_sound"
166696.6354	4.324400000012247	trials	1.0	4.0	40.0	0.9304635989089359	0.0	0.15	True	1220.0	False	False	10384.0	False	High	True	False	0.002	0.0	0.704333673571419	1.5	9.0													
166696.6354	4.324400000012247	processed_trials			40.0	0.9304635989089359					False				High					0.704333673571419		9.0	40.0	40.0	True	False	False	0.7042999999999999	0.7042999999999999	24.554372273282663	2.1824	-0.18440562720723908	Right	0.6154999999999997	
166696.6354	2.1823999999905936	states																																	"       state_name
id               
3   wait_for_poke"
166698.8178	0.9305000000167638	states																																	"        state_name
id                
1   nose_in_center"
166699.7483	0.001999999978579581	states																																	"   state_name
id           
5      go_cue"
166699.75029999999	0.7043000000121538	states																																	"            state_name
id                    
6   wait_for_side_poke"
166700.4546	0.047200000000884756	states																																	"         state_name
id                 
4   announce_reward"
166700.5018	0.4579000000085216	states																																	"   state_name
id           
8      reward"
166700.9597	0.00010000000474974513	states																																	"    state_name
id            
7   stop_sound"
166701.0602	8.288299999985611	trials	1.0	4.0	80.0	1.136747966897675	0.0	0.15	True	1260.0	False	False	10385.0	False	High	True	False	0.002	0.0	0.9961857513041156	1.5	9.0													
166701.0602	8.288299999985611	processed_trials			80.0	1.136747966897675					False				High					0.9961857513041156		9.0	40.0	40.0	True	False	False	0.9961999999999991	0.9961999999999991	24.554372273282663	4.7835	-0.11740434088647701	Right	3.2654	
166701.0602	4.783499999990454	states																																	"       state_name
id               
3   wait_for_poke"
166705.8437	1.1367000000027474	states																																	"        state_name
id                
1   nose_in_center"
166706.9804	0.0020000000076834112	states																																	"   state_name
id           
5      go_cue"
166706.9824	0.9961999999941327	states																																	"            state_name
id                    
6   wait_for_side_poke"
166707.9786	0.4496999999973923	states																																	"         state_name
id                 
4   announce_reward"
166708.4283	0.9201000000175554	states																																	"   state_name
id           
8      reward"
166709.34840000002	9.999997564591467e-05	states																																	"    state_name
id            
7   stop_sound"
166709.4329	9.133299999986775	trials	1.0	4.0	80.0	0.9311420507023489	0.0	0.15	True	1340.0	False	False	10386.0	False	High	True	False	0.002	0.0	1.326771743619655	1.5	9.0													
166709.4329	9.133299999986775	processed_trials			80.0	0.9311420507023489					False				High					1.326771743619655		9.0	40.0	40.0	True	False	False	1.3268000000000004	1.3268000000000004	24.554372273282663	5.5722	-0.0970883536037178	Right	4.0336	
166709.4329	5.572199999995064	states																																	"       state_name
id               
3   wait_for_poke"
166715.0051	0.9311000000161584	states																																	"        state_name
id                
1   nose_in_center"
166715.93620000003	0.001999999978579581	states																																	"   state_name
id           
5      go_cue"
166715.9382	1.3268000000098255	states																																	"            state_name
id                    
6   wait_for_side_poke"
166717.265	0.3809999999939464	states																																	"         state_name
id                 
4   announce_reward"
166717.646	0.9201000000175554	states																																	"   state_name
id           
8      reward"
166718.56610000003	9.999997564591467e-05	states																																	"    state_name
id            
7   stop_sound"
166718.6615	5.873600000020815	trials	1.0	4.0	20.0	1.0313544350350379	0.0	0.15	True	1420.0	False	False	10387.0	False	High	True	False	0.002	0.0	0.4924910364636073	1.5	9.0													
166718.6615	5.873600000020815	processed_trials			20.0	1.0313544350350379					False				High					0.4924910364636073		9.0	40.0	40.0	True	False	False	0.4924999999999997	0.4924999999999997	24.554372273282663	4.035699999999999	-0.13666679212274857	Right	4.035699999999999	
166718.6615	4.035700000007637	states																																	"       state_name
id               
3   wait_for_poke"
166722.6972	1.0313999999780208	states																																	"        state_name
id                
1   nose_in_center"
166723.72859999997	0.0020000000076834112	states																																	"   state_name
id           
5      go_cue"
166723.73059999998	0.4924999999930151	states																																	"            state_name
id                    
6   wait_for_side_poke"
166724.22309999997	0.07229999999981374	states																																	"         state_name
id                 
4   announce_reward"
166724.29539999997	0.23960000000079162	states																																	"   state_name
id           
8      reward"
166724.53499999997	0.00010000000474974513	states																																	"    state_name
id            
7   stop_sound"
166724.6207	5.726699999999255	trials	1.0	4.0	80.0	0.8864748566278254	0.0	0.15	True	1440.0	False	False	10388.0	False	High	True	False	0.002	0.0	2.1780558429049437	1.5	9.0													
166724.6207	5.726699999999255	processed_trials			80.0	0.8864748566278254					False				High					2.1780558429049437		9.0	40.0	40.0	True	False	False	2.1780999999999997	2.1780999999999997	24.554372273282663	1.4243	-0.20393339436719823	Right	1.4243	
166724.6207	1.424300000013318	states																																	"       state_name
id               
3   wait_for_poke"
166726.045	0.8864999999932479	states																																	"        state_name
id                
1   nose_in_center"
166726.9315	0.0020000000076834112	states																																	"   state_name
id           
5      go_cue"
166726.9335	2.1780999999900814	states																																	"            state_name
id                    
6   wait_for_side_poke"
166729.1116	0.31560000000172295	states																																	"         state_name
id                 
4   announce_reward"
166729.4272	0.9200999999884516	states																																	"   state_name
id           
8      reward"
166730.3473	0.00010000000474974513	states																																	"    state_name
id            
7   stop_sound"
166730.4324	11.657900000020163	trials	1.0	4.0	40.0	0.9776007942244667	0.0	0.15	True	1520.0	False	False	10389.0	False	High	True	False	0.002	0.0	4.312100135157701	1.5	9.0													
166730.4324	11.657900000020163	processed_trials			40.0	0.9776007942244667					False				High					4.312100135157701		9.0	40.0	40.0	True	False	False	4.3121	4.3121	24.554372273282663	5.113	-0.10891680721122765	Right	0.6112000000000002	
166730.4324	5.113000000012107	states																																	"       state_name
id               
3   wait_for_poke"
166735.5454	0.977599999983795	states																																	"        state_name
id                
1   nose_in_center"
166736.523	0.0020000000076834112	states																																	"   state_name
id           
5      go_cue"
166736.525	4.312100000010105	states																																	"            state_name
id                    
6   wait_for_side_poke"
166740.8371	0.7951999999932013	states																																	"         state_name
id                 
4   announce_reward"
166741.6323	0.45789999997941777	states																																	"   state_name
id           
8      reward"
166742.09019999998	0.00010000000474974513	states																																	"    state_name
id            
7   stop_sound"
166742.181	16.376399999979185	trials	1.0	4.0	80.0	1.030247859546466	0.0	0.15	True	1560.0	True	False	10390.0	False	High	True	False	0.002	0.0	100.0	1.5	9.0													
166742.181	16.376399999979185	processed_trials			80.0	1.030247859546466					True				High					100.0		9.0	40.0	40.0	False	False	True	12.089599999999997	12.089599999999997	24.554372273282663	3.0545	-0.16194135370743645	Left	1.51	
166742.181	3.05449999999837	states																																	"       state_name
id               
3   wait_for_poke"
166745.2355	1.0302000000083353	states																																	"        state_name
id                
1   nose_in_center"
166746.26570000002	0.0020000000076834112	states																																	"   state_name
id           
5      go_cue"
166746.26770000003	12.089599999977509	states																																	"            state_name
id                    
6   wait_for_side_poke"
166758.3573	0.20000000001164153	states																																	"   state_name
id           
0     opt_out"
166758.55730000001	0.00010000000474974513	states																																	"    state_name
id            
7   stop_sound"
166758.6406	6.292399999976624	trials	1.0	4.0	40.0	1.0302479	0.0	0.15	True	1560.0	False	False	10391.0	False	High	True	False	0.002	0.0	3.9974506035827067	1.5	9.0													
166758.6406	6.292399999976624	processed_trials			40.0	1.0302479					False				High					3.9974506035827067		9.0	40.0	40.0	True	False	False	3.9975000000000005	3.9975000000000005	24.554372273282663	0.31239999999999996	-0.23257463471168913	Left	0.31239999999999996	
166758.6406	0.31239999999525025	states																																	"       state_name
id               
3   wait_for_poke"
166758.953	1.0302000000083353	states																																	"        state_name
id                
1   nose_in_center"
166759.98320000002	0.0020000000076834112	states																																	"   state_name
id           
5      go_cue"
166759.98520000002	3.9974999999976717	states																																	"            state_name
id                    
6   wait_for_side_poke"
166763.98270000002	0.6228999999875668	states																																	"         state_name
id                 
4   announce_reward"
166764.6056	0.32730000000447035	states																																	"   state_name
id           
8      reward"
166764.9329	0.00010000000474974513	states																																	"    state_name
id            
7   stop_sound"
166765.0139	15.615699999994831	trials	1.0	4.0	40.0	1.1306462878348744	0.0	0.15	True	1600.0	True	False	10392.0	False	High	True	False	0.002	0.0	100.0	1.5	9.0													
166765.0139	15.615699999994831	processed_trials			40.0	1.1306462878348744					True				High					100.0		9.0	40.0	40.0	False	False	True	10.5409	10.5409	24.554372273282663	3.7420999999999998	-0.14422958388922263	Right	1.0281999999999996	
166765.0139	3.74210000000312	states																																	"       state_name
id               
3   wait_for_poke"
166768.756	1.1306000000040513	states																																	"        state_name
id                
1   nose_in_center"
166769.8866	0.001999999978579581	states																																	"   state_name
id           
5      go_cue"
166769.88859999998	10.540900000021793	states																																	"            state_name
id                    
6   wait_for_side_poke"
166780.4295	0.1999999999825377	states																																	"   state_name
id           
0     opt_out"
166780.62949999998	0.00010000000474974513	states																																	"    state_name
id            
7   stop_sound"
166780.727	6.907099999982165	trials	1.0	4.0	80.0	1.1306463	0.0	0.15	True	1600.0	False	False	10393.0	False	High	True	False	0.002	0.0	4.045110279840954	1.5	9.0													
166780.727	6.907099999982165	processed_trials			80.0	1.1306463					False				High					4.045110279840954		9.0	40.0	40.0	True	False	False	4.0451	4.0451	24.554372273282663	0.0782	-0.2386073521221395	Left	0.0782	
166780.727	0.0781999999890104	states																																	"       state_name
id               
3   wait_for_poke"
166780.8052	1.1306000000040513	states																																	"        state_name
id                
1   nose_in_center"
166781.9358	0.0020000000076834112	states																																	"   state_name
id           
5      go_cue"
166781.9378	4.045099999988452	states																																	"            state_name
id                    
6   wait_for_side_poke"
166785.9829	1.0285000000149012	states																																	"         state_name
id                 
4   announce_reward"
166787.01140000002	0.6226000000024214	states																																	"   state_name
id           
8      reward"
166787.63400000002	0.00010000000474974513	states																																	"    state_name
id            
7   stop_sound"
166787.7495	9.101499999989755	trials	1.0	4.0	20.0	1.1863260395065347	0.0	0.15	True	1680.0	False	False	10394.0	False	High	True	False	0.002	0.0	4.9662181702239385	1.5	9.0													
166787.7495	9.101499999989755	processed_trials			20.0	1.1863260395065347					False				High					4.9662181702239385		9.0	40.0	40.0	False	True	False			24.554372273282663	4.4538	-0.12589702632723487	Right	0.5169000000000001	
166787.7495	4.453799999988405	states																																	"       state_name
id               
3   wait_for_poke"
166792.2033	0.6477000000013504	states																																	"        state_name
id                
1   nose_in_center"
166792.851	4.0	states																																	"          state_name
id                  
2   punish_violation"
166796.953	3.3998999999894295	trials	1.0	4.0	20.0	0.9499719214754506	0.0	0.15	True	1680.0	False	False	10395.0	False	High	True	True	0.002	0.0	1.1678842837940506	1.5	9.0													
166796.953	3.3998999999894295	processed_trials			20.0	0.9499719214754506					False				High					1.1678842837940506		9.0	40.0	40.0	True	False	False	1.1679000000000002	1.1679000000000002	24.554372273282663	0.8659	-0.21831712366692277	Left	0.8659	
166796.953	0.8659000000043306	states																																	"       state_name
id               
3   wait_for_poke"
166797.8189	0.9499999999825377	states																																	"        state_name
id                
1   nose_in_center"
166798.7689	0.0020000000076834112	states																																	"   state_name
id           
5      go_cue"
166798.7709	1.1679000000003725	states																																	"            state_name
id                    
6   wait_for_side_poke"
166799.9388	0.23170000000391155	states																																	"         state_name
id                 
4   announce_reward"
166800.1705	0.18230000001494773	states																																	"   state_name
id           
8      reward"
166800.35280000002	9.999997564591467e-05	states																																	"    state_name
id            
7   stop_sound"
166800.4833	5.845900000014808	trials	1.0	4.0	40.0	0.9758150982478553	0.0	0.15	True	1700.0	True	False	10396.0	False	High	True	False	0.002	0.0	1.1678843	1.5	9.0													
166800.4833	5.845900000014808	processed_trials			40.0	0.9758150982478553					False				High					1.1678843		9.0	40.0	40.0	False	False	False	1.1678999999999995	1.1678999999999995	24.554372273282663	3.7001999999999997	-0.14530887876325282	Right	0.9695	
166800.4833	3.700199999992037	states																																	"       state_name
id               
3   wait_for_poke"
166804.18349999998	0.9758000000147149	states																																	"        state_name
id                
1   nose_in_center"
166805.1593	0.0020000000076834112	states																																	"   state_name
id           
5      go_cue"
166805.1613	1.1678999999712687	states																																	"            state_name
id                    
6   wait_for_side_poke"
166806.4171	10.079100000002654	trials	1.0	4.0	20.0	0.9863010765588655	0.0	0.15	True	1700.0	False	False	10397.0	False	High	True	False	0.002	0.0	3.998147105276642	1.5	9.0													
166806.4171	10.079100000002654	processed_trials			20.0	0.9863010765588655					False				High					3.998147105276642		9.0	40.0	40.0	True	False	False	3.9981	3.9981	24.554372273282663	4.0973999999999995	-0.13507747246337712	Right	4.0973999999999995	
166806.4171	4.097399999998743	states																																	"       state_name
id               
3   wait_for_poke"
166810.5145	0.9862999999895692	states																																	"        state_name
id                
1   nose_in_center"
166811.50079999998	0.0020000000076834112	states																																	"   state_name
id           
5      go_cue"
166811.5028	3.9980999999970663	states																																	"            state_name
id                    
6   wait_for_side_poke"
166815.50089999998	0.7556000000040513	states																																	"         state_name
id                 
4   announce_reward"
166816.2565	0.23960000000079162	states																																	"   state_name
id           
8      reward"
166816.4961	0.00010000000474974513	states																																	"    state_name
id            
7   stop_sound"
166816.6179	5.533699999999953	trials	1.0	4.0	5.0	0.8390583573511046	0.0	0.15	True	1720.0	True	False	10398.0	True	Mixed	True	False	0.002	0.0	100.0	1.5	9.0													
166816.6179	5.533699999999953	processed_trials			5.0	0.8390583573511046					True				Mixed					100.0		9.0	40.0	40.0	False	True	False			24.554372273282663	1.1907	-0.2099506564811231	Left	0.5212000000000001	
166816.6179	1.1907000000064727	states																																	"       state_name
id               
3   wait_for_poke"
166817.80860000002	0.34299999999348074	states																																	"        state_name
id                
1   nose_in_center"
166818.1516	4.0	states																																	"          state_name
id                  
2   punish_violation"
166822.244	4.865200000000186	trials	1.0	4.0	5.0	1.1531245208178988	0.0	0.15	True	1720.0	True	False	10399.0	True	Mixed	True	True	0.002	0.0	100.0	1.5	9.0													
166822.244	4.865200000000186	processed_trials			5.0	1.1531245208178988					True				Mixed					100.0		9.0	40.0	40.0	False	True	False			24.554372273282663	0.6932999999999999	-0.22276309730075594	Left	0.6932999999999999	
166822.244	0.6933000000135507	states																																	"       state_name
id               
3   wait_for_poke"
166822.93730000002	0.17189999998663552	states																																	"        state_name
id                
1   nose_in_center"
166823.1092	4.0	states																																	"          state_name
id                  
2   punish_violation"
166827.2041	189.1944000000076	trials	1.0	4.0	5.0	1.1531245	0.0	0.15	True	1720.0	False	False	10400.0	True	Mixed	True	True	0.002	0.0	3.3985017954085555	1.5	9.0													
166827.2041	189.1944000000076	processed_trials			5.0	1.1531245					False				Mixed					3.3985017954085555		9.0	40.0	40.0	False	False	True	3.3984999999999843	3.3984999999999843	24.554372273282663	184.15810000000002	4.503075046016051	Right	184.15810000000002	
166827.2041	184.15810000000056	states																																	"       state_name
id               
3   wait_for_poke"
167011.3622	1.1530999999959022	states																																	"        state_name
id                
1   nose_in_center"
167012.5153	0.0020000000076834112	states																																	"   state_name
id           
5      go_cue"
167012.5173	3.3985000000102445	states																																	"            state_name
id                    
6   wait_for_side_poke"
167015.91580000002	0.28259999997681007	states																																	"         state_name
id                 
4   announce_reward"
167016.1984	0.20000000001164153	states																																	"   state_name
id           
0     opt_out"
167016.3984	0.00010000000474974513	states																																	"    state_name
id            
7   stop_sound"
167016.4993	1.7644000000145752	trials	1.0	4.0	5.0	0.9280781145312501	0.0	0.15	True	1720.0	False	False	10401.0	False	Mixed	True	False	0.002	0.0	0.3275275801387816	1.5	9.0													
167016.4993	1.7644000000145752	processed_trials			5.0	0.9280781145312501					False				Mixed					0.3275275801387816		9.0	40.0	40.0	True	False	False	0.3275000000000001	0.3275000000000001	24.554372273282663	0.3341	-0.2320156681540172	Left	0.3341	
167016.4993	0.3341000000073109	states																																	"       state_name
id               
3   wait_for_poke"
167016.8334	0.9280999999900814	states																																	"        state_name
id                
1   nose_in_center"
167017.7615	0.0020000000076834112	states																																	"   state_name
id           
5      go_cue"
167017.7635	0.327499999984866	states																																	"            state_name
id                    
6   wait_for_side_poke"
167018.091	0.09799999999813735	states																																	"         state_name
id                 
4   announce_reward"
167018.18899999998	0.07460000002174638	states																																	"   state_name
id           
8      reward"
167018.2636	9.999997564591467e-05	states																																	"    state_name
id            
7   stop_sound"
167018.3688	3.768899999995483	trials	1.0	4.0	5.0	0.9975527913271909	0.0	0.15	True	1725.0	False	False	10402.0	False	Mixed	True	False	0.002	0.0	0.2545321908497129	1.5	9.0													
167018.3688	3.768899999995483	processed_trials			5.0	0.9975527913271909					False				Mixed					0.2545321908497129		9.0	40.0	40.0	True	False	False	0.25450000000000017	0.25450000000000017	24.554372273282663	2.1303	-0.18574766212220262	Right	0.6306	
167018.3688	2.130299999989802	states																																	"       state_name
id               
3   wait_for_poke"
167020.4991	0.9976000000024214	states																																	"        state_name
id                
1   nose_in_center"
167021.4967	0.0020000000076834112	states																																	"   state_name
id           
5      go_cue"
167021.4987	0.2545000000100117	states																																	"            state_name
id                    
6   wait_for_side_poke"
167021.7532	0.30299999998533167	states																																	"         state_name
id                 
4   announce_reward"
167022.0562	0.08139999999548309	states																																	"   state_name
id           
8      reward"
167022.1376	0.00010000000474974513	states																																	"    state_name
id            
7   stop_sound"
167022.253	8.82860000000801	trials	1.0	4.0	5.0	0.8584693182436445	0.0	0.15	True	1730.0	False	False	10403.0	False	Mixed	True	False	0.002	0.0	5.2674305699381065	1.5	9.0													
167022.253	8.82860000000801	processed_trials			5.0	0.8584693182436445					False				Mixed					5.2674305699381065		9.0	40.0	40.0	True	False	False	5.2674	5.2674	24.554372273282663	1.6842000000000001	-0.1972386750889059	Left	0.6034000000000002	
167022.253	1.6841999999887776	states																																	"       state_name
id               
3   wait_for_poke"
167023.9372	0.8585000000020955	states																																	"        state_name
id                
1   nose_in_center"
167024.7957	0.0020000000076834112	states																																	"   state_name
id           
5      go_cue"
167024.7977	5.267400000011548	states																																	"            state_name
id                    
6   wait_for_side_poke"
167030.0651	0.9418000000005122	states																																	"         state_name
id                 
4   announce_reward"
167031.0069	0.07459999999264255	states																																	"   state_name
id           
8      reward"
167031.0815	0.00010000000474974513	states																																	"    state_name
id            
7   stop_sound"
167031.1811	7.571200000005774	trials	1.0	4.0	10.0	1.0828733598053562	0.0	0.15	True	1735.0	False	False	10404.0	False	Mixed	True	False	0.002	0.0	4.3346525848166895	1.5	9.0													
167031.1811	7.571200000005774	processed_trials			10.0	1.0828733598053562					False				Mixed					4.3346525848166895		9.0	40.0	40.0	True	False	False	4.3347	4.3347	24.554372273282663	1.4307999999999998	-0.20376596198817207	Left	0.5564999999999999	
167031.1811	1.4308000000019092	states																																	"       state_name
id               
3   wait_for_poke"
167032.6119	1.0829000000085216	states																																	"        state_name
id                
1   nose_in_center"
167033.6948	0.001999999978579581	states																																	"   state_name
id           
5      go_cue"
167033.69679999998	4.3347000000067055	states																																	"            state_name
id                    
6   wait_for_side_poke"
167038.03149999998	0.6103000000002794	states																																	"         state_name
id                 
4   announce_reward"
167038.64179999998	0.11040000000502914	states																																	"   state_name
id           
8      reward"
167038.7522	0.00010000000474974513	states																																	"    state_name
id            
7   stop_sound"
167038.8483	4.776299999997718	trials	1.0	4.0	20.0	0.9643139529278656	0.0	0.15	True	1745.0	False	False	10405.0	False	Mixed	True	False	0.002	0.0	1.139269688206886	1.5	9.0													
167038.8483	4.776299999997718	processed_trials			20.0	0.9643139529278656					False				Mixed					1.139269688206886		9.0	40.0	40.0	True	False	False	1.1392999999999995	1.1392999999999995	24.554372273282663	2.2213000000000003	-0.18340360881583634	Left	0.5066000000000002	
167038.8483	2.221300000004703	states																																	"       state_name
id               
3   wait_for_poke"
167041.06960000002	0.9642999999923632	states																																	"        state_name
id                
1   nose_in_center"
167042.0339	0.0020000000076834112	states																																	"   state_name
id           
5      go_cue"
167042.03590000002	1.1392999999807216	states																																	"            state_name
id                    
6   wait_for_side_poke"
167043.1752	0.26700000002165325	states																																	"         state_name
id                 
4   announce_reward"
167043.44220000002	0.1822999999858439	states																																	"   state_name
id           
8      reward"
167043.6245	0.00010000000474974513	states																																	"    state_name
id            
7   stop_sound"
167043.7232	13.020599999988917	trials	1.0	4.0	80.0	1.1277448305261872	0.0	0.15	True	1765.0	False	False	10406.0	False	Mixed	True	False	0.002	0.0	8.020450087001826	1.5	9.0													
167043.7232	13.020599999988917	processed_trials			80.0	1.1277448305261872					False				Mixed					8.020450087001826		9.0	40.0	40.0	True	False	False	8.0205	8.0205	24.554372273282663	2.4649	-0.1771287584264866	Left	0.5035000000000001	
167043.7232	2.464899999991758	states																																	"       state_name
id               
3   wait_for_poke"
167046.1881	1.1277000000118278	states																																	"        state_name
id                
1   nose_in_center"
167047.3158	0.0020000000076834112	states																																	"   state_name
id           
5      go_cue"
167047.31780000002	8.020499999984168	states																																	"            state_name
id                    
6   wait_for_side_poke"
167055.3383	0.7828000000154134	states																																	"         state_name
id                 
4   announce_reward"
167056.12110000002	0.6226000000024214	states																																	"   state_name
id           
8      reward"
167056.74370000002	9.999997564591467e-05	states																																	"    state_name
id            
7   stop_sound"
167056.8475	6.124299999995856	trials	1.0	4.0	20.0	0.8133682114350609	0.0	0.15	True	1845.0	False	False	10407.0	False	Mixed	True	False	0.002	0.0	0.3491635027294583	1.5	9.0													
167056.8475	6.124299999995856	processed_trials			20.0	0.8133682114350609					False				Mixed					0.3491635027294583		9.0	40.0	40.0	True	False	False	0.34919999999999973	0.34919999999999973	24.554372273282663	4.3188	-0.12937446804547056	Right	0.6306000000000007	
167056.8475	4.318800000008196	states																																	"       state_name
id               
3   wait_for_poke"
167061.1663	0.81339999998454	states																																	"        state_name
id                
1   nose_in_center"
167061.9797	0.0020000000076834112	states																																	"   state_name
id           
5      go_cue"
167061.9817	0.34919999999692664	states																																	"            state_name
id                    
6   wait_for_side_poke"
167062.3309	0.4011999999929685	states																																	"         state_name
id                 
4   announce_reward"
167062.7321	0.23960000000079162	states																																	"   state_name
id           
8      reward"
167062.9717	0.00010000000474974513	states																																	"    state_name
id            
7   stop_sound"
167063.0775	13.262099999992643	trials	1.0	4.0	40.0	0.8571334813897805	0.0	0.15	True	1865.0	True	False	10408.0	False	Mixed	True	False	0.002	0.0	100.0	1.5	9.0													
167063.0775	13.262099999992643	processed_trials			40.0	0.8571334813897805					True				Mixed					100.0		9.0	40.0	40.0	False	False	True	9.854199999999999	9.854199999999999	24.554372273282663	2.3487	-0.18012193418692354	Left	0.7675000000000001	
167063.0775	2.3487000000022817	states																																	"       state_name
id               
3   wait_for_poke"
167065.42620000002	0.8570999999938067	states																																	"        state_name
id                
1   nose_in_center"
167066.2833	0.0020000000076834112	states																																	"   state_name
id           
5      go_cue"
167066.28530000002	9.854200000001583	states																																	"            state_name
id                    
6   wait_for_side_poke"
167076.13950000002	0.1999999999825377	states																																	"   state_name
id           
0     opt_out"
167076.3395	0.00010000000474974513	states																																	"    state_name
id            
7   stop_sound"
167076.446	4.392400000011548	trials	1.0	4.0	10.0	0.9860442359371137	0.0	0.15	True	1865.0	False	False	10409.0	False	Mixed	True	False	0.002	0.0	2.21380625578237	1.5	9.0													
167076.446	4.392400000011548	processed_trials			10.0	0.9860442359371137					False				Mixed					2.21380625578237		9.0	40.0	40.0	False	True	False			24.554372273282663	0.1985	-0.23550856516877838	Left	0.1985	
167076.446	0.19849999999860302	states																																	"       state_name
id               
3   wait_for_poke"
167076.6445	0.19390000001294538	states																																	"        state_name
id                
1   nose_in_center"
167076.8384	4.0	states																																	"          state_name
id                  
2   punish_violation"
167080.9337	4.205000000016298	trials	1.0	4.0	10.0	1.0967842148563927	0.0	0.15	True	1865.0	True	False	10410.0	False	Mixed	True	True	0.002	0.0	2.2138063	1.5	9.0													
167080.9337	4.205000000016298	processed_trials			10.0	1.0967842148563927					False				Mixed					2.2138063		9.0	40.0	40.0	False	True	False			24.554372273282663	0.1844	-0.23587176463712742	Right	0.1844	
167080.9337	0.18439999999827705	states																																	"       state_name
id               
3   wait_for_poke"
167081.1181	0.02059999998891726	states																																	"        state_name
id                
1   nose_in_center"
167081.13869999998	4.0	states																																	"          state_name
id                  
2   punish_violation"
167085.2371	9.37489999999525	trials	1.0	4.0	10.0	1.1897790609065453	0.0	0.15	True	1865.0	True	False	10411.0	False	Mixed	True	True	0.002	0.0	100.0	1.5	9.0													
167085.2371	9.37489999999525	processed_trials			10.0	1.1897790609065453					True				Mixed					100.0		9.0	40.0	40.0	False	False	True	7.375	7.375	24.554372273282663	0.608	-0.22496032529013005	Left	0.608	
167085.2371	0.6080000000074506	states																																	"       state_name
id               
3   wait_for_poke"
167085.8451	1.1897999999928288	states																																	"        state_name
id                
1   nose_in_center"
167087.0349	0.0020000000076834112	states																																	"   state_name
id           
5      go_cue"
167087.0369	7.375	states																																	"            state_name
id                    
6   wait_for_side_poke"
167094.4119	0.1999999999825377	states																																	"   state_name
id           
0     opt_out"
167094.6119	0.00010000000474974513	states																																	"    state_name
id            
7   stop_sound"
167094.7086	4.4196999999985565	trials	1.0	4.0	20.0	1.0257847900811308	0.0	0.15	True	1865.0	False	False	10412.0	False	Mixed	True	False	0.002	0.0	2.164183387178043	1.5	9.0													
167094.7086	4.4196999999985565	processed_trials			20.0	1.0257847900811308					False				Mixed					2.164183387178043		9.0	40.0	40.0	True	False	False	2.1642	2.1642	24.554372273282663	0.2693	-0.2336848401787703	Right	0.2693	
167094.7086	0.26930000001448207	states																																	"       state_name
id               
3   wait_for_poke"
167094.97790000003	1.0257999999739695	states																																	"        state_name
id                
1   nose_in_center"
167096.0037	0.0020000000076834112	states																																	"   state_name
id           
5      go_cue"
167096.0057	2.164199999999255	states																																	"            state_name
id                    
6   wait_for_side_poke"
167098.1699	0.7186999999976251	states																																	"         state_name
id                 
4   announce_reward"
167098.8886	0.23960000000079162	states																																	"   state_name
id           
8      reward"
167099.1282	0.00010000000474974513	states																																	"    state_name
id            
7   stop_sound"
167099.2238	3.616199999989476	trials	1.0	4.0	40.0	1.0257848	0.0	0.15	True	1885.0	False	False	10413.0	False	Mixed	True	False	0.002	0.0	0.04794341673176993	1.5	9.0													
167099.2238	3.616199999989476	processed_trials			40.0	1.0257848					False				Mixed					0.04794341673176993		9.0	40.0	40.0	False	False	True	0.04789999999999939	0.04789999999999939	24.554372273282663	1.6125	-0.19908558302370222	Left	0.8457000000000001	
167099.2238	1.6124999999883585	states																																	"       state_name
id               
3   wait_for_poke"
167100.8363	1.0258000000030734	states																																	"        state_name
id                
1   nose_in_center"
167101.8621	0.0020000000076834112	states																																	"   state_name
id           
5      go_cue"
167101.8641	0.04790000000502914	states																																	"            state_name
id                    
6   wait_for_side_poke"
167101.912	0.7278999999980442	states																																	"         state_name
id                 
4   announce_reward"
167102.6399	0.20000000001164153	states																																	"   state_name
id           
0     opt_out"
167102.83990000002	9.999997564591467e-05	states																																	"    state_name
id            
7   stop_sound"
167102.9415	11.065600000001723	trials	1.0	4.0	80.0	0.9709857563221067	0.0	0.15	True	1885.0	False	False	10414.0	False	Mixed	True	False	0.002	0.0	6.308945671478834	1.5	9.0													
167102.9415	11.065600000001723	processed_trials			80.0	0.9709857563221067					False				Mixed					6.308945671478834		9.0	40.0	40.0	True	False	False	6.3088999999999995	6.3088999999999995	24.554372273282663	2.9051	-0.16578972254228397	Left	2.9051	
167102.9415	2.9051000000035856	states																																	"       state_name
id               
3   wait_for_poke"
167105.8466	0.9709999999904539	states																																	"        state_name
id                
1   nose_in_center"
167106.81759999998	0.0020000000076834112	states																																	"   state_name
id           
5      go_cue"
167106.8196	6.308900000003632	states																																	"            state_name
id                    
6   wait_for_side_poke"
167113.1285	0.25589999998919666	states																																	"         state_name
id                 
4   announce_reward"
167113.38439999998	0.6226000000024214	states																																	"   state_name
id           
8      reward"
167114.00699999998	0.00010000000474974513	states																																	"    state_name
id            
7   stop_sound"
167114.1054	10.886599999997998	trials	1.0	4.0	20.0	1.0701298847529759	0.0	0.15	True	1965.0	False	False	10415.0	False	Mixed	True	False	0.002	0.0	1.563899268401931	1.5	9.0													
167114.1054	10.886599999997998	processed_trials			20.0	1.0701298847529759					False				Mixed					1.563899268401931		9.0	40.0	40.0	False	True	False			24.554372273282663	6.8746	-0.06354005661238316	Left	0.726	
167114.1054	6.874600000010105	states																																	"       state_name
id               
3   wait_for_poke"
167120.98	0.011999999987892807	states																																	"        state_name
id                
1   nose_in_center"
167120.992	4.0	states																																	"          state_name
id                  
2   punish_violation"
167125.0907	9.564500000007683	trials	1.0	4.0	20.0	0.952186306912719	0.0	0.15	True	1965.0	False	False	10416.0	False	Mixed	True	True	0.002	0.0	8.157254135924516	1.5	9.0													
167125.0907	9.564500000007683	processed_trials			20.0	0.952186306912719					False				Mixed					8.157254135924516		9.0	40.0	40.0	False	True	False			24.554372273282663	5.5538	-0.09756231603049954	Right	5.5538	
167125.0907	5.553799999994226	states																																	"       state_name
id               
3   wait_for_poke"
167130.6445	0.010700000013457611	states																																	"        state_name
id                
1   nose_in_center"
167130.6552	4.0	states																																	"          state_name
id                  
2   punish_violation"
167134.7692	9.499499999976251	trials	1.0	4.0	20.0	0.8071028924584491	0.0	0.15	True	1965.0	True	False	10417.0	False	Mixed	True	True	0.002	0.0	100.0	1.5	9.0													
167134.7692	9.499499999976251	processed_trials			20.0	0.8071028924584491					True				Mixed					100.0		9.0	40.0	40.0	False	False	True	5.233300000000001	5.233300000000001	24.554372273282663	3.257	-0.1567251911300829	Right	3.257	
167134.7692	3.25700000001234	states																																	"       state_name
id               
3   wait_for_poke"
167138.02620000002	0.8070999999763444	states																																	"        state_name
id                
1   nose_in_center"
167138.8333	0.0020000000076834112	states																																	"   state_name
id           
5      go_cue"
167138.8353	5.233299999992596	states																																	"            state_name
id                    
6   wait_for_side_poke"
167144.0686	0.20000000001164153	states																																	"   state_name
id           
0     opt_out"
167144.2686	0.00010000000474974513	states																																	"    state_name
id            
7   stop_sound"
167144.3678	5.833099999988917	trials	1.0	4.0	5.0	0.8940954980724302	0.0	0.15	True	1965.0	False	False	10418.0	False	Mixed	True	False	0.002	0.0	4.050651263604816	1.5	9.0													
167144.3678	5.833099999988917	processed_trials			5.0	0.8940954980724302					False				Mixed					4.050651263604816		9.0	40.0	40.0	True	False	False	4.050699999999999	4.050699999999999	24.554372273282663	0.2006	-0.23545447163093916	Right	0.2006	
167144.3678	0.20060000001103617	states																																	"       state_name
id               
3   wait_for_poke"
167144.56840000002	0.8940999999758787	states																																	"        state_name
id                
1   nose_in_center"
167145.4625	0.0020000000076834112	states																																	"   state_name
id           
5      go_cue"
167145.4645	4.050699999992503	states																																	"            state_name
id                    
6   wait_for_side_poke"
167149.5152	0.6042000000015832	states																																	"         state_name
id                 
4   announce_reward"
167150.1194	0.08140000002458692	states																																	"   state_name
id           
8      reward"
167150.20080000002	9.999997564591467e-05	states																																	"    state_name
id            
7   stop_sound"
167150.3029	4.669399999984307	trials	1.0	4.0	5.0	1.1591346709603978	0.0	0.15	True	1970.0	False	False	10419.0	False	Mixed	True	False	0.002	0.0	1.4476466994806956	1.5	9.0													
167150.3029	4.669399999984307	processed_trials			5.0	1.1591346709603978					False				Mixed					1.4476466994806956		9.0	40.0	40.0	True	False	False	1.4476	1.4476	24.554372273282663	1.321	-0.2065942812523371	Right	0.5853999999999999	
167150.3029	1.3209999999962747	states																																	"       state_name
id               
3   wait_for_poke"
167151.6239	1.1590999999898486	states																																	"        state_name
id                
1   nose_in_center"
167152.783	0.0020000000076834112	states																																	"   state_name
id           
5      go_cue"
167152.785	1.447600000014063	states																																	"            state_name
id                    
6   wait_for_side_poke"
167154.23260000002	0.6582000000053085	states																																	"         state_name
id                 
4   announce_reward"
167154.89080000002	0.08139999999548309	states																																	"   state_name
id           
8      reward"
167154.97220000002	0.00010000000474974513	states																																	"    state_name
id            
7   stop_sound"
167155.0742	11.943999999988591	trials	1.0	4.0	40.0	1.1591347	0.0	0.15	True	1975.0	False	False	10420.0	False	Mixed	True	False	0.002	0.0	8.953841151754183	1.5	9.0													
167155.0742	11.943999999988591	processed_trials			40.0	1.1591347					False				Mixed					8.953841151754183		9.0	40.0	40.0	True	False	False	8.953800000000001	8.953800000000001	24.554372273282663	1.2528	-0.20835103329073465	Left	0.5346999999999998	
167155.0742	1.2527999999874737	states																																	"       state_name
id               
3   wait_for_poke"
167156.327	1.1591000000189524	states																																	"        state_name
id                
1   nose_in_center"
167157.4861	0.0020000000076834112	states																																	"   state_name
id           
5      go_cue"
167157.48810000002	8.953799999988405	states																																	"            state_name
id                    
6   wait_for_side_poke"
167166.4419	0.24890000000596046	states																																	"         state_name
id                 
4   announce_reward"
167166.6908	0.32730000000447035	states																																	"   state_name
id           
8      reward"
167167.01810000002	9.999997564591467e-05	states																																	"    state_name
id            
7   stop_sound"
167167.1242	7.500800000008894	trials	1.0	4.0	5.0	1.15791529465836	0.0	0.15	True	2015.0	False	False	10421.0	False	Mixed	True	False	0.002	0.0	2.9854794696227667	1.5	9.0													
167167.1242	7.500800000008894	processed_trials			5.0	1.15791529465836					False				Mixed					2.9854794696227667		9.0	40.0	40.0	True	False	False	2.9855	2.9855	24.554372273282663	3.2016	-0.15815223017593666	Left	0.5476999999999999	
167167.1242	3.201600000000326	states																																	"       state_name
id               
3   wait_for_poke"
167170.3258	1.1578999999910593	states																																	"        state_name
id                
1   nose_in_center"
167171.48369999998	0.0020000000076834112	states																																	"   state_name
id           
5      go_cue"
167171.4857	2.985500000009779	states																																	"            state_name
id                    
6   wait_for_side_poke"
167174.4712	0.07910000000265427	states																																	"         state_name
id                 
4   announce_reward"
167174.5503	0.07459999999264255	states																																	"   state_name
id           
8      reward"
167174.6249	0.00010000000474974513	states																																	"    state_name
id            
7   stop_sound"
167174.7323	6.956500000000233	trials	1.0	4.0	40.0	1.1719423905695996	0.0	0.15	True	2020.0	False	False	10422.0	False	Mixed	True	False	0.002	0.0	2.9854795	1.5	9.0													
167174.7323	6.956500000000233	processed_trials			40.0	1.1719423905695996					False				Mixed					2.9854795		9.0	40.0	40.0	True	False	False	2.9855	2.9855	24.554372273282663	1.6173	-0.19896194065149828	Right	1.3544	
167174.7323	1.6173000000126194	states																																	"       state_name
id               
3   wait_for_poke"
167176.34960000002	1.1718999999866355	states																																	"        state_name
id                
1   nose_in_center"
167177.5215	0.0020000000076834112	states																																	"   state_name
id           
5      go_cue"
167177.5235	2.985499999980675	states																																	"            state_name
id                    
6   wait_for_side_poke"
167180.509	0.7217999999993481	states																																	"         state_name
id                 
4   announce_reward"
167181.2308	0.4579000000085216	states																																	"   state_name
id           
8      reward"
167181.6887	0.00010000000474974513	states																																	"    state_name
id            
7   stop_sound"
167181.7934	6.352500000008149	trials	1.0	4.0	5.0	1.1537291095594213	0.0	0.15	True	2060.0	False	False	10423.0	False	Mixed	True	False	0.002	0.0	0.3748734521348693	1.5	9.0													
167181.7934	6.352500000008149	processed_trials			5.0	1.1537291095594213					False				Mixed					0.3748734521348693		9.0	40.0	40.0	False	True	False			24.554372273282663	2.0513000000000003	-0.18778260949805906	Left	0.9937000000000005	
167181.7934	2.0512999999918975	states																																	"       state_name
id               
3   wait_for_poke"
167183.8447	0.3012000000162516	states																																	"        state_name
id                
1   nose_in_center"
167184.1459	4.0	states																																	"          state_name
id                  
2   punish_violation"
167188.2533	4.895599999988917	trials	1.0	4.0	5.0	0.9465843052207673	0.0	0.15	True	2060.0	False	False	10424.0	False	Mixed	True	True	0.002	0.0	1.8378770780705724	1.5	9.0													
167188.2533	4.895599999988917	processed_trials			5.0	0.9465843052207673					False				Mixed					1.8378770780705724		9.0	40.0	40.0	False	True	False			24.554372273282663	0.7313999999999999	-0.2217816859713872	Right	0.7313999999999999	
167188.2533	0.7313999999896623	states																																	"       state_name
id               
3   wait_for_poke"
167188.9847	0.16419999999925494	states																																	"        state_name
id                
1   nose_in_center"
167189.1489	4.0	states																																	"          state_name
id                  
2   punish_violation"
167193.2647	11.488299999997253	trials	1.0	4.0	5.0	0.9911346190626685	0.0	0.15	True	2060.0	False	False	10425.0	False	Mixed	True	True	0.002	0.0	1.8378771	1.5	9.0													
167193.2647	11.488299999997253	processed_trials			5.0	0.9911346190626685					False				Mixed					1.8378771		9.0	40.0	40.0	False	True	False			24.554372273282663	7.165	-0.056059693094045036	Left	7.165	
167193.2647	7.165000000008149	states																																	"       state_name
id               
3   wait_for_poke"
167200.4297	0.3232999999891035	states																																	"        state_name
id                
1   nose_in_center"
167200.753	4.0	states																																	"          state_name
id                  
2   punish_violation"
167204.8727	27.246199999994133	trials	1.0	4.0	5.0	1.126573960161453	0.0	0.15	True	2060.0	False	False	10426.0	False	Mixed	True	True	0.002	0.0	2.6830909213270484	1.5	9.0													
167204.8727	27.246199999994133	processed_trials			5.0	1.126573960161453					False				Mixed					2.6830909213270484		9.0	40.0	40.0	False	True	False			24.554372273282663	23.094900000000003	0.3542758537750133	Right	23.094900000000003	
167204.8727	23.094899999996414	states																																	"       state_name
id               
3   wait_for_poke"
167227.9676	0.15129999999771826	states																																	"        state_name
id                
1   nose_in_center"
167228.1189	4.0	states																																	"          state_name
id                  
2   punish_violation"
167232.2463	27.52420000001439	trials	1.0	4.0	5.0	1.126574	0.0	0.15	True	2060.0	False	False	10427.0	False	Mixed	True	True	0.002	0.0	0.6013767007905336	1.5	9.0													
167232.2463	27.52420000001439	processed_trials			5.0	1.126574					False				Mixed					0.6013767007905336		9.0	40.0	40.0	True	False	False	0.6014000000000017	0.6014000000000017	24.554372273282663	25.6449	0.41996086400835425	Left	25.6449	
167232.2463	25.644900000013877	states																																	"       state_name
id               
3   wait_for_poke"
167257.8912	1.1265999999886844	states																																	"        state_name
id                
1   nose_in_center"
167259.0178	0.0020000000076834112	states																																	"   state_name
id           
5      go_cue"
167259.0198	0.6013999999850057	states																																	"            state_name
id                    
6   wait_for_side_poke"
167259.6212	0.07459999999264255	states																																	"         state_name
id                 
4   announce_reward"
167259.6958	0.07460000002174638	states																																	"   state_name
id           
8      reward"
167259.7704	0.00010000000474974513	states																																	"    state_name
id            
7   stop_sound"
167259.8813	6.065799999982119	trials	1.0	4.0	10.0	1.1402676264992477	0.0	0.15	True	2065.0	False	False	10428.0	False	Mixed	True	False	0.002	0.0	2.1570888696301678	1.5	9.0													
167259.8813	6.065799999982119	processed_trials			10.0	1.1402676264992477					False				Mixed					2.1570888696301678		9.0	40.0	40.0	True	False	False	2.1571000000000007	2.1571000000000007	24.554372273282663	2.3451999999999997	-0.18021209008332223	Right	0.7333999999999998	
167259.8813	2.3452000000106636	states																																	"       state_name
id               
3   wait_for_poke"
167262.22650000002	1.1402999999991152	states																																	"        state_name
id                
1   nose_in_center"
167263.36680000002	0.001999999978579581	states																																	"   state_name
id           
5      go_cue"
167263.3688	2.157100000011269	states																																	"            state_name
id                    
6   wait_for_side_poke"
167265.5259	0.28750000000582077	states																																	"         state_name
id                 
4   announce_reward"
167265.8134	0.13360000000102445	states																																	"   state_name
id           
8      reward"
167265.94700000001	0.00010000000474974513	states																																	"    state_name
id            
7   stop_sound"
167266.0574	5.373099999997066	trials	1.0	4.0	80.0	0.8492369322775271	0.0	0.15	True	2075.0	False	False	10429.0	False	Mixed	True	False	0.002	0.0	2.1570889	1.5	9.0													
167266.0574	5.373099999997066	processed_trials			80.0	0.8492369322775271					False				Mixed					2.1570889		9.0	40.0	40.0	True	False	False	2.1571000000000007	2.1571000000000007	24.554372273282663	1.612	-0.19909846243747345	Left	0.6507000000000002	
167266.0574	1.6119999999937136	states																																	"       state_name
id               
3   wait_for_poke"
167267.66939999998	0.8491999999969266	states																																	"        state_name
id                
1   nose_in_center"
167268.51859999998	0.0020000000076834112	states																																	"   state_name
id           
5      go_cue"
167268.5206	2.157100000011269	states																																	"            state_name
id                    
6   wait_for_side_poke"
167270.6777	0.13009999998030253	states																																	"         state_name
id                 
4   announce_reward"
167270.80779999998	0.6226000000024214	states																																	"   state_name
id           
8      reward"
167271.43039999998	0.00010000000474974513	states																																	"    state_name
id            
7   stop_sound"
167271.5404	7.664400000008754	trials	1.0	4.0	40.0	0.9822862335799345	0.0	0.15	True	2155.0	False	False	10430.0	False	Mixed	True	False	0.002	0.0	0.22700181244171896	1.5	9.0													
167271.5404	7.664400000008754	processed_trials			40.0	0.9822862335799345					False				Mixed					0.22700181244171896		9.0	40.0	40.0	True	False	False	0.22699999999999942	0.22699999999999942	24.554372273282663	5.8514	-0.08989648895385552	Left	0.8732999999999995	
167271.5404	5.8514000000141095	states																																	"       state_name
id               
3   wait_for_poke"
167277.3918	0.9822999999742024	states																																	"        state_name
id                
1   nose_in_center"
167278.3741	0.0020000000076834112	states																																	"   state_name
id           
5      go_cue"
167278.3761	0.22700000001350418	states																																	"            state_name
id                    
6   wait_for_side_poke"
167278.6031	0.27429999999003485	states																																	"         state_name
id                 
4   announce_reward"
167278.8774	0.32730000000447035	states																																	"   state_name
id           
8      reward"
167279.2047	0.00010000000474974513	states																																	"    state_name
id            
7   stop_sound"
167279.3149	16.320000000006985	trials	1.0	4.0	5.0	1.0626350111965392	0.0	0.15	True	2195.0	True	False	10431.0	False	Mixed	True	False	0.002	0.0	100.0	1.5	9.0													
167279.3149	16.320000000006985	processed_trials			5.0	1.0626350111965392					True				Mixed					100.0		9.0	40.0	40.0	False	False	True	11.355700000000002	11.355700000000002	24.554372273282663	3.6995999999999998	-0.1453243340597783	Right	0.5493999999999999	
167279.3149	3.6995999999926426	states																																	"       state_name
id               
3   wait_for_poke"
167283.0145	1.0626000000047497	states																																	"        state_name
id                
1   nose_in_center"
167284.0771	0.0020000000076834112	states																																	"   state_name
id           
5      go_cue"
167284.0791	11.355699999985518	states																																	"            state_name
id                    
6   wait_for_side_poke"
167295.4348	0.20000000001164153	states																																	"   state_name
id           
0     opt_out"
167295.6348	0.00010000000474974513	states																																	"    state_name
id            
7   stop_sound"
167295.7538	3.4298999999882653	trials	1.0	4.0	10.0	1.062635	0.0	0.15	True	2195.0	False	False	10432.0	False	Mixed	True	False	0.002	0.0	1.3688118276053685	1.5	9.0													
167295.7538	3.4298999999882653	processed_trials			10.0	1.062635					False				Mixed					1.3688118276053685		9.0	40.0	40.0	True	False	False	1.3687999999999998	1.3687999999999998	24.554372273282663	0.1728	-0.23617056703662026	Right	0.1728	
167295.7538	0.1728000000002794	states																																	"       state_name
id               
3   wait_for_poke"
167295.9266	1.0626000000047497	states																																	"        state_name
id                
1   nose_in_center"
167296.9892	0.0020000000076834112	states																																	"   state_name
id           
5      go_cue"
167296.99120000002	1.368799999996554	states																																	"            state_name
id                    
6   wait_for_side_poke"
167298.36000000002	0.6900000000023283	states																																	"         state_name
id                 
4   announce_reward"
167299.05000000002	0.13360000000102445	states																																	"   state_name
id           
8      reward"
167299.18360000002	9.999997564591467e-05	states																																	"    state_name
id            
7   stop_sound"
167299.3015	3.8337999999930616	trials	1.0	4.0	80.0	1.1587203604779952	0.0	0.15	True	2205.0	False	False	10433.0	False	Mixed	True	False	0.002	0.0	0.17818812688966923	1.5	9.0													
167299.3015	3.8337999999930616	processed_trials			80.0	1.1587203604779952					False				Mixed					0.17818812688966923		9.0	40.0	40.0	True	False	False	0.17819999999999991	0.17819999999999991	24.554372273282663	1.2665	-0.20799813735340258	Left	1.2665	
167299.3015	1.2664999999979045	states																																	"       state_name
id               
3   wait_for_poke"
167300.568	1.1586999999999534	states																																	"        state_name
id                
1   nose_in_center"
167301.7267	0.0020000000076834112	states																																	"   state_name
id           
5      go_cue"
167301.7287	0.17819999999483116	states																																	"            state_name
id                    
6   wait_for_side_poke"
167301.9069	0.6056999999855179	states																																	"         state_name
id                 
4   announce_reward"
167302.5126	0.6226000000024214	states																																	"   state_name
id           
8      reward"
167303.1352	0.00010000000474974513	states																																	"    state_name
id            
7   stop_sound"
167303.2589	9.50810000000638	trials	1.0	4.0	40.0	1.188846760499999	0.0	0.15	True	2285.0	False	False	10434.0	False	Mixed	True	False	0.002	0.0	0.5698793773841292	1.5	9.0													
167303.2589	9.50810000000638	processed_trials			40.0	1.188846760499999					False				Mixed					0.5698793773841292		9.0	40.0	40.0	False	True	False			24.554372273282663	4.3289	-0.12911430388729145	Right	0.6808999999999998	
167303.2589	4.328899999993155	states																																	"       state_name
id               
3   wait_for_poke"
167307.58779999998	1.1792000000132248	states																																	"        state_name
id                
1   nose_in_center"
167308.767	4.0	states																																	"          state_name
id                  
2   punish_violation"
167312.8823	2.5033000000112224	trials	1.0	4.0	40.0	1.1888468	0.0	0.15	True	2285.0	False	False	10435.0	False	Mixed	True	True	0.002	0.0	0.2601641833719044	1.5	9.0													
167312.8823	2.5033000000112224	processed_trials			40.0	1.1888468					False				Mixed					0.2601641833719044		9.0	40.0	40.0	True	False	False	0.2602000000000002	0.2602000000000002	24.554372273282663	0.2155	-0.23507066510055608	Right	0.2155	
167312.8823	0.21549999999115244	states																																	"       state_name
id               
3   wait_for_poke"
167313.0978	1.188800000003539	states																																	"        state_name
id                
1   nose_in_center"
167314.2866	0.0020000000076834112	states																																	"   state_name
id           
5      go_cue"
167314.2886	0.2601999999897089	states																																	"            state_name
id                    
6   wait_for_side_poke"
167314.5488	0.37880000000586733	states																																	"         state_name
id                 
4   announce_reward"
167314.9276	0.4579000000085216	states																																	"   state_name
id           
8      reward"
167315.3855	0.00010000000474974513	states																																	"    state_name
id            
7   stop_sound"
167315.5098	4.309299999993527	trials	1.0	4.0	40.0	0.929154103401145	0.0	0.15	True	2325.0	False	False	10436.0	False	Mixed	True	False	0.002	0.0	0.0710545371842085	1.5	9.0													
167315.5098	4.309299999993527	processed_trials			40.0	0.929154103401145					False				Mixed					0.0710545371842085		9.0	40.0	40.0	True	False	False	0.07109999999999994	0.07109999999999994	24.554372273282663	2.1656	-0.18483837550995286	Right	2.1656	
167315.5098	2.1656000000075437	states																																	"       state_name
id               
3   wait_for_poke"
167317.6754	0.929199999984121	states																																	"        state_name
id                
1   nose_in_center"
167318.6046	0.0020000000076834112	states																																	"   state_name
id           
5      go_cue"
167318.6066	0.07110000000102445	states																																	"            state_name
id                    
6   wait_for_side_poke"
167318.6777	0.6834000000089873	states																																	"         state_name
id                 
4   announce_reward"
167319.3611	0.45789999997941777	states																																	"   state_name
id           
8      reward"
167319.819	0.00010000000474974513	states																																	"    state_name
id            
7   stop_sound"
167319.9468	16.53409999998985	trials	1.0	4.0	40.0	1.0025820180529912	0.0	0.15	True	2365.0	True	False	10437.0	False	Mixed	True	False	0.002	0.0	100.0	1.5	9.0													
167319.9468	16.53409999998985	processed_trials			40.0	1.0025820180529912					True				Mixed					100.0		9.0	40.0	40.0	False	False	True	12.532499999999999	12.532499999999999	24.554372273282663	2.7969	-0.16857682768238103	Left	2.7969	
167319.9468	2.7968999999866355	states																																	"       state_name
id               
3   wait_for_poke"
167322.7437	1.002600000007078	states																																	"        state_name
id                
1   nose_in_center"
167323.7463	0.0020000000076834112	states																																	"   state_name
id           
5      go_cue"
167323.7483	12.532500000001164	states																																	"            state_name
id                    
6   wait_for_side_poke"
167336.2808	0.20000000001164153	states																																	"   state_name
id           
0     opt_out"
167336.48080000002	9.999997564591467e-05	states																																	"    state_name
id            
7   stop_sound"
167336.602	4.922800000000279	trials	1.0	4.0	5.0	1.002582	0.0	0.15	True	2365.0	False	False	10438.0	False	Low	True	False	0.002	0.0	2.994401758857921	1.5	9.0													
167336.602	4.922800000000279	processed_trials			5.0	1.002582					False				Low					2.994401758857921		9.0	40.0	40.0	True	False	False	2.9943999999999997	2.9943999999999997	24.554372273282663	0.2266	-0.2347847421148345	Right	0.2266	
167336.602	0.2265999999945052	states																																	"       state_name
id               
3   wait_for_poke"
167336.8286	1.002600000007078	states																																	"        state_name
id                
1   nose_in_center"
167337.83120000002	0.0020000000076834112	states																																	"   state_name
id           
5      go_cue"
167337.83320000002	2.9943999999959487	states																																	"            state_name
id                    
6   wait_for_side_poke"
167340.82760000002	0.6156999999948312	states																																	"         state_name
id                 
4   announce_reward"
167341.4433	0.08139999999548309	states																																	"   state_name
id           
8      reward"
167341.5247	0.00010000000474974513	states																																	"    state_name
id            
7   stop_sound"
167341.6399	5.784699999989243	trials	1.0	4.0	10.0	0.9102423716838842	0.0	0.15	True	2370.0	False	False	10439.0	False	Low	True	False	0.002	0.0	0.7622044913437513	1.5	9.0													
167341.6399	5.784699999989243	processed_trials			10.0	0.9102423716838842					False				Low					0.7622044913437513		9.0	40.0	40.0	False	True	False			24.554372273282663	1.4815999999999998	-0.20245741354901373	Left	0.7212999999999998	
167341.6399	1.4815999999991618	states																																	"       state_name
id               
3   wait_for_poke"
167343.1215	0.3030999999900814	states																																	"        state_name
id                
1   nose_in_center"
167343.4246	4.0	states																																	"          state_name
id                  
2   punish_violation"
167347.5466	7.21040000001085	trials	1.0	4.0	10.0	1.0412753966024122	0.0	0.15	True	2370.0	False	False	10440.0	False	Low	True	True	0.002	0.0	5.303005813130045	1.5	9.0													
167347.5466	7.21040000001085	processed_trials			10.0	1.0412753966024122					False				Low					5.303005813130045		9.0	40.0	40.0	False	False	True	5.303	5.303	24.554372273282663	0.5134	-0.2273971103756493	Right	0.5134	
167347.5466	0.5133999999961816	states																																	"       state_name
id               
3   wait_for_poke"
167348.06	1.041300000011688	states																																	"        state_name
id                
1   nose_in_center"
167349.1013	0.001999999978579581	states																																	"   state_name
id           
5      go_cue"
167349.1033	5.3030000000144355	states																																	"            state_name
id                    
6   wait_for_side_poke"
167354.4063	0.15059999999357387	states																																	"         state_name
id                 
4   announce_reward"
167354.5569	0.20000000001164153	states																																	"   state_name
id           
0     opt_out"
167354.7569	0.00010000000474974513	states																																	"    state_name
id            
7   stop_sound"
167354.8727	4.2317000000039116	trials	1.0	4.0	10.0	0.8515268248106437	0.0	0.15	True	2370.0	False	False	10441.0	False	Low	True	False	0.002	0.0	2.923655224105434	1.5	9.0													
167354.8727	4.2317000000039116	processed_trials			10.0	0.8515268248106437					False				Low					2.923655224105434		9.0	40.0	40.0	True	False	False	2.9236999999999993	2.9236999999999993	24.554372273282663	0.2054	-0.23533082925873522	Left	0.2054	
167354.8727	0.2054000000061933	states																																	"       state_name
id               
3   wait_for_poke"
167355.0781	0.8514999999897555	states																																	"        state_name
id                
1   nose_in_center"
167355.9296	0.0020000000076834112	states																																	"   state_name
id           
5      go_cue"
167355.9316	2.9236999999848194	states																																	"            state_name
id                    
6   wait_for_side_poke"
167358.8553	0.13860000000568107	states																																	"         state_name
id                 
4   announce_reward"
167358.9939	0.11040000000502914	states																																	"   state_name
id           
8      reward"
167359.1043	0.00010000000474974513	states																																	"    state_name
id            
7   stop_sound"
167359.2243	8.674499999993714	trials	1.0	4.0	5.0	1.0336461381273438	0.0	0.15	True	2380.0	True	False	10442.0	False	Low	True	False	0.002	0.0	100.0	1.5	9.0													
167359.2243	8.674499999993714	processed_trials			5.0	1.0336461381273438					True				Low					100.0		9.0	40.0	40.0	False	False	True	5.0054	5.0054	24.554372273282663	2.4334000000000002	-0.1779401614940749	Right	0.8396000000000003	
167359.2243	2.4334000000089873	states																																	"       state_name
id               
3   wait_for_poke"
167361.6577	1.0335999999952037	states																																	"        state_name
id                
1   nose_in_center"
167362.6913	0.0020000000076834112	states																																	"   state_name
id           
5      go_cue"
167362.6933	5.005399999994552	states																																	"            state_name
id                    
6   wait_for_side_poke"
167367.6987	0.1999999999825377	states																																	"   state_name
id           
0     opt_out"
167367.8987	0.00010000000474974513	states																																	"    state_name
id            
7   stop_sound"
167368.0179	6.9738000000070315	trials	1.0	4.0	5.0	1.0778918270437015	0.0	0.15	True	2380.0	False	False	10443.0	False	Low	True	False	0.002	0.0	6.606641214640355	1.5	9.0													
167368.0179	6.9738000000070315	processed_trials			5.0	1.0778918270437015					False				Low					6.606641214640355		9.0	40.0	40.0	False	False	True	5.5151	5.5151	24.554372273282663	0.1787	-0.23601858995411962	Right	0.1787	
167368.0179	0.17869999998947605	states																																	"       state_name
id               
3   wait_for_poke"
167368.1966	1.077900000003865	states																																	"        state_name
id                
1   nose_in_center"
167369.2745	0.0020000000076834112	states																																	"   state_name
id           
5      go_cue"
167369.2765	5.515099999989616	states																																	"            state_name
id                    
6   wait_for_side_poke"
167374.7916	0.20000000001164153	states																																	"   state_name
id           
0     opt_out"
167374.9916	0.00010000000474974513	states																																	"    state_name
id            
7   stop_sound"
167375.1117	3.5380000000004657	trials	1.0	4.0	20.0	0.8407415856357832	0.0	0.15	True	2380.0	False	False	10444.0	False	Low	True	False	0.002	0.0	1.7309960921529939	1.5	9.0													
167375.1117	3.5380000000004657	processed_trials			20.0	0.8407415856357832					False				Low					1.7309960921529939		9.0	40.0	40.0	True	False	False	1.731	1.731	24.554372273282663	0.13090000000000002	-0.23724986191065045	Right	0.13090000000000002	
167375.1117	0.13089999998919666	states																																	"       state_name
id               
3   wait_for_poke"
167375.2426	0.8407000000006519	states																																	"        state_name
id                
1   nose_in_center"
167376.0833	0.0020000000076834112	states																																	"   state_name
id           
5      go_cue"
167376.0853	1.7309999999997672	states																																	"            state_name
id                    
6   wait_for_side_poke"
167377.8163	0.5936999999976251	states																																	"         state_name
id                 
4   announce_reward"
167378.41	0.23960000000079162	states																																	"   state_name
id           
8      reward"
167378.6496	0.00010000000474974513	states																																	"    state_name
id            
7   stop_sound"
167378.786	5.574200000002747	trials	1.0	4.0	5.0	0.9465425631049967	0.0	0.15	True	2400.0	False	False	10445.0	False	Low	True	False	0.002	0.0	1.2892884062115857	1.5	9.0													
167378.786	5.574200000002747	processed_trials			5.0	0.9465425631049967					False				Low					1.2892884062115857		9.0	40.0	40.0	False	True	False			24.554372273282663	1.274	-0.20780494614683398	Left	1.274	
167378.786	1.2740000000048894	states																																	"       state_name
id               
3   wait_for_poke"
167380.06	0.30019999999785796	states																																	"        state_name
id                
1   nose_in_center"
167380.3602	4.0	states																																	"          state_name
id                  
2   punish_violation"
167384.4811	4.377600000007078	trials	1.0	4.0	5.0	0.9779006262156325	0.0	0.15	True	2400.0	False	False	10446.0	False	Low	True	True	0.002	0.0	1.6139843783278216	1.5	9.0													
167384.4811	4.377600000007078	processed_trials			5.0	0.9779006262156325					False				Low					1.6139843783278216		9.0	40.0	40.0	True	False	False	1.6139999999999999	1.6139999999999999	24.554372273282663	1.3377999999999999	-0.2061615329496233	Right	1.3377999999999999	
167384.4811	1.3378000000084285	states																																	"       state_name
id               
3   wait_for_poke"
167385.8189	0.9778999999980442	states																																	"        state_name
id                
1   nose_in_center"
167386.7968	0.0020000000076834112	states																																	"   state_name
id           
5      go_cue"
167386.79880000002	1.6139999999722932	states																																	"            state_name
id                    
6   wait_for_side_poke"
167388.4128	0.36440000002039596	states																																	"         state_name
id                 
4   announce_reward"
167388.7772	0.08139999999548309	states																																	"   state_name
id           
8      reward"
167388.8586	0.00010000000474974513	states																																	"    state_name
id            
7   stop_sound"
167388.9927	5.902800000010757	trials	1.0	4.0	10.0	1.1564580701933518	0.0	0.15	True	2405.0	False	False	10447.0	False	Low	True	False	0.002	0.0	2.9703260369677578	1.5	9.0													
167388.9927	5.902800000010757	processed_trials			10.0	1.1564580701933518					False				Low					2.9703260369677578		9.0	40.0	40.0	False	True	False			24.554372273282663	1.6524	-0.19805780580475701	Left	0.6866000000000001	
167388.9927	1.6523999999917578	states																																	"       state_name
id               
3   wait_for_poke"
167390.6451	0.250400000018999	states																																	"        state_name
id                
1   nose_in_center"
167390.8955	4.0	states																																	"          state_name
id                  
2   punish_violation"
167395.0172	15.552200000005541	trials	1.0	4.0	10.0	1.1564581	0.0	0.15	True	2405.0	False	False	10448.0	False	Low	True	True	0.002	0.0	5.607002190100633	1.5	9.0													
167395.0172	15.552200000005541	processed_trials			10.0	1.1564581					False				Low					5.607002190100633		9.0	40.0	40.0	True	False	False	5.606999999999999	5.606999999999999	24.554372273282663	7.950399999999999	-0.03582870994217603	Left	7.950399999999999	
167395.0172	7.950400000001537	states																																	"       state_name
id               
3   wait_for_poke"
167402.9676	1.1565000000118744	states																																	"        state_name
id                
1   nose_in_center"
167404.12410000002	0.001999999978579581	states																																	"   state_name
id           
5      go_cue"
167404.1261	5.607000000018161	states																																	"            state_name
id                    
6   wait_for_side_poke"
167409.7331	0.7257999999856111	states																																	"         state_name
id                 
4   announce_reward"
167410.4589	0.11040000000502914	states																																	"   state_name
id           
8      reward"
167410.5693	0.00010000000474974513	states																																	"    state_name
id            
7   stop_sound"
167410.693	6.643799999990733	trials	1.0	4.0	10.0	0.9137733547484244	0.0	0.15	True	2415.0	False	False	10449.0	False	Low	True	False	0.002	0.0	3.09343605032473	1.5	9.0													
167410.693	6.643799999990733	processed_trials			10.0	0.9137733547484244					False				Low					3.09343605032473		9.0	40.0	40.0	True	False	False	3.0934	3.0934	24.554372273282663	2.0633000000000004	-0.18747350356754924	Left	0.9698000000000004	
167410.693	2.063300000008894	states																																	"       state_name
id               
3   wait_for_poke"
167412.7563	0.913799999980256	states																																	"        state_name
id                
1   nose_in_center"
167413.6701	0.0020000000076834112	states																																	"   state_name
id           
5      go_cue"
167413.6721	3.0934000000124797	states																																	"            state_name
id                    
6   wait_for_side_poke"
167416.7655	0.46080000000074506	states																																	"         state_name
id                 
4   announce_reward"
167417.2263	0.11039999997592531	states																																	"   state_name
id           
8      reward"
167417.33669999999	0.00010000000474974513	states																																	"    state_name
id            
7   stop_sound"
167417.4658	3.298399999999674	trials	1.0	4.0	5.0	0.8754504183859733	0.0	0.15	True	2425.0	False	False	10450.0	False	Low	True	False	0.002	0.0	0.19819318650005677	1.5	9.0													
167417.4658	3.298399999999674	processed_trials			5.0	0.8754504183859733					False				Low					0.19819318650005677		9.0	40.0	40.0	True	False	False	0.1981999999999995	0.1981999999999995	24.554372273282663	1.8964	-0.19177265188439027	Left	0.6553000000000002	
167417.4658	1.8963999999978114	states																																	"       state_name
id               
3   wait_for_poke"
167419.3622	0.8754999999946449	states																																	"        state_name
id                
1   nose_in_center"
167420.2377	0.0020000000076834112	states																																	"   state_name
id           
5      go_cue"
167420.2397	0.1982000000134576	states																																	"            state_name
id                    
6   wait_for_side_poke"
167420.43790000002	0.25159999998868443	states																																	"         state_name
id                 
4   announce_reward"
167420.6895	0.07459999999264255	states																																	"   state_name
id           
8      reward"
167420.7641	0.00010000000474974513	states																																	"    state_name
id            
7   stop_sound"
167420.8918	7.027299999987008	trials	1.0	4.0	10.0	1.1005238339175074	0.0	0.15	True	2430.0	False	False	10451.0	False	Low	True	False	0.002	0.0	1.3875542581257738	1.5	9.0													
167420.8918	7.027299999987008	processed_trials			10.0	1.1005238339175074					False				Low					1.3875542581257738		9.0	40.0	40.0	False	True	False			24.554372273282663	1.9336	-0.19081442349980976	Left	0.49629999999999996	
167420.8918	1.933599999989383	states																																	"       state_name
id               
3   wait_for_poke"
167422.8254	1.0936999999976251	states																																	"        state_name
id                
1   nose_in_center"
167423.9191	4.0	states																																	"          state_name
id                  
2   punish_violation"
167428.0462	2.6497999999846797	trials	1.0	4.0	10.0	0.8809313879967368	0.0	0.15	True	2430.0	False	False	10452.0	False	Low	True	True	0.002	0.0	0.9003059723235478	1.5	9.0													
167428.0462	2.6497999999846797	processed_trials			10.0	0.8809313879967368					False				Low					0.9003059723235478		9.0	40.0	40.0	True	False	False	0.9002999999999999	0.9002999999999999	24.554372273282663	0.1703	-0.2362349641054765	Left	0.1703	
167428.0462	0.1702999999979511	states																																	"       state_name
id               
3   wait_for_poke"
167428.2165	0.8808999999891967	states																																	"        state_name
id                
1   nose_in_center"
167429.0974	0.0020000000076834112	states																																	"   state_name
id           
5      go_cue"
167429.0994	0.9003000000084285	states																																	"            state_name
id                    
6   wait_for_side_poke"
167429.99970000001	0.5858000000007451	states																																	"         state_name
id                 
4   announce_reward"
167430.58550000002	0.11040000000502914	states																																	"   state_name
id           
8      reward"
167430.69590000002	0.00010000000474974513	states																																	"    state_name
id            
7   stop_sound"
167430.8255	6.554799999983516	trials	1.0	4.0	10.0	1.0446440984332195	0.0	0.15	True	2440.0	True	False	10453.0	False	Low	True	False	0.002	0.0	100.0	1.5	9.0													
167430.8255	6.554799999983516	processed_trials			10.0	1.0446440984332195					True				Low					100.0		9.0	40.0	40.0	False	True	False			24.554372273282663	2.1525	-0.18517581615075943	Left	0.8797999999999999	
167430.8255	2.1524999999965075	states																																	"       state_name
id               
3   wait_for_poke"
167432.978	0.4023000000161119	states																																	"        state_name
id                
1   nose_in_center"
167433.38030000002	4.0	states																																	"          state_name
id                  
2   punish_violation"
167437.5066	100.52559999999357	trials	1.0	4.0	10.0	0.8702814370008721	0.0	0.15	True	2440.0	False	False	10454.0	False	Low	True	True	0.002	0.0	0.3562663312915205	1.5	9.0													
167437.5066	100.52559999999357	processed_trials			10.0	0.8702814370008721					False				Low					0.3562663312915205		9.0	40.0	40.0	True	False	False	0.3562999999999903	0.3562999999999903	24.554372273282663	99.1363	2.3130131624642583	Left	99.1363	
167437.5066	99.13630000001285	states																																	"       state_name
id               
3   wait_for_poke"
167536.6429	0.8702999999804888	states																																	"        state_name
id                
1   nose_in_center"
167537.5132	0.0020000000076834112	states																																	"   state_name
id           
5      go_cue"
167537.5152	0.3562999999849126	states																																	"            state_name
id                    
6   wait_for_side_poke"
167537.87149999998	0.05020000002696179	states																																	"         state_name
id                 
4   announce_reward"
167537.9217	0.11039999997592531	states																																	"   state_name
id           
8      reward"
167538.03209999998	0.00010000000474974513	states																																	"    state_name
id            
7   stop_sound"
167538.1594	7.959600000001956	trials	1.0	4.0	20.0	1.1511357786521217	0.0	0.15	True	2450.0	False	False	10455.0	False	Low	True	False	0.002	0.0	2.3640487461925828	1.5	9.0													
167538.1594	7.959600000001956	processed_trials			20.0	1.1511357786521217					False				Low					2.3640487461925828		9.0	40.0	40.0	True	False	False	2.3640000000000008	2.3640000000000008	24.554372273282663	3.5461	-0.14927831408755002	Right	0.7122999999999999	
167538.1594	3.546100000006845	states																																	"       state_name
id               
3   wait_for_poke"
167541.7055	1.1510999999882188	states																																	"        state_name
id                
1   nose_in_center"
167542.8566	0.0020000000076834112	states																																	"   state_name
id           
5      go_cue"
167542.8586	2.364000000001397	states																																	"            state_name
id                    
6   wait_for_side_poke"
167545.2226	0.65669999999227	states																																	"         state_name
id                 
4   announce_reward"
167545.8793	0.23960000000079162	states																																	"   state_name
id           
8      reward"
167546.1189	0.00010000000474974513	states																																	"    state_name
id            
7   stop_sound"
167546.2565	6.3976000000257045	trials	1.0	4.0	10.0	0.9394058835796997	0.0	0.15	True	2470.0	False	False	10456.0	False	Low	True	False	0.002	0.0	3.8778258184387537	1.5	9.0													
167546.2565	6.3976000000257045	processed_trials			10.0	0.9394058835796997					False				Low					3.8778258184387537		9.0	40.0	40.0	True	False	False	3.8778	3.8778	24.554372273282663	1.4424000000000001	-0.2034671595886792	Left	1.4424000000000001	
167546.2565	1.4423999999999069	states																																	"       state_name
id               
3   wait_for_poke"
167547.6989	0.9394000000029337	states																																	"        state_name
id                
1   nose_in_center"
167548.6383	0.0020000000076834112	states																																	"   state_name
id           
5      go_cue"
167548.6403	3.8777999999874737	states																																	"            state_name
id                    
6   wait_for_side_poke"
167552.5181	0.02549999998882413	states																																	"         state_name
id                 
4   announce_reward"
167552.54359999998	0.11040000000502914	states																																	"   state_name
id           
8      reward"
167552.65399999998	0.00010000000474974513	states																																	"    state_name
id            
7   stop_sound"
167552.7866	6.55460000000312	trials	1.0	4.0	10.0	0.9814224388436087	0.0	0.15	True	2480.0	False	False	10457.0	False	Low	True	False	0.002	0.0	1.6538994895588355	1.5	9.0													
167552.7866	6.55460000000312	processed_trials			10.0	0.9814224388436087					False				Low					1.6538994895588355		9.0	40.0	40.0	False	True	False			24.554372273282663	2.2337	-0.1830841993543095	Left	0.7639999999999998	
167552.7866	2.233700000011595	states																																	"       state_name
id               
3   wait_for_poke"
167555.0203	0.32089999999152496	states																																	"        state_name
id                
1   nose_in_center"
167555.3412	4.0	states																																	"          state_name
id                  
2   punish_violation"
167559.4822	4.084899999987101	trials	1.0	4.0	10.0	1.1536350647017906	0.0	0.15	True	2480.0	False	False	10458.0	False	Low	True	True	0.002	0.0	1.6538995	1.5	9.0													
167559.4822	4.084899999987101	processed_trials			10.0	1.1536350647017906					False				Low					1.6538995		9.0	40.0	40.0	True	False	False	1.6539000000000001	1.6539000000000001	24.554372273282663	0.4285	-0.22958403483400644	Right	0.4285	
167559.4822	0.4285000000090804	states																																	"       state_name
id               
3   wait_for_poke"
167559.9107	1.153599999990547	states																																	"        state_name
id                
1   nose_in_center"
167561.0643	0.0020000000076834112	states																																	"   state_name
id           
5      go_cue"
167561.0663	1.6539000000047963	states																																	"            state_name
id                    
6   wait_for_side_poke"
167562.7202	0.7131999999983236	states																																	"         state_name
id                 
4   announce_reward"
167563.4334	0.13360000000102445	states																																	"   state_name
id           
8      reward"
167563.567	9.999997564591467e-05	states																																	"    state_name
id            
7   stop_sound"
167563.7011	6.290399999998044	trials	1.0	4.0	20.0	1.1536351	0.0	0.15	True	2490.0	False	False	10459.0	False	Low	True	False	0.002	0.0	3.4913189279530394	1.5	9.0													
167563.7011	6.290399999998044	processed_trials			20.0	1.1536351					False				Low					3.4913189279530394		9.0	40.0	40.0	True	False	False	3.4912999999999994	3.4912999999999994	24.554372273282663	1.3545	-0.2057313605296638	Left	1.3545	
167563.7011	1.3544999999867287	states																																	"       state_name
id               
3   wait_for_poke"
167565.0556	1.153600000019651	states																																	"        state_name
id                
1   nose_in_center"
167566.2092	0.0020000000076834112	states																																	"   state_name
id           
5      go_cue"
167566.21120000002	3.491299999994226	states																																	"            state_name
id                    
6   wait_for_side_poke"
167569.7025	0.10659999999916181	states																																	"         state_name
id                 
4   announce_reward"
167569.8091	0.1822999999858439	states																																	"   state_name
id           
8      reward"
167569.9914	0.00010000000474974513	states																																	"    state_name
id            
7   stop_sound"
167570.1347	5.283300000010058	trials	1.0	4.0	10.0	0.8891187978136958	0.0	0.15	True	2510.0	False	False	10460.0	False	Low	True	False	0.002	0.0	1.4135170299164823	1.5	9.0													
167570.1347	5.283300000010058	processed_trials			10.0	0.8891187978136958					False				Low					1.4135170299164823		9.0	40.0	40.0	True	False	False	1.4134999999999995	1.4134999999999995	24.554372273282663	2.6208	-0.1731129572126129	Left	0.7927000000000002	
167570.1347	2.6208000000042375	states																																	"       state_name
id               
3   wait_for_poke"
167572.7555	0.889100000000326	states																																	"        state_name
id                
1   nose_in_center"
167573.6446	0.0020000000076834112	states																																	"   state_name
id           
5      go_cue"
167573.6466	1.4134999999951106	states																																	"            state_name
id                    
6   wait_for_side_poke"
167575.0601	0.24739999999292195	states																																	"         state_name
id                 
4   announce_reward"
167575.3075	0.11040000000502914	states																																	"   state_name
id           
8      reward"
167575.4179	0.00010000000474974513	states																																	"    state_name
id            
7   stop_sound"
167575.5499	4.791399999987334	trials	1.0	4.0	20.0	0.8541381643981565	0.0	0.15	True	2520.0	False	False	10461.0	False	Low	True	False	0.002	0.0	0.5065431775261517	1.5	9.0													
167575.5499	4.791399999987334	processed_trials			20.0	0.8541381643981565					False				Low					0.5065431775261517		9.0	40.0	40.0	True	False	False	0.5064999999999995	0.5064999999999995	24.554372273282663	2.7748000000000004	-0.16914609777106995	Right	0.6521000000000003	
167575.5499	2.7748000000137836	states																																	"       state_name
id               
3   wait_for_poke"
167578.32470000003	0.8540999999968335	states																																	"        state_name
id                
1   nose_in_center"
167579.17880000002	0.001999999978579581	states																																	"   state_name
id           
5      go_cue"
167579.1808	0.5065000000176951	states																																	"            state_name
id                    
6   wait_for_side_poke"
167579.68730000002	0.4143000000040047	states																																	"         state_name
id                 
4   announce_reward"
167580.10160000002	0.23960000000079162	states																																	"   state_name
id           
8      reward"
167580.34120000002	9.999997564591467e-05	states																																	"    state_name
id            
7   stop_sound"
167580.4777	5.676300000021001	trials	1.0	4.0	5.0	1.0547348554917033	0.0	0.15	True	2540.0	False	False	10462.0	False	Low	True	False	0.002	0.0	1.5192493031346803	1.5	9.0													
167580.4777	5.676300000021001	processed_trials			5.0	1.0547348554917033					False				Low					1.5192493031346803		9.0	40.0	40.0	False	True	False			24.554372273282663	1.5922	-0.1996084872228147	Left	0.7995	
167580.4777	1.5922000000136904	states																																	"       state_name
id               
3   wait_for_poke"
167582.0699	0.08409999997820705	states																																	"        state_name
id                
1   nose_in_center"
167582.15399999998	4.0	states																																	"          state_name
id                  
2   punish_violation"
167586.2859	5.512000000016997	trials	1.0	4.0	5.0	1.0547349	0.0	0.15	True	2540.0	False	False	10463.0	False	Low	True	True	0.002	0.0	1.6351793077362093	1.5	9.0													
167586.2859	5.512000000016997	processed_trials			5.0	1.0547349					False				Low					1.6351793077362093		9.0	40.0	40.0	True	False	False	1.6351999999999998	1.6351999999999998	24.554372273282663	2.1691	-0.18474821961355414	Right	2.1691	
167586.2859	2.169099999999162	states																																	"       state_name
id               
3   wait_for_poke"
167588.455	1.0547000000078697	states																																	"        state_name
id                
1   nose_in_center"
167589.5097	0.001999999978579581	states																																	"   state_name
id           
5      go_cue"
167589.51169999997	1.6352000000188127	states																																	"            state_name
id                    
6   wait_for_side_poke"
167591.1469	0.5694999999832362	states																																	"         state_name
id                 
4   announce_reward"
167591.71639999998	0.08140000002458692	states																																	"   state_name
id           
8      reward"
167591.7978	9.999997564591467e-05	states																																	"    state_name
id            
7   stop_sound"
167591.9326	5.932600000000093	trials	1.0	4.0	5.0	1.1427454210568808	0.0	0.15	True	2545.0	False	False	10464.0	False	Low	True	False	0.002	0.0	7.979054662099333	1.5	9.0													
167591.9326	5.932600000000093	processed_trials			5.0	1.1427454210568808					False				Low					7.979054662099333		9.0	40.0	40.0	False	True	False			24.554372273282663	1.4710999999999999	-0.20272788123820984	Right	0.7908	
167591.9326	1.4710999999952037	states																																	"       state_name
id               
3   wait_for_poke"
167593.4037	0.46150000000488944	states																																	"        state_name
id                
1   nose_in_center"
167593.8652	4.0	states																																	"          state_name
id                  
2   punish_violation"
167597.9982	11.049700000003213	trials	1.0	4.0	5.0	1.0375260574079563	0.0	0.15	True	2545.0	False	False	10465.0	False	Low	True	True	0.002	0.0	7.9790547	1.5	9.0													
167597.9982	11.049700000003213	processed_trials			5.0	1.0375260574079563					False				Low					7.9790547		9.0	40.0	40.0	False	False	True	7.7696000000000005	7.7696000000000005	24.554372273282663	2.0405	-0.18806080483551793	Right	2.0405	
167597.9982	2.040500000002794	states																																	"       state_name
id               
3   wait_for_poke"
167600.0387	1.0375000000058208	states																																	"        state_name
id                
1   nose_in_center"
167601.0762	0.001999999978579581	states																																	"   state_name
id           
5      go_cue"
167601.0782	7.7695999999996275	states																																	"            state_name
id                    
6   wait_for_side_poke"
167608.8478	0.20000000001164153	states																																	"   state_name
id           
0     opt_out"
167609.0478	0.00010000000474974513	states																																	"    state_name
id            
7   stop_sound"
167609.1917	5.777700000006007	trials	1.0	4.0	20.0	1.0375261	0.0	0.15	True	2545.0	True	False	10466.0	False	Low	True	False	0.002	0.0	100.0	1.5	9.0													
167609.1917	5.777700000006007	processed_trials			20.0	1.0375261					True				Low					100.0		9.0	40.0	40.0	False	False	True	4.3165000000000004	4.3165000000000004	24.554372273282663	0.2216	-0.2349135362525469	Right	0.2216	
167609.1917	0.22159999998984858	states																																	"       state_name
id               
3   wait_for_poke"
167609.4133	1.0375000000058208	states																																	"        state_name
id                
1   nose_in_center"
167610.4508	0.0020000000076834112	states																																	"   state_name
id           
5      go_cue"
167610.4528	4.316499999986263	states																																	"            state_name
id                    
6   wait_for_side_poke"
167614.76929999999	0.20000000001164153	states																																	"   state_name
id           
0     opt_out"
167614.9693	0.00010000000474974513	states																																	"    state_name
id            
7   stop_sound"
167615.1043	9.022399999987101	trials	1.0	4.0	10.0	1.137129818777912	0.0	0.15	True	2545.0	False	False	10467.0	False	Low	True	False	0.002	0.0	6.743173266959506	1.5	9.0													
167615.1043	9.022399999987101	processed_trials			10.0	1.137129818777912					False				Low					6.743173266959506		9.0	40.0	40.0	True	False	False	6.743200000000001	6.743200000000001	24.554372273282663	0.15230000000000002	-0.23669862300124123	Left	0.15230000000000002	
167615.1043	0.15229999998700805	states																																	"       state_name
id               
3   wait_for_poke"
167615.2566	1.1371000000217464	states																																	"        state_name
id                
1   nose_in_center"
167616.39370000002	0.001999999978579581	states																																	"   state_name
id           
5      go_cue"
167616.3957	6.743200000026263	states																																	"            state_name
id                    
6   wait_for_side_poke"
167623.13890000002	0.8772999999928288	states																																	"         state_name
id                 
4   announce_reward"
167624.0162	0.11040000000502914	states																																	"   state_name
id           
8      reward"
167624.12660000002	9.999997564591467e-05	states																																	"    state_name
id            
7   stop_sound"
167624.2646	7.95260000001872	trials	1.0	4.0	10.0	0.9329575068457786	0.0	0.15	True	2555.0	False	False	10468.0	False	Low	True	False	0.002	0.0	2.814279600972559	1.5	9.0													
167624.2646	7.95260000001872	processed_trials			10.0	0.9329575068457786					False				Low					2.814279600972559		9.0	40.0	40.0	False	True	False			24.554372273282663	3.7445	-0.14416776270312065	Left	2.4177	
167624.2646	3.7445000000006985	states																																	"       state_name
id               
3   wait_for_poke"
167628.0091	0.20809999998891726	states																																	"        state_name
id                
1   nose_in_center"
167628.21719999998	4.0	states																																	"          state_name
id                  
2   punish_violation"
167632.3586	4.894799999980023	trials	1.0	4.0	10.0	0.884133540913754	0.0	0.15	True	2555.0	False	False	10469.0	False	Low	True	True	0.002	0.0	6.084165912332908	1.5	9.0													
167632.3586	4.894799999980023	processed_trials			10.0	0.884133540913754					False				Low					6.084165912332908		9.0	40.0	40.0	False	True	False			24.554372273282663	0.1425	-0.2369510595111576	Right	0.1425	
167632.3586	0.14249999998719431	states																																	"       state_name
id               
3   wait_for_poke"
167632.5011	0.7523000000219326	states																																	"        state_name
id                
1   nose_in_center"
167633.25340000002	4.0	states																																	"          state_name
id                  
2   punish_violation"
167637.3953	26.090100000001257	trials	1.0	4.0	10.0	0.9398918310685076	0.0	0.15	True	2555.0	False	False	10470.0	False	Low	True	True	0.002	0.0	2.850553907485189	1.5	9.0													
167637.3953	26.090100000001257	processed_trials			10.0	0.9398918310685076					False				Low					2.850553907485189		9.0	40.0	40.0	True	False	False	2.8506	2.8506	24.554372273282663	21.3982	0.3105708510836761	Right	21.3982	
167637.3953	21.398199999995995	states																																	"       state_name
id               
3   wait_for_poke"
167658.7935	0.9398999999975786	states																																	"        state_name
id                
1   nose_in_center"
167659.7334	0.0020000000076834112	states																																	"   state_name
id           
5      go_cue"
167659.7354	2.8506000000052154	states																																	"            state_name
id                    
6   wait_for_side_poke"
167662.586	0.7656999999890104	states																																	"         state_name
id                 
4   announce_reward"
167663.3517	0.13360000000102445	states																																	"   state_name
id           
8      reward"
167663.4853	0.00010000000474974513	states																																	"    state_name
id            
7   stop_sound"
167663.6289	4.8021999999764375	trials	1.0	4.0	5.0	0.8469035390290804	0.0	0.15	True	2565.0	False	False	10471.0	False	Low	True	False	0.002	0.0	2.3355529200450986	1.5	9.0													
167663.6289	4.8021999999764375	processed_trials			5.0	0.8469035390290804					False				Low					2.3355529200450986		9.0	40.0	40.0	True	False	False	2.3356000000000003	2.3356000000000003	24.554372273282663	1.2426	-0.20861377333166806	Left	1.2426	
167663.6289	1.2425999999977648	states																																	"       state_name
id               
3   wait_for_poke"
167664.8715	0.8469000000040978	states																																	"        state_name
id                
1   nose_in_center"
167665.7184	0.0020000000076834112	states																																	"   state_name
id           
5      go_cue"
167665.72040000002	2.3355999999912456	states																																	"            state_name
id                    
6   wait_for_side_poke"
167668.056	0.30040000000735745	states																																	"         state_name
id                 
4   announce_reward"
167668.35640000002	0.07459999999264255	states																																	"   state_name
id           
8      reward"
167668.431	0.00010000000474974513	states																																	"    state_name
id            
7   stop_sound"
167668.5873	7.143199999991339	trials	1.0	4.0	10.0	1.1055611254991564	0.0	0.15	True	2570.0	True	False	10472.0	False	Low	True	False	0.002	0.0	100.0	1.5	9.0													
167668.5873	7.143199999991339	processed_trials			10.0	1.1055611254991564					True				Low					100.0		9.0	40.0	40.0	False	True	False			24.554372273282663	2.0726999999999998	-0.1872313705886499	Right	1.2389999999999999	
167668.5873	2.072699999989709	states																																	"       state_name
id               
3   wait_for_poke"
167670.66	1.0705000000016298	states																																	"        state_name
id                
1   nose_in_center"
167671.7305	4.0	states																																	"          state_name
id                  
2   punish_violation"
167675.898	5.660600000002887	trials	1.0	4.0	10.0	1.1835611817056222	0.0	0.15	True	2570.0	False	False	10473.0	False	Low	True	True	0.002	0.0	2.5739735750158377	1.5	9.0													
167675.898	5.660600000002887	processed_trials			10.0	1.1835611817056222					False				Low					2.5739735750158377		9.0	40.0	40.0	False	True	False			24.554372273282663	0.49989999999999996	-0.22774485454747287	Right	0.49989999999999996	
167675.898	0.49989999999525025	states																																	"       state_name
id               
3   wait_for_poke"
167676.39789999998	1.1607000000076368	states																																	"        state_name
id                
1   nose_in_center"
167677.5586	4.0	states																																	"          state_name
id                  
2   punish_violation"
167681.7028	24.581700000009732	trials	1.0	4.0	10.0	1.023366550911139	0.0	0.15	True	2570.0	False	False	10474.0	False	Low	True	True	0.002	0.0	2.0013329554622556	1.5	9.0													
167681.7028	24.581700000009732	processed_trials			10.0	1.023366550911139					False				Low					2.0013329554622556		9.0	40.0	40.0	True	False	False	2.001300000000004	2.001300000000004	24.554372273282663	20.9102	0.2980005432429426	Left	20.9102	
167681.7028	20.910200000012992	states																																	"       state_name
id               
3   wait_for_poke"
167702.613	1.023399999976391	states																																	"        state_name
id                
1   nose_in_center"
167703.6364	0.0020000000076834112	states																																	"   state_name
id           
5      go_cue"
167703.6384	2.001300000003539	states																																	"            state_name
id                    
6   wait_for_side_poke"
167705.6397	0.5342999999993481	states																																	"         state_name
id                 
4   announce_reward"
167706.174	0.11040000000502914	states																																	"   state_name
id           
8      reward"
167706.2844	0.00010000000474974513	states																																	"    state_name
id            
7   stop_sound"
167706.4329	11.658499999990454	trials	1.0	4.0	20.0	1.1796553668626277	0.0	0.15	True	2580.0	False	False	10475.0	False	Low	True	False	0.002	0.0	5.7200578182415684	1.5	9.0													
167706.4329	11.658499999990454	processed_trials			20.0	1.1796553668626277					False				Low					5.7200578182415684		9.0	40.0	40.0	True	False	False	5.7200999999999995	5.7200999999999995	24.554372273282663	3.6401	-0.14685698429855626	Left	0.6887999999999996	
167706.4329	3.6400999999896158	states																																	"       state_name
id               
3   wait_for_poke"
167710.073	1.1797000000078697	states																																	"        state_name
id                
1   nose_in_center"
167711.2527	0.0020000000076834112	states																																	"   state_name
id           
5      go_cue"
167711.25470000002	5.720100000005914	states																																	"            state_name
id                    
6   wait_for_side_poke"
167716.97480000003	0.9341999999887776	states																																	"         state_name
id                 
4   announce_reward"
167717.909	0.1822999999858439	states																																	"   state_name
id           
8      reward"
167718.0913	0.00010000000474974513	states																																	"    state_name
id            
7   stop_sound"
167718.2448	12.7107000000251	trials	1.0	4.0	20.0	1.1796554	0.0	0.15	True	2600.0	False	False	10476.0	False	Low	True	False	0.002	0.0	6.667926610445636	1.5	9.0													
167718.2448	12.7107000000251	processed_trials			20.0	1.1796554					False				Low					6.667926610445636		9.0	40.0	40.0	True	False	False	6.667900000000001	6.667900000000001	24.554372273282663	3.9085	-0.13994331498615284	Left	1.4562	
167718.2448	3.908499999990454	states																																	"       state_name
id               
3   wait_for_poke"
167722.15329999998	1.1797000000078697	states																																	"        state_name
id                
1   nose_in_center"
167723.33299999998	0.0020000000076834112	states																																	"   state_name
id           
5      go_cue"
167723.335	6.6679000000003725	states																																	"            state_name
id                    
6   wait_for_side_poke"
167730.0029	0.7701999999990221	states																																	"         state_name
id                 
4   announce_reward"
167730.7731	0.1822999999858439	states																																	"   state_name
id           
8      reward"
167730.95539999998	0.00010000000474974513	states																																	"    state_name
id            
7   stop_sound"
167731.1001	7.34509999997681	trials	1.0	4.0	5.0	1.0347197664522312	0.0	0.15	True	2620.0	False	False	10477.0	False	Low	True	False	0.002	0.0	6.079997844261439	1.5	9.0													
167731.1001	7.34509999997681	processed_trials			5.0	1.0347197664522312					False				Low					6.079997844261439		9.0	40.0	40.0	False	True	False			24.554372273282663	2.6929000000000003	-0.17125574574679964	Left	0.6879000000000004	
167731.1001	2.6928999999945518	states																																	"       state_name
id               
3   wait_for_poke"
167733.793	0.6522000000113621	states																																	"        state_name
id                
1   nose_in_center"
167734.44520000002	4.0	states																																	"          state_name
id                  
2   punish_violation"
167738.6142	5.511399999988498	trials	1.0	4.0	5.0	0.976421692598652	0.0	0.15	True	2620.0	False	False	10478.0	False	Low	True	True	0.002	0.0	0.13683350964340416	1.5	9.0													
167738.6142	5.511399999988498	processed_trials			5.0	0.976421692598652					False				Low					0.13683350964340416		9.0	40.0	40.0	False	True	False			24.554372273282663	0.8845	-0.21783800947463253	Right	0.8845	
167738.6142	0.8844999999855645	states																																	"       state_name
id               
3   wait_for_poke"
167739.4987	0.6269000000029337	states																																	"        state_name
id                
1   nose_in_center"
167740.1256	4.0	states																																	"          state_name
id                  
2   punish_violation"
167744.2727	4.7515000000130385	trials	1.0	4.0	5.0	0.9904669924884212	0.0	0.15	True	2620.0	False	False	10479.0	False	Low	True	True	0.002	0.0	2.6235795353936897	1.5	9.0													
167744.2727	4.7515000000130385	processed_trials			5.0	0.9904669924884212					False				Low					2.6235795353936897		9.0	40.0	40.0	True	False	False	2.6235999999999997	2.6235999999999997	24.554372273282663	0.7768999999999999	-0.2206096593182041	Left	0.7768999999999999	
167744.2727	0.7768999999971129	states																																	"       state_name
id               
3   wait_for_poke"
167745.0496	0.9905000000144355	states																																	"        state_name
id                
1   nose_in_center"
167746.0401	0.001999999978579581	states																																	"   state_name
id           
5      go_cue"
167746.0421	2.623600000020815	states																																	"            state_name
id                    
6   wait_for_side_poke"
167748.6657	0.28379999997559935	states																																	"         state_name
id                 
4   announce_reward"
167748.9495	0.07460000002174638	states																																	"   state_name
id           
8      reward"
167749.0241	0.00010000000474974513	states																																	"    state_name
id            
7   stop_sound"
167749.1834	5.045799999992596	trials	1.0	4.0	10.0	0.8233492453475694	0.0	0.15	True	2625.0	False	False	10480.0	False	Low	True	False	0.002	0.0	1.8916841942897231	1.5	9.0													
167749.1834	5.045799999992596	processed_trials			10.0	0.8233492453475694					False				Low					1.8916841942897231		9.0	40.0	40.0	True	False	False	1.8917000000000006	1.8917000000000006	24.554372273282663	2.1740999999999997	-0.18461942547584173	Left	1.5010999999999997	
167749.1834	2.1741000000038184	states																																	"       state_name
id               
3   wait_for_poke"
167751.3575	0.8232999999891035	states																																	"        state_name
id                
1   nose_in_center"
167752.1808	0.0020000000076834112	states																																	"   state_name
id           
5      go_cue"
167752.1828	1.891700000007404	states																																	"            state_name
id                    
6   wait_for_side_poke"
167754.07450000002	0.044200000003911555	states																																	"         state_name
id                 
4   announce_reward"
167754.11870000002	0.11039999997592531	states																																	"   state_name
id           
8      reward"
167754.2291	0.00010000000474974513	states																																	"    state_name
id            
7   stop_sound"
167754.3776	4.628599999996368	trials	1.0	4.0	10.0	0.9147262573943676	0.0	0.15	True	2635.0	False	False	10481.0	False	Low	True	False	0.002	0.0	0.8656031278341156	1.5	9.0													
167754.3776	4.628599999996368	processed_trials			10.0	0.9147262573943676					False				Low					0.8656031278341156		9.0	40.0	40.0	True	False	False	0.8656000000000001	0.8656000000000001	24.554372273282663	2.4867	-0.17656721598606037	Left	1.8884999999999998	
167754.3776	2.486700000008568	states																																	"       state_name
id               
3   wait_for_poke"
167756.86430000002	0.9146999999938998	states																																	"        state_name
id                
1   nose_in_center"
167757.779	0.0020000000076834112	states																																	"   state_name
id           
5      go_cue"
167757.78100000002	0.8655999999900814	states																																	"            state_name
id                    
6   wait_for_side_poke"
167758.6466	0.24909999998635612	states																																	"         state_name
id                 
4   announce_reward"
167758.8957	0.11040000000502914	states																																	"   state_name
id           
8      reward"
167759.0061	0.00010000000474974513	states																																	"    state_name
id            
7   stop_sound"
167759.154	7.809899999992922	trials	1.0	4.0	5.0	1.1075964962920917	0.0	0.15	True	2645.0	False	False	10482.0	False	Low	True	False	0.002	0.0	4.289255408018646	1.5	9.0													
167759.154	7.809899999992922	processed_trials			5.0	1.1075964962920917					False				Low					4.289255408018646		9.0	40.0	40.0	False	True	False			24.554372273282663	2.8642	-0.16684325858877166	Right	1.2696999999999998	
167759.154	2.8642000000108965	states																																	"       state_name
id               
3   wait_for_poke"
167762.01820000002	0.9456999999820255	states																																	"        state_name
id                
1   nose_in_center"
167762.9639	4.0	states																																	"          state_name
id                  
2   punish_violation"
167767.1114	2.2951000000175554	trials	1.0	4.0	5.0	0.8695938962160357	0.0	0.15	True	2645.0	False	False	10483.0	False	Low	True	True	0.002	0.0	0.028778219157262922	1.5	9.0													
167767.1114	2.2951000000175554	processed_trials			5.0	0.8695938962160357					False				Low					0.028778219157262922		9.0	40.0	40.0	True	False	False	0.02880000000000016	0.02880000000000016	24.554372273282663	0.9235	-0.21683341520047553	Left	0.9235	
167767.1114	0.9235000000044238	states																																	"       state_name
id               
3   wait_for_poke"
167768.0349	0.8696000000054482	states																																	"        state_name
id                
1   nose_in_center"
167768.9045	0.001999999978579581	states																																	"   state_name
id           
5      go_cue"
167768.90649999998	0.028800000000046566	states																																	"            state_name
id                    
6   wait_for_side_poke"
167768.93529999998	0.39650000000256114	states																																	"         state_name
id                 
4   announce_reward"
167769.33179999999	0.07460000002174638	states																																	"   state_name
id           
8      reward"
167769.4064	9.999997564591467e-05	states																																	"    state_name
id            
7   stop_sound"
167769.5658	4.087899999984074	trials	1.0	4.0	20.0	1.194966159369222	0.0	0.15	True	2650.0	False	False	10484.0	False	Low	True	False	0.002	0.0	0.4996525069856866	1.5	9.0													
167769.5658	4.087899999984074	processed_trials			20.0	1.194966159369222					False				Low					0.4996525069856866		9.0	40.0	40.0	True	False	False	0.49970000000000026	0.49970000000000026	24.554372273282663	2.1081999999999996	-0.18631693221089157	Left	0.5241999999999996	
167769.5658	2.1081999999878462	states																																	"       state_name
id               
3   wait_for_poke"
167771.674	1.195000000006985	states																																	"        state_name
id                
1   nose_in_center"
167772.869	0.0020000000076834112	states																																	"   state_name
id           
5      go_cue"
167772.871	0.49969999998575076	states																																	"            state_name
id                    
6   wait_for_side_poke"
167773.3707	0.1006000000052154	states																																	"         state_name
id                 
4   announce_reward"
167773.4713	0.18230000001494773	states																																	"   state_name
id           
8      reward"
167773.65360000002	0.00010000000474974513	states																																	"    state_name
id            
7   stop_sound"
167773.8029	7.439699999988079	trials	1.0	4.0	5.0	0.8029068366239818	0.0	0.15	True	2670.0	False	False	10485.0	False	Low	True	False	0.002	0.0	2.356961093616457	1.5	9.0													
167773.8029	7.439699999988079	processed_trials			5.0	0.8029068366239818					False				Low					2.356961093616457		9.0	40.0	40.0	True	False	False	2.357	2.357	24.554372273282663	3.5713000000000004	-0.14862919163347932	Right	0.8026000000000004	
167773.8029	3.571300000010524	states																																	"       state_name
id               
3   wait_for_poke"
167777.37420000002	0.8028999999805819	states																																	"        state_name
id                
1   nose_in_center"
167778.1771	0.0020000000076834112	states																																	"   state_name
id           
5      go_cue"
167778.1791	2.356999999989057	states																																	"            state_name
id                    
6   wait_for_side_poke"
167780.5361	0.625	states																																	"         state_name
id                 
4   announce_reward"
167781.1611	0.08140000002458692	states																																	"   state_name
id           
8      reward"
167781.24250000002	9.999997564591467e-05	states																																	"    state_name
id            
7   stop_sound"
167781.3951	4.110000000015134	trials	1.0	4.0	10.0	1.009273937081093	0.0	0.15	True	2675.0	False	False	10486.0	False	Low	True	False	0.002	0.0	1.3191911691529559	1.5	9.0													
167781.3951	4.110000000015134	processed_trials			10.0	1.009273937081093					False				Low					1.3191911691529559		9.0	40.0	40.0	True	False	False	1.3192	1.3192	24.554372273282663	1.267	-0.20798525793963138	Left	0.7492	
167781.3951	1.2669999999925494	states																																	"       state_name
id               
3   wait_for_poke"
167782.6621	1.0093000000051688	states																																	"        state_name
id                
1   nose_in_center"
167783.6714	0.0020000000076834112	states																																	"   state_name
id           
5      go_cue"
167783.6734	1.3191999999980908	states																																	"            state_name
id                    
6   wait_for_side_poke"
167784.9926	0.40200000000186265	states																																	"         state_name
id                 
4   announce_reward"
167785.3946	0.11040000000502914	states																																	"   state_name
id           
8      reward"
167785.505	9.999997564591467e-05	states																																	"    state_name
id            
7   stop_sound"
167785.6588	15.345600000000559	trials	1.0	4.0	10.0	0.8129284213850584	0.0	0.15	True	2685.0	False	False	10487.0	False	Low	True	False	0.002	0.0	3.926264411098238	1.5	9.0													
167785.6588	15.345600000000559	processed_trials			10.0	0.8129284213850584					False				Low					3.926264411098238		9.0	40.0	40.0	False	True	False			24.554372273282663	11.046899999999999	0.043933499543133914	Right	10.1412	
167785.6588	11.046899999986636	states																																	"       state_name
id               
3   wait_for_poke"
167796.7057	0.2987000000139233	states																																	"        state_name
id                
1   nose_in_center"
167797.0044	4.0	states																																	"          state_name
id                  
2   punish_violation"
167801.1545	278.83359999998356	trials	1.0	4.0	10.0	0.9276380348400681	0.0	0.15	True	2685.0	False	False	10488.0	False	Low	True	True	0.002	0.0	3.9262644	1.5	9.0													
167801.1545	278.83359999998356	processed_trials			10.0	0.9276380348400681					False				Low					3.9262644		9.0	40.0	40.0	True	False	False	3.9262999999999693	3.9262999999999693	24.554372273282663	272.9927	6.791350187221837	Left	272.9927	
167801.1545	272.9927000000025	states																																	"       state_name
id               
3   wait_for_poke"
168074.1472	0.9275999999954365	states																																	"        state_name
id                
1   nose_in_center"
168075.0748	0.0020000000076834112	states																																	"   state_name
id           
5      go_cue"
168075.0768	3.9262999999918975	states																																	"            state_name
id                    
6   wait_for_side_poke"
168079.0031	0.8745000000053551	states																																	"         state_name
id                 
4   announce_reward"
168079.8776	0.11040000000502914	states																																	"   state_name
id           
8      reward"
168079.988	0.00010000000474974513	states																																	"    state_name
id            
7   stop_sound"
168080.1427	7.979300000006333	trials	1.0	4.0	5.0	1.1896931413957326	0.0	0.15	True	2695.0	False	False	10489.0	False	Low	True	False	0.002	0.0	3.716903210226996	1.5	9.0													
168080.1427	7.979300000006333	processed_trials			5.0	1.1896931413957326					False				Low					3.716903210226996		9.0	40.0	40.0	False	True	False			24.554372273282663	3.3345	-0.1547288819955402	Right	0.6168999999999998	
168080.1427	3.334499999997206	states																																	"       state_name
id               
3   wait_for_poke"
168083.4772	0.644800000009127	states																																	"        state_name
id                
1   nose_in_center"
168084.122	4.0	states																																	"          state_name
id                  
2   punish_violation"
168088.2771	7.948099999979604	trials	1.0	4.0	5.0	1.0824830648959463	0.0	0.15	True	2695.0	False	False	10490.0	False	Low	True	True	0.002	0.0	1.6180057398689636	1.5	9.0													
168088.2771	7.948099999979604	processed_trials			5.0	1.0824830648959463					False				Low					1.6180057398689636		9.0	40.0	40.0	True	False	False	1.6180000000000003	1.6180000000000003	24.554372273282663	4.5825	-0.12258186522251685	Right	4.5825	
168088.2771	4.582499999989523	states																																	"       state_name
id               
3   wait_for_poke"
168092.8596	1.0825000000186265	states																																	"        state_name
id                
1   nose_in_center"
168093.94210000001	0.001999999978579581	states																																	"   state_name
id           
5      go_cue"
168093.9441	1.6180000000167638	states																																	"            state_name
id                    
6   wait_for_side_poke"
168095.5621	0.5816000000049826	states																																	"         state_name
id                 
4   announce_reward"
168096.14370000002	0.08139999999548309	states																																	"   state_name
id           
8      reward"
168096.2251	0.00010000000474974513	states																																	"    state_name
id            
7   stop_sound"
168096.3811	4.167099999991478	trials	1.0	4.0	20.0	1.1251313697177605	0.0	0.15	True	2700.0	False	False	10491.0	False	Low	True	False	0.002	0.0	0.8607771559624995	1.5	9.0													
168096.3811	4.167099999991478	processed_trials			20.0	1.1251313697177605					False				Low					0.8607771559624995		9.0	40.0	40.0	True	False	False	0.8607999999999998	0.8607999999999998	24.554372273282663	1.3163	-0.20671534774178676	Right	1.3163	
168096.3811	1.3163000000058673	states																																	"       state_name
id               
3   wait_for_poke"
168097.6974	1.1251000000047497	states																																	"        state_name
id                
1   nose_in_center"
168098.8225	0.001999999978579581	states																																	"   state_name
id           
5      go_cue"
168098.8245	0.8608000000240281	states																																	"            state_name
id                    
6   wait_for_side_poke"
168099.6853	0.6231999999727122	states																																	"         state_name
id                 
4   announce_reward"
168100.30849999998	0.23960000000079162	states																																	"   state_name
id           
8      reward"
168100.54809999999	0.00010000000474974513	states																																	"    state_name
id            
7   stop_sound"
168100.7165	6.049700000003213	trials	1.0	4.0	20.0	1.093108994151439	0.0	0.15	True	2720.0	False	False	10492.0	False	Low	True	False	0.002	0.0	7.708194180497197	1.5	9.0													
168100.7165	6.049700000003213	processed_trials			20.0	1.093108994151439					False				Low					7.708194180497197		9.0	40.0	40.0	False	True	False			24.554372273282663	2.0103	-0.18883872142730104	Left	0.6213	
168100.7165	2.0102999999944586	states																																	"       state_name
id               
3   wait_for_poke"
168102.7268	0.03940000000875443	states																																	"        state_name
id                
1   nose_in_center"
168102.7662	4.0	states																																	"          state_name
id                  
2   punish_violation"
168106.9306	16.213500000012573	trials	1.0	4.0	20.0	0.8906017956306709	0.0	0.15	True	2720.0	True	False	10493.0	False	Low	True	True	0.002	0.0	100.0	1.5	9.0													
168106.9306	16.213500000012573	processed_trials			20.0	0.8906017956306709					True				Low					100.0		9.0	40.0	40.0	False	False	True	9.5074	9.5074	24.554372273282663	5.6133999999999995	-0.09602708990896736	Right	5.6133999999999995	
168106.9306	5.613400000002002	states																																	"       state_name
id               
3   wait_for_poke"
168112.544	0.8905999999842606	states																																	"        state_name
id                
1   nose_in_center"
168113.43459999998	0.0020000000076834112	states																																	"   state_name
id           
5      go_cue"
168113.4366	9.507400000002235	states																																	"            state_name
id                    
6   wait_for_side_poke"
168122.944	0.20000000001164153	states																																	"   state_name
id           
0     opt_out"
168123.144	0.00010000000474974513	states																																	"    state_name
id            
7   stop_sound"
168123.3179	4.853499999997439	trials	1.0	4.0	20.0	1.1165185396191548	0.0	0.15	True	2720.0	False	False	10494.0	False	Low	True	False	0.002	0.0	2.6498665551507283	1.5	9.0													
168123.3179	4.853499999997439	processed_trials			20.0	1.1165185396191548					False				Low					2.6498665551507283		9.0	40.0	40.0	True	False	False	2.6499	2.6499	24.554372273282663	0.13390000000000002	-0.237172585428023	Left	0.13390000000000002	
168123.3179	0.13389999998616986	states																																	"       state_name
id               
3   wait_for_poke"
168123.45179999998	1.1165000000037253	states																																	"        state_name
id                
1   nose_in_center"
168124.56829999998	0.0020000000076834112	states																																	"   state_name
id           
5      go_cue"
168124.5703	2.6498999999894295	states																																	"            state_name
id                    
6   wait_for_side_poke"
168127.22019999998	0.7688000000198372	states																																	"         state_name
id                 
4   announce_reward"
168127.989	0.1822999999858439	states																																	"   state_name
id           
8      reward"
168128.1713	0.00010000000474974513	states																																	"    state_name
id            
7   stop_sound"
168128.3351	8.00580000001355	trials	1.0	4.0	5.0	1.0443227470772447	0.0	0.15	True	2740.0	False	False	10495.0	False	Low	True	False	0.002	0.0	2.1519109750512175	1.5	9.0													
168128.3351	8.00580000001355	processed_trials			5.0	1.0443227470772447					False				Low					2.1519109750512175		9.0	40.0	40.0	False	True	False			24.554372273282663	3.7762	-0.14335120787002384	Right	0.6246999999999998	
168128.3351	3.7761999999929685	states																																	"       state_name
id               
3   wait_for_poke"
168132.1113	0.22960000002058223	states																																	"        state_name
id                
1   nose_in_center"
168132.3409	4.0	states																																	"          state_name
id                  
2   punish_violation"
168136.5012	32.29920000000857	trials	1.0	4.0	5.0	1.0178418924749344	0.0	0.15	True	2740.0	False	False	10496.0	False	Low	True	True	0.002	0.0	1.1514234150948732	1.5	9.0													
168136.5012	32.29920000000857	processed_trials			5.0	1.0178418924749344					False				Low					1.1514234150948732		9.0	40.0	40.0	True	False	False	1.1513999999999989	1.1513999999999989	24.554372273282663	29.5839	0.5214248856982092	Left	29.5839	
168136.5012	29.58389999999781	states																																	"       state_name
id               
3   wait_for_poke"
168166.0851	1.0178000000014435	states																																	"        state_name
id                
1   nose_in_center"
168167.1029	0.0020000000076834112	states																																	"   state_name
id           
5      go_cue"
168167.1049	1.151400000002468	states																																	"            state_name
id                    
6   wait_for_side_poke"
168168.2563	0.4694000000017695	states																																	"         state_name
id                 
4   announce_reward"
168168.7257	0.07459999999264255	states																																	"   state_name
id           
8      reward"
168168.8003	0.00010000000474974513	states																																	"    state_name
id            
7   stop_sound"
168168.9727	9.027799999981653	trials	1.0	4.0	5.0	0.9615753905657182	0.0	0.15	True	2745.0	False	False	10497.0	False	Low	True	False	0.002	0.0	1.0518132386465626	1.5	9.0													
168168.9727	9.027799999981653	processed_trials			5.0	0.9615753905657182					False				Low					1.0518132386465626		9.0	40.0	40.0	False	True	False			24.554372273282663	4.1248000000000005	-0.13437168058871296	Left	1.9479000000000002	
168168.9727	4.1247999999905005	states																																	"       state_name
id               
3   wait_for_poke"
168173.0975	0.9030000000202563	states																																	"        state_name
id                
1   nose_in_center"
168174.00050000002	4.0	states																																	"          state_name
id                  
2   punish_violation"
168178.1636	15.121500000008382	trials	1.0	4.0	5.0	0.8039358548644916	0.0	0.15	True	2745.0	False	False	10498.0	False	Low	True	True	0.002	0.0	0.615148604843926	1.5	9.0													
168178.1636	15.121500000008382	processed_trials			5.0	0.8039358548644916					False				Low					0.615148604843926		9.0	40.0	40.0	True	False	False	0.6151	0.6151	24.554372273282663	12.975100000000001	0.09360167081055674	Right	12.975100000000001	
168178.1636	12.97510000001057	states																																	"       state_name
id               
3   wait_for_poke"
168191.1387	0.8038999999989755	states																																	"        state_name
id                
1   nose_in_center"
168191.9426	0.001999999978579581	states																																	"   state_name
id           
5      go_cue"
168191.9446	0.6151000000245403	states																																	"            state_name
id                    
6   wait_for_side_poke"
168192.5597	0.6438999999954831	states																																	"         state_name
id                 
4   announce_reward"
168193.2036	0.08139999999548309	states																																	"   state_name
id           
8      reward"
168193.285	0.00010000000474974513	states																																	"    state_name
id            
7   stop_sound"
168193.4491	3.2599000000045635	trials	1.0	4.0	10.0	0.9009826062893165	0.0	0.15	True	2750.0	False	False	10499.0	False	Low	True	False	0.002	0.0	0.6059358718385865	1.5	9.0													
168193.4491	3.2599000000045635	processed_trials			10.0	0.9009826062893165					False				Low					0.6059358718385865		9.0	40.0	40.0	True	False	False	0.6059000000000001	0.6059000000000001	24.554372273282663	1.514	-0.20162282753663716	Right	1.514	
168193.4491	1.5139999999955762	states																																	"       state_name
id               
3   wait_for_poke"
168194.9631	0.9010000000125729	states																																	"        state_name
id                
1   nose_in_center"
168195.8641	0.001999999978579581	states																																	"   state_name
id           
5      go_cue"
168195.86609999998	0.6059000000241213	states																																	"            state_name
id                    
6   wait_for_side_poke"
168196.472	0.10329999998793937	states																																	"         state_name
id                 
4   announce_reward"
168196.5753	0.13360000000102445	states																																	"   state_name
id           
8      reward"
168196.7089	0.00010000000474974513	states																																	"    state_name
id            
7   stop_sound"
168196.8755	3.4428999999945518	trials	1.0	4.0	10.0	0.8316719766500669	0.0	0.15	True	2760.0	False	False	10500.0	False	Low	True	False	0.002	0.0	0.7817962036575637	1.5	9.0													
168196.8755	3.4428999999945518	processed_trials			10.0	0.8316719766500669					False				Low					0.7817962036575637		9.0	40.0	40.0	True	False	False	0.7818	0.7818	24.554372273282663	1.673	-0.19752717395738179	Left	0.6809000000000001	
168196.8755	1.6730000000097789	states																																	"       state_name
id               
3   wait_for_poke"
168198.5485	0.8316999999806285	states																																	"        state_name
id                
1   nose_in_center"
168199.38019999999	0.0020000000076834112	states																																	"   state_name
id           
5      go_cue"
168199.3822	0.7817999999970198	states																																	"            state_name
id                    
6   wait_for_side_poke"
168200.164	0.04390000001876615	states																																	"         state_name
id                 
4   announce_reward"
168200.2079	0.11039999997592531	states																																	"   state_name
id           
8      reward"
168200.31829999998	0.00010000000474974513	states																																	"    state_name
id            
7   stop_sound"
168200.4825	15.730499999976018	trials	1.0	4.0	10.0	0.9046529000083102	0.0	0.15	True	2770.0	False	False	10501.0	False	Low	True	False	0.002	0.0	10.944520952860922	1.5	9.0													
168200.4825	15.730499999976018	processed_trials			10.0	0.9046529000083102					False				Low					10.944520952860922		9.0	40.0	40.0	True	False	False	10.944499999999998	10.944499999999998	24.554372273282663	3.1027	-0.1606997782198886	Right	0.7642000000000002	
168200.4825	3.1026999999885447	states																																	"       state_name
id               
3   wait_for_poke"
168203.5852	0.9047000000136904	states																																	"        state_name
id                
1   nose_in_center"
168204.48990000002	0.0020000000076834112	states																																	"   state_name
id           
5      go_cue"
168204.49190000002	10.944499999983236	states																																	"            state_name
id                    
6   wait_for_side_poke"
168215.4364	0.6429000000061933	states																																	"         state_name
id                 
4   announce_reward"
168216.0793	0.13360000000102445	states																																	"   state_name
id           
8      reward"
168216.2129	0.00010000000474974513	states																																	"    state_name
id            
7   stop_sound"
168216.3805	5.621500000008382	trials	1.0	4.0	5.0	0.9803094912047694	0.0	0.15	True	2780.0	False	False	10502.0	False	Low	True	False	0.002	0.0	1.5835447491643335	1.5	9.0													
168216.3805	5.621500000008382	processed_trials			5.0	0.9803094912047694					False				Low					1.5835447491643335		9.0	40.0	40.0	True	False	False	1.5835	1.5835	24.554372273282663	2.058	-0.18761002535352442	Right	0.6734999999999998	
168216.3805	2.0579999999899883	states																																	"       state_name
id               
3   wait_for_poke"
168218.4385	0.9802999999956228	states																																	"        state_name
id                
1   nose_in_center"
168219.41879999998	0.0020000000076834112	states																																	"   state_name
id           
5      go_cue"
168219.4208	1.5835000000079162	states																																	"            state_name
id                    
6   wait_for_side_poke"
168221.0043	0.9162000000069384	states																																	"         state_name
id                 
4   announce_reward"
168221.9205	0.08139999999548309	states																																	"   state_name
id           
8      reward"
168222.0019	0.00010000000474974513	states																																	"    state_name
id            
7   stop_sound"
168222.1682	6.442900000023656	trials	1.0	4.0	5.0	0.8464112182672456	0.0	0.15	True	2785.0	True	False	10503.0	False	Low	True	False	0.002	0.0	100.0	1.5	9.0													
168222.1682	6.442900000023656	processed_trials			5.0	0.8464112182672456					True				Low					100.0		9.0	40.0	40.0	False	True	False			24.554372273282663	2.2169	-0.18351694765702328	Right	1.1019999999999999	
168222.1682	2.216899999999441	states																																	"       state_name
id               
3   wait_for_poke"
168224.38509999998	0.22599999999511056	states																																	"        state_name
id                
1   nose_in_center"
168224.61109999998	4.0	states																																	"          state_name
id                  
2   punish_violation"
168228.7801	5.4372999999905005	trials	1.0	4.0	5.0	1.1206942206817996	0.0	0.15	True	2785.0	False	False	10504.0	False	Low	True	True	0.002	0.0	0.8607932091386683	1.5	9.0													
168228.7801	5.4372999999905005	processed_trials			5.0	1.1206942206817996					False				Low					0.8607932091386683		9.0	40.0	40.0	False	True	False			24.554372273282663	1.3260999999999998	-0.20646291123187038	Right	1.3260999999999998	
168228.7801	1.326100000005681	states																																	"       state_name
id               
3   wait_for_poke"
168230.1062	0.11119999998481944	states																																	"        state_name
id                
1   nose_in_center"
168230.2174	4.0	states																																	"          state_name
id                  
2   punish_violation"
168234.4078	207.21430000002147	trials	1.0	4.0	5.0	1.1206942	0.0	0.15	True	2785.0	True	False	10505.0	False	Low	True	True	0.002	0.0	100.0	1.5	9.0													
168234.4078	207.21430000002147	processed_trials			5.0	1.1206942					True				Low					100.0		9.0	40.0	40.0	False	True	False			24.554372273282663	202.82410000000002	4.983889320924107	Left	202.82410000000002	
168234.4078	202.824099999998	states																																	"       state_name
id               
3   wait_for_poke"
168437.23189999998	0.3901999999943655	states																																	"        state_name
id                
1   nose_in_center"
168437.62209999998	4.0	states																																	"          state_name
id                  
2   punish_violation"
168441.7995	20.889300000009825	trials	1.0	4.0	5.0	1.0171611236008347	0.0	0.15	True	2785.0	False	False	10506.0	False	Low	True	True	0.002	0.0	0.21592683366811993	1.5	9.0													
168441.7995	20.889300000009825	processed_trials			5.0	1.0171611236008347					False				Low					0.21592683366811993		9.0	40.0	40.0	True	False	False	0.21589999999999776	0.21589999999999776	24.554372273282663	19.0237	0.24940651508404157	Right	19.0237	
168441.7995	19.02369999999064	states																																	"       state_name
id               
3   wait_for_poke"
168460.82319999998	1.017200000002049	states																																	"        state_name
id                
1   nose_in_center"
168461.8404	0.0020000000076834112	states																																	"   state_name
id           
5      go_cue"
168461.8424	0.21590000001015142	states																																	"            state_name
id                    
6   wait_for_side_poke"
168462.0583	0.5489999999990687	states																																	"         state_name
id                 
4   announce_reward"
168462.6073	0.08139999999548309	states																																	"   state_name
id           
8      reward"
168462.6887	0.00010000000474974513	states																																	"    state_name
id            
7   stop_sound"
168462.8555	9.393799999990733	trials	1.0	4.0	10.0	1.1130801374165686	0.0	0.15	True	2790.0	False	False	10507.0	False	Low	True	False	0.002	0.0	0.21592683	1.5	9.0													
168462.8555	9.393799999990733	processed_trials			10.0	1.1130801374165686					False				Low					0.21592683		9.0	40.0	40.0	False	True	False			24.554372273282663	4.5093000000000005	-0.12446741139862685	Left	1.3492000000000006	
168462.8555	4.509300000005169	states																																	"       state_name
id               
3   wait_for_poke"
168467.3648	0.8844999999855645	states																																	"        state_name
id                
1   nose_in_center"
168468.2493	4.0	states																																	"          state_name
id                  
2   punish_violation"
168472.419	6.17939999999362	trials	1.0	4.0	10.0	1.0524709113927055	0.0	0.15	True	2790.0	True	False	10508.0	False	Low	True	True	0.002	0.0	100.0	1.5	9.0													
168472.419	6.17939999999362	processed_trials			10.0	1.0524709113927055					True				Low					100.0		9.0	40.0	40.0	False	True	False			24.554372273282663	1.5735	-0.2000901772978592	Right	1.5735	
168472.419	1.573499999998603	states																																	"       state_name
id               
3   wait_for_poke"
168473.9925	0.6058999999950174	states																																	"        state_name
id                
1   nose_in_center"
168474.5984	4.0	states																																	"          state_name
id                  
2   punish_violation"
168478.7673	6.54749999998603	trials	1.0	4.0	10.0	1.050958618128356	0.0	0.15	True	2790.0	False	False	10509.0	False	Low	True	True	0.002	0.0	3.1429673546653705	1.5	9.0													
168478.7673	6.54749999998603	processed_trials			10.0	1.050958618128356					False				Low					3.1429673546653705		9.0	40.0	40.0	True	False	False	3.1429999999999993	3.1429999999999993	24.554372273282663	2.1679	-0.18477913020660514	Left	2.1679	
168478.7673	2.1679000000003725	states																																	"       state_name
id               
3   wait_for_poke"
168480.9352	1.051000000006752	states																																	"        state_name
id                
1   nose_in_center"
168481.9862	0.001999999978579581	states																																	"   state_name
id           
5      go_cue"
168481.9882	3.143000000010943	states																																	"            state_name
id                    
6   wait_for_side_poke"
168485.1312	0.07310000000870787	states																																	"         state_name
id                 
4   announce_reward"
168485.2043	0.11040000000502914	states																																	"   state_name
id           
8      reward"
168485.31470000002	9.999997564591467e-05	states																																	"    state_name
id            
7   stop_sound"
168485.4914	10.608600000006845	trials	1.0	4.0	20.0	0.9274580646509876	0.0	0.15	True	2800.0	False	False	10510.0	False	Low	True	False	0.002	0.0	0.15391388635365963	1.5	9.0													
168485.4914	10.608600000006845	processed_trials			20.0	0.9274580646509876					False				Low					0.15391388635365963		9.0	40.0	40.0	False	True	False			24.554372273282663	6.3572	-0.07686767398286577	Left	3.0113	
168485.4914	6.3571999999985565	states																																	"       state_name
id               
3   wait_for_poke"
168491.8486	0.25140000000828877	states																																	"        state_name
id                
1   nose_in_center"
168492.1	4.0	states																																	"          state_name
id                  
2   punish_violation"
168496.2787	5.686099999991711	trials	1.0	4.0	20.0	0.9959616373281687	0.0	0.15	True	2800.0	False	False	10511.0	False	Low	True	True	0.002	0.0	2.9771972256549906	1.5	9.0													
168496.2787	5.686099999991711	processed_trials			20.0	0.9959616373281687					False				Low					2.9771972256549906		9.0	40.0	40.0	True	False	False	2.9772	2.9772	24.554372273282663	1.2982	-0.2071815825203058	Right	1.2982	
168496.2787	1.2981999999901745	states																																	"       state_name
id               
3   wait_for_poke"
168497.5769	0.996000000013737	states																																	"        state_name
id                
1   nose_in_center"
168498.5729	0.0020000000076834112	states																																	"   state_name
id           
5      go_cue"
168498.5749	2.9771999999939	states																																	"            state_name
id                    
6   wait_for_side_poke"
168501.5521	0.17299999998067506	states																																	"         state_name
id                 
4   announce_reward"
168501.72509999998	0.23960000000079162	states																																	"   state_name
id           
8      reward"
168501.96469999998	0.00010000000474974513	states																																	"    state_name
id            
7   stop_sound"
168502.1547	6.507499999977881	trials	1.0	4.0	20.0	0.9818681289055151	0.0	0.15	True	2820.0	False	False	10512.0	False	Low	True	False	0.002	0.0	1.4381000489415658	1.5	9.0													
168502.1547	6.507499999977881	processed_trials			20.0	0.9818681289055151					False				Low					1.4381000489415658		9.0	40.0	40.0	True	False	False	1.4380999999999995	1.4380999999999995	24.554372273282663	3.7077	-0.14511568755668416	Left	1.0263999999999998	
168502.1547	3.707699999999022	states																																	"       state_name
id               
3   wait_for_poke"
168505.8624	0.981900000013411	states																																	"        state_name
id                
1   nose_in_center"
168506.84430000003	0.001999999978579581	states																																	"   state_name
id           
5      go_cue"
168506.8463	1.4380999999993946	states																																	"            state_name
id                    
6   wait_for_side_poke"
168508.2844	0.19539999999688007	states																																	"         state_name
id                 
4   announce_reward"
168508.4798	0.18230000001494773	states																																	"   state_name
id           
8      reward"
168508.66210000002	0.00010000000474974513	states																																	"    state_name
id            
7   stop_sound"
168508.8472	7.278400000010151	trials	1.0	4.0	20.0	1.129617421389411	0.0	0.15	True	2840.0	False	False	10513.0	False	Low	True	False	0.002	0.0	1.4381	1.5	9.0													
168508.8472	7.278400000010151	processed_trials			20.0	1.129617421389411					False				Low					1.4381		9.0	40.0	40.0	True	False	False	1.4381000000000004	1.4381000000000004	24.554372273282663	3.7509	-0.14400290620684875	Right	0.8071000000000002	
168508.8472	3.750900000013644	states																																	"       state_name
id               
3   wait_for_poke"
168512.5981	1.1295999999856576	states																																	"        state_name
id                
1   nose_in_center"
168513.7277	0.0020000000076834112	states																																	"   state_name
id           
5      go_cue"
168513.7297	1.4380999999993946	states																																	"            state_name
id                    
6   wait_for_side_poke"
168515.1678	0.7180999999982305	states																																	"         state_name
id                 
4   announce_reward"
168515.8859	0.23960000000079162	states																																	"   state_name
id           
8      reward"
168516.1255	0.00010000000474974513	states																																	"    state_name
id            
7   stop_sound"
168516.3007	5.443599999998696	trials	1.0	4.0	20.0	0.9252968122612867	0.0	0.15	True	2860.0	False	False	10514.0	False	Low	True	False	0.002	0.0	2.5068943301219013	1.5	9.0													
168516.3007	5.443599999998696	processed_trials			20.0	0.9252968122612867					False				Low					2.5068943301219013		9.0	40.0	40.0	False	True	False			24.554372273282663	1.4201	-0.20404158144287665	Right	0.7563	
168516.3007	1.4200999999884516	states																																	"       state_name
id               
3   wait_for_poke"
168517.72079999998	0.02350000001024455	states																																	"        state_name
id                
1   nose_in_center"
168517.7443	4.0	states																																	"          state_name
id                  
2   punish_violation"
168521.9304	3.870199999975739	trials	1.0	4.0	20.0	1.0372379898795685	0.0	0.15	True	2860.0	False	False	10515.0	False	Low	True	True	0.002	0.0	1.5178755943875761	1.5	9.0													
168521.9304	3.870199999975739	processed_trials			20.0	1.0372379898795685					False				Low					1.5178755943875761		9.0	40.0	40.0	True	False	False	1.5178999999999996	1.5178999999999996	24.554372273282663	0.3436	-0.23177095929236355	Right	0.3436	
168521.9304	0.3435999999928754	states																																	"       state_name
id               
3   wait_for_poke"
168522.274	1.0372000000206754	states																																	"        state_name
id                
1   nose_in_center"
168523.31120000003	0.001999999978579581	states																																	"   state_name
id           
5      go_cue"
168523.3132	1.5179000000061933	states																																	"            state_name
id                    
6   wait_for_side_poke"
168524.8311	0.7298000000009779	states																																	"         state_name
id                 
4   announce_reward"
168525.5609	0.23960000000079162	states																																	"   state_name
id           
8      reward"
168525.8005	0.00010000000474974513	states																																	"    state_name
id            
7   stop_sound"
168525.9783	13.058600000018487	trials	1.0	4.0	5.0	1.0367957166558024	0.0	0.15	True	2880.0	True	False	10516.0	False	Low	True	False	0.002	0.0	100.0	1.5	9.0													
168525.9783	13.058600000018487	processed_trials			5.0	1.0367957166558024					True				Low					100.0		9.0	40.0	40.0	False	False	True	10.0278	10.0278	24.554372273282663	1.7919	-0.19446444936258012	Right	0.8317	
168525.9783	1.7919000000110827	states																																	"       state_name
id               
3   wait_for_poke"
168527.7702	1.0368000000016764	states																																	"        state_name
id                
1   nose_in_center"
168528.807	0.001999999978579581	states																																	"   state_name
id           
5      go_cue"
168528.80899999998	10.027800000010757	states																																	"            state_name
id                    
6   wait_for_side_poke"
168538.8368	0.20000000001164153	states																																	"   state_name
id           
0     opt_out"
168539.0368	9.999997564591467e-05	states																																	"    state_name
id            
7   stop_sound"
168539.2121	18.64179999998305	trials	1.0	4.0	20.0	0.9179306195878995	0.0	0.15	True	2880.0	True	False	10517.0	False	Low	True	False	0.002	0.0	100.0	1.5	9.0													
168539.2121	18.64179999998305	processed_trials			20.0	0.9179306195878995					True				Low					100.0		9.0	40.0	40.0	False	False	True	17.3332	17.3332	24.554372273282663	0.1886	-0.235763577561449	Left	0.1886	
168539.2121	0.18859999999403954	states																																	"       state_name
id               
3   wait_for_poke"
168539.4007	0.9179000000003725	states																																	"        state_name
id                
1   nose_in_center"
168540.3186	0.0020000000076834112	states																																	"   state_name
id           
5      go_cue"
168540.3206	17.333199999993667	states																																	"            state_name
id                    
6   wait_for_side_poke"
168557.6538	0.20000000001164153	states																																	"   state_name
id           
0     opt_out"
168557.8538	0.00010000000474974513	states																																	"    state_name
id            
7   stop_sound"
168558.0282	27.125	trials	1.0	4.0	20.0	0.9313339360991071	0.0	0.15	True	2880.0	True	False	10518.0	True	Mixed	True	False	0.002	0.0	100.0	1.5	9.0													
168558.0282	27.125	processed_trials			20.0	0.9313339360991071					True				Mixed					100.0		9.0	40.0	40.0	False	False	True		25.1502	24.554372273282663	0.8413999999999999	-0.21894821494171368	Right	0.8413999999999999	
168558.0282	0.8414000000047963	states																																	"       state_name
id               
3   wait_for_poke"
168558.8696	0.9312999999965541	states																																	"        state_name
id                
1   nose_in_center"
168559.8009	0.0020000000076834112	states																																	"   state_name
id           
5      go_cue"
168559.8029	25.15020000000368	states																																	"            state_name
id                    
6   wait_for_side_poke"
168584.9531	0.1999999999825377	states																																	"   state_name
id           
0     opt_out"
168585.1531	0.00010000000474974513	states																																	"    state_name
id            
7   stop_sound"
168585.3298	2.5947999999916647	trials	1.0	4.0	80.0	0.8096710898098248	0.0	0.15	True	2880.0	False	False	10519.0	False	Mixed	True	False	0.002	0.0	0.06823905313160575	1.5	9.0													
168585.3298	2.5947999999916647	processed_trials			80.0	0.8096710898098248					False				Mixed					0.06823905313160575		9.0	40.0	40.0	True	False	False	0.06820000000000004	0.06820000000000004	24.554372273282663	0.24109999999999998	-0.23441123911546843	Right	0.24109999999999998	
168585.3298	0.24110000001383014	states																																	"       state_name
id               
3   wait_for_poke"
168585.57090000002	0.8096999999834225	states																																	"        state_name
id                
1   nose_in_center"
168586.3806	0.0020000000076834112	states																																	"   state_name
id           
5      go_cue"
168586.3826	0.068200000008801	states																																	"            state_name
id                    
6   wait_for_side_poke"
168586.45080000002	0.5535999999847263	states																																	"         state_name
id                 
4   announce_reward"
168587.0044	0.9200999999884516	states																																	"   state_name
id           
8      reward"
168587.9245	0.00010000000474974513	states																																	"    state_name
id            
7   stop_sound"
168588.1055	9.827900000003865	trials	1.0	4.0	80.0	1.1910430944767345	0.0	0.15	True	2960.0	True	False	10520.0	False	Mixed	True	False	0.002	0.0	100.0	1.5	9.0													
168588.1055	9.827900000003865	processed_trials			80.0	1.1910430944767345					True				Mixed					100.0		9.0	40.0	40.0	False	True	False			24.554372273282663	4.837	-0.116026243612954	Left	2.7110999999999996	
168588.1055	4.836999999999534	states																																	"       state_name
id               
3   wait_for_poke"
168592.9425	0.9909000000043306	states																																	"        state_name
id                
1   nose_in_center"
168593.9334	4.0	states																																	"          state_name
id                  
2   punish_violation"
168598.1121	11.461899999994785	trials	1.0	4.0	80.0	0.8082327815252738	0.0	0.15	True	2960.0	False	False	10521.0	False	Mixed	True	True	0.002	0.0	8.797866938260267	1.5	9.0													
168598.1121	11.461899999994785	processed_trials			80.0	0.8082327815252738					False				Mixed					8.797866938260267		9.0	40.0	40.0	True	False	False	8.797899999999998	8.797899999999998	24.554372273282663	0.2298	-0.23470231386669854	Right	0.2298	
168598.1121	0.2298000000009779	states																																	"       state_name
id               
3   wait_for_poke"
168598.3419	0.8081999999994878	states																																	"        state_name
id                
1   nose_in_center"
168599.1501	0.0020000000076834112	states																																	"   state_name
id           
5      go_cue"
168599.1521	8.79790000000503	states																																	"            state_name
id                    
6   wait_for_side_poke"
168607.95	0.703799999988405	states																																	"         state_name
id                 
4   announce_reward"
168608.6538	0.9200999999884516	states																																	"   state_name
id           
8      reward"
168609.5739	0.00010000000474974513	states																																	"    state_name
id            
7   stop_sound"
168609.7546	7.375700000004144	trials	1.0	4.0	10.0	0.8368968148906644	0.0	0.15	True	3040.0	False	False	10522.0	False	Mixed	True	False	0.002	0.0	0.984407412760041	1.5	9.0													
168609.7546	7.375700000004144	processed_trials			10.0	0.8368968148906644					False				Mixed					0.984407412760041		9.0	40.0	40.0	True	False	False	0.9844000000000008	0.9844000000000008	24.554372273282663	4.8983	-0.11444722748459955	Right	3.2873	
168609.7546	4.898300000000745	states																																	"       state_name
id               
3   wait_for_poke"
168614.6529	0.8368999999947846	states																																	"        state_name
id                
1   nose_in_center"
168615.48979999998	0.0020000000076834112	states																																	"   state_name
id           
5      go_cue"
168615.4918	0.9843999999866355	states																																	"            state_name
id                    
6   wait_for_side_poke"
168616.47619999998	0.5204000000085216	states																																	"         state_name
id                 
4   announce_reward"
168616.99659999998	0.13360000000102445	states																																	"   state_name
id           
8      reward"
168617.13019999999	0.00010000000474974513	states																																	"    state_name
id            
7   stop_sound"
168617.3115	3.767999999981839	trials	1.0	4.0	5.0	1.0809053360459187	0.0	0.15	True	3050.0	False	False	10523.0	False	Mixed	True	False	0.002	0.0	0.6848483235876521	1.5	9.0													
168617.3115	3.767999999981839	processed_trials			5.0	1.0809053360459187					False				Mixed					0.6848483235876521		9.0	40.0	40.0	True	False	False	0.6848000000000001	0.6848000000000001	24.554372273282663	1.4215	-0.2040055190843172	Right	0.6668999999999999	
168617.3115	1.4214999999967404	states																																	"       state_name
id               
3   wait_for_poke"
168618.733	1.0809000000008382	states																																	"        state_name
id                
1   nose_in_center"
168619.8139	0.0020000000076834112	states																																	"   state_name
id           
5      go_cue"
168619.81590000002	0.6847999999881722	states																																	"            state_name
id                    
6   wait_for_side_poke"
168620.5007	0.49730000001727603	states																																	"         state_name
id                 
4   announce_reward"
168620.99800000002	0.08139999999548309	states																																	"   state_name
id           
8      reward"
168621.07940000002	0.00010000000474974513	states																																	"    state_name
id            
7   stop_sound"
168621.2582	5.63389999998617	trials	1.0	4.0	20.0	1.162943009690385	0.0	0.15	True	3055.0	False	False	10524.0	False	Mixed	True	False	0.002	0.0	4.441089976662989	1.5	9.0													
168621.2582	5.63389999998617	processed_trials			20.0	1.162943009690385					False				Mixed					4.441089976662989		9.0	40.0	40.0	False	True	False			24.554372273282663	1.5877000000000001	-0.1997244019467559	Left	0.8139000000000002	
168621.2582	1.5877000000036787	states																																	"       state_name
id               
3   wait_for_poke"
168622.84590000001	0.046199999982491136	states																																	"        state_name
id                
1   nose_in_center"
168622.8921	4.0	states																																	"          state_name
id                  
2   punish_violation"
168627.0888	4.429100000008475	trials	1.0	4.0	20.0	0.9116599577521549	0.0	0.15	True	3055.0	False	False	10525.0	False	Mixed	True	True	0.002	0.0	1.8508607303310902	1.5	9.0													
168627.0888	4.429100000008475	processed_trials			20.0	0.9116599577521549					False				Mixed					1.8508607303310902		9.0	40.0	40.0	False	True	False			24.554372273282663	0.0106	-0.2403486488640116	Right	0.0106	
168627.0888	0.010600000008707866	states																																	"       state_name
id               
3   wait_for_poke"
168627.0994	0.41849999999976717	states																																	"        state_name
id                
1   nose_in_center"
168627.5179	4.0	states																																	"          state_name
id                  
2   punish_violation"
168631.7085	11.192799999989802	trials	1.0	4.0	20.0	0.8343425623922416	0.0	0.15	True	3055.0	False	False	10526.0	False	Mixed	True	True	0.002	0.0	5.491663813832771	1.5	9.0													
168631.7085	11.192799999989802	processed_trials			20.0	0.8343425623922416					False				Mixed					5.491663813832771		9.0	40.0	40.0	True	False	False	5.491700000000002	5.491700000000002	24.554372273282663	3.6927	-0.14550206996982146	Right	3.6927	
168631.7085	3.692700000014156	states																																	"       state_name
id               
3   wait_for_poke"
168635.40120000002	0.8342999999877065	states																																	"        state_name
id                
1   nose_in_center"
168636.2355	0.0020000000076834112	states																																	"   state_name
id           
5      go_cue"
168636.23750000002	5.491699999984121	states																																	"            state_name
id                    
6   wait_for_side_poke"
168641.7292	0.9324000000196975	states																																	"         state_name
id                 
4   announce_reward"
168642.66160000002	0.23960000000079162	states																																	"   state_name
id           
8      reward"
168642.90120000002	9.999997564591467e-05	states																																	"    state_name
id            
7   stop_sound"
168643.0857	6.423299999994924	trials	1.0	4.0	40.0	1.030517627866104	0.0	0.15	True	3075.0	False	False	10527.0	False	Mixed	True	False	0.002	0.0	2.0600706965833164	1.5	9.0													
168643.0857	6.423299999994924	processed_trials			40.0	1.030517627866104					False				Mixed					2.0600706965833164		9.0	40.0	40.0	True	False	False	2.0601000000000007	2.0601000000000007	24.554372273282663	2.1685	-0.18476367491007964	Left	0.8181999999999998	
168643.0857	2.168499999999767	states																																	"       state_name
id               
3   wait_for_poke"
168645.2542	1.0304999999934807	states																																	"        state_name
id                
1   nose_in_center"
168646.2847	0.0020000000076834112	states																																	"   state_name
id           
5      go_cue"
168646.2867	2.0601000000024214	states																																	"            state_name
id                    
6   wait_for_side_poke"
168648.3468	0.8347999999823514	states																																	"         state_name
id                 
4   announce_reward"
168649.18159999998	0.32730000000447035	states																																	"   state_name
id           
8      reward"
168649.5089	0.00010000000474974513	states																																	"    state_name
id            
7   stop_sound"
168649.7242	7.803099999990081	trials	1.0	4.0	10.0	0.9329988993575337	0.0	0.15	True	3115.0	False	False	10528.0	False	Mixed	True	False	0.002	0.0	1.5161300365467991	1.5	9.0													
168649.7242	7.803099999990081	processed_trials			10.0	0.9329988993575337					False				Mixed					1.5161300365467991		9.0	40.0	40.0	True	False	False	1.5160999999999998	1.5160999999999998	24.554372273282663	4.775399999999999	-0.11761298738957117	Right	0.6871999999999998	
168649.7242	4.775400000013178	states																																	"       state_name
id               
3   wait_for_poke"
168654.4996	0.9329999999899883	states																																	"        state_name
id                
1   nose_in_center"
168655.4326	0.0020000000076834112	states																																	"   state_name
id           
5      go_cue"
168655.4346	1.5160999999789055	states																																	"            state_name
id                    
6   wait_for_side_poke"
168656.9507	0.4429000000236556	states																																	"         state_name
id                 
4   announce_reward"
168657.3936	0.13360000000102445	states																																	"   state_name
id           
8      reward"
168657.5272	9.999997564591467e-05	states																																	"    state_name
id            
7   stop_sound"
168657.7178	6.026799999992363	trials	1.0	4.0	5.0	0.9730061013498482	0.0	0.15	True	3125.0	False	False	10529.0	False	Mixed	True	False	0.002	0.0	1.51613	1.5	9.0													
168657.7178	6.026799999992363	processed_trials			5.0	0.9730061013498482					False				Mixed					1.51613		9.0	40.0	40.0	False	True	False			24.554372273282663	1.4481	-0.20332033427168703	Left	1.4481	
168657.7178	1.4481000000087079	states																																	"       state_name
id               
3   wait_for_poke"
168659.16590000002	0.5786999999836553	states																																	"        state_name
id                
1   nose_in_center"
168659.7446	4.0	states																																	"          state_name
id                  
2   punish_violation"
168663.9318	11.553899999998976	trials	1.0	4.0	5.0	1.012786936169583	0.0	0.15	True	3125.0	False	False	10530.0	False	Mixed	True	True	0.002	0.0	4.422526921020254	1.5	9.0													
168663.9318	11.553899999998976	processed_trials			5.0	1.012786936169583					False				Mixed					4.422526921020254		9.0	40.0	40.0	True	False	False	4.422499999999999	4.422499999999999	24.554372273282663	5.2116999999999996	-0.10637441093278424	Left	5.2116999999999996	
168663.9318	5.211700000014389	states																																	"       state_name
id               
3   wait_for_poke"
168669.1435	1.012799999996787	states																																	"        state_name
id                
1   nose_in_center"
168670.1563	0.001999999978579581	states																																	"   state_name
id           
5      go_cue"
168670.15829999998	4.422500000015134	states																																	"            state_name
id                    
6   wait_for_side_poke"
168674.5808	0.8301999999966938	states																																	"         state_name
id                 
4   announce_reward"
168675.411	0.07459999999264255	states																																	"   state_name
id           
8      reward"
168675.48559999999	0.00010000000474974513	states																																	"    state_name
id            
7   stop_sound"
168675.6756	7.189600000012433	trials	1.0	4.0	40.0	1.0127869	0.0	0.15	True	3130.0	False	False	10531.0	False	Mixed	True	False	0.002	0.0	1.9924813514201278	1.5	9.0													
168675.6756	7.189600000012433	processed_trials			40.0	1.0127869					False				Mixed					1.9924813514201278		9.0	40.0	40.0	False	True	False			24.554372273282663	2.9122	-0.1656068348667323	Left	1.4026	
168675.6756	2.9121999999915715	states																																	"       state_name
id               
3   wait_for_poke"
168678.58779999998	0.2774000000208616	states																																	"        state_name
id                
1   nose_in_center"
168678.8652	4.0	states																																	"          state_name
id                  
2   punish_violation"
168683.0504	9.306299999996554	trials	1.0	4.0	40.0	1.044912925431868	0.0	0.15	True	3130.0	False	False	10532.0	False	Mixed	True	True	0.002	0.0	6.544843391039212	1.5	9.0													
168683.0504	9.306299999996554	processed_trials			40.0	1.044912925431868					False				Mixed					6.544843391039212		9.0	40.0	40.0	True	False	False	6.5448	6.5448	24.554372273282663	0.6733	-0.2232782738516057	Left	0.6733	
168683.0504	0.6732999999949243	states																																	"       state_name
id               
3   wait_for_poke"
168683.7237	1.044900000008056	states																																	"        state_name
id                
1   nose_in_center"
168684.7686	0.0020000000076834112	states																																	"   state_name
id           
5      go_cue"
168684.77060000002	6.544800000003306	states																																	"            state_name
id                    
6   wait_for_side_poke"
168691.31540000002	0.7138999999733642	states																																	"         state_name
id                 
4   announce_reward"
168692.0293	0.32730000000447035	states																																	"   state_name
id           
8      reward"
168692.3566	0.00010000000474974513	states																																	"    state_name
id            
7   stop_sound"
168692.5537	15.212900000013178	trials	1.0	4.0	20.0	1.0516974884635741	0.0	0.15	True	3170.0	False	False	10533.0	False	Mixed	True	False	0.002	0.0	2.9951384479916463	1.5	9.0													
168692.5537	15.212900000013178	processed_trials			20.0	1.0516974884635741					False				Mixed					2.9951384479916463		9.0	40.0	40.0	False	True	False			24.554372273282663	10.8329	0.038421110449041805	Right	1.2535000000000007	
168692.5537	10.832900000008522	states																																	"       state_name
id               
3   wait_for_poke"
168703.3866	0.3800000000046566	states																																	"        state_name
id                
1   nose_in_center"
168703.7666	4.0	states																																	"          state_name
id                  
2   punish_violation"
168707.9648	15.109600000025239	trials	1.0	4.0	20.0	0.9723032186322454	0.0	0.15	True	3170.0	False	False	10534.0	False	Mixed	True	True	0.002	0.0	3.9240939133650747	1.5	9.0													
168707.9648	15.109600000025239	processed_trials			20.0	0.9723032186322454					False				Mixed					3.9240939133650747		9.0	40.0	40.0	False	True	False			24.554372273282663	10.7506	0.03630115894229515	Right	10.7506	
168707.9648	10.750599999999395	states																																	"       state_name
id               
3   wait_for_poke"
168718.7154	0.35899999999674037	states																																	"        state_name
id                
1   nose_in_center"
168719.07439999998	4.0	states																																	"          state_name
id                  
2   punish_violation"
168723.2874	12.415000000008149	trials	1.0	4.0	20.0	0.8290438197138511	0.0	0.15	True	3170.0	False	False	10535.0	False	Mixed	True	True	0.002	0.0	2.3371442938078397	1.5	9.0													
168723.2874	12.415000000008149	processed_trials			20.0	0.8290438197138511					False				Mixed					2.3371442938078397		9.0	40.0	40.0	True	False	False	2.3370999999999995	2.3370999999999995	24.554372273282663	8.377600000000001	-0.02482453881602568	Right	8.377600000000001	
168723.2874	8.377600000007078	states																																	"       state_name
id               
3   wait_for_poke"
168731.665	0.8289999999979045	states																																	"        state_name
id                
1   nose_in_center"
168732.494	0.0020000000076834112	states																																	"   state_name
id           
5      go_cue"
168732.496	2.3370999999751803	states																																	"            state_name
id                    
6   wait_for_side_poke"
168734.8331	0.6296000000147615	states																																	"         state_name
id                 
4   announce_reward"
168735.4627	0.23960000000079162	states																																	"   state_name
id           
8      reward"
168735.7023	0.00010000000474974513	states																																	"    state_name
id            
7   stop_sound"
168735.8971	14.215100000001257	trials	1.0	4.0	80.0	0.8795042508611446	0.0	0.15	True	3190.0	False	False	10536.0	False	Mixed	True	False	0.002	0.0	1.4560267349799099	1.5	9.0													
168735.8971	14.215100000001257	processed_trials			80.0	0.8795042508611446					False				Mixed					1.4560267349799099		9.0	40.0	40.0	True	False	False	1.4559999999999995	1.4559999999999995	24.554372273282663	10.466899999999999	0.02899337956849165	Right	1.7035999999999998	
168735.8971	10.466899999999441	states																																	"       state_name
id               
3   wait_for_poke"
168746.364	0.8795000000100117	states																																	"        state_name
id                
1   nose_in_center"
168747.2435	0.001999999978579581	states																																	"   state_name
id           
5      go_cue"
168747.2455	1.456000000005588	states																																	"            state_name
id                    
6   wait_for_side_poke"
168748.7015	0.4905000000144355	states																																	"         state_name
id                 
4   announce_reward"
168749.192	0.9200999999884516	states																																	"   state_name
id           
8      reward"
168750.1121	0.00010000000474974513	states																																	"    state_name
id            
7   stop_sound"
168750.3177	13.566299999976764	trials	1.0	4.0	10.0	1.1972399523317427	0.0	0.15	True	3270.0	False	False	10537.0	False	Mixed	True	False	0.002	0.0	1.4560267	1.5	9.0													
168750.3177	13.566299999976764	processed_trials			10.0	1.1972399523317427					False				Mixed					1.4560267		9.0	40.0	40.0	False	True	False			24.554372273282663	8.6503	-0.017800106545189605	Left	6.6933	
168750.3177	8.650300000008428	states																																	"       state_name
id               
3   wait_for_poke"
168758.96800000002	0.9159999999974389	states																																	"        state_name
id                
1   nose_in_center"
168759.88400000002	4.0	states																																	"          state_name
id                  
2   punish_violation"
168764.0802	90.3862000000081	trials	1.0	4.0	10.0	0.935963485446981	0.0	0.15	True	3270.0	False	False	10538.0	False	Mixed	True	True	0.002	0.0	4.59907475443215	1.5	9.0													
168764.0802	90.3862000000081	processed_trials			10.0	0.935963485446981					False				Mixed					4.59907475443215		9.0	40.0	40.0	False	True	False			24.554372273282663	86.1897	1.9795239258027006	Right	86.1897	
168764.0802	86.18969999998808	states																																	"       state_name
id               
3   wait_for_poke"
168850.26989999998	0.19650000002002344	states																																	"        state_name
id                
1   nose_in_center"
168850.4664	4.0	states																																	"          state_name
id                  
2   punish_violation"
168854.6624	111.91759999998612	trials	1.0	4.0	10.0	0.912544299198825	0.0	0.15	True	3270.0	True	False	10539.0	False	Mixed	True	True	0.002	0.0	100.0	1.5	9.0													
168854.6624	111.91759999998612	processed_trials			10.0	0.912544299198825					True				Mixed					100.0		9.0	40.0	40.0	False	True	False			24.554372273282663	107.6712	2.5328621796566275	Right	107.6712	
168854.6624	107.6712000000116	states																																	"       state_name
id               
3   wait_for_poke"
168962.3336	0.24639999997452833	states																																	"        state_name
id                
1   nose_in_center"
168962.58	4.0	states																																	"          state_name
id                  
2   punish_violation"
168966.7861	8.597000000008848	trials	1.0	4.0	10.0	1.060880787928454	0.0	0.15	True	3270.0	False	False	10540.0	False	Mixed	True	True	0.002	0.0	0.4682526990136193	1.5	9.0													
168966.7861	8.597000000008848	processed_trials			10.0	1.060880787928454					False				Mixed					0.4682526990136193		9.0	40.0	40.0	False	True	False			24.554372273282663	4.530399999999999	-0.1239239001374804	Left	4.530399999999999	
168966.7861	4.530399999988731	states																																	"       state_name
id               
3   wait_for_poke"
168971.3165	0.06660000002011657	states																																	"        state_name
id                
1   nose_in_center"
168971.3831	4.0	states																																	"          state_name
id                  
2   punish_violation"
168975.5758	49.641800000012154	trials	1.0	4.0	10.0	0.968745104631681	0.0	0.15	True	3270.0	False	False	10541.0	False	Mixed	True	True	0.002	0.0	2.3340828810546324	1.5	9.0													
168975.5758	49.641800000012154	processed_trials			10.0	0.968745104631681					False				Mixed					2.3340828810546324		9.0	40.0	40.0	True	False	False	2.3340999999999994	2.3340999999999994	24.554372273282663	45.7256	0.9372161522407662	Right	45.7256	
168975.5758	45.725600000005215	states																																	"       state_name
id               
3   wait_for_poke"
169021.3014	0.9686999999976251	states																																	"        state_name
id                
1   nose_in_center"
169022.2701	0.0020000000076834112	states																																	"   state_name
id           
5      go_cue"
169022.2721	2.334099999978207	states																																	"            state_name
id                    
6   wait_for_side_poke"
169024.60619999998	0.47770000001764856	states																																	"         state_name
id                 
4   announce_reward"
169025.0839	0.13360000000102445	states																																	"   state_name
id           
8      reward"
169025.2175	0.00010000000474974513	states																																	"    state_name
id            
7   stop_sound"
169025.4159	10.087599999998929	trials	1.0	4.0	80.0	1.1191144191990083	0.0	0.15	True	3280.0	False	False	10542.0	False	Mixed	True	False	0.002	0.0	3.607223015051056	1.5	9.0													
169025.4159	10.087599999998929	processed_trials			80.0	1.1191144191990083					False				Mixed					3.607223015051056		9.0	40.0	40.0	True	False	False	3.607199999999999	3.607199999999999	24.554372273282663	3.9686999999999997	-0.13839263356809514	Left	1.1404999999999998	
169025.4159	3.968699999997625	states																																	"       state_name
id               
3   wait_for_poke"
169029.3846	1.1191000000108033	states																																	"        state_name
id                
1   nose_in_center"
169030.5037	0.001999999978579581	states																																	"   state_name
id           
5      go_cue"
169030.50569999998	3.6071999999985565	states																																	"            state_name
id                    
6   wait_for_side_poke"
169034.11289999998	0.7679000000061933	states																																	"         state_name
id                 
4   announce_reward"
169034.88079999998	0.6226000000024214	states																																	"   state_name
id           
8      reward"
169035.5034	0.00010000000474974513	states																																	"    state_name
id            
7   stop_sound"
169035.6991	8.866700000013225	trials	1.0	4.0	40.0	0.8634219083098605	0.0	0.15	True	3360.0	False	False	10543.0	False	Mixed	True	False	0.002	0.0	1.5135636714647416	1.5	9.0													
169035.6991	8.866700000013225	processed_trials			40.0	0.8634219083098605					False				Mixed					1.5135636714647416		9.0	40.0	40.0	True	False	False	1.5136000000000003	1.5136000000000003	24.554372273282663	5.4036	-0.10143129192738104	Left	0.7792000000000003	
169035.6991	5.403599999990547	states																																	"       state_name
id               
3   wait_for_poke"
169041.1027	0.8634000000020023	states																																	"        state_name
id                
1   nose_in_center"
169041.9661	0.0020000000076834112	states																																	"   state_name
id           
5      go_cue"
169041.9681	1.513600000005681	states																																	"            state_name
id                    
6   wait_for_side_poke"
169043.4817	0.7566999999980908	states																																	"         state_name
id                 
4   announce_reward"
169044.2384	0.32730000000447035	states																																	"   state_name
id           
8      reward"
169044.5657	0.00010000000474974513	states																																	"    state_name
id            
7   stop_sound"
169044.7819	8.82029999999213	trials	1.0	4.0	10.0	1.043126786675011	0.0	0.15	True	3400.0	False	False	10544.0	False	Mixed	True	False	0.002	0.0	1.5135637	1.5	9.0													
169044.7819	8.82029999999213	processed_trials			10.0	1.043126786675011					False				Mixed					1.5135637		9.0	40.0	40.0	False	True	False			24.554372273282663	4.3963	-0.12737815891092785	Right	0.5444999999999998	
169044.7819	4.396299999993062	states																																	"       state_name
id               
3   wait_for_poke"
169049.1782	0.4239999999990687	states																																	"        state_name
id                
1   nose_in_center"
169049.6022	4.0	states																																	"          state_name
id                  
2   punish_violation"
169053.799	5.025400000013178	trials	1.0	4.0	10.0	1.1501411346890704	0.0	0.15	True	3400.0	False	False	10545.0	False	Mixed	True	True	0.002	0.0	2.7461817404712896	1.5	9.0													
169053.799	5.025400000013178	processed_trials			10.0	1.1501411346890704					False				Mixed					2.7461817404712896		9.0	40.0	40.0	False	True	False			24.554372273282663	0.8284	-0.21928307969976601	Right	0.8284	
169053.799	0.8283999999985099	states																																	"       state_name
id               
3   wait_for_poke"
169054.6274	0.19700000001466833	states																																	"        state_name
id                
1   nose_in_center"
169054.8244	4.0	states																																	"          state_name
id                  
2   punish_violation"
169059.0275	4.28169999999227	trials	1.0	4.0	10.0	1.1699463076481422	0.0	0.15	True	3400.0	True	False	10546.0	False	Mixed	True	True	0.002	0.0	100.0	1.5	9.0													
169059.0275	4.28169999999227	processed_trials			10.0	1.1699463076481422					True				Mixed					100.0		9.0	40.0	40.0	False	True	False			24.554372273282663	0.1535	-0.2366677124081903	Left	0.1535	
169059.0275	0.15349999998579733	states																																	"       state_name
id               
3   wait_for_poke"
169059.18099999998	0.1282000000064727	states																																	"        state_name
id                
1   nose_in_center"
169059.3092	4.0	states																																	"          state_name
id                  
2   punish_violation"
169063.505	5.5688999999838416	trials	1.0	4.0	10.0	1.009321772126944	0.0	0.15	True	3400.0	False	False	10547.0	False	Mixed	True	True	0.002	0.0	3.0260498902813	1.5	9.0													
169063.505	5.5688999999838416	processed_trials			10.0	1.009321772126944					False				Mixed					3.0260498902813		9.0	40.0	40.0	False	True	False			24.554372273282663	1.4653	-0.20287728243795625	Right	1.4653	
169063.505	1.4653000000107568	states																																	"       state_name
id               
3   wait_for_poke"
169064.97030000002	0.10360000000218861	states																																	"        state_name
id                
1   nose_in_center"
169065.07390000002	4.0	states																																	"          state_name
id                  
2   punish_violation"
169069.2714	2.4228000000002794	trials	1.0	4.0	10.0	0.9720512771490456	0.0	0.15	True	3400.0	False	False	10548.0	False	Mixed	True	True	0.002	0.0	1.1218358482819422	1.5	9.0													
169069.2714	2.4228000000002794	processed_trials			10.0	0.9720512771490456					False				Mixed					1.1218358482819422		9.0	40.0	40.0	True	False	False	1.1218	1.1218	24.554372273282663	0.046299999999999994	-0.23942905872074483	Left	0.046299999999999994	
169069.2714	0.04629999998724088	states																																	"       state_name
id               
3   wait_for_poke"
169069.31769999999	0.9721000000135973	states																																	"        state_name
id                
1   nose_in_center"
169070.2898	0.0020000000076834112	states																																	"   state_name
id           
5      go_cue"
169070.2918	1.1217999999935273	states																																	"            state_name
id                    
6   wait_for_side_poke"
169071.4136	0.1700999999884516	states																																	"         state_name
id                 
4   announce_reward"
169071.5837	0.11040000000502914	states																																	"   state_name
id           
8      reward"
169071.6941	0.00010000000474974513	states																																	"    state_name
id            
7   stop_sound"
169071.8989	9.167699999990873	trials	1.0	4.0	10.0	1.1581781900212103	0.0	0.15	True	3410.0	False	False	10549.0	False	Mixed	True	False	0.002	0.0	1.2243936752860822	1.5	9.0													
169071.8989	9.167699999990873	processed_trials			10.0	1.1581781900212103					False				Mixed					1.2243936752860822		9.0	40.0	40.0	False	True	False			24.554372273282663	4.147	-0.13379983461726977	Right	1.2706	
169071.8989	4.146999999997206	states																																	"       state_name
id               
3   wait_for_poke"
169076.0459	1.020699999993667	states																																	"        state_name
id                
1   nose_in_center"
169077.0666	4.0	states																																	"          state_name
id                  
2   punish_violation"
169081.2678	4.782600000005914	trials	1.0	4.0	10.0	1.1162955262430918	0.0	0.15	True	3410.0	False	False	10550.0	False	Mixed	True	True	0.002	0.0	0.38990521498300224	1.5	9.0													
169081.2678	4.782600000005914	processed_trials			10.0	1.1162955262430918					False				Mixed					0.38990521498300224		9.0	40.0	40.0	False	True	False			24.554372273282663	0.7671	-0.22086209582812047	Left	0.7671	
169081.2678	0.7670999999972992	states																																	"       state_name
id               
3   wait_for_poke"
169082.0349	0.015500000008614734	states																																	"        state_name
id                
1   nose_in_center"
169082.0504	4.0	states																																	"          state_name
id                  
2   punish_violation"
169086.2744	5.683500000013737	trials	1.0	4.0	10.0	1.1162955	0.0	0.15	True	3410.0	False	False	10551.0	False	Mixed	True	True	0.002	0.0	3.467113559875248	1.5	9.0													
169086.2744	5.683500000013737	processed_trials			10.0	1.1162955					False				Mixed					3.467113559875248		9.0	40.0	40.0	True	False	False	3.4671	3.4671	24.554372273282663	0.2325	-0.23463276503233382	Right	0.2325	
169086.2744	0.23250000001280569	states																																	"       state_name
id               
3   wait_for_poke"
169086.5069	1.1162999999942258	states																																	"        state_name
id                
1   nose_in_center"
169087.6232	0.001999999978579581	states																																	"   state_name
id           
5      go_cue"
169087.62519999998	3.4671000000089407	states																																	"            state_name
id                    
6   wait_for_side_poke"
169091.0923	0.731900000013411	states																																	"         state_name
id                 
4   announce_reward"
169091.8242	0.13360000000102445	states																																	"   state_name
id           
8      reward"
169091.9578	0.00010000000474974513	states																																	"    state_name
id            
7   stop_sound"
169092.1693	21.83619999999064	trials	1.0	4.0	5.0	0.8931854921140855	0.0	0.15	True	3420.0	True	False	10552.0	False	Mixed	True	False	0.002	0.0	100.0	1.5	9.0													
169092.1693	21.83619999999064	processed_trials			5.0	0.8931854921140855					True				Mixed					100.0		9.0	40.0	40.0	False	False	True	19.470399999999998	19.470399999999998	24.554372273282663	1.2705	-0.20789510204323267	Left	0.7017	
169092.1693	1.2705000000132713	states																																	"       state_name
id               
3   wait_for_poke"
169093.43980000002	0.8931999999913387	states																																	"        state_name
id                
1   nose_in_center"
169094.333	0.0020000000076834112	states																																	"   state_name
id           
5      go_cue"
169094.33500000002	19.47039999999106	states																																	"            state_name
id                    
6   wait_for_side_poke"
169113.8054	0.1999999999825377	states																																	"   state_name
id           
0     opt_out"
169114.0054	0.00010000000474974513	states																																	"    state_name
id            
7   stop_sound"
169114.2116	2.5534999999799766	trials	1.0	4.0	40.0	1.1741713796301594	0.0	0.15	True	3420.0	False	False	10553.0	False	Mixed	True	False	0.002	0.0	0.6613300187994137	1.5	9.0													
169114.2116	2.5534999999799766	processed_trials			40.0	1.1741713796301594					False				Mixed					0.6613300187994137		9.0	40.0	40.0	True	False	False	0.6613	0.6613	24.554372273282663	0.2025	-0.2354055298586084	Left	0.2025	
169114.2116	0.20250000001396984	states																																	"       state_name
id               
3   wait_for_poke"
169114.41410000002	1.1741999999794643	states																																	"        state_name
id                
1   nose_in_center"
169115.5883	0.0020000000076834112	states																																	"   state_name
id           
5      go_cue"
169115.5903	0.6613000000070315	states																																	"            state_name
id                    
6   wait_for_side_poke"
169116.25160000002	0.18609999999171123	states																																	"         state_name
id                 
4   announce_reward"
169116.4377	0.32730000000447035	states																																	"   state_name
id           
8      reward"
169116.765	0.00010000000474974513	states																																	"    state_name
id            
7   stop_sound"
169116.9657	22.538000000000466	trials	1.0	4.0	5.0	1.1741714	0.0	0.15	True	3460.0	True	False	10554.0	False	Mixed	True	False	0.002	0.0	100.0	1.5	9.0													
169116.9657	22.538000000000466	processed_trials			5.0	1.1741714					True				Mixed					100.0		9.0	40.0	40.0	False	False	True	14.334800000000001	14.334800000000001	24.554372273282663	6.826899999999999	-0.0647687526861598	Right	0.6426999999999996	
169116.9657	6.826899999985471	states																																	"       state_name
id               
3   wait_for_poke"
169123.7926	1.1742000000085682	states																																	"        state_name
id                
1   nose_in_center"
169124.9668	0.0020000000076834112	states																																	"   state_name
id           
5      go_cue"
169124.9688	14.334800000011455	states																																	"            state_name
id                    
6   wait_for_side_poke"
169139.3036	0.1999999999825377	states																																	"   state_name
id           
0     opt_out"
169139.5036	0.00010000000474974513	states																																	"    state_name
id            
7   stop_sound"
169139.7181	1.9029000000155065	trials	1.0	4.0	20.0	0.843482116901286	0.0	0.15	True	3460.0	False	False	10555.0	False	Mixed	True	False	0.002	0.0	0.08635487847395087	1.5	9.0													
169139.7181	1.9029000000155065	processed_trials			20.0	0.843482116901286					False				Mixed					0.08635487847395087		9.0	40.0	40.0	True	False	False	0.08640000000000003	0.08640000000000003	24.554372273282663	0.07379999999999999	-0.23872069096332643	Right	0.07379999999999999	
169139.7181	0.07380000001285225	states																																	"       state_name
id               
3   wait_for_poke"
169139.7919	0.8434999999881256	states																																	"        state_name
id                
1   nose_in_center"
169140.6354	0.0020000000076834112	states																																	"   state_name
id           
5      go_cue"
169140.6374	0.0864000000001397	states																																	"            state_name
id                    
6   wait_for_side_poke"
169140.7238	0.6575000000011642	states																																	"         state_name
id                 
4   announce_reward"
169141.3813	0.23960000000079162	states																																	"   state_name
id           
8      reward"
169141.6209	9.999997564591467e-05	states																																	"    state_name
id            
7   stop_sound"
169141.8349	7.818300000013551	trials	1.0	4.0	80.0	1.0722223553366417	0.0	0.15	True	3480.0	False	False	10556.0	False	Mixed	True	False	0.002	0.0	2.7407085598856584	1.5	9.0													
169141.8349	7.818300000013551	processed_trials			80.0	1.0722223553366417					False				Mixed					2.7407085598856584		9.0	40.0	40.0	True	False	False	2.7407000000000004	2.7407000000000004	24.554372273282663	2.8893	-0.16619671201745526	Left	1.4513999999999998	
169141.8349	2.8893000000098255	states																																	"       state_name
id               
3   wait_for_poke"
169144.7242	1.072199999995064	states																																	"        state_name
id                
1   nose_in_center"
169145.7964	0.0020000000076834112	states																																	"   state_name
id           
5      go_cue"
169145.7984	2.740699999994831	states																																	"            state_name
id                    
6   wait_for_side_poke"
169148.5391	0.49139999999897555	states																																	"         state_name
id                 
4   announce_reward"
169149.0305	0.6226000000024214	states																																	"   state_name
id           
8      reward"
169149.6531	0.00010000000474974513	states																																	"    state_name
id            
7   stop_sound"
169149.8648	8.962700000003679	trials	1.0	4.0	5.0	0.9255688402810585	0.0	0.15	True	3560.0	False	False	10557.0	False	Mixed	True	False	0.002	0.0	1.1850958271539982	1.5	9.0													
169149.8648	8.962700000003679	processed_trials			5.0	0.9255688402810585					False				Mixed					1.1850958271539982		9.0	40.0	40.0	False	True	False			24.554372273282663	4.9458	-0.11322368317633143	Right	0.7294999999999998	
169149.8648	4.945799999986775	states																																	"       state_name
id               
3   wait_for_poke"
169154.8106	0.016900000016903505	states																																	"        state_name
id                
1   nose_in_center"
169154.8275	4.0	states																																	"          state_name
id                  
2   punish_violation"
169159.0329	5.253900000010617	trials	1.0	4.0	5.0	0.9551784767839376	0.0	0.15	True	3560.0	False	False	10558.0	False	Mixed	True	True	0.002	0.0	2.0263090852582573	1.5	9.0													
169159.0329	5.253900000010617	processed_trials			5.0	0.9551784767839376					False				Mixed					2.0263090852582573		9.0	40.0	40.0	True	False	False	2.0263	2.0263	24.554372273282663	1.4501	-0.20326881661660207	Right	1.4501	
169159.0329	1.4500999999872874	states																																	"       state_name
id               
3   wait_for_poke"
169160.48299999998	0.9552000000257976	states																																	"        state_name
id                
1   nose_in_center"
169161.4382	0.001999999978579581	states																																	"   state_name
id           
5      go_cue"
169161.44019999998	2.0262999999977183	states																																	"            state_name
id                    
6   wait_for_side_poke"
169163.46649999998	0.7388000000210013	states																																	"         state_name
id                 
4   announce_reward"
169164.2053	0.08139999999548309	states																																	"   state_name
id           
8      reward"
169164.2867	0.00010000000474974513	states																																	"    state_name
id            
7   stop_sound"
169164.5024	6.272400000016205	trials	1.0	4.0	10.0	0.9897831555092083	0.0	0.15	True	3565.0	False	False	10559.0	False	Mixed	True	False	0.002	0.0	2.730297452941089	1.5	9.0													
169164.5024	6.272400000016205	processed_trials			10.0	0.9897831555092083					False				Mixed					2.730297452941089		9.0	40.0	40.0	True	False	False	2.7302999999999993	2.7302999999999993	24.554372273282663	1.7090999999999998	-0.19659728028309803	Right	0.6341999999999997	
169164.5024	1.7091000000073109	states																																	"       state_name
id               
3   wait_for_poke"
169166.2115	0.9897999999811873	states																																	"        state_name
id                
1   nose_in_center"
169167.2013	0.0020000000076834112	states																																	"   state_name
id           
5      go_cue"
169167.2033	2.730299999995623	states																																	"            state_name
id                    
6   wait_for_side_poke"
169169.9336	0.7075000000186265	states																																	"         state_name
id                 
4   announce_reward"
169170.6411	0.13360000000102445	states																																	"   state_name
id           
8      reward"
169170.7747	9.999997564591467e-05	states																																	"    state_name
id            
7   stop_sound"
169170.9888	12.927300000010291	trials	1.0	4.0	20.0	1.1215032522401756	0.0	0.15	True	3575.0	True	False	10560.0	False	Mixed	True	False	0.002	0.0	100.0	1.5	9.0													
169170.9888	12.927300000010291	processed_trials			20.0	1.1215032522401756					True				Mixed					100.0		9.0	40.0	40.0	False	False	True	10.3898	10.3898	24.554372273282663	1.2139000000000002	-0.2093530516821374	Right	0.7590000000000002	
169170.9888	1.213900000002468	states																																	"       state_name
id               
3   wait_for_poke"
169172.2027	1.121500000008382	states																																	"        state_name
id                
1   nose_in_center"
169173.3242	0.001999999978579581	states																																	"   state_name
id           
5      go_cue"
169173.32619999998	10.38980000000447	states																																	"            state_name
id                    
6   wait_for_side_poke"
169183.716	0.20000000001164153	states																																	"   state_name
id           
0     opt_out"
169183.916	0.00010000000474974513	states																																	"    state_name
id            
7   stop_sound"
169184.1298	13.500400000018999	trials	1.0	4.0	80.0	1.1215033	0.0	0.15	True	3575.0	False	False	10561.0	False	Mixed	True	False	0.002	0.0	10.838927873279706	1.5	9.0													
169184.1298	13.500400000018999	processed_trials			80.0	1.1215033					False				Mixed					10.838927873279706		9.0	40.0	40.0	True	False	False	10.8389	10.8389	24.554372273282663	0.1441	-0.23690984538708965	Left	0.1441	
169184.1298	0.14410000000498258	states																																	"       state_name
id               
3   wait_for_poke"
169184.2739	1.121500000008382	states																																	"        state_name
id                
1   nose_in_center"
169185.3954	0.001999999978579581	states																																	"   state_name
id           
5      go_cue"
169185.3974	10.838900000002468	states																																	"            state_name
id                    
6   wait_for_side_poke"
169196.2363	0.7712000000174157	states																																	"         state_name
id                 
4   announce_reward"
169197.0075	0.6226000000024214	states																																	"   state_name
id           
8      reward"
169197.6301	9.999997564591467e-05	states																																	"    state_name
id            
7   stop_sound"
169197.8454	10.433600000018487	trials	1.0	4.0	80.0	0.9019674548616144	0.0	0.15	True	3655.0	False	False	10562.0	False	Mixed	True	False	0.002	0.0	5.2562187710218	1.5	9.0													
169197.8454	10.433600000018487	processed_trials			80.0	0.9019674548616144					False				Mixed					5.2562187710218		9.0	40.0	40.0	False	True	False			24.554372273282663	5.757899999999999	-0.09230493932907803	Left	0.7597999999999994	
169197.8454	5.75789999999688	states																																	"       state_name
id               
3   wait_for_poke"
169203.6033	0.6756999999925029	states																																	"        state_name
id                
1   nose_in_center"
169204.27899999998	4.0	states																																	"          state_name
id                  
2   punish_violation"
169208.4968	11.703999999997905	trials	1.0	4.0	80.0	1.0298183256533573	0.0	0.15	True	3655.0	False	False	10563.0	False	Mixed	True	True	0.002	0.0	8.535026526536074	1.5	9.0													
169208.4968	11.703999999997905	processed_trials			80.0	1.0298183256533573					False				Mixed					8.535026526536074		9.0	40.0	40.0	True	False	False	8.535	8.535	24.554372273282663	0.5536	-0.22636160550844137	Left	0.5536	
169208.4968	0.5536000000138301	states																																	"       state_name
id               
3   wait_for_poke"
169209.0504	1.0297999999893364	states																																	"        state_name
id                
1   nose_in_center"
169210.0802	0.0020000000076834112	states																																	"   state_name
id           
5      go_cue"
169210.0822	8.535000000003492	states																																	"            state_name
id                    
6   wait_for_side_poke"
169218.6172	0.960899999976391	states																																	"         state_name
id                 
4   announce_reward"
169219.57809999998	0.6226000000024214	states																																	"   state_name
id           
8      reward"
169220.2007	0.00010000000474974513	states																																	"    state_name
id            
7   stop_sound"
169220.4136	10.449599999992643	trials	1.0	4.0	10.0	1.1547420177997805	0.0	0.15	True	3735.0	False	False	10564.0	False	Mixed	True	False	0.002	0.0	1.6906669469440148	1.5	9.0													
169220.4136	10.449599999992643	processed_trials			10.0	1.1547420177997805					False				Mixed					1.6906669469440148		9.0	40.0	40.0	False	True	False			24.554372273282663	6.2671	-0.0791885443444438	Right	1.6182999999999996	
169220.4136	6.267099999997299	states																																	"       state_name
id               
3   wait_for_poke"
169226.6807	0.1824999999953434	states																																	"        state_name
id                
1   nose_in_center"
169226.8632	4.0	states																																	"          state_name
id                  
2   punish_violation"
169231.0749	3.897499999991851	trials	1.0	4.0	10.0	1.0878323018470106	0.0	0.15	True	3735.0	False	False	10565.0	False	Mixed	True	True	0.002	0.0	1.1937448192948477	1.5	9.0													
169231.0749	3.897499999991851	processed_trials			10.0	1.0878323018470106					False				Mixed					1.1937448192948477		9.0	40.0	40.0	True	False	False	1.1937000000000002	1.1937000000000002	24.554372273282663	1.4194	-0.2040596126221564	Left	1.4194	
169231.0749	1.419400000013411	states																																	"       state_name
id               
3   wait_for_poke"
169232.49430000002	1.0877999999793246	states																																	"        state_name
id                
1   nose_in_center"
169233.5821	0.0020000000076834112	states																																	"   state_name
id           
5      go_cue"
169233.5841	1.193700000003446	states																																	"            state_name
id                    
6   wait_for_side_poke"
169234.7778	0.08410000000731088	states																																	"         state_name
id                 
4   announce_reward"
169234.86190000002	0.11039999997592531	states																																	"   state_name
id           
8      reward"
169234.9723	0.00010000000474974513	states																																	"    state_name
id            
7   stop_sound"
169235.1936	5.745400000014342	trials	1.0	4.0	10.0	1.0957767084236938	0.0	0.15	True	3745.0	False	False	10566.0	False	Mixed	True	False	0.002	0.0	1.245339348845948	1.5	9.0													
169235.1936	5.745400000014342	processed_trials			10.0	1.0957767084236938					False				Mixed					1.245339348845948		9.0	40.0	40.0	True	False	False	1.2452999999999985	1.2452999999999985	24.554372273282663	3.1073000000000004	-0.16058128761319315	Left	0.8562000000000003	
169235.1936	3.107300000003306	states																																	"       state_name
id               
3   wait_for_poke"
169238.3009	1.0958000000100583	states																																	"        state_name
id                
1   nose_in_center"
169239.3967	0.001999999978579581	states																																	"   state_name
id           
5      go_cue"
169239.3987	1.2453000000095926	states																																	"            state_name
id                    
6   wait_for_side_poke"
169240.644	0.1845000000030268	states																																	"         state_name
id                 
4   announce_reward"
169240.8285	0.11040000000502914	states																																	"   state_name
id           
8      reward"
169240.9389	0.00010000000474974513	states																																	"    state_name
id            
7   stop_sound"
169241.1584	7.1349000000045635	trials	1.0	4.0	5.0	1.0733230008694823	0.0	0.15	True	3755.0	False	False	10567.0	False	Mixed	True	False	0.002	0.0	1.2453393	1.5	9.0													
169241.1584	7.1349000000045635	processed_trials			5.0	1.0733230008694823					False				Mixed					1.2453393		9.0	40.0	40.0	False	True	False			24.554372273282663	2.6001999999999996	-0.17364358905998817	Left	0.8981999999999997	
169241.1584	2.6001999999862164	states																																	"       state_name
id               
3   wait_for_poke"
169243.75859999997	0.534700000018347	states																																	"        state_name
id                
1   nose_in_center"
169244.2933	4.0	states																																	"          state_name
id                  
2   punish_violation"
169248.5062	6.682299999985844	trials	1.0	4.0	5.0	0.8954102153053597	0.0	0.15	True	3755.0	False	False	10568.0	False	Mixed	True	True	0.002	0.0	1.5835829437316618	1.5	9.0													
169248.5062	6.682299999985844	processed_trials			5.0	0.8954102153053597					False				Mixed					1.5835829437316618		9.0	40.0	40.0	False	True	False			24.554372273282663	2.5105999999999997	-0.17595158000779496	Right	2.5105999999999997	
169248.5062	2.510600000008708	states																																	"       state_name
id               
3   wait_for_poke"
169251.0168	0.17169999997713603	states																																	"        state_name
id                
1   nose_in_center"
169251.1885	4.0	states																																	"          state_name
id                  
2   punish_violation"
169255.4061	10.077000000019325	trials	1.0	4.0	5.0	0.9074135120875736	0.0	0.15	True	3755.0	False	False	10569.0	False	Mixed	True	True	0.002	0.0	1.5835829	1.5	9.0													
169255.4061	10.077000000019325	processed_trials			5.0	0.9074135120875736					False				Mixed					1.5835829		9.0	40.0	40.0	True	False	False	1.5835999999999997	1.5835999999999997	24.554372273282663	6.7558	-0.06660020532443058	Right	6.7558	
169255.4061	6.755800000013551	states																																	"       state_name
id               
3   wait_for_poke"
169262.1619	0.9073999999964144	states																																	"        state_name
id                
1   nose_in_center"
169263.0693	0.001999999978579581	states																																	"   state_name
id           
5      go_cue"
169263.07129999998	1.583600000012666	states																																	"            state_name
id                    
6   wait_for_side_poke"
169264.6549	0.7466999999887776	states																																	"         state_name
id                 
4   announce_reward"
169265.40159999998	0.08139999999548309	states																																	"   state_name
id           
8      reward"
169265.48299999998	0.00010000000474974513	states																																	"    state_name
id            
7   stop_sound"
169265.7083	7.163100000005215	trials	1.0	4.0	20.0	0.9428254020647937	0.0	0.15	True	3760.0	True	False	10570.0	False	Mixed	True	False	0.002	0.0	100.0	1.5	9.0													
169265.7083	7.163100000005215	processed_trials			20.0	0.9428254020647937					True				Mixed					100.0		9.0	40.0	40.0	False	False	True	4.899699999999999	4.899699999999999	24.554372273282663	1.1185	-0.21181044382969066	Right	1.1185	
169265.7083	1.1185000000114087	states																																	"       state_name
id               
3   wait_for_poke"
169266.8268	0.942799999989802	states																																	"        state_name
id                
1   nose_in_center"
169267.7696	0.0020000000076834112	states																																	"   state_name
id           
5      go_cue"
169267.7716	4.89969999997993	states																																	"            state_name
id                    
6   wait_for_side_poke"
169272.6713	0.20000000001164153	states																																	"   state_name
id           
0     opt_out"
169272.8713	0.00010000000474974513	states																																	"    state_name
id            
7   stop_sound"
169273.0941	16.240500000014435	trials	1.0	4.0	10.0	0.8167721665977136	0.0	0.15	True	3760.0	True	False	10571.0	False	Mixed	True	False	0.002	0.0	100.0	1.5	9.0													
169273.0941	16.240500000014435	processed_trials			10.0	0.8167721665977136					True				Mixed					100.0		9.0	40.0	40.0	False	False	True	15.140999999999998	15.140999999999998	24.554372273282663	0.08059999999999999	-0.23854553093603753	Left	0.08059999999999999	
169273.0941	0.08059999998658895	states																																	"       state_name
id               
3   wait_for_poke"
169273.17469999997	0.8168000000005122	states																																	"        state_name
id                
1   nose_in_center"
169273.99149999997	0.0020000000076834112	states																																	"   state_name
id           
5      go_cue"
169273.99349999998	15.14100000000326	states																																	"            state_name
id                    
6   wait_for_side_poke"
169289.1345	0.20000000001164153	states																																	"   state_name
id           
0     opt_out"
169289.3345	0.00010000000474974513	states																																	"    state_name
id            
7   stop_sound"
169289.5527	4.690200000011828	trials	1.0	4.0	5.0	1.1966631327049433	0.0	0.15	True	3760.0	True	False	10572.0	False	Mixed	True	False	0.002	0.0	100.0	1.5	9.0													
169289.5527	4.690200000011828	processed_trials			5.0	1.1966631327049433					True				Mixed					100.0		9.0	40.0	40.0	False	True	False			24.554372273282663	0.0867	-0.23838840208802836	Right	0.0867	
169289.5527	0.08670000001438893	states																																	"       state_name
id               
3   wait_for_poke"
169289.63940000001	0.6034999999974389	states																																	"        state_name
id                
1   nose_in_center"
169290.2429	4.0	states																																	"          state_name
id                  
2   punish_violation"
169294.4601	286.43270000000484	trials	1.0	4.0	5.0	0.9035486483245442	0.0	0.15	True	3760.0	False	False	10573.0	False	Mixed	True	True	0.002	0.0	3.075654983783452	1.5	9.0													
169294.4601	286.43270000000484	processed_trials			5.0	0.9035486483245442					False				Mixed					3.075654983783452		9.0	40.0	40.0	False	True	False			24.554372273282663	282.2192	7.029014009542589	Right	282.2192	
169294.4601	282.21919999999227	states																																	"       state_name
id               
3   wait_for_poke"
169576.6793	0.21350000001257285	states																																	"        state_name
id                
1   nose_in_center"
169576.8928	4.0	states																																	"          state_name
id                  
2   punish_violation"
169581.1266	12.028100000025006	trials	1.0	4.0	5.0	0.8099749247709453	0.0	0.15	True	3760.0	False	False	10574.0	False	Mixed	True	True	0.002	0.0	0.6143744235738674	1.5	9.0													
169581.1266	12.028100000025006	processed_trials			5.0	0.8099749247709453					False				Mixed					0.6143744235738674		9.0	40.0	40.0	True	False	False	0.6143999999999998	0.6143999999999998	24.554372273282663	10.0269	0.01765949544979753	Right	10.0269	
169581.1266	10.026899999997113	states																																	"       state_name
id               
3   wait_for_poke"
169591.1535	0.8099999999976717	states																																	"        state_name
id                
1   nose_in_center"
169591.96349999998	0.0020000000076834112	states																																	"   state_name
id           
5      go_cue"
169591.9655	0.6143999999912921	states																																	"            state_name
id                    
6   wait_for_side_poke"
169592.57989999998	0.4933000000019092	states																																	"         state_name
id                 
4   announce_reward"
169593.07319999998	0.08139999999548309	states																																	"   state_name
id           
8      reward"
169593.15459999998	0.00010000000474974513	states																																	"    state_name
id            
7   stop_sound"
169593.3752	7.79059999997844	trials	1.0	4.0	80.0	1.1400674438468952	0.0	0.15	True	3765.0	False	False	10575.0	False	Mixed	True	False	0.002	0.0	3.2456069132894827	1.5	9.0													
169593.3752	7.79059999997844	processed_trials			80.0	1.1400674438468952					False				Mixed					3.2456069132894827		9.0	40.0	40.0	True	False	False	3.2455999999999996	3.2455999999999996	24.554372273282663	2.249	-0.18269008929290945	Right	0.6996	
169593.3752	2.24900000001071	states																																	"       state_name
id               
3   wait_for_poke"
169595.62420000002	1.1400999999896158	states																																	"        state_name
id                
1   nose_in_center"
169596.7643	0.0020000000076834112	states																																	"   state_name
id           
5      go_cue"
169596.76630000002	3.245599999994738	states																																	"            state_name
id                    
6   wait_for_side_poke"
169600.0119	0.23370000001159497	states																																	"         state_name
id                 
4   announce_reward"
169600.24560000002	0.9200999999884516	states																																	"   state_name
id           
8      reward"
169601.1657	0.00010000000474974513	states																																	"    state_name
id            
7   stop_sound"
169601.3866	7.6472000000067055	trials	1.0	4.0	80.0	1.1841761119181227	0.0	0.15	True	3845.0	False	False	10576.0	False	Mixed	True	False	0.002	0.0	1.9517782536329924	1.5	9.0													
169601.3866	7.6472000000067055	processed_trials			80.0	1.1841761119181227					False				Mixed					1.9517782536329924		9.0	40.0	40.0	True	False	False	1.9518000000000004	1.9518000000000004	24.554372273282663	3.2302	-0.15741552770822156	Left	0.6348999999999996	
169601.3866	3.230199999990873	states																																	"       state_name
id               
3   wait_for_poke"
169604.6168	1.1842000000178814	states																																	"        state_name
id                
1   nose_in_center"
169605.801	0.001999999978579581	states																																	"   state_name
id           
5      go_cue"
169605.80299999999	1.9518000000098255	states																																	"            state_name
id                    
6   wait_for_side_poke"
169607.7548	0.6563000000023749	states																																	"         state_name
id                 
4   announce_reward"
169608.4111	0.6226000000024214	states																																	"   state_name
id           
8      reward"
169609.0337	0.00010000000474974513	states																																	"    state_name
id            
7   stop_sound"
169609.2645	8.760700000013458	trials	1.0	4.0	20.0	0.8288171197707005	0.0	0.15	True	3925.0	False	False	10577.0	False	Mixed	True	False	0.002	0.0	1.4066087051116658	1.5	9.0													
169609.2645	8.760700000013458	processed_trials			20.0	0.8288171197707005					False				Mixed					1.4066087051116658		9.0	40.0	40.0	False	True	False			24.554372273282663	4.4515	-0.1259562716305826	Right	0.7406999999999999	
169609.2645	4.451499999995576	states																																	"       state_name
id               
3   wait_for_poke"
169613.716	0.3092000000178814	states																																	"        state_name
id                
1   nose_in_center"
169614.0252	4.0	states																																	"          state_name
id                  
2   punish_violation"
169618.2577	4.0556000000215136	trials	1.0	4.0	20.0	0.9654132010968138	0.0	0.15	True	3925.0	False	False	10578.0	False	Mixed	True	True	0.002	0.0	2.09838915767868	1.5	9.0													
169618.2577	4.0556000000215136	processed_trials			20.0	0.9654132010968138					False				Mixed					2.09838915767868		9.0	40.0	40.0	True	False	False	2.0984	2.0984	24.554372273282663	0.0973	-0.23811535851607799	Right	0.0973	
169618.2577	0.09729999999399297	states																																	"       state_name
id               
3   wait_for_poke"
169618.35499999998	0.9654000000155065	states																																	"        state_name
id                
1   nose_in_center"
169619.3204	0.001999999978579581	states																																	"   state_name
id           
5      go_cue"
169619.32239999998	2.0984000000171363	states																																	"            state_name
id                    
6   wait_for_side_poke"
169621.4208	0.652799999981653	states																																	"         state_name
id                 
4   announce_reward"
169622.07359999997	0.23960000000079162	states																																	"   state_name
id           
8      reward"
169622.31319999998	0.00010000000474974513	states																																	"    state_name
id            
7   stop_sound"
169622.5907	18.58609999998589	trials	1.0	4.0	10.0	0.8671577185056023	0.0	0.15	True	3945.0	True	False	10579.0	False	Mixed	True	False	0.002	0.0	100.0	1.5	9.0													
169622.5907	18.58609999998589	processed_trials			10.0	0.8671577185056023					True				Mixed					100.0		9.0	40.0	40.0	False	False	True	16.0294	16.0294	24.554372273282663	1.4874	-0.2023080123492673	Left	0.6984	
169622.5907	1.4874000000127126	states																																	"       state_name
id               
3   wait_for_poke"
169624.0781	0.8671999999787658	states																																	"        state_name
id                
1   nose_in_center"
169624.9453	0.0020000000076834112	states																																	"   state_name
id           
5      go_cue"
169624.9473	16.02939999999944	states																																	"            state_name
id                    
6   wait_for_side_poke"
169640.9767	0.20000000001164153	states																																	"   state_name
id           
0     opt_out"
169641.1767	9.999997564591467e-05	states																																	"    state_name
id            
7   stop_sound"
169641.4105	1.8966000000073109	trials	1.0	4.0	10.0	1.0756994028877185	0.0	0.15	True	3945.0	False	False	10580.0	False	Mixed	True	False	0.002	0.0	0.4932144376006498	1.5	9.0													
169641.4105	1.8966000000073109	processed_trials			10.0	1.0756994028877185					False				Mixed					0.4932144376006498		9.0	40.0	40.0	True	False	False	0.49319999999999964	0.49319999999999964	24.554372273282663	0.15869999999999998	-0.23653376650496935	Left	0.15869999999999998	
169641.4105	0.15869999999995343	states																																	"       state_name
id               
3   wait_for_poke"
169641.5692	1.075699999986682	states																																	"        state_name
id                
1   nose_in_center"
169642.64489999998	0.0020000000076834112	states																																	"   state_name
id           
5      go_cue"
169642.6469	0.49319999999715947	states																																	"            state_name
id                    
6   wait_for_side_poke"
169643.1401	0.0565000000060536	states																																	"         state_name
id                 
4   announce_reward"
169643.1966	0.11040000000502914	states																																	"   state_name
id           
8      reward"
169643.307	0.00010000000474974513	states																																	"    state_name
id            
7   stop_sound"
169643.5282	4.654399999999441	trials	1.0	4.0	40.0	0.8784490680420806	0.0	0.15	True	3955.0	False	False	10581.0	False	Mixed	True	False	0.002	0.0	0.4805184124379636	1.5	9.0													
169643.5282	4.654399999999441	processed_trials			40.0	0.8784490680420806					False				Mixed					0.4805184124379636		9.0	40.0	40.0	True	False	False	0.48050000000000015	0.48050000000000015	24.554372273282663	2.6370999999999998	-0.1726930883236704	Right	0.5579999999999998	
169643.5282	2.6370999999926426	states																																	"       state_name
id               
3   wait_for_poke"
169646.1653	0.8784000000159722	states																																	"        state_name
id                
1   nose_in_center"
169647.0437	0.001999999978579581	states																																	"   state_name
id           
5      go_cue"
169647.0457	0.4805000000051223	states																																	"            state_name
id                    
6   wait_for_side_poke"
169647.5262	0.19839999999385327	states																																	"         state_name
id                 
4   announce_reward"
169647.7246	0.4579000000085216	states																																	"   state_name
id           
8      reward"
169648.1825	0.00010000000474974513	states																																	"    state_name
id            
7   stop_sound"
169648.4111	5.732900000002701	trials	1.0	4.0	80.0	1.0315551783286485	0.0	0.15	True	3995.0	False	False	10582.0	False	Mixed	True	False	0.002	0.0	1.2269093199396963	1.5	9.0													
169648.4111	5.732900000002701	processed_trials			80.0	1.0315551783286485					False				Mixed					1.2269093199396963		9.0	40.0	40.0	True	False	False	1.2268999999999997	1.2268999999999997	24.554372273282663	2.3242	-0.18075302546171448	Right	0.7556999999999998	
169648.4111	2.3242000000027474	states																																	"       state_name
id               
3   wait_for_poke"
169650.7353	1.0315999999875203	states																																	"        state_name
id                
1   nose_in_center"
169651.7669	0.0020000000076834112	states																																	"   state_name
id           
5      go_cue"
169651.7689	1.2269000000087544	states																																	"            state_name
id                    
6   wait_for_side_poke"
169652.9958	0.22800000000279397	states																																	"         state_name
id                 
4   announce_reward"
169653.2238	0.9200999999884516	states																																	"   state_name
id           
8      reward"
169654.1439	0.00010000000474974513	states																																	"    state_name
id            
7   stop_sound"
169654.3824	21.6420999999973	trials	1.0	4.0	40.0	0.9131542409738387	0.0	0.15	True	4075.0	True	False	10583.0	False	Mixed	True	False	0.002	0.0	100.0	1.5	9.0													
169654.3824	21.6420999999973	processed_trials			40.0	0.9131542409738387					True				Mixed					100.0		9.0	40.0	40.0	False	False	True	14.825600000000001	14.825600000000001	24.554372273282663	5.7012	-0.093765464850737	Left	0.6687000000000003	
169654.3824	5.701200000010431	states																																	"       state_name
id               
3   wait_for_poke"
169660.0836	0.9131999999808613	states																																	"        state_name
id                
1   nose_in_center"
169660.9968	0.0020000000076834112	states																																	"   state_name
id           
5      go_cue"
169660.9988	14.825600000011036	states																																	"            state_name
id                    
6   wait_for_side_poke"
169675.8244	0.1999999999825377	states																																	"   state_name
id           
0     opt_out"
169676.0244	0.00010000000474974513	states																																	"    state_name
id            
7   stop_sound"
169676.2557	4.831600000004983	trials	1.0	4.0	40.0	1.068750313859971	0.0	0.15	True	4075.0	False	False	10584.0	False	Mixed	True	False	0.002	0.0	2.348489172344635	1.5	9.0													
169676.2557	4.831600000004983	processed_trials			40.0	1.068750313859971					False				Mixed					2.348489172344635		9.0	40.0	40.0	True	False	False	2.3484999999999996	2.3484999999999996	24.554372273282663	0.2283	-0.23474095210801224	Right	0.2283	
169676.2557	0.22829999998793937	states																																	"       state_name
id               
3   wait_for_poke"
169676.484	1.0688000000081956	states																																	"        state_name
id                
1   nose_in_center"
169677.5528	0.0020000000076834112	states																																	"   state_name
id           
5      go_cue"
169677.5548	2.3484999999927823	states																																	"            state_name
id                    
6   wait_for_side_poke"
169679.9033	0.7259999999951106	states																																	"         state_name
id                 
4   announce_reward"
169680.6293	0.4579000000085216	states																																	"   state_name
id           
8      reward"
169681.0872	0.00010000000474974513	states																																	"    state_name
id            
7   stop_sound"
169681.3178	11.166800000006333	trials	1.0	4.0	10.0	1.0936356604183333	0.0	0.15	True	4115.0	False	False	10585.0	False	Mixed	True	False	0.002	0.0	7.619107432553285	1.5	9.0													
169681.3178	11.166800000006333	processed_trials			10.0	1.0936356604183333					False				Mixed					7.619107432553285		9.0	40.0	40.0	True	False	False	7.619100000000001	7.619100000000001	24.554372273282663	1.688	-0.1971407915442445	Right	1.688	
169681.3178	1.687999999994645	states																																	"       state_name
id               
3   wait_for_poke"
169683.00579999998	1.0935999999928754	states																																	"        state_name
id                
1   nose_in_center"
169684.09939999998	0.0020000000076834112	states																																	"   state_name
id           
5      go_cue"
169684.10139999999	7.619100000010803	states																																	"            state_name
id                    
6   wait_for_side_poke"
169691.7205	0.6303999999945518	states																																	"         state_name
id                 
4   announce_reward"
169692.3509	0.13360000000102445	states																																	"   state_name
id           
8      reward"
169692.4845	0.00010000000474974513	states																																	"    state_name
id            
7   stop_sound"
169692.7145	7.571700000000419	trials	1.0	4.0	5.0	1.1093984962091161	0.0	0.15	True	4125.0	False	False	10586.0	False	Mixed	True	False	0.002	0.0	4.6872278732347095	1.5	9.0													
169692.7145	7.571700000000419	processed_trials			5.0	1.1093984962091161					False				Mixed					4.6872278732347095		9.0	40.0	40.0	True	False	False	4.687200000000001	4.687200000000001	24.554372273282663	1.4838	-0.20240074412842024	Right	0.7547	
169692.7145	1.4837999999872409	states																																	"       state_name
id               
3   wait_for_poke"
169694.1983	1.1094000000157394	states																																	"        state_name
id                
1   nose_in_center"
169695.3077	0.0020000000076834112	states																																	"   state_name
id           
5      go_cue"
169695.3097	4.687199999985751	states																																	"            state_name
id                    
6   wait_for_side_poke"
169699.9969	0.20780000000377186	states																																	"         state_name
id                 
4   announce_reward"
169700.2047	0.08139999999548309	states																																	"   state_name
id           
8      reward"
169700.2861	0.00010000000474974513	states																																	"    state_name
id            
7   stop_sound"
169700.5153	3.7400999999954365	trials	1.0	4.0	80.0	1.1690940579532942	0.0	0.15	True	4130.0	False	False	10587.0	False	Mixed	True	False	0.002	0.0	0.5095364362921996	1.5	9.0													
169700.5153	3.7400999999954365	processed_trials			80.0	1.1690940579532942					False				Mixed					0.5095364362921996		9.0	40.0	40.0	True	False	False	0.5095000000000001	0.5095000000000001	24.554372273282663	1.4092	-0.20432235266308976	Left	0.7159000000000001	
169700.5153	1.4091999999945983	states																																	"       state_name
id               
3   wait_for_poke"
169701.9245	1.1690999999991618	states																																	"        state_name
id                
1   nose_in_center"
169703.0936	0.0020000000076834112	states																																	"   state_name
id           
5      go_cue"
169703.0956	0.5094999999855645	states																																	"            state_name
id                    
6   wait_for_side_poke"
169703.6051	0.027600000001257285	states																																	"         state_name
id                 
4   announce_reward"
169703.6327	0.6226000000024214	states																																	"   state_name
id           
8      reward"
169704.2553	0.00010000000474974513	states																																	"    state_name
id            
7   stop_sound"
169704.4829	9.03169999999227	trials	1.0	4.0	5.0	0.8680440066968238	0.0	0.15	True	4210.0	False	False	10588.0	False	Mixed	True	False	0.002	0.0	3.46734453184009	1.5	9.0													
169704.4829	9.03169999999227	processed_trials			5.0	0.8680440066968238					False				Mixed					3.46734453184009		9.0	40.0	40.0	False	True	False			24.554372273282663	4.2946	-0.12999783167199874	Left	0.6795999999999998	
169704.4829	4.294599999993807	states																																	"       state_name
id               
3   wait_for_poke"
169708.7775	0.7370999999984633	states																																	"        state_name
id                
1   nose_in_center"
169709.5146	4.0	states																																	"          state_name
id                  
2   punish_violation"
169713.7417	5.7814999999827705	trials	1.0	4.0	5.0	1.013358835311797	0.0	0.15	True	4210.0	False	False	10589.0	False	Mixed	True	True	0.002	0.0	1.6767003945644545	1.5	9.0													
169713.7417	5.7814999999827705	processed_trials			5.0	1.013358835311797					False				Mixed					1.6767003945644545		9.0	40.0	40.0	True	False	False	1.6766999999999999	1.6766999999999999	24.554372273282663	2.3263000000000003	-0.18069893192387526	Right	2.3263000000000003	
169713.7417	2.3262999999860767	states																																	"       state_name
id               
3   wait_for_poke"
169716.068	1.0134000000252854	states																																	"        state_name
id                
1   nose_in_center"
169717.08140000002	0.001999999978579581	states																																	"   state_name
id           
5      go_cue"
169717.0834	1.6767000000108965	states																																	"            state_name
id                    
6   wait_for_side_poke"
169718.7601	0.6816000000108033	states																																	"         state_name
id                 
4   announce_reward"
169719.44170000002	0.08139999999548309	states																																	"   state_name
id           
8      reward"
169719.52310000002	0.00010000000474974513	states																																	"    state_name
id            
7   stop_sound"
169719.7577	8.02960000000894	trials	1.0	4.0	5.0	1.0417404701070958	0.0	0.15	True	4215.0	False	False	10590.0	False	Mixed	True	False	0.002	0.0	4.466693626340517	1.5	9.0													
169719.7577	8.02960000000894	processed_trials			5.0	1.0417404701070958					False				Mixed					4.466693626340517		9.0	40.0	40.0	True	False	False	4.4666999999999994	4.4666999999999994	24.554372273282663	1.5261	-0.20131114572337308	Left	0.5755	
169719.7577	1.5260999999882188	states																																	"       state_name
id               
3   wait_for_poke"
169721.28379999998	1.0417000000015832	states																																	"        state_name
id                
1   nose_in_center"
169722.32549999998	0.0020000000076834112	states																																	"   state_name
id           
5      go_cue"
169722.32749999998	4.466699999989942	states																																	"            state_name
id                    
6   wait_for_side_poke"
169726.79419999997	0.9184000000241213	states																																	"         state_name
id                 
4   announce_reward"
169727.7126	0.07459999999264255	states																																	"   state_name
id           
8      reward"
169727.7872	0.00010000000474974513	states																																	"    state_name
id            
7   stop_sound"
169728.0263	5.899499999999534	trials	1.0	4.0	40.0	1.0417405	0.0	0.15	True	4220.0	False	False	10591.0	False	Mixed	True	False	0.002	0.0	0.32269607031070136	1.5	9.0													
169728.0263	5.899499999999534	processed_trials			40.0	1.0417405					False				Mixed					0.32269607031070136		9.0	40.0	40.0	True	False	False	0.3226999999999993	0.3226999999999993	24.554372273282663	3.8489	-0.14147854110768504	Right	0.629	
169728.0263	3.8489000000117812	states																																	"       state_name
id               
3   wait_for_poke"
169731.8752	1.0417000000015832	states																																	"        state_name
id                
1   nose_in_center"
169732.9169	0.001999999978579581	states																																	"   state_name
id           
5      go_cue"
169732.9189	0.3227000000188127	states																																	"            state_name
id                    
6   wait_for_side_poke"
169733.2416	0.22619999997550622	states																																	"         state_name
id                 
4   announce_reward"
169733.46779999998	0.4579000000085216	states																																	"   state_name
id           
8      reward"
169733.9257	0.00010000000474974513	states																																	"    state_name
id            
7   stop_sound"
169734.1755	6.163799999980256	trials	1.0	4.0	5.0	0.9670414313901317	0.0	0.15	True	4260.0	True	False	10592.0	False	Mixed	True	False	0.002	0.0	100.0	1.5	9.0													
169734.1755	6.163799999980256	processed_trials			5.0	0.9670414313901317					True				Mixed					100.0		9.0	40.0	40.0	False	True	False			24.554372273282663	1.8936	-0.19184477660150923	Left	0.7730999999999999	
169734.1755	1.8936000000103377	states																																	"       state_name
id               
3   wait_for_poke"
169736.06910000002	0.2701999999990221	states																																	"        state_name
id                
1   nose_in_center"
169736.33930000002	4.0	states																																	"          state_name
id                  
2   punish_violation"
169740.5756	7.001499999983935	trials	1.0	4.0	5.0	1.072753164627341	0.0	0.15	True	4260.0	False	False	10593.0	False	Mixed	True	True	0.002	0.0	4.609524655930624	1.5	9.0													
169740.5756	7.001499999983935	processed_trials			5.0	1.072753164627341					False				Mixed					4.609524655930624		9.0	40.0	40.0	True	False	False	4.609500000000001	4.609500000000001	24.554372273282663	1.1227	-0.2117022567540122	Left	1.1227	
169740.5756	1.1227000000071712	states																																	"       state_name
id               
3   wait_for_poke"
169741.69830000002	1.0727999999944586	states																																	"        state_name
id                
1   nose_in_center"
169742.7711	0.0020000000076834112	states																																	"   state_name
id           
5      go_cue"
169742.77310000002	4.609499999991385	states																																	"            state_name
id                    
6   wait_for_side_poke"
169747.3826	0.1197999999858439	states																																	"         state_name
id                 
4   announce_reward"
169747.5024	0.07460000002174638	states																																	"   state_name
id           
8      reward"
169747.57700000002	0.00010000000474974513	states																																	"    state_name
id            
7   stop_sound"
169747.8181	6.49309999999241	trials	1.0	4.0	10.0	0.9832685709652231	0.0	0.15	True	4265.0	False	False	10594.0	False	Mixed	True	False	0.002	0.0	1.5257000872926476	1.5	9.0													
169747.8181	6.49309999999241	processed_trials			10.0	0.9832685709652231					False				Mixed					1.5257000872926476		9.0	40.0	40.0	False	True	False			24.554372273282663	2.1296999999999997	-0.18576311741872814	Left	1.0758999999999999	
169747.8181	2.1296999999904074	states																																	"       state_name
id               
3   wait_for_poke"
169749.9478	0.36340000000200234	states																																	"        state_name
id                
1   nose_in_center"
169750.3112	4.0	states																																	"          state_name
id                  
2   punish_violation"
169754.5521	94.39770000000135	trials	1.0	4.0	10.0	1.194422274727632	0.0	0.15	True	4265.0	False	False	10595.0	False	Mixed	True	True	0.002	0.0	5.018354585701804	1.5	9.0													
169754.5521	94.39770000000135	processed_trials			10.0	1.194422274727632					False				Mixed					5.018354585701804		9.0	40.0	40.0	False	True	False			24.554372273282663	90.1375	2.0812146251749293	Right	90.1375	
169754.5521	90.13750000001164	states																																	"       state_name
id               
3   wait_for_poke"
169844.6896	0.2601999999897089	states																																	"        state_name
id                
1   nose_in_center"
169844.9498	4.0	states																																	"          state_name
id                  
2   punish_violation"
169849.185	20.831899999990128	trials	1.0	4.0	10.0	0.884993871531382	0.0	0.15	True	4265.0	False	False	10596.0	False	Mixed	True	True	0.002	0.0	2.215588195418278	1.5	9.0													
169849.185	20.831899999990128	processed_trials			10.0	0.884993871531382					False				Mixed					2.215588195418278		9.0	40.0	40.0	True	False	False	2.215600000000002	2.215600000000002	24.554372273282663	17.6038	0.2128315558564647	Left	17.6038	
169849.185	17.603800000011688	states																																	"       state_name
id               
3   wait_for_poke"
169866.7888	0.8849999999802094	states																																	"        state_name
id                
1   nose_in_center"
169867.6738	0.0020000000076834112	states																																	"   state_name
id           
5      go_cue"
169867.6758	2.215599999995902	states																																	"            state_name
id                    
6   wait_for_side_poke"
169869.8914	0.015000000013969839	states																																	"         state_name
id                 
4   announce_reward"
169869.9064	0.11040000000502914	states																																	"   state_name
id           
8      reward"
169870.0168	9.999997564591467e-05	states																																	"    state_name
id            
7   stop_sound"
169870.2545	5.410600000002887	trials	1.0	4.0	40.0	1.0640510676345412	0.0	0.15	True	4275.0	False	False	10597.0	False	Mixed	True	False	0.002	0.0	1.0190366680537746	1.5	9.0													
169870.2545	5.410600000002887	processed_trials			40.0	1.0640510676345412					False				Mixed					1.0190366680537746		9.0	40.0	40.0	True	False	False	1.0190000000000001	1.0190000000000001	24.554372273282663	2.5258000000000003	-0.17556004582914914	Left	1.0164000000000002	
169870.2545	2.5258000000030734	states																																	"       state_name
id               
3   wait_for_poke"
169872.7803	1.0640999999886844	states																																	"        state_name
id                
1   nose_in_center"
169873.8444	0.0020000000076834112	states																																	"   state_name
id           
5      go_cue"
169873.8464	1.0190000000002328	states																																	"            state_name
id                    
6   wait_for_side_poke"
169874.8654	0.47229999999399297	states																																	"         state_name
id                 
4   announce_reward"
169875.3377	0.32730000000447035	states																																	"   state_name
id           
8      reward"
169875.665	0.00010000000474974513	states																																	"    state_name
id            
7   stop_sound"
169875.9055	17.113500000006752	trials	1.0	4.0	40.0	1.0640511	0.0	0.15	True	4315.0	True	False	10598.0	False	High	True	False	0.002	0.0	100.0	1.5	9.0													
169875.9055	17.113500000006752	processed_trials			40.0	1.0640511					True				High					100.0		9.0	40.0	40.0	False	False	True	11.078800000000003	11.078800000000003	24.554372273282663	4.7685	-0.1177907232996143	Right	1.5963000000000007	
169875.9055	4.768500000005588	states																																	"       state_name
id               
3   wait_for_poke"
169880.674	1.0640999999886844	states																																	"        state_name
id                
1   nose_in_center"
169881.7381	0.0020000000076834112	states																																	"   state_name
id           
5      go_cue"
169881.7401	11.078799999988405	states																																	"            state_name
id                    
6   wait_for_side_poke"
169892.81889999998	0.20000000001164153	states																																	"   state_name
id           
0     opt_out"
169893.0189	0.00010000000474974513	states																																	"    state_name
id            
7   stop_sound"
169893.2615	4.237300000007963	trials	1.0	4.0	80.0	0.9434401847193541	0.0	0.15	True	4315.0	False	False	10599.0	False	High	True	False	0.002	0.0	5.602655657616907	1.5	9.0													
169893.2615	4.237300000007963	processed_trials			80.0	0.9434401847193541					False				High					5.602655657616907		9.0	40.0	40.0	False	True	False			24.554372273282663	0.0476	-0.23939557224493963	Left	0.0476	
169893.2615	0.047599999990779907	states																																	"       state_name
id               
3   wait_for_poke"
169893.30909999998	0.1897000000171829	states																																	"        state_name
id                
1   nose_in_center"
169893.4988	4.0	states																																	"          state_name
id                  
2   punish_violation"
169897.7635	5.487300000007963	trials	1.0	4.0	80.0	0.8777149895510868	0.0	0.15	True	4315.0	False	False	10600.0	False	High	True	True	0.002	0.0	0.7274103818509927	1.5	9.0													
169897.7635	5.487300000007963	processed_trials			80.0	0.8777149895510868					False				High					0.7274103818509927		9.0	40.0	40.0	True	False	False	0.7274000000000003	0.7274000000000003	24.554372273282663	2.5925	-0.1738419320320653	Right	2.5925	
169897.7635	2.592499999998836	states																																	"       state_name
id               
3   wait_for_poke"
169900.356	0.8777000000118278	states																																	"        state_name
id                
1   nose_in_center"
169901.2337	0.001999999978579581	states																																	"   state_name
id           
5      go_cue"
169901.2357	0.7274000000033993	states																																	"            state_name
id                    
6   wait_for_side_poke"
169901.9631	0.3674999999930151	states																																	"         state_name
id                 
4   announce_reward"
169902.3306	0.9201000000175554	states																																	"   state_name
id           
8      reward"
169903.2507	0.00010000000474974513	states																																	"    state_name
id            
7   stop_sound"
169903.494	4.837999999988824	trials	1.0	4.0	40.0	0.9299513944965041	0.0	0.15	True	4395.0	False	False	10601.0	False	High	True	False	0.002	0.0	0.179559437980495	1.5	9.0													
169903.494	4.837999999988824	processed_trials			40.0	0.9299513944965041					False				High					0.179559437980495		9.0	40.0	40.0	True	False	False	0.1796000000000002	0.1796000000000002	24.554372273282663	2.9101	-0.16566092840457153	Left	0.8788	
169903.494	2.910100000008242	states																																	"       state_name
id               
3   wait_for_poke"
169906.4041	0.9299999999930151	states																																	"        state_name
id                
1   nose_in_center"
169907.3341	0.0020000000076834112	states																																	"   state_name
id           
5      go_cue"
169907.33610000001	0.17960000000311993	states																																	"            state_name
id                    
6   wait_for_side_poke"
169907.51570000002	0.48889999999664724	states																																	"         state_name
id                 
4   announce_reward"
169908.00460000001	0.32730000000447035	states																																	"   state_name
id           
8      reward"
169908.33190000002	9.999997564591467e-05	states																																	"    state_name
id            
7   stop_sound"
169908.5796	10.591000000014901	trials	1.0	4.0	20.0	1.0508756989879007	0.0	0.15	True	4435.0	False	False	10602.0	False	High	True	False	0.002	0.0	5.347745873631028	1.5	9.0													
169908.5796	10.591000000014901	processed_trials			20.0	1.0508756989879007					False				High					5.347745873631028		9.0	40.0	40.0	True	False	False	5.3477000000000015	5.3477000000000015	24.554372273282663	3.7765	-0.14334348022176108	Right	0.6375000000000002	
169908.5796	3.7765000000072177	states																																	"       state_name
id               
3   wait_for_poke"
169912.3561	1.0509000000020023	states																																	"        state_name
id                
1   nose_in_center"
169913.407	0.001999999978579581	states																																	"   state_name
id           
5      go_cue"
169913.40899999999	5.347700000012992	states																																	"            state_name
id                    
6   wait_for_side_poke"
169918.7567	0.17420000000856817	states																																	"         state_name
id                 
4   announce_reward"
169918.9309	0.23960000000079162	states																																	"   state_name
id           
8      reward"
169919.1705	9.999997564591467e-05	states																																	"    state_name
id            
7   stop_sound"
169919.4201	4.216899999999441	trials	1.0	4.0	40.0	0.976472594020013	0.0	0.15	True	4455.0	False	False	10603.0	False	High	True	False	0.002	0.0	0.7727530620066636	1.5	9.0													
169919.4201	4.216899999999441	processed_trials			40.0	0.976472594020013					False				High					0.7727530620066636		9.0	40.0	40.0	True	False	False	0.7728000000000002	0.7728000000000002	24.554372273282663	1.5707	-0.20016230201497814	Left	0.7004	
169919.4201	1.5707000000111293	states																																	"       state_name
id               
3   wait_for_poke"
169920.9908	0.9764999999897555	states																																	"        state_name
id                
1   nose_in_center"
169921.9673	0.0020000000076834112	states																																	"   state_name
id           
5      go_cue"
169921.9693	0.7727999999769963	states																																	"            state_name
id                    
6   wait_for_side_poke"
169922.74209999997	0.5675000000046566	states																																	"         state_name
id                 
4   announce_reward"
169923.30959999998	0.32730000000447035	states																																	"   state_name
id           
8      reward"
169923.63689999998	0.00010000000474974513	states																																	"    state_name
id            
7   stop_sound"
169923.8958	9.74100000000908	trials	1.0	4.0	40.0	0.8061515447218857	0.0	0.15	True	4495.0	False	False	10604.0	False	High	True	False	0.002	0.0	4.5362945595853965	1.5	9.0													
169923.8958	9.74100000000908	processed_trials			40.0	0.8061515447218857					False				High					4.5362945595853965		9.0	40.0	40.0	True	False	False	4.536300000000001	4.536300000000001	24.554372273282663	3.3337	-0.15474948905757419	Left	0.5467999999999997	
169923.8958	3.333699999988312	states																																	"       state_name
id               
3   wait_for_poke"
169927.2295	0.8062000000209082	states																																	"        state_name
id                
1   nose_in_center"
169928.0357	0.001999999978579581	states																																	"   state_name
id           
5      go_cue"
169928.0377	4.5363000000070315	states																																	"            state_name
id                    
6   wait_for_side_poke"
169932.574	0.7354000000050291	states																																	"         state_name
id                 
4   announce_reward"
169933.3094	0.32730000000447035	states																																	"   state_name
id           
8      reward"
169933.6367	0.00010000000474974513	states																																	"    state_name
id            
7   stop_sound"
169933.892	8.057300000014948	trials	1.0	4.0	20.0	0.9135760117358454	0.0	0.15	True	4535.0	False	False	10605.0	False	High	True	False	0.002	0.0	0.07755724547920628	1.5	9.0													
169933.892	8.057300000014948	processed_trials			20.0	0.9135760117358454					False				High					0.07755724547920628		9.0	40.0	40.0	False	True	False			24.554372273282663	3.9846	-0.1379830682101696	Right	0.6597	
169933.892	3.984599999996135	states																																	"       state_name
id               
3   wait_for_poke"
169937.8766	0.07269999998970889	states																																	"        state_name
id                
1   nose_in_center"
169937.94929999998	4.0	states																																	"          state_name
id                  
2   punish_violation"
169942.1969	5.202399999980116	trials	1.0	4.0	20.0	0.8474284068937088	0.0	0.15	True	4535.0	False	False	10606.0	False	High	True	True	0.002	0.0	1.708145229558903	1.5	9.0													
169942.1969	5.202399999980116	processed_trials			20.0	0.8474284068937088					False				High					1.708145229558903		9.0	40.0	40.0	False	True	False			24.554372273282663	0.9491	-0.21617398921538789	Left	0.9491	
169942.1969	0.9490999999979977	states																																	"       state_name
id               
3   wait_for_poke"
169943.146	0.25330000001122244	states																																	"        state_name
id                
1   nose_in_center"
169943.39930000002	4.0	states																																	"          state_name
id                  
2   punish_violation"
169947.6435	21.012400000006892	trials	1.0	4.0	20.0	1.1448770478775698	0.0	0.15	True	4535.0	False	False	10607.0	False	High	True	True	0.002	0.0	1.7081452	1.5	9.0													
169947.6435	21.012400000006892	processed_trials			20.0	1.1448770478775698					False				High					1.7081452		9.0	40.0	40.0	True	False	False	1.7080999999999982	1.7080999999999982	24.554372273282663	17.3146	0.20538210293117756	Left	17.3146	
169947.6435	17.314600000012433	states																																	"       state_name
id               
3   wait_for_poke"
169964.95810000002	1.1448999999847729	states																																	"        state_name
id                
1   nose_in_center"
169966.103	0.0020000000076834112	states																																	"   state_name
id           
5      go_cue"
169966.105	1.7080999999889173	states																																	"            state_name
id                    
6   wait_for_side_poke"
169967.8131	0.6603999999933876	states																																	"         state_name
id                 
4   announce_reward"
169968.4735	0.18230000001494773	states																																	"   state_name
id           
8      reward"
169968.6558	0.00010000000474974513	states																																	"    state_name
id            
7   stop_sound"
169968.9043	6.676500000001397	trials	1.0	4.0	40.0	1.144877	0.0	0.15	True	4555.0	False	False	10608.0	False	High	True	False	0.002	0.0	1.2375766056289728	1.5	9.0													
169968.9043	6.676500000001397	processed_trials			40.0	1.144877					False				High					1.2375766056289728		9.0	40.0	40.0	True	False	False	1.2375999999999987	1.2375999999999987	24.554372273282663	3.2214	-0.15764220539059542	Left	0.7614999999999998	
169968.9043	3.221400000009453	states																																	"       state_name
id               
3   wait_for_poke"
169972.1257	1.1448999999847729	states																																	"        state_name
id                
1   nose_in_center"
169973.2706	0.0020000000076834112	states																																	"   state_name
id           
5      go_cue"
169973.2726	1.2375999999931082	states																																	"            state_name
id                    
6   wait_for_side_poke"
169974.5102	0.7431999999971595	states																																	"         state_name
id                 
4   announce_reward"
169975.2534	0.32730000000447035	states																																	"   state_name
id           
8      reward"
169975.5807	0.00010000000474974513	states																																	"    state_name
id            
7   stop_sound"
169975.8328	19.61699999999837	trials	1.0	4.0	40.0	1.1188164381299095	0.0	0.15	True	4595.0	True	False	10609.0	False	High	True	False	0.002	0.0	100.0	1.5	9.0													
169975.8328	19.61699999999837	processed_trials			40.0	1.1188164381299095					True				High					100.0		9.0	40.0	40.0	False	False	True	14.561300000000001	14.561300000000001	24.554372273282663	3.7348000000000003	-0.1444176233302828	Left	0.7231000000000005	
169975.8328	3.7348000000056345	states																																	"       state_name
id               
3   wait_for_poke"
169979.5676	1.118799999996554	states																																	"        state_name
id                
1   nose_in_center"
169980.6864	0.0020000000076834112	states																																	"   state_name
id           
5      go_cue"
169980.6884	14.56130000000121	states																																	"            state_name
id                    
6   wait_for_side_poke"
169995.24970000001	0.1999999999825377	states																																	"   state_name
id           
0     opt_out"
169995.4497	0.00010000000474974513	states																																	"    state_name
id            
7   stop_sound"
169995.6958	6.006600000022445	trials	1.0	4.0	80.0	1.1188164	0.0	0.15	True	4595.0	False	False	10610.0	False	High	True	False	0.002	0.0	3.1873609003500123	1.5	9.0													
169995.6958	6.006600000022445	processed_trials			80.0	1.1188164					False				High					3.1873609003500123		9.0	40.0	40.0	True	False	False	3.1873999999999993	3.1873999999999993	24.554372273282663	0.1802	-0.2359799517128059	Right	0.1802	
169995.6958	0.18020000000251457	states																																	"       state_name
id               
3   wait_for_poke"
169995.876	1.118799999996554	states																																	"        state_name
id                
1   nose_in_center"
169996.9948	0.0020000000076834112	states																																	"   state_name
id           
5      go_cue"
169996.9968	3.1873999999952503	states																																	"            state_name
id                    
6   wait_for_side_poke"
170000.1842	0.5979999999981374	states																																	"         state_name
id                 
4   announce_reward"
170000.7822	0.9200999999884516	states																																	"   state_name
id           
8      reward"
170001.70229999998	0.00010000000474974513	states																																	"    state_name
id            
7   stop_sound"
170001.9535	7.216599999985192	trials	1.0	4.0	20.0	0.8318706124864874	0.0	0.15	True	4675.0	False	False	10611.0	False	High	True	False	0.002	0.0	0.7228070479766348	1.5	9.0													
170001.9535	7.216599999985192	processed_trials			20.0	0.8318706124864874					False				High					0.7228070479766348		9.0	40.0	40.0	False	True	False			24.554372273282663	2.7568	-0.16960975666683473	Right	0.7047000000000003	
170001.9535	2.7568000000028405	states																																	"       state_name
id               
3   wait_for_poke"
170004.7103	0.45980000001145527	states																																	"        state_name
id                
1   nose_in_center"
170005.17010000002	4.0	states																																	"          state_name
id                  
2   punish_violation"
170009.4192	3.82050000000163	trials	1.0	4.0	20.0	1.085352182892619	0.0	0.15	True	4675.0	False	False	10612.0	False	High	True	True	0.002	0.0	1.8350079415966867	1.5	9.0													
170009.4192	3.82050000000163	processed_trials			20.0	1.085352182892619					False				High					1.8350079415966867		9.0	40.0	40.0	True	False	False	1.8350000000000002	1.8350000000000002	24.554372273282663	0.6221	-0.224597125821781	Right	0.6221	
170009.4192	0.6221000000077765	states																																	"       state_name
id               
3   wait_for_poke"
170010.0413	1.085399999981746	states																																	"        state_name
id                
1   nose_in_center"
170011.1267	0.0020000000076834112	states																																	"   state_name
id           
5      go_cue"
170011.1287	1.834999999991851	states																																	"            state_name
id                    
6   wait_for_side_poke"
170012.9637	0.036300000007031485	states																																	"         state_name
id                 
4   announce_reward"
170013.0	0.23960000000079162	states																																	"   state_name
id           
8      reward"
170013.2396	0.00010000000474974513	states																																	"    state_name
id            
7   stop_sound"
170013.5053	11.48300000000745	trials	1.0	4.0	80.0	0.9488874188490537	0.0	0.15	True	4695.0	False	False	10613.0	False	High	True	False	0.002	0.0	7.003146647975445	1.5	9.0													
170013.5053	11.48300000000745	processed_trials			80.0	0.9488874188490537					False				High					7.003146647975445		9.0	40.0	40.0	True	False	False	7.003099999999999	7.003099999999999	24.554372273282663	2.5989	-0.17367707553579337	Right	1.2774999999999999	
170013.5053	2.5989000000117812	states																																	"       state_name
id               
3   wait_for_poke"
170016.1042	0.9488999999884982	states																																	"        state_name
id                
1   nose_in_center"
170017.0531	0.0020000000076834112	states																																	"   state_name
id           
5      go_cue"
170017.0551	7.003100000001723	states																																	"            state_name
id                    
6   wait_for_side_poke"
170024.0582	0.00990000000456348	states																																	"         state_name
id                 
4   announce_reward"
170024.0681	0.9200999999884516	states																																	"   state_name
id           
8      reward"
170024.9882	0.00010000000474974513	states																																	"    state_name
id            
7   stop_sound"
170025.2394	9.46809999999823	trials	1.0	4.0	40.0	1.1608049646498158	0.0	0.15	True	4775.0	False	False	10614.0	False	High	True	False	0.002	0.0	2.6716643019716315	1.5	9.0													
170025.2394	9.46809999999823	processed_trials			40.0	1.1608049646498158					False				High					2.6716643019716315		9.0	40.0	40.0	True	False	False	2.6717000000000013	2.6717000000000013	24.554372273282663	5.1861999999999995	-0.10703126103511765	Left	3.6843999999999992	
170025.2394	5.186199999996461	states																																	"       state_name
id               
3   wait_for_poke"
170030.4256	1.1608000000123866	states																																	"        state_name
id                
1   nose_in_center"
170031.5864	0.001999999978579581	states																																	"   state_name
id           
5      go_cue"
170031.58839999998	2.67170000000624	states																																	"            state_name
id                    
6   wait_for_side_poke"
170034.26009999998	0.11999999999534339	states																																	"         state_name
id                 
4   announce_reward"
170034.38009999998	0.32730000000447035	states																																	"   state_name
id           
8      reward"
170034.70739999998	0.00010000000474974513	states																																	"    state_name
id            
7   stop_sound"
170034.9696	22.718499999988126	trials	1.0	4.0	80.0	0.9928314884904368	0.0	0.15	True	4815.0	True	False	10615.0	False	High	True	False	0.002	0.0	100.0	1.5	9.0													
170034.9696	22.718499999988126	processed_trials			80.0	0.9928314884904368					True				High					100.0		9.0	40.0	40.0	False	False	True	15.948	15.948	24.554372273282663	5.5756000000000006	-0.09700077359007332	Left	1.3973000000000004	
170034.9696	5.575600000011036	states																																	"       state_name
id               
3   wait_for_poke"
170040.54520000002	0.9927999999781605	states																																	"        state_name
id                
1   nose_in_center"
170041.538	0.0020000000076834112	states																																	"   state_name
id           
5      go_cue"
170041.54	15.948000000003958	states																																	"            state_name
id                    
6   wait_for_side_poke"
170057.488	0.20000000001164153	states																																	"   state_name
id           
0     opt_out"
170057.68800000002	9.999997564591467e-05	states																																	"    state_name
id            
7   stop_sound"
170057.9544	3.0834000000031665	trials	1.0	4.0	20.0	1.0122683570902111	0.0	0.15	True	4815.0	False	False	10616.0	False	High	True	False	0.002	0.0	1.0986270544205397	1.5	9.0													
170057.9544	3.0834000000031665	processed_trials			20.0	1.0122683570902111					False				High					1.0986270544205397		9.0	40.0	40.0	True	False	False	1.0986000000000002	1.0986000000000002	24.554372273282663	0.037	-0.23966861581688995	Right	0.037	
170057.9544	0.03700000001117587	states																																	"       state_name
id               
3   wait_for_poke"
170057.9914	1.012300000002142	states																																	"        state_name
id                
1   nose_in_center"
170059.0037	0.001999999978579581	states																																	"   state_name
id           
5      go_cue"
170059.00569999998	1.098599999997532	states																																	"            state_name
id                    
6   wait_for_side_poke"
170060.10429999998	0.6938000000081956	states																																	"         state_name
id                 
4   announce_reward"
170060.79809999999	0.23960000000079162	states																																	"   state_name
id           
8      reward"
170061.0377	0.00010000000474974513	states																																	"    state_name
id            
7   stop_sound"
170061.2939	4.6516000000119675	trials	1.0	4.0	20.0	1.0122684	0.0	0.15	True	4835.0	False	False	10617.0	False	High	True	False	0.002	0.0	1.1157538693386848	1.5	9.0													
170061.2939	4.6516000000119675	processed_trials			20.0	1.0122684					False				High					1.1157538693386848		9.0	40.0	40.0	True	False	False	1.1158000000000001	1.1158000000000001	24.554372273282663	1.5007000000000001	-0.20196541994295222	Left	0.7309000000000002	
170061.2939	1.5007000000041444	states																																	"       state_name
id               
3   wait_for_poke"
170062.7946	1.012300000002142	states																																	"        state_name
id                
1   nose_in_center"
170063.8069	0.0020000000076834112	states																																	"   state_name
id           
5      go_cue"
170063.8089	1.115799999999581	states																																	"            state_name
id                    
6   wait_for_side_poke"
170064.9247	0.8383999999787193	states																																	"         state_name
id                 
4   announce_reward"
170065.76309999998	0.18230000001494773	states																																	"   state_name
id           
8      reward"
170065.9454	0.00010000000474974513	states																																	"    state_name
id            
7   stop_sound"
170066.1992	9.535700000007637	trials	1.0	4.0	80.0	0.9877431144235331	0.0	0.15	True	4855.0	False	False	10618.0	False	High	True	False	0.002	0.0	0.0451837469111285	1.5	9.0													
170066.1992	9.535700000007637	processed_trials			80.0	0.9877431144235331					False				High					0.0451837469111285		9.0	40.0	40.0	True	False	False	0.04520000000000124	0.04520000000000124	24.554372273282663	6.7297	-0.06727251072328948	Right	1.0577000000000005	
170066.1992	6.729699999996228	states																																	"       state_name
id               
3   wait_for_poke"
170072.9289	0.987699999997858	states																																	"        state_name
id                
1   nose_in_center"
170073.9166	0.0020000000076834112	states																																	"   state_name
id           
5      go_cue"
170073.9186	0.045199999993201345	states																																	"            state_name
id                    
6   wait_for_side_poke"
170073.9638	0.8509000000194646	states																																	"         state_name
id                 
4   announce_reward"
170074.81470000002	0.9200999999884516	states																																	"   state_name
id           
8      reward"
170075.7348	0.00010000000474974513	states																																	"    state_name
id            
7   stop_sound"
170075.9902	23.14900000000489	trials	1.0	4.0	20.0	1.1758812715371825	0.0	0.15	True	4935.0	True	False	10619.0	False	High	True	False	0.002	0.0	100.0	1.5	9.0													
170075.9902	23.14900000000489	processed_trials			20.0	1.1758812715371825					True				High					100.0		9.0	40.0	40.0	False	False	True	19.0056	19.0056	24.554372273282663	2.7654	-0.16938823074996937	Right	0.8798000000000001	
170075.9902	2.765400000003865	states																																	"       state_name
id               
3   wait_for_poke"
170078.7556	1.1759000000020023	states																																	"        state_name
id                
1   nose_in_center"
170079.9315	0.0020000000076834112	states																																	"   state_name
id           
5      go_cue"
170079.9335	19.005599999974947	states																																	"            state_name
id                    
6   wait_for_side_poke"
170098.9391	0.20000000001164153	states																																	"   state_name
id           
0     opt_out"
170099.1391	0.00010000000474974513	states																																	"    state_name
id            
7   stop_sound"
170099.3996	6.656199999997625	trials	1.0	4.0	40.0	1.0207150692205638	0.0	0.15	True	4935.0	False	False	10620.0	False	High	True	False	0.002	0.0	4.726129299046334	1.5	9.0													
170099.3996	6.656199999997625	processed_trials			40.0	1.0207150692205638					False				High					4.726129299046334		9.0	40.0	40.0	True	False	False	4.726100000000001	4.726100000000001	24.554372273282663	0.12229999999999999	-0.23747138782751587	Right	0.12229999999999999	
170099.3996	0.1222999999881722	states																																	"       state_name
id               
3   wait_for_poke"
170099.5219	1.0207000000227708	states																																	"        state_name
id                
1   nose_in_center"
170100.54260000002	0.001999999978579581	states																																	"   state_name
id           
5      go_cue"
170100.5446	4.72609999999986	states																																	"            state_name
id                    
6   wait_for_side_poke"
170105.2707	0.3271000000240747	states																																	"         state_name
id                 
4   announce_reward"
170105.59780000002	0.45789999997941777	states																																	"   state_name
id           
8      reward"
170106.0557	0.00010000000474974513	states																																	"    state_name
id            
7   stop_sound"
170106.3115	6.897599999996601	trials	1.0	4.0	20.0	1.056165579909894	0.0	0.15	True	4975.0	False	False	10621.0	False	High	True	False	0.002	0.0	2.8709157262013205	1.5	9.0													
170106.3115	6.897599999996601	processed_trials			20.0	1.056165579909894					False				High					2.8709157262013205		9.0	40.0	40.0	False	True	False			24.554372273282663	2.4711	-0.1769690536957232	Left	2.4711	
170106.3115	2.4710999999952037	states																																	"       state_name
id               
3   wait_for_poke"
170108.7826	0.426500000001397	states																																	"        state_name
id                
1   nose_in_center"
170109.2091	4.0	states																																	"          state_name
id                  
2   punish_violation"
170113.4653	62.014999999984866	trials	1.0	4.0	20.0	0.9121479537407023	0.0	0.15	True	4975.0	True	False	10622.0	False	High	True	True	0.002	0.0	100.0	1.5	9.0													
170113.4653	62.014999999984866	processed_trials			20.0	0.9121479537407023					True				High					100.0		9.0	40.0	40.0	False	True	False			24.554372273282663	57.8391	1.2492457096766785	Left	57.8391	
170113.4653	57.83910000001197	states																																	"       state_name
id               
3   wait_for_poke"
170171.30440000002	0.17590000000200234	states																																	"        state_name
id                
1   nose_in_center"
170171.48030000002	4.0	states																																	"          state_name
id                  
2   punish_violation"
170175.7427	433.51089999999385	trials	1.0	4.0	20.0	0.8835269983749331	0.0	0.15	True	4975.0	False	False	10623.0	False	High	True	True	0.002	0.0	0.37619652978128326	1.5	9.0													
170175.7427	433.51089999999385	processed_trials			20.0	0.8835269983749331					False				High					0.37619652978128326		9.0	40.0	40.0	False	True	False			24.554372273282663	429.4398	10.821244055644001	Right	429.4398	
170175.7427	429.43979999999283	states																																	"       state_name
id               
3   wait_for_poke"
170605.1825	0.07110000000102445	states																																	"        state_name
id                
1   nose_in_center"
170605.2536	4.0	states																																	"          state_name
id                  
2   punish_violation"
170609.5171	2.379899999999907	trials	1.0	4.0	20.0	0.8216156092786961	0.0	0.15	True	4975.0	False	False	10624.0	False	High	True	True	0.002	0.0	0.3924701429495306	1.5	9.0													
170609.5171	2.379899999999907	processed_trials			20.0	0.8216156092786961					False				High					0.3924701429495306		9.0	40.0	40.0	True	False	False	0.39250000000000007	0.39250000000000007	24.554372273282663	0.568	-0.22599067839182954	Right	0.568	
170609.5171	0.5679999999993015	states																																	"       state_name
id               
3   wait_for_poke"
170610.0851	0.8215999999956694	states																																	"        state_name
id                
1   nose_in_center"
170610.9067	0.0020000000076834112	states																																	"   state_name
id           
5      go_cue"
170610.9087	0.3924999999871943	states																																	"            state_name
id                    
6   wait_for_side_poke"
170611.3012	0.3561000000045169	states																																	"         state_name
id                 
4   announce_reward"
170611.6573	0.23960000000079162	states																																	"   state_name
id           
8      reward"
170611.8969	0.00010000000474974513	states																																	"    state_name
id            
7   stop_sound"
170612.1666	5.863899999996647	trials	1.0	4.0	80.0	1.018755263947751	0.0	0.15	True	4995.0	False	False	10625.0	False	High	True	False	0.002	0.0	1.3962331373256343	1.5	9.0													
170612.1666	5.863899999996647	processed_trials			80.0	1.018755263947751					False				High					1.3962331373256343		9.0	40.0	40.0	True	False	False	1.3962000000000008	1.3962000000000008	24.554372273282663	2.1886	-0.18424592247647564	Left	0.8394000000000001	
170612.1666	2.1885999999940395	states																																	"       state_name
id               
3   wait_for_poke"
170614.3552	1.0188000000198372	states																																	"        state_name
id                
1   nose_in_center"
170615.374	0.001999999978579581	states																																	"   state_name
id           
5      go_cue"
170615.376	1.3962000000174157	states																																	"            state_name
id                    
6   wait_for_side_poke"
170616.7722	0.635599999979604	states																																	"         state_name
id                 
4   announce_reward"
170617.4078	0.6226000000024214	states																																	"   state_name
id           
8      reward"
170618.0304	0.00010000000474974513	states																																	"    state_name
id            
7   stop_sound"
170618.2983	6.740300000004936	trials	1.0	4.0	40.0	0.8117036816110006	0.0	0.15	True	5075.0	False	False	10626.0	False	High	True	False	0.002	0.0	0.28246278461551744	1.5	9.0													
170618.2983	6.740300000004936	processed_trials			40.0	0.8117036816110006					False				High					0.28246278461551744		9.0	40.0	40.0	True	False	False	0.28250000000000064	0.28250000000000064	24.554372273282663	4.9771	-0.1124174318742516	Left	0.8574999999999999	
170618.2983	4.97709999998915	states																																	"       state_name
id               
3   wait_for_poke"
170623.27539999998	0.8117000000202097	states																																	"        state_name
id                
1   nose_in_center"
170624.0871	0.001999999978579581	states																																	"   state_name
id           
5      go_cue"
170624.08909999998	0.28250000000116415	states																																	"            state_name
id                    
6   wait_for_side_poke"
170624.37159999998	0.3396000000066124	states																																	"         state_name
id                 
4   announce_reward"
170624.7112	0.32730000000447035	states																																	"   state_name
id           
8      reward"
170625.0385	0.00010000000474974513	states																																	"    state_name
id            
7   stop_sound"
170625.3092	8.183000000019092	trials	1.0	4.0	20.0	1.0529247969586164	0.0	0.15	True	5115.0	False	False	10627.0	False	High	True	False	0.002	0.0	1.0993354251364558	1.5	9.0													
170625.3092	8.183000000019092	processed_trials			20.0	1.0529247969586164					False				High					1.0993354251364558		9.0	40.0	40.0	True	False	False	1.0992999999999995	1.0992999999999995	24.554372273282663	5.1817	-0.10714717575905883	Right	0.6697000000000006	
170625.3092	5.181699999986449	states																																	"       state_name
id               
3   wait_for_poke"
170630.49089999998	1.0529000000096858	states																																	"        state_name
id                
1   nose_in_center"
170631.54379999998	0.0020000000076834112	states																																	"   state_name
id           
5      go_cue"
170631.5458	1.0993000000016764	states																																	"            state_name
id                    
6   wait_for_side_poke"
170632.6451	0.6074000000080559	states																																	"         state_name
id                 
4   announce_reward"
170633.2525	0.23960000000079162	states																																	"   state_name
id           
8      reward"
170633.4921	9.999997564591467e-05	states																																	"    state_name
id            
7   stop_sound"
170633.7556	7.101699999999255	trials	1.0	4.0	80.0	0.9511013818632911	0.0	0.15	True	5135.0	False	False	10628.0	False	High	True	False	0.002	0.0	2.932767345892035	1.5	9.0													
170633.7556	7.101699999999255	processed_trials			80.0	0.9511013818632911					False				High					2.932767345892035		9.0	40.0	40.0	True	False	False	2.9328000000000003	2.9328000000000003	24.554372273282663	1.5580999999999998	-0.2004868632420135	Left	1.5580999999999998	
170633.7556	1.558099999994738	states																																	"       state_name
id               
3   wait_for_poke"
170635.3137	0.9511000000056811	states																																	"        state_name
id                
1   nose_in_center"
170636.2648	0.0020000000076834112	states																																	"   state_name
id           
5      go_cue"
170636.2668	2.932799999980489	states																																	"            state_name
id                    
6   wait_for_side_poke"
170639.1996	1.0350000000034925	states																																	"         state_name
id                 
4   announce_reward"
170640.2346	0.6226000000024214	states																																	"   state_name
id           
8      reward"
170640.8572	0.00010000000474974513	states																																	"    state_name
id            
7   stop_sound"
170641.1164	9.450199999992037	trials	1.0	4.0	40.0	1.1531570756972236	0.0	0.15	True	5215.0	False	False	10629.0	False	High	True	False	0.002	0.0	1.2490694047308384	1.5	9.0													
170641.1164	9.450199999992037	processed_trials			40.0	1.1531570756972236					False				High					1.2490694047308384		9.0	40.0	40.0	True	False	False	1.2491000000000012	1.2491000000000012	24.554372273282663	6.1318	-0.08267371371094225	Left	1.5356999999999994	
170641.1164	6.1318000000028405	states																																	"       state_name
id               
3   wait_for_poke"
170647.2482	1.153200000000652	states																																	"        state_name
id                
1   nose_in_center"
170648.4014	0.0020000000076834112	states																																	"   state_name
id           
5      go_cue"
170648.4034	1.2490999999863561	states																																	"            state_name
id                    
6   wait_for_side_poke"
170649.6525	0.5867000000143889	states																																	"         state_name
id                 
4   announce_reward"
170650.2392	0.3272999999753665	states																																	"   state_name
id           
8      reward"
170650.5665	0.00010000000474974513	states																																	"    state_name
id            
7   stop_sound"
170650.8301	6.478300000017043	trials	1.0	4.0	20.0	0.8298243685166634	0.0	0.15	True	5255.0	False	False	10630.0	False	High	True	False	0.002	0.0	0.9300363768320047	1.5	9.0													
170650.8301	6.478300000017043	processed_trials			20.0	0.8298243685166634					False				High					0.9300363768320047		9.0	40.0	40.0	True	False	False	0.9299999999999997	0.9299999999999997	24.554372273282663	3.7841	-0.14314771313243818	Right	0.6185999999999998	
170650.8301	3.7840999999898486	states																																	"       state_name
id               
3   wait_for_poke"
170654.61419999998	0.8298000000067987	states																																	"        state_name
id                
1   nose_in_center"
170655.444	0.0020000000076834112	states																																	"   state_name
id           
5      go_cue"
170655.446	0.9299999999930151	states																																	"            state_name
id                    
6   wait_for_side_poke"
170656.376	0.6927000000141561	states																																	"         state_name
id                 
4   announce_reward"
170657.0687	0.23960000000079162	states																																	"   state_name
id           
8      reward"
170657.3083	9.999997564591467e-05	states																																	"    state_name
id            
7   stop_sound"
170657.5703	3.5829000000085216	trials	1.0	4.0	80.0	0.9791528024411694	0.0	0.15	True	5275.0	False	False	10631.0	False	High	True	False	0.002	0.0	0.5973418573797771	1.5	9.0													
170657.5703	3.5829000000085216	processed_trials			80.0	0.9791528024411694					False				High					0.5973418573797771		9.0	40.0	40.0	True	False	False	0.5972999999999997	0.5972999999999997	24.554372273282663	1.0525	-0.21351052644749474	Right	1.0525	
170657.5703	1.0524999999906868	states																																	"       state_name
id               
3   wait_for_poke"
170658.62279999998	0.9792000000015832	states																																	"        state_name
id                
1   nose_in_center"
170659.60199999998	0.0020000000076834112	states																																	"   state_name
id           
5      go_cue"
170659.604	0.597299999993993	states																																	"            state_name
id                    
6   wait_for_side_poke"
170660.2013	0.03169999999227002	states																																	"         state_name
id                 
4   announce_reward"
170660.23299999998	0.9201000000175554	states																																	"   state_name
id           
8      reward"
170661.1531	0.00010000000474974513	states																																	"    state_name
id            
7   stop_sound"
170661.4166	14.320899999991525	trials	1.0	4.0	80.0	1.056253713510542	0.0	0.15	True	5355.0	True	False	10632.0	False	High	True	False	0.002	0.0	100.0	1.5	9.0													
170661.4166	14.320899999991525	processed_trials			80.0	1.056253713510542					True				High					100.0		9.0	40.0	40.0	False	False	True	9.613299999999999	9.613299999999999	24.554372273282663	3.4492	-0.151774344476417	Right	1.2687	
170661.4166	3.4492000000027474	states																																	"       state_name
id               
3   wait_for_poke"
170664.8658	1.056299999996554	states																																	"        state_name
id                
1   nose_in_center"
170665.9221	0.0020000000076834112	states																																	"   state_name
id           
5      go_cue"
170665.9241	9.613299999997253	states																																	"            state_name
id                    
6   wait_for_side_poke"
170675.5374	0.1999999999825377	states																																	"   state_name
id           
0     opt_out"
170675.73739999998	0.00010000000474974513	states																																	"    state_name
id            
7   stop_sound"
170676.007	6.553299999999581	trials	1.0	4.0	40.0	1.0226147963369039	0.0	0.15	True	5355.0	False	False	10633.0	False	High	True	False	0.002	0.0	4.16837467531732	1.5	9.0													
170676.007	6.553299999999581	processed_trials			40.0	1.0226147963369039					False				High					4.16837467531732		9.0	40.0	40.0	True	False	False	4.1684	4.1684	24.554372273282663	0.0683	-0.2388623645148101	Left	0.0683	
170676.007	0.06830000001355074	states																																	"       state_name
id               
3   wait_for_poke"
170676.07530000003	1.0225999999966007	states																																	"        state_name
id                
1   nose_in_center"
170677.09790000002	0.001999999978579581	states																																	"   state_name
id           
5      go_cue"
170677.0999	4.168400000024121	states																																	"            state_name
id                    
6   wait_for_side_poke"
170681.26830000003	0.9645999999775086	states																																	"         state_name
id                 
4   announce_reward"
170682.2329	0.32730000000447035	states																																	"   state_name
id           
8      reward"
170682.5602	0.00010000000474974513	states																																	"    state_name
id            
7   stop_sound"
170682.8349	6.102000000013504	trials	1.0	4.0	40.0	0.8825643415560103	0.0	0.15	True	5395.0	False	False	10634.0	False	High	True	False	0.002	0.0	0.08704412162625859	1.5	9.0													
170682.8349	6.102000000013504	processed_trials			40.0	0.8825643415560103					False				High					0.08704412162625859		9.0	40.0	40.0	True	False	False	0.08699999999999974	0.08699999999999974	24.554372273282663	3.8521	-0.1413961128595491	Right	0.71	
170682.8349	3.85209999998915	states																																	"       state_name
id               
3   wait_for_poke"
170686.68699999998	0.8826000000117347	states																																	"        state_name
id                
1   nose_in_center"
170687.5696	0.0020000000076834112	states																																	"   state_name
id           
5      go_cue"
170687.5716	0.08699999999953434	states																																	"            state_name
id                    
6   wait_for_side_poke"
170687.6586	0.8202999999921303	states																																	"         state_name
id                 
4   announce_reward"
170688.4789	0.4579000000085216	states																																	"   state_name
id           
8      reward"
170688.9368	0.00010000000474974513	states																																	"    state_name
id            
7   stop_sound"
170689.2064	5.5228000000061	trials	1.0	4.0	80.0	1.0832891883687812	0.0	0.15	True	5435.0	False	False	10635.0	False	High	True	False	0.002	0.0	1.3658067660483044	1.5	9.0													
170689.2064	5.5228000000061	processed_trials			80.0	1.0832891883687812					False				High					1.3658067660483044		9.0	40.0	40.0	True	False	False	1.3657999999999997	1.3657999999999997	24.554372273282663	1.7662	-0.19512645123042202	Right	0.7121000000000002	
170689.2064	1.7662000000127591	states																																	"       state_name
id               
3   wait_for_poke"
170690.9726	1.0832999999984168	states																																	"        state_name
id                
1   nose_in_center"
170692.0559	0.001999999978579581	states																																	"   state_name
id           
5      go_cue"
170692.05789999999	1.365799999999581	states																																	"            state_name
id                    
6   wait_for_side_poke"
170693.42369999998	0.38530000002356246	states																																	"         state_name
id                 
4   announce_reward"
170693.809	0.9200999999884516	states																																	"   state_name
id           
8      reward"
170694.7291	0.00010000000474974513	states																																	"    state_name
id            
7   stop_sound"
170694.9992	3.9487000000081025	trials	1.0	4.0	40.0	1.0147088650426275	0.0	0.15	True	5515.0	False	False	10636.0	False	High	True	False	0.002	0.0	0.06560028667543812	1.5	9.0													
170694.9992	3.9487000000081025	processed_trials			40.0	1.0147088650426275					False				High					0.06560028667543812		9.0	40.0	40.0	True	False	False	0.06559999999999988	0.06559999999999988	24.554372273282663	2.0211	-0.18856052608984217	Left	2.0211	
170694.9992	2.021100000012666	states																																	"       state_name
id               
3   wait_for_poke"
170697.0203	1.0146999999997206	states																																	"        state_name
id                
1   nose_in_center"
170698.035	0.001999999978579581	states																																	"   state_name
id           
5      go_cue"
170698.03699999998	0.06560000000172295	states																																	"            state_name
id                    
6   wait_for_side_poke"
170698.10259999998	0.5179000000061933	states																																	"         state_name
id                 
4   announce_reward"
170698.6205	0.32730000000447035	states																																	"   state_name
id           
8      reward"
170698.9478	0.00010000000474974513	states																																	"    state_name
id            
7   stop_sound"
170699.2172	7.297999999980675	trials	1.0	4.0	40.0	1.1142405186180748	0.0	0.15	True	5555.0	False	False	10637.0	False	High	True	False	0.002	0.0	1.2138529931667683	1.5	9.0													
170699.2172	7.297999999980675	processed_trials			40.0	1.1142405186180748					False				High					1.2138529931667683		9.0	40.0	40.0	True	False	False	1.2138999999999998	1.2138999999999998	24.554372273282663	4.0271	-0.13688831803961393	Right	0.7267999999999999	
170699.2172	4.027100000006612	states																																	"       state_name
id               
3   wait_for_poke"
170703.24430000002	1.1141999999817926	states																																	"        state_name
id                
1   nose_in_center"
170704.3585	0.0020000000076834112	states																																	"   state_name
id           
5      go_cue"
170704.3605	1.213900000002468	states																																	"            state_name
id                    
6   wait_for_side_poke"
170705.5744	0.4827999999979511	states																																	"         state_name
id                 
4   announce_reward"
170706.0572	0.4579000000085216	states																																	"   state_name
id           
8      reward"
170706.51510000002	0.00010000000474974513	states																																	"    state_name
id            
7   stop_sound"
170706.7865	21.440600000001723	trials	1.0	4.0	80.0	1.0313242074074813	0.0	0.15	True	5595.0	True	False	10638.0	True	Mixed	True	False	0.002	0.0	100.0	1.5	9.0													
170706.7865	21.440600000001723	processed_trials			80.0	1.0313242074074813					True				Mixed					100.0		9.0	40.0	40.0	False	False	True	18.4466	18.4466	24.554372273282663	1.7606	-0.19527070066465996	Left	1.7606	
170706.7865	1.7606000000087079	states																																	"       state_name
id               
3   wait_for_poke"
170708.5471	1.0313000000023749	states																																	"        state_name
id                
1   nose_in_center"
170709.5784	0.001999999978579581	states																																	"   state_name
id           
5      go_cue"
170709.58039999998	18.446600000024773	states																																	"            state_name
id                    
6   wait_for_side_poke"
170728.027	0.1999999999825377	states																																	"   state_name
id           
0     opt_out"
170728.22699999998	0.00010000000474974513	states																																	"    state_name
id            
7   stop_sound"
170728.5167	3.8696000000054482	trials	1.0	4.0	20.0	1.1304714213090639	0.0	0.15	True	5595.0	False	False	10639.0	False	Mixed	True	False	0.002	0.0	2.313500185854431	1.5	9.0													
170728.5167	3.8696000000054482	processed_trials			20.0	1.1304714213090639					False				Mixed					2.313500185854431		9.0	40.0	40.0	True	False	False	2.3135000000000003	2.3135000000000003	24.554372273282663	0.22390000000000002	-0.23485429094919918	Left	0.22390000000000002	
170728.5167	0.22390000001178123	states																																	"       state_name
id               
3   wait_for_poke"
170728.74060000002	1.1304999999993015	states																																	"        state_name
id                
1   nose_in_center"
170729.87110000002	0.001999999978579581	states																																	"   state_name
id           
5      go_cue"
170729.8731	2.3135000000183936	states																																	"            state_name
id                    
6   wait_for_side_poke"
170732.18660000002	0.017299999977694824	states																																	"         state_name
id                 
4   announce_reward"
170732.2039	0.18230000001494773	states																																	"   state_name
id           
8      reward"
170732.3862	0.00010000000474974513	states																																	"    state_name
id            
7   stop_sound"
170732.6594	7.798299999994924	trials	1.0	4.0	10.0	1.1304714	0.0	0.15	True	5615.0	False	False	10640.0	False	Mixed	True	False	0.002	0.0	2.8944425115110537	1.5	9.0													
170732.6594	7.798299999994924	processed_trials			10.0	1.1304714					False				Mixed					2.8944425115110537		9.0	40.0	40.0	False	True	False			24.554372273282663	3.1803000000000003	-0.15870089320259162	Left	0.8133000000000004	
170732.6594	3.1803000000072643	states																																	"       state_name
id               
3   wait_for_poke"
170735.8397	0.61799999998766	states																																	"        state_name
id                
1   nose_in_center"
170736.4577	4.0	states																																	"          state_name
id                  
2   punish_violation"
170740.7319	6.457199999975273	trials	1.0	4.0	10.0	1.0556193914325516	0.0	0.15	True	5615.0	True	False	10641.0	False	Mixed	True	True	0.002	0.0	100.0	1.5	9.0													
170740.7319	6.457199999975273	processed_trials			10.0	1.0556193914325516					True				Mixed					100.0		9.0	40.0	40.0	False	True	False			24.554372273282663	2.3710999999999998	-0.17954493644997183	Right	2.3710999999999998	
170740.7319	2.371099999989383	states																																	"       state_name
id               
3   wait_for_poke"
170743.103	0.0861000000149943	states																																	"        state_name
id                
1   nose_in_center"
170743.18910000002	4.0	states																																	"          state_name
id                  
2   punish_violation"
170747.4584	9.505999999993946	trials	1.0	4.0	10.0	1.1190416491391506	0.0	0.15	True	5615.0	False	False	10642.0	False	Mixed	True	True	0.002	0.0	1.8079493678707894	1.5	9.0													
170747.4584	9.505999999993946	processed_trials			10.0	1.1190416491391506					False				Mixed					1.8079493678707894		9.0	40.0	40.0	False	True	False			24.554372273282663	4.7249	-0.11891380818046673	Left	4.7249	
170747.4584	4.724900000001071	states																																	"       state_name
id               
3   wait_for_poke"
170752.1833	0.7810999999928754	states																																	"        state_name
id                
1   nose_in_center"
170752.9644	4.0	states																																	"          state_name
id                  
2   punish_violation"
170757.2403	12.007199999992736	trials	1.0	4.0	10.0	1.1190416	0.0	0.15	True	5615.0	False	False	10643.0	False	Mixed	True	True	0.002	0.0	2.218445618765636	1.5	9.0													
170757.2403	12.007199999992736	processed_trials			10.0	1.1190416					False				Mixed					2.218445618765636		9.0	40.0	40.0	False	True	False			24.554372273282663	7.804	-0.03959980229439605	Right	7.804	
170757.2403	7.804000000003725	states																																	"       state_name
id               
3   wait_for_poke"
170765.0443	0.2031999999890104	states																																	"        state_name
id                
1   nose_in_center"
170765.2475	4.0	states																																	"          state_name
id                  
2   punish_violation"
170769.522	52.00030000001425	trials	1.0	4.0	10.0	0.9196829020940744	0.0	0.15	True	5615.0	False	False	10644.0	False	Mixed	True	True	0.002	0.0	0.6915378150600857	1.5	9.0													
170769.522	52.00030000001425	processed_trials			10.0	0.9196829020940744					False				Mixed					0.6915378150600857		9.0	40.0	40.0	True	False	False	0.6914999999999978	0.6914999999999978	24.554372273282663	49.826800000000006	1.0428582557580126	Right	49.826800000000006	
170769.522	49.826800000009825	states																																	"       state_name
id               
3   wait_for_poke"
170819.3488	0.9196999999985565	states																																	"        state_name
id                
1   nose_in_center"
170820.2685	0.001999999978579581	states																																	"   state_name
id           
5      go_cue"
170820.27049999998	0.6915000000153668	states																																	"            state_name
id                    
6   wait_for_side_poke"
170820.962	0.42660000000614673	states																																	"         state_name
id                 
4   announce_reward"
170821.3886	0.13360000000102445	states																																	"   state_name
id           
8      reward"
170821.5222	0.00010000000474974513	states																																	"    state_name
id            
7   stop_sound"
170821.7986	4.339899999991758	trials	1.0	4.0	20.0	1.0689611112713409	0.0	0.15	True	5625.0	False	False	10645.0	False	Mixed	True	False	0.002	0.0	0.7641549704772967	1.5	9.0													
170821.7986	4.339899999991758	processed_trials			20.0	1.0689611112713409					False				Mixed					0.7641549704772967		9.0	40.0	40.0	True	False	False	0.7642000000000002	0.7642000000000002	24.554372273282663	1.9336	-0.19081442349980976	Left	0.8065	
170821.7986	1.933599999989383	states																																	"       state_name
id               
3   wait_for_poke"
170823.7322	1.0690000000176951	states																																	"        state_name
id                
1   nose_in_center"
170824.80120000002	0.001999999978579581	states																																	"   state_name
id           
5      go_cue"
170824.8032	0.7642000000050757	states																																	"            state_name
id                    
6   wait_for_side_poke"
170825.5674	0.3887000000104308	states																																	"         state_name
id                 
4   announce_reward"
170825.9561	0.1822999999858439	states																																	"   state_name
id           
8      reward"
170826.1384	0.00010000000474974513	states																																	"    state_name
id            
7   stop_sound"
170826.4182	17.257800000021234	trials	1.0	4.0	5.0	0.9471027780084637	0.0	0.15	True	5645.0	True	False	10646.0	False	Mixed	True	False	0.002	0.0	100.0	1.5	9.0													
170826.4182	17.257800000021234	processed_trials			5.0	0.9471027780084637					True				Mixed					100.0		9.0	40.0	40.0	False	False	True	13.5885	13.5885	24.554372273282663	2.5201	-0.17570687114614134	Left	0.9120999999999997	
170826.4182	2.5200999999942724	states																																	"       state_name
id               
3   wait_for_poke"
170828.93829999998	0.9471000000194181	states																																	"        state_name
id                
1   nose_in_center"
170829.8854	0.001999999978579581	states																																	"   state_name
id           
5      go_cue"
170829.88739999998	13.588500000012573	states																																	"            state_name
id                    
6   wait_for_side_poke"
170843.4759	0.1999999999825377	states																																	"   state_name
id           
0     opt_out"
170843.67589999997	0.00010000000474974513	states																																	"    state_name
id            
7   stop_sound"
170843.9495	4.649600000004284	trials	1.0	4.0	5.0	1.024033669327105	0.0	0.15	True	5645.0	False	False	10647.0	False	Mixed	True	False	0.002	0.0	1.2258149877481643	1.5	9.0													
170843.9495	4.649600000004284	processed_trials			5.0	1.024033669327105					False				Mixed					1.2258149877481643		9.0	40.0	40.0	False	True	False			24.554372273282663	0.0984	-0.23808702380578128	Right	0.0984	
170843.9495	0.0983999999880325	states																																	"       state_name
id               
3   wait_for_poke"
170844.04789999998	0.5512000000162516	states																																	"        state_name
id                
1   nose_in_center"
170844.5991	4.0	states																																	"          state_name
id                  
2   punish_violation"
170848.8848	266.6012000000046	trials	1.0	4.0	5.0	1.0753486570020576	0.0	0.15	True	5645.0	False	False	10648.0	False	Mixed	True	True	0.002	0.0	1.225815	1.5	9.0													
170848.8848	266.6012000000046	processed_trials			5.0	1.0753486570020576					False				Mixed					1.225815		9.0	40.0	40.0	True	False	False	1.2257999999999356	1.2257999999999356	24.554372273282663	264.174	6.564190814772909	Left	264.174	
170848.8848	264.17399999999907	states																																	"       state_name
id               
3   wait_for_poke"
171113.0588	1.075299999996787	states																																	"        state_name
id                
1   nose_in_center"
171114.1341	0.0020000000076834112	states																																	"   state_name
id           
5      go_cue"
171114.1361	1.225799999985611	states																																	"            state_name
id                    
6   wait_for_side_poke"
171115.3619	0.04940000001806766	states																																	"         state_name
id                 
4   announce_reward"
171115.4113	0.07459999999264255	states																																	"   state_name
id           
8      reward"
171115.4859	0.00010000000474974513	states																																	"    state_name
id            
7   stop_sound"
171115.7666	6.982799999997951	trials	1.0	4.0	40.0	1.0753487	0.0	0.15	True	5650.0	False	False	10649.0	False	Mixed	True	False	0.002	0.0	2.126445046365352	1.5	9.0													
171115.7666	6.982799999997951	processed_trials			40.0	1.0753487					False				Mixed					2.126445046365352		9.0	40.0	40.0	True	False	False	2.1263999999999994	2.1263999999999994	24.554372273282663	3.3593	-0.15409006307248652	Left	1.8765000000000003	
171115.7666	3.3593000000109896	states																																	"       state_name
id               
3   wait_for_poke"
171119.1259	1.075299999996787	states																																	"        state_name
id                
1   nose_in_center"
171120.2012	0.001999999978579581	states																																	"   state_name
id           
5      go_cue"
171120.2032	2.1264000000082888	states																																	"            state_name
id                    
6   wait_for_side_poke"
171122.3296	0.0923999999940861	states																																	"         state_name
id                 
4   announce_reward"
171122.422	0.32730000000447035	states																																	"   state_name
id           
8      reward"
171122.7493	0.00010000000474974513	states																																	"    state_name
id            
7   stop_sound"
171123.0288	8.545699999987846	trials	1.0	4.0	40.0	1.0856006102242035	0.0	0.15	True	5690.0	False	False	10650.0	False	Mixed	True	False	0.002	0.0	1.241730388952497	1.5	9.0													
171123.0288	8.545699999987846	processed_trials			40.0	1.0856006102242035					False				Mixed					1.241730388952497		9.0	40.0	40.0	True	False	False	1.2416999999999998	1.2416999999999998	24.554372273282663	5.22	-0.1061606126641816	Right	0.6680999999999999	
171123.0288	5.220000000001164	states																																	"       state_name
id               
3   wait_for_poke"
171128.2488	1.0855999999912456	states																																	"        state_name
id                
1   nose_in_center"
171129.3344	0.0020000000076834112	states																																	"   state_name
id           
5      go_cue"
171129.3364	1.2417000000132248	states																																	"            state_name
id                    
6   wait_for_side_poke"
171130.5781	0.5383999999903608	states																																	"         state_name
id                 
4   announce_reward"
171131.1165	0.4579000000085216	states																																	"   state_name
id           
8      reward"
171131.5744	9.999997564591467e-05	states																																	"    state_name
id            
7   stop_sound"
171131.8572	6.702599999989616	trials	1.0	4.0	5.0	1.143188676216718	0.0	0.15	True	5730.0	False	False	10651.0	False	Mixed	True	False	0.002	0.0	1.2417304	1.5	9.0													
171131.8572	6.702599999989616	processed_trials			5.0	1.143188676216718					False				Mixed					1.2417304		9.0	40.0	40.0	False	True	False			24.554372273282663	2.5934	-0.17381874908727707	Left	1.0458999999999998	
171131.8572	2.5934000000124797	states																																	"       state_name
id               
3   wait_for_poke"
171134.4506	0.10919999997713603	states																																	"        state_name
id                
1   nose_in_center"
171134.5598	4.0	states																																	"          state_name
id                  
2   punish_violation"
171138.8416	5.169999999983702	trials	1.0	4.0	5.0	0.8814718966759109	0.0	0.15	True	5730.0	False	False	10652.0	False	Mixed	True	True	0.002	0.0	2.898435569341513	1.5	9.0													
171138.8416	5.169999999983702	processed_trials			5.0	0.8814718966759109					False				Mixed					2.898435569341513		9.0	40.0	40.0	True	False	False	2.8984000000000005	2.8984000000000005	24.554372273282663	0.38380000000000003	-0.23073545442515556	Right	0.38380000000000003	
171138.8416	0.38380000001052395	states																																	"       state_name
id               
3   wait_for_poke"
171139.22540000002	0.8814999999885913	states																																	"        state_name
id                
1   nose_in_center"
171140.1069	0.0020000000076834112	states																																	"   state_name
id           
5      go_cue"
171140.10890000002	2.898400000005495	states																																	"            state_name
id                    
6   wait_for_side_poke"
171143.00730000003	0.9228000000002794	states																																	"         state_name
id                 
4   announce_reward"
171143.93010000003	0.08139999999548309	states																																	"   state_name
id           
8      reward"
171144.01150000002	0.00010000000474974513	states																																	"    state_name
id            
7   stop_sound"
171144.2912	6.578699999983655	trials	1.0	4.0	10.0	0.8631938720931901	0.0	0.15	True	5735.0	False	False	10653.0	False	Mixed	True	False	0.002	0.0	5.450124548080392	1.5	9.0													
171144.2912	6.578699999983655	processed_trials			10.0	0.8631938720931901					False				Mixed					5.450124548080392		9.0	40.0	40.0	False	True	False			24.554372273282663	2.4636	-0.17716224490229185	Right	1.161	
171144.2912	2.4635999999882188	states																																	"       state_name
id               
3   wait_for_poke"
171146.7548	0.11510000002454035	states																																	"        state_name
id                
1   nose_in_center"
171146.86990000002	4.0	states																																	"          state_name
id                  
2   punish_violation"
