onset	duration	nwb_table	target_duration_for_nose_in_center	violation_time_out	reward_volume_ul	nose_in_center	high_ITI	catch_percentage	punish_sound_enabled	cumulative_reward_volume_ul	is_catch	is_warm_up	trials_in_stage	changed	block_type	auto_change_catch_probability	previous_was_violation	time_increment_for_reward_delay	time_increment_for_nose_in_center	reward_delay	target_reward_delay	training_stage	num_trials_in_adaptation_blocks	num_trials_in_mixed_blocks	is_rewarded	is_violation	is_opt_out	wait_time	wait_time_unthresholded	wait_time_threshold	wait_for_center_poke	z_scored_wait_for_center_poke	rewarded_port	inter_trial_interval	state_type
593541.1238	266.0159000001149	trials	1.0	2.0	20.0	1.1468	0.0	0.15	True	0.0	False	False	35451.0	False	High	True	False	0.025	0.0	4.569	1.5	9.0													
593541.1238	266.0159000001149	processed_trials			20.0	1.1468					False				High					4.569		9.0	40.0	40.0	False	True	False			20.373136501193883			Left	263.196	
593541.1238	263.1959999999963	states																																	"       state_name
id               
3   wait_for_poke"
593804.3197999999	0.8199000000022352	states																																	"        state_name
id                
1   nose_in_center"
593805.1396999999	2.0	states																																	"          state_name
id                  
2   punish_violation"
593807.1659	7.699599999934435	trials	1.0	2.0	20.0	1.192922945621377	0.0	0.15	True	0.0	True	False	35453.0	False	High	True	True	0.025	0.0	100.0	1.5	9.0													
593807.1659	7.699599999934435	processed_trials			20.0	1.192922945621377					True				High					100.0		9.0	40.0	40.0	False	True	False			20.373136501193883	5.3441	-0.05806878163354494	Left	5.3441	
593807.1659	5.34409999998752	states																																	"       state_name
id               
3   wait_for_poke"
593812.51	0.35550000006332994	states																																	"        state_name
id                
1   nose_in_center"
593812.8655000001	2.0	states																																	"          state_name
id                  
2   punish_violation"
593814.891	6.613000000012107	trials	1.0	2.0	20.0	1.1580094836411425	0.0	0.15	True	0.0	False	False	35454.0	False	High	True	True	0.025	0.0	0.48126604085767866	1.5	9.0													
593814.891	6.613000000012107	processed_trials			20.0	1.1580094836411425					False				High					0.48126604085767866		9.0	40.0	40.0	True	False	False	0.48130000000000006	0.48130000000000006	20.373136501193883	4.7348	-0.07966653180195077	Left	4.7348	
593814.891	4.734799999976531	states																																	"       state_name
id               
3   wait_for_poke"
593819.6257999999	1.1580000000540167	states																																	"        state_name
id                
1   nose_in_center"
593820.7838	0.001999999978579581	states																																	"   state_name
id           
5      go_cue"
593820.7858	0.4812999999849126	states																																	"            state_name
id                    
6   wait_for_side_poke"
593821.2670999999	0.08790000004228204	states																																	"         state_name
id                 
4   announce_reward"
593821.355	0.1488999999128282	states																																	"   state_name
id           
8      reward"
593821.5038999999	0.00010000006295740604	states																																	"    state_name
id            
7   stop_sound"
593821.532	5.031399999978021	trials	1.0	2.0	10.0	0.9460800326746166	0.0	0.15	True	20.0	True	False	35455.0	False	Mixed	True	False	0.025	0.0	100.0	1.5	9.0													
593821.532	5.031399999978021	processed_trials			10.0	0.9460800326746166					True				Mixed					100.0		9.0	40.0	40.0	False	True	False			20.373136501193883	2.8079	-0.14796901793275857	Left	0.3775999999999997	
593821.532	2.8079000000143424	states																																	"       state_name
id               
3   wait_for_poke"
593824.3399	0.22349999996367842	states																																	"        state_name
id                
1   nose_in_center"
593824.5634	2.0	states																																	"          state_name
id                  
2   punish_violation"
593826.5902	2.6251000000629574	trials	1.0	2.0	10.0	1.0201748139919418	0.0	0.15	True	20.0	False	False	35456.0	False	Mixed	True	True	0.025	0.0	0.1806733758097357	1.5	9.0													
593826.5902	2.6251000000629574	processed_trials			10.0	1.0201748139919418					False				Mixed					0.1806733758097357		9.0	40.0	40.0	False	True	False			20.373136501193883	0.2851	-0.23739426678365996	Left	0.2851	
593826.5902	0.2850999999791384	states																																	"       state_name
id               
3   wait_for_poke"
593826.8753	0.3399999999674037	states																																	"        state_name
id                
1   nose_in_center"
593827.2152999999	2.0	states																																	"          state_name
id                  
2   punish_violation"
593829.2414	3.838499999954365	trials	1.0	2.0	10.0	1.0201748	0.0	0.15	True	20.0	False	False	35457.0	False	Mixed	True	True	0.025	0.0	4.400496169062742	1.5	9.0													
593829.2414	3.838499999954365	processed_trials			10.0	1.0201748					False				Mixed					4.400496169062742		9.0	40.0	40.0	False	True	False			20.373136501193883	1.7703	-0.1847486430349051	Right	1.7703	
593829.2414	1.770299999974668	states																																	"       state_name
id               
3   wait_for_poke"
593831.0117	0.06819999997969717	states																																	"        state_name
id                
1   nose_in_center"
593831.0799	2.0	states																																	"          state_name
id                  
2   punish_violation"
593833.1064	6.715800000005402	trials	1.0	2.0	10.0	0.9278324432691542	0.0	0.15	True	20.0	False	False	35458.0	False	Mixed	True	True	0.025	0.0	4.766706770416662	1.5	9.0													
593833.1064	6.715800000005402	processed_trials			10.0	0.9278324432691542					False				Mixed					4.766706770416662		9.0	40.0	40.0	True	False	False	4.766699999999999	4.766699999999999	20.373136501193883	0.7343999999999999	-0.22146800853540008	Right	0.7343999999999999	
593833.1064	0.7343999999575317	states																																	"       state_name
id               
3   wait_for_poke"
593833.8408	0.9278000000631437	states																																	"        state_name
id                
1   nose_in_center"
593834.7686000001	0.001999999978579581	states																																	"   state_name
id           
5      go_cue"
593834.7706	4.766700000036508	states																																	"            state_name
id                    
6   wait_for_side_poke"
593839.5373000001	0.19309999991673976	states																																	"         state_name
id                 
4   announce_reward"
593839.7304	0.09169999998994172	states																																	"   state_name
id           
8      reward"
593839.8221	0.00010000006295740604	states																																	"    state_name
id            
7   stop_sound"
593839.8555	4.167500000097789	trials	1.0	2.0	40.0	1.0682321991841222	0.0	0.15	True	30.0	False	False	35459.0	False	Mixed	True	False	0.025	0.0	7.84133482900824	1.5	9.0													
593839.8555	4.167500000097789	processed_trials			40.0	1.0682321991841222					False				Mixed					7.84133482900824		9.0	40.0	40.0	False	True	False			20.373136501193883	2.1519	-0.17122213480535697	Right	1.2595999999999998	
593839.8555	2.1519000000553206	states																																	"       state_name
id               
3   wait_for_poke"
593842.0074	0.015599999926052988	states																																	"        state_name
id                
1   nose_in_center"
593842.0229999999	2.0	states																																	"          state_name
id                  
2   punish_violation"
593844.0552	4.1294000000925735	trials	1.0	2.0	40.0	0.8275122313244483	0.0	0.15	True	30.0	False	False	35460.0	False	Mixed	True	True	0.025	0.0	2.1893771957087926	1.5	9.0													
593844.0552	4.1294000000925735	processed_trials			40.0	0.8275122313244483					False				Mixed					2.1893771957087926		9.0	40.0	40.0	True	False	False	2.1894	2.1894	20.373136501193883	0.6566000000000001	-0.22422577148157105	Right	0.6566000000000001	
593844.0552	0.6565999999875203	states																																	"       state_name
id               
3   wait_for_poke"
593844.7117999999	0.8275000000139698	states																																	"        state_name
id                
1   nose_in_center"
593845.5393	0.001999999978579581	states																																	"   state_name
id           
5      go_cue"
593845.5412999999	2.1894000000320375	states																																	"            state_name
id                    
6   wait_for_side_poke"
593847.7307	0.1596999999601394	states																																	"         state_name
id                 
4   announce_reward"
593847.8903999999	0.29410000005736947	states																																	"   state_name
id           
8      reward"
593848.1845	9.999994654208422e-05	states																																	"    state_name
id            
7   stop_sound"
593848.2177	4.716999999945983	trials	1.0	2.0	20.0	1.0395158753825455	0.0	0.15	True	70.0	False	False	35461.0	False	Mixed	True	False	0.025	0.0	3.2182672153961223	1.5	9.0													
593848.2177	4.716999999945983	processed_trials			20.0	1.0395158753825455					False				Mixed					3.2182672153961223		9.0	40.0	40.0	False	True	False			20.373136501193883	2.6826999999999996	-0.1524069603602728	Right	1.4049999999999996	
593848.2177	2.682700000004843	states																																	"       state_name
id               
3   wait_for_poke"
593850.9004	0.03429999994114041	states																																	"        state_name
id                
1   nose_in_center"
593850.9347	2.0	states																																	"          state_name
id                  
2   punish_violation"
593852.9675	2.4834999999729916	trials	1.0	2.0	20.0	1.0318191781127957	0.0	0.15	True	70.0	False	False	35462.0	False	Mixed	True	True	0.025	0.0	0.08848239501555859	1.5	9.0													
593852.9675	2.4834999999729916	processed_trials			20.0	1.0318191781127957					False				Mixed					0.08848239501555859		9.0	40.0	40.0	True	False	False	0.08850000000000002	0.08850000000000002	20.373136501193883	0.7505	-0.2208973146609354	Left	0.7505	
593852.9675	0.7504999999655411	states																																	"       state_name
id               
3   wait_for_poke"
593853.718	1.0317999999970198	states																																	"        state_name
id                
1   nose_in_center"
593854.7498	0.0020000000949949026	states																																	"   state_name
id           
5      go_cue"
593854.7518000001	0.0884999999543652	states																																	"            state_name
id                    
6   wait_for_side_poke"
593854.8403	0.4616999999852851	states																																	"         state_name
id                 
4   announce_reward"
593855.302	0.14890000002924353	states																																	"   state_name
id           
8      reward"
593855.4509	9.999994654208422e-05	states																																	"    state_name
id            
7   stop_sound"
593855.4863	6.038799999980256	trials	1.0	2.0	5.0	0.8670746010550798	0.0	0.15	True	90.0	False	False	35463.0	False	Mixed	True	False	0.025	0.0	3.1386202368325216	1.5	9.0													
593855.4863	6.038799999980256	processed_trials			5.0	0.8670746010550798					False				Mixed					3.1386202368325216		9.0	40.0	40.0	True	False	False	3.1386000000000003	3.1386000000000003	20.373136501193883	1.8988	-0.18019372608653786	Right	0.8328	
593855.4863	1.8987999999662861	states																																	"       state_name
id               
3   wait_for_poke"
593857.3851	0.8671000000322238	states																																	"        state_name
id                
1   nose_in_center"
593858.2522	0.001999999978579581	states																																	"   state_name
id           
5      go_cue"
593858.2542	3.1386000000638887	states																																	"            state_name
id                    
6   wait_for_side_poke"
593861.3928	0.07380000001285225	states																																	"         state_name
id                 
4   announce_reward"
593861.4666	0.05839999997988343	states																																	"   state_name
id           
8      reward"
593861.525	9.999994654208422e-05	states																																	"    state_name
id            
7   stop_sound"
593861.5593	3.679200000013225	trials	1.0	2.0	40.0	1.1970980023460533	0.0	0.15	True	95.0	False	False	35464.0	False	Mixed	True	False	0.025	0.0	0.25265150136904113	1.5	9.0													
593861.5593	3.679200000013225	processed_trials			40.0	1.1970980023460533					False				Mixed					0.25265150136904113		9.0	40.0	40.0	False	True	False			20.373136501193883	1.6562999999999999	-0.1887895810280091	Left	0.6248999999999998	
593861.5593	1.6563000000314787	states																																	"       state_name
id               
3   wait_for_poke"
593863.2156	0.022899999981746078	states																																	"        state_name
id                
1   nose_in_center"
593863.2385	2.0	states																																	"          state_name
id                  
2   punish_violation"
593865.2717	3.3186999999452382	trials	1.0	2.0	40.0	1.198883512776557	0.0	0.15	True	95.0	False	False	35465.0	False	Mixed	True	True	0.025	0.0	4.21839153996974	1.5	9.0													
593865.2717	3.3186999999452382	processed_trials			40.0	1.198883512776557					False				Mixed					4.21839153996974		9.0	40.0	40.0	False	True	False			20.373136501193883	0.126	-0.24303385656175508	Left	0.126	
593865.2717	0.12600000004749745	states																																	"       state_name
id               
3   wait_for_poke"
593865.3977000001	1.1926999998977408	states																																	"        state_name
id                
1   nose_in_center"
593866.5904	2.0	states																																	"          state_name
id                  
2   punish_violation"
593868.6246	9.959400000050664	trials	1.0	2.0	40.0	1.0464234332439275	0.0	0.15	True	95.0	True	False	35466.0	False	Mixed	True	True	0.025	0.0	100.0	1.5	9.0													
593868.6246	9.959400000050664	processed_trials			40.0	1.0464234332439275					True				Mixed					100.0		9.0	40.0	40.0	False	False	True	8.663599999999999	8.663599999999999	20.373136501193883	0.047299999999999995	-0.2458235216499769	Left	0.047299999999999995	
593868.6246	0.04729999997653067	states																																	"       state_name
id               
3   wait_for_poke"
593868.6719	1.0463999999919906	states																																	"        state_name
id                
1   nose_in_center"
593869.7183	0.001999999978579581	states																																	"   state_name
id           
5      go_cue"
593869.7202999999	8.663600000087172	states																																	"            state_name
id                    
6   wait_for_side_poke"
593878.3839	0.19999999995343387	states																																	"   state_name
id           
0     opt_out"
593878.5839	0.00010000006295740604	states																																	"    state_name
id            
7   stop_sound"
593878.62	2.62140000006184	trials	1.0	2.0	10.0	0.9328302594615803	0.0	0.15	True	95.0	False	False	35467.0	False	Mixed	True	False	0.025	0.0	0.8506573300267082	1.5	9.0													
593878.62	2.62140000006184	processed_trials			10.0	0.9328302594615803					False				Mixed					0.8506573300267082		9.0	40.0	40.0	False	True	False			20.373136501193883	0.5618	-0.22758613044425755	Right	0.5618	
593878.62	0.5618000000249594	states																																	"       state_name
id               
3   wait_for_poke"
593879.1818	0.05959999992046505	states																																	"        state_name
id                
1   nose_in_center"
593879.2413999999	2.0	states																																	"          state_name
id                  
2   punish_violation"
593881.2835	6.683799999998882	trials	1.0	2.0	10.0	1.0310741122187521	0.0	0.15	True	95.0	False	False	35468.0	False	Mixed	True	True	0.025	0.0	0.8092999147756066	1.5	9.0													
593881.2835	6.683799999998882	processed_trials			10.0	1.0310741122187521					False				Mixed					0.8092999147756066		9.0	40.0	40.0	True	False	False	0.8092999999999995	0.8092999999999995	20.373136501193883	4.695	-0.08107731541708707	Right	4.695	
593881.2835	4.694999999948777	states																																	"       state_name
id               
3   wait_for_poke"
593885.9785	1.0311000000219792	states																																	"        state_name
id                
1   nose_in_center"
593887.0096	0.001999999978579581	states																																	"   state_name
id           
5      go_cue"
593887.0116	0.8093000000808388	states																																	"            state_name
id                    
6   wait_for_side_poke"
593887.8209	0.05459999991580844	states																																	"         state_name
id                 
4   announce_reward"
593887.8755	0.09170000010635704	states																																	"   state_name
id           
8      reward"
593887.9672000001	9.999994654208422e-05	states																																	"    state_name
id            
7   stop_sound"
593888.0081	3.2863000000361353	trials	1.0	2.0	20.0	1.0310741	0.0	0.15	True	105.0	False	False	35469.0	False	Mixed	True	False	0.025	0.0	0.36954844616139126	1.5	9.0													
593888.0081	3.2863000000361353	processed_trials			20.0	1.0310741					False				Mixed					0.36954844616139126		9.0	40.0	40.0	False	True	False			20.373136501193883	1.2339	-0.2037623196971944	Right	0.5165000000000001	
593888.0081	1.2338999999919906	states																																	"       state_name
id               
3   wait_for_poke"
593889.242	0.05240000004414469	states																																	"        state_name
id                
1   nose_in_center"
593889.2944	2.0	states																																	"          state_name
id                  
2   punish_violation"
593891.3335	6.564500000094995	trials	1.0	2.0	20.0	1.179565106180986	0.0	0.15	True	105.0	True	False	35470.0	False	Mixed	True	True	0.025	0.0	100.0	1.5	9.0													
593891.3335	6.564500000094995	processed_trials			20.0	1.179565106180986					True				Mixed					100.0		9.0	40.0	40.0	False	False	True	4.7299	4.7299	20.373136501193883	0.45289999999999997	-0.2314462896324069	Right	0.45289999999999997	
593891.3335	0.4529000000329688	states																																	"       state_name
id               
3   wait_for_poke"
593891.7864	1.1795999999158084	states																																	"        state_name
id                
1   nose_in_center"
593892.9659999999	0.0020000000949949026	states																																	"   state_name
id           
5      go_cue"
593892.968	4.729899999918416	states																																	"            state_name
id                    
6   wait_for_side_poke"
593897.6978999999	0.2000000000698492	states																																	"   state_name
id           
0     opt_out"
593897.8979	9.999994654208422e-05	states																																	"    state_name
id            
7   stop_sound"
593897.9379	2.2118999999947846	trials	1.0	2.0	10.0	0.8247803728173803	0.0	0.15	True	105.0	False	False	35471.0	False	Mixed	True	False	0.025	0.0	3.3476553282958452	1.5	9.0													
593897.9379	2.2118999999947846	processed_trials			10.0	0.8247803728173803					False				Mixed					3.3476553282958452		9.0	40.0	40.0	False	True	False			20.373136501193883	0.1709	-0.24144229414166415	Left	0.1709	
593897.9379	0.17090000002644956	states																																	"       state_name
id               
3   wait_for_poke"
593898.1088	0.04099999996833503	states																																	"        state_name
id                
1   nose_in_center"
593898.1498	2.0	states																																	"          state_name
id                  
2   punish_violation"
593900.1885	2.183599999989383	trials	1.0	2.0	10.0	0.962621299489795	0.0	0.15	True	105.0	False	False	35472.0	False	Mixed	True	True	0.025	0.0	1.0601444214440778	1.5	9.0													
593900.1885	2.183599999989383	processed_trials			10.0	0.962621299489795					False				Mixed					1.0601444214440778		9.0	40.0	40.0	False	True	False			20.373136501193883	0.1529	-0.24208033698268056	Left	0.1529	
593900.1885	0.1528999999864027	states																																	"       state_name
id               
3   wait_for_poke"
593900.3414	0.030700000002980232	states																																	"        state_name
id                
1   nose_in_center"
593900.3721	2.0	states																																	"          state_name
id                  
2   punish_violation"
593902.4125	4.603100000065751	trials	1.0	2.0	10.0	0.8006660269500059	0.0	0.15	True	105.0	False	False	35473.0	False	Mixed	True	True	0.025	0.0	2.249403116311873	1.5	9.0													
593902.4125	4.603100000065751	processed_trials			10.0	0.8006660269500059					False				Mixed					2.249403116311873		9.0	40.0	40.0	True	False	False	2.2494000000000005	2.2494000000000005	20.373136501193883	1.1825	-0.2055842864765413	Left	1.1825	
593902.4125	1.1824999999953434	states																																	"       state_name
id               
3   wait_for_poke"
593903.595	0.8007000000216067	states																																	"        state_name
id                
1   nose_in_center"
593904.3957	0.001999999978579581	states																																	"   state_name
id           
5      go_cue"
593904.3977	2.2493999999715015	states																																	"            state_name
id                    
6   wait_for_side_poke"
593906.6471	0.2830000000540167	states																																	"         state_name
id                 
4   announce_reward"
593906.9301	0.08539999998174608	states																																	"   state_name
id           
8      reward"
593907.0155	9.999994654208422e-05	states																																	"    state_name
id            
7   stop_sound"
593907.0596	5.177399999927729	trials	1.0	2.0	80.0	1.028707453053289	0.0	0.15	True	115.0	False	False	35474.0	False	Mixed	True	False	0.025	0.0	1.631434229249281	1.5	9.0													
593907.0596	5.177399999927729	processed_trials			80.0	1.028707453053289					False				Mixed					1.631434229249281		9.0	40.0	40.0	True	False	False	1.6314000000000002	1.6314000000000002	20.373136501193883	1.4327	-0.19671549098641308	Left	0.5727000000000001	
593907.0596	1.4327000000048429	states																																	"       state_name
id               
3   wait_for_poke"
593908.4923	1.0287000000244007	states																																	"        state_name
id                
1   nose_in_center"
593909.5210000001	0.001999999978579581	states																																	"   state_name
id           
5      go_cue"
593909.523	1.6313999999547377	states																																	"            state_name
id                    
6   wait_for_side_poke"
593911.1544	0.5450000000419095	states																																	"         state_name
id                 
4   announce_reward"
593911.6994	0.5374999999767169	states																																	"   state_name
id           
8      reward"
593912.2369	0.00010000006295740604	states																																	"    state_name
id            
7   stop_sound"
593912.2883	5.631900000036694	trials	1.0	2.0	5.0	0.9928835748950409	0.0	0.15	True	195.0	False	False	35475.0	False	Mixed	True	False	0.025	0.0	1.375887719872407	1.5	9.0													
593912.2883	5.631900000036694	processed_trials			5.0	0.9928835748950409					False				Mixed					1.375887719872407		9.0	40.0	40.0	False	True	False			20.373136501193883	3.4994	-0.12345753879037774	Right	0.9510000000000001	
593912.2883	3.4993999999715015	states																																	"       state_name
id               
3   wait_for_poke"
593915.7877	0.13250000006519258	states																																	"        state_name
id                
1   nose_in_center"
593915.9202	2.0	states																																	"          state_name
id                  
2   punish_violation"
593917.9601	2.0856999999377877	trials	1.0	2.0	5.0	1.0295539948131418	0.0	0.15	True	195.0	False	False	35476.0	False	Mixed	True	True	0.025	0.0	7.923107595550815	1.5	9.0													
593917.9601	2.0856999999377877	processed_trials			5.0	1.0295539948131418					False				Mixed					7.923107595550815		9.0	40.0	40.0	False	True	False			20.373136501193883	0.0121	-0.247071249872409	Right	0.0121	
593917.9601	0.012100000050850213	states																																	"       state_name
id               
3   wait_for_poke"
593917.9722000001	0.07360000000335276	states																																	"        state_name
id                
1   nose_in_center"
593918.0458000001	2.0	states																																	"          state_name
id                  
2   punish_violation"
593920.0856	2.296100000035949	trials	1.0	2.0	5.0	0.9209454340114378	0.0	0.15	True	195.0	False	False	35477.0	False	Mixed	True	True	0.025	0.0	1.1197346952079585	1.5	9.0													
593920.0856	2.296100000035949	processed_trials			5.0	0.9209454340114378					False				Mixed					1.1197346952079585		9.0	40.0	40.0	False	True	False			20.373136501193883	0.179	-0.24115517486320673	Left	0.179	
593920.0856	0.1790000000037253	states																																	"       state_name
id               
3   wait_for_poke"
593920.2646	0.11710000003222376	states																																	"        state_name
id                
1   nose_in_center"
593920.3817	2.0	states																																	"          state_name
id                  
2   punish_violation"
593922.4226	3.494099999894388	trials	1.0	2.0	5.0	1.1593291784583735	0.0	0.15	True	195.0	False	False	35478.0	False	Mixed	True	True	0.025	0.0	3.9969683850932243	1.5	9.0													
593922.4226	3.494099999894388	processed_trials			5.0	1.1593291784583735					False				Mixed					3.9969683850932243		9.0	40.0	40.0	False	True	False			20.373136501193883	1.282	-0.20205732743870056	Left	1.282	
593922.4226	1.2820000000065193	states																																	"       state_name
id               
3   wait_for_poke"
593923.7046	0.21210000000428408	states																																	"        state_name
id                
1   nose_in_center"
593923.9167000001	2.0	states																																	"          state_name
id                  
2   punish_violation"
593925.9635	3.4928000000072643	trials	1.0	2.0	5.0	0.8300166857597794	0.0	0.15	True	195.0	False	False	35479.0	False	Mixed	True	True	0.025	0.0	3.9969684	1.5	9.0													
593925.9635	3.4928000000072643	processed_trials			5.0	0.8300166857597794					False				Mixed					3.9969684		9.0	40.0	40.0	False	True	False			20.373136501193883	1.1199000000000001	-0.20780325769029842	Left	1.1199000000000001	
593925.9635	1.1199000000488013	states																																	"       state_name
id               
3   wait_for_poke"
593927.0834	0.372899999958463	states																																	"        state_name
id                
1   nose_in_center"
593927.4563	2.0	states																																	"          state_name
id                  
2   punish_violation"
593929.5037	6.40300000004936	trials	1.0	2.0	5.0	0.9699699456811285	0.0	0.15	True	195.0	False	False	35480.0	False	Mixed	True	True	0.025	0.0	0.8352293961388378	1.5	9.0													
593929.5037	6.40300000004936	processed_trials			5.0	0.9699699456811285					False				Mixed					0.8352293961388378		9.0	40.0	40.0	True	False	False	0.8351999999999995	0.8351999999999995	20.373136501193883	4.5058	-0.08778385461265968	Left	4.5058	
593929.5037	4.505800000042655	states																																	"       state_name
id               
3   wait_for_poke"
593934.0095	0.9699999999720603	states																																	"        state_name
id                
1   nose_in_center"
593934.9795	0.001999999978579581	states																																	"   state_name
id           
5      go_cue"
593934.9815	0.8351999999722466	states																																	"            state_name
id                    
6   wait_for_side_poke"
593935.8167	0.03600000008009374	states																																	"         state_name
id                 
4   announce_reward"
593935.8527	0.053899999940767884	states																																	"   state_name
id           
8      reward"
593935.9066	0.00010000006295740604	states																																	"    state_name
id            
7   stop_sound"
593935.9535	3.053400000091642	trials	1.0	2.0	10.0	0.8662326690517804	0.0	0.15	True	200.0	False	False	35481.0	False	Mixed	True	False	0.025	0.0	0.5897437700853926	1.5	9.0													
593935.9535	3.053400000091642	processed_trials			10.0	0.8662326690517804					False				Mixed					0.5897437700853926		9.0	40.0	40.0	True	False	False	0.5896999999999997	0.5896999999999997	20.373136501193883	1.2462	-0.2033263237558332	Right	0.47319999999999995	
593935.9535	1.2462000000523403	states																																	"       state_name
id               
3   wait_for_poke"
593937.1997	0.8661999999312684	states																																	"        state_name
id                
1   nose_in_center"
593938.0658999999	0.001999999978579581	states																																	"   state_name
id           
5      go_cue"
593938.0678999999	0.5897000000113621	states																																	"            state_name
id                    
6   wait_for_side_poke"
593938.6575999999	0.2575000000651926	states																																	"         state_name
id                 
4   announce_reward"
593938.9151	0.09169999998994172	states																																	"   state_name
id           
8      reward"
593939.0068	9.999994654208422e-05	states																																	"    state_name
id            
7   stop_sound"
593939.0524	3.6583000000100583	trials	1.0	2.0	80.0	0.8631832409556529	0.0	0.15	True	210.0	True	False	35482.0	False	Mixed	True	False	0.025	0.0	100.0	1.5	9.0													
593939.0524	3.6583000000100583	processed_trials			80.0	0.8631832409556529					True				Mixed					100.0		9.0	40.0	40.0	False	True	False			20.373136501193883	1.6311	-0.1896828410054321	Left	0.5496999999999999	
593939.0524	1.6310999999986961	states																																	"       state_name
id               
3   wait_for_poke"
593940.6835	0.027200000011362135	states																																	"        state_name
id                
1   nose_in_center"
593940.7107	2.0	states																																	"          state_name
id                  
2   punish_violation"
593942.758	3.1726999999955297	trials	1.0	2.0	80.0	1.1678140511982282	0.0	0.15	True	210.0	False	False	35483.0	False	Mixed	True	True	0.025	0.0	1.1397574856505153	1.5	9.0													
593942.758	3.1726999999955297	processed_trials			80.0	1.1678140511982282					False				Mixed					1.1397574856505153		9.0	40.0	40.0	True	False	False	1.1397999999999997	1.1397999999999997	20.373136501193883	0.0050999999999999995	-0.2473193776439154	Left	0.0050999999999999995	
593942.758	0.005099999951198697	states																																	"       state_name
id               
3   wait_for_poke"
593942.7631	1.1678000000538304	states																																	"        state_name
id                
1   nose_in_center"
593943.9309	0.001999999978579581	states																																	"   state_name
id           
5      go_cue"
593943.9329	1.1398000000044703	states																																	"            state_name
id                    
6   wait_for_side_poke"
593945.0727	0.32039999996777624	states																																	"         state_name
id                 
4   announce_reward"
593945.3931	0.5375000000931323	states																																	"   state_name
id           
8      reward"
593945.9306000001	9.999994654208422e-05	states																																	"    state_name
id            
7   stop_sound"
593945.9793	19.476599999936298	trials	1.0	2.0	40.0	1.1678141	0.0	0.15	True	290.0	True	False	35484.0	False	Mixed	True	False	0.025	0.0	100.0	1.5	9.0													
593945.9793	19.476599999936298	processed_trials			40.0	1.1678141					True				Mixed					100.0		9.0	40.0	40.0	False	False	True	15.0565	15.0565	20.373136501193883	3.0502	-0.13938025235618753	Right	0.8081	
593945.9793	3.0502000000560656	states																																	"       state_name
id               
3   wait_for_poke"
593949.0295000001	1.1677999999374151	states																																	"        state_name
id                
1   nose_in_center"
593950.1973	0.001999999978579581	states																																	"   state_name
id           
5      go_cue"
593950.1993	15.056500000064261	states																																	"            state_name
id                    
6   wait_for_side_poke"
593965.2558	0.19999999995343387	states																																	"   state_name
id           
0     opt_out"
593965.4558	0.00010000006295740604	states																																	"    state_name
id            
7   stop_sound"
593965.5076	2.5121999999973923	trials	1.0	2.0	20.0	0.9723493036343874	0.0	0.15	True	290.0	False	False	35485.0	False	Mixed	True	False	0.025	0.0	6.5392878429138745	1.5	9.0													
593965.5076	2.5121999999973923	processed_trials			20.0	0.9723493036343874					False				Mixed					6.5392878429138745		9.0	40.0	40.0	False	True	False			20.373136501193883	0.4606	-0.23117334908374984	Right	0.4606	
593965.5076	0.46059999999124557	states																																	"       state_name
id               
3   wait_for_poke"
593965.9682	0.05160000000614673	states																																	"        state_name
id                
1   nose_in_center"
593966.0198	2.0	states																																	"          state_name
id                  
2   punish_violation"
593968.0692	2.5157999999355525	trials	1.0	2.0	20.0	1.1161759402820375	0.0	0.15	True	290.0	False	False	35486.0	False	Mixed	True	True	0.025	0.0	6.5392878	1.5	9.0													
593968.0692	2.5157999999355525	processed_trials			20.0	1.1161759402820375					False				Mixed					6.5392878		9.0	40.0	40.0	False	True	False			20.373136501193883	0.386	-0.2338176821915179	Left	0.386	
593968.0692	0.3860000000568107	states																																	"       state_name
id               
3   wait_for_poke"
593968.4552000001	0.12979999999515712	states																																	"        state_name
id                
1   nose_in_center"
593968.5850000001	2.0	states																																	"          state_name
id                  
2   punish_violation"
593970.6364	2.192200000048615	trials	1.0	2.0	20.0	0.9742646972624387	0.0	0.15	True	290.0	False	False	35487.0	False	Mixed	True	True	0.025	0.0	1.7326222737049013	1.5	9.0													
593970.6364	2.192200000048615	processed_trials			20.0	0.9742646972624387					False				Mixed					1.7326222737049013		9.0	40.0	40.0	False	True	False			20.373136501193883	0.076	-0.2448061977868007	Right	0.076	
593970.6364	0.07600000000093132	states																																	"       state_name
id               
3   wait_for_poke"
593970.7124	0.11620000004768372	states																																	"        state_name
id                
1   nose_in_center"
593970.8286	2.0	states																																	"          state_name
id                  
2   punish_violation"
593972.8833	2.895699999993667	trials	1.0	2.0	20.0	1.075249125384068	0.0	0.15	True	290.0	False	False	35488.0	False	Mixed	True	True	0.025	0.0	1.5395039550628418	1.5	9.0													
593972.8833	2.895699999993667	processed_trials			20.0	1.075249125384068					False				Mixed					1.5395039550628418		9.0	40.0	40.0	True	False	False	1.5395	1.5395	20.373136501193883	0.10990000000000001	-0.24360455043621979	Left	0.10990000000000001	
593972.8833	0.10990000003948808	states																																	"       state_name
id               
3   wait_for_poke"
593972.9932	1.0751999999629334	states																																	"        state_name
id                
1   nose_in_center"
593974.0684	0.001999999978579581	states																																	"   state_name
id           
5      go_cue"
593974.0704	1.5395000000717118	states																																	"            state_name
id                    
6   wait_for_side_poke"
593975.6099	0.020099999965168536	states																																	"         state_name
id                 
4   announce_reward"
593975.63	0.14890000002924353	states																																	"   state_name
id           
8      reward"
593975.7789	9.999994654208422e-05	states																																	"    state_name
id            
7   stop_sound"
593975.8308	5.519800000009127	trials	1.0	2.0	10.0	0.9328691107862773	0.0	0.15	True	310.0	False	False	35489.0	False	Mixed	True	False	0.025	0.0	1.539504	1.5	9.0													
593975.8308	5.519800000009127	processed_trials			10.0	0.9328691107862773					False				Mixed					1.539504		9.0	40.0	40.0	True	False	False	1.5394999999999999	1.5394999999999999	20.373136501193883	2.8495999999999997	-0.14649088535107052	Right	0.6023999999999998	
593975.8308	2.849599999957718	states																																	"       state_name
id               
3   wait_for_poke"
593978.6804	0.9329000000143424	states																																	"        state_name
id                
1   nose_in_center"
593979.6133	0.001999999978579581	states																																	"   state_name
id           
5      go_cue"
593979.6153	1.5395000000717118	states																																	"            state_name
id                    
6   wait_for_side_poke"
593981.1548	0.1039999999338761	states																																	"         state_name
id                 
4   announce_reward"
593981.2588	0.09169999998994172	states																																	"   state_name
id           
8      reward"
593981.3505	0.00010000006295740604	states																																	"    state_name
id            
7   stop_sound"
593981.4062	3.8787000000011176	trials	1.0	2.0	10.0	1.055197731273451	0.0	0.15	True	320.0	False	False	35490.0	False	Mixed	True	False	0.025	0.0	0.23538374381755597	1.5	9.0													
593981.4062	3.8787000000011176	processed_trials			10.0	1.055197731273451					False				Mixed					0.23538374381755597		9.0	40.0	40.0	False	True	False			20.373136501193883	1.8328	-0.1825332165035981	Right	0.6297000000000001	
593981.4062	1.832799999974668	states																																	"       state_name
id               
3   wait_for_poke"
593983.239	0.04590000002644956	states																																	"        state_name
id                
1   nose_in_center"
593983.2849	2.0	states																																	"          state_name
id                  
2   punish_violation"
593985.3382	2.371599999954924	trials	1.0	2.0	10.0	0.9226716604513869	0.0	0.15	True	320.0	False	False	35491.0	False	Mixed	True	True	0.025	0.0	0.23538374	1.5	9.0													
593985.3382	2.371599999954924	processed_trials			10.0	0.9226716604513869					False				Mixed					0.23538374		9.0	40.0	40.0	False	True	False			20.373136501193883	0.17	-0.24147419628371497	Left	0.17	
593985.3382	0.17000000004190952	states																																	"       state_name
id               
3   wait_for_poke"
593985.5082	0.20159999991301447	states																																	"        state_name
id                
1   nose_in_center"
593985.7098	2.0	states																																	"          state_name
id                  
2   punish_violation"
593987.7713	5.212899999925867	trials	1.0	2.0	10.0	1.1669809110199145	0.0	0.15	True	320.0	False	False	35492.0	False	Mixed	True	True	0.025	0.0	1.5174502898756952	1.5	9.0													
593987.7713	5.212899999925867	processed_trials			10.0	1.1669809110199145					False				Mixed					1.5174502898756952		9.0	40.0	40.0	False	True	False			20.373136501193883	3.1785	-0.13483242477272048	Right	3.1785	
593987.7713	3.1785000000381842	states																																	"       state_name
id               
3   wait_for_poke"
593990.9498000001	0.03440000000409782	states																																	"        state_name
id                
1   nose_in_center"
593990.9842000001	2.0	states																																	"          state_name
id                  
2   punish_violation"
593993.0409	6.290099999983795	trials	1.0	2.0	10.0	1.0413230475649904	0.0	0.15	True	320.0	False	False	35493.0	False	Mixed	True	True	0.025	0.0	4.178432457347313	1.5	9.0													
593993.0409	6.290099999983795	processed_trials			10.0	1.0413230475649904					False				Mixed					4.178432457347313		9.0	40.0	40.0	True	False	False	4.1784	4.1784	20.373136501193883	0.4809	-0.23045377854638133	Left	0.4809	
593993.0409	0.4808999999659136	states																																	"       state_name
id               
3   wait_for_poke"
593993.5218	1.041300000040792	states																																	"        state_name
id                
1   nose_in_center"
593994.5631	0.001999999978579581	states																																	"   state_name
id           
5      go_cue"
593994.5651	4.178399999975227	states																																	"            state_name
id                    
6   wait_for_side_poke"
593998.7435	0.5020000000949949	states																																	"         state_name
id                 
4   announce_reward"
593999.2455000001	0.08539999998174608	states																																	"   state_name
id           
8      reward"
593999.3309000001	9.999994654208422e-05	states																																	"    state_name
id            
7   stop_sound"
593999.3885	13.990200000000186	trials	1.0	2.0	80.0	1.041323	0.0	0.15	True	330.0	True	False	35494.0	False	Mixed	True	False	0.025	0.0	100.0	1.5	9.0													
593999.3885	13.990200000000186	processed_trials			80.0	1.041323					True				Mixed					100.0		9.0	40.0	40.0	False	False	True	11.399000000000001	11.399000000000001	20.373136501193883	1.3477999999999999	-0.19972492638654052	Right	0.6448999999999999	
593999.3885	1.3477999999886379	states																																	"       state_name
id               
3   wait_for_poke"
594000.7363	1.041300000040792	states																																	"        state_name
id                
1   nose_in_center"
594001.7776	0.001999999978579581	states																																	"   state_name
id           
5      go_cue"
594001.7796	11.398999999975786	states																																	"            state_name
id                    
6   wait_for_side_poke"
594013.1786	0.2000000000698492	states																																	"   state_name
id           
0     opt_out"
594013.3786	9.999994654208422e-05	states																																	"    state_name
id            
7   stop_sound"
594013.4378	2.4979000000748783	trials	1.0	2.0	10.0	0.9142619520198758	0.0	0.15	True	330.0	False	False	35495.0	False	Mixed	True	False	0.025	0.0	5.9362462794856965	1.5	9.0													
594013.4378	2.4979000000748783	processed_trials			10.0	0.9142619520198758					False				Mixed					5.9362462794856965		9.0	40.0	40.0	False	True	False			20.373136501193883	0.3485	-0.23514693811030213	Right	0.3485	
594013.4378	0.3484999999636784	states																																	"       state_name
id               
3   wait_for_poke"
594013.7862999999	0.1493999999947846	states																																	"        state_name
id                
1   nose_in_center"
594013.9356999999	2.0	states																																	"          state_name
id                  
2   punish_violation"
594015.9923	2.3460999999661	trials	1.0	2.0	10.0	1.1720890727110589	0.0	0.15	True	330.0	False	False	35496.0	False	Mixed	True	True	0.025	0.0	1.0175587829902446	1.5	9.0													
594015.9923	2.3460999999661	processed_trials			10.0	1.1720890727110589					False				Mixed					1.0175587829902446		9.0	40.0	40.0	False	True	False			20.373136501193883	0.0615	-0.24532017674206394	Right	0.0615	
594015.9923	0.06149999995250255	states																																	"       state_name
id               
3   wait_for_poke"
594016.0538	0.2846000000135973	states																																	"        state_name
id                
1   nose_in_center"
594016.3384	2.0	states																																	"          state_name
id                  
2   punish_violation"
594018.3963	3.3412999999709427	trials	1.0	2.0	10.0	1.037187458343477	0.0	0.15	True	330.0	False	False	35497.0	False	Mixed	True	True	0.025	0.0	2.08289909789993	1.5	9.0													
594018.3963	3.3412999999709427	processed_trials			10.0	1.037187458343477					False				Mixed					2.08289909789993		9.0	40.0	40.0	True	False	False	2.0829000000000004	2.0829000000000004	20.373136501193883	0.1158	-0.2433954141716644	Left	0.1158	
594018.3963	0.11580000002868474	states																																	"       state_name
id               
3   wait_for_poke"
594018.5121	1.0372000000206754	states																																	"        state_name
id                
1   nose_in_center"
594019.5493000001	0.001999999978579581	states																																	"   state_name
id           
5      go_cue"
594019.5513	2.08289999992121	states																																	"            state_name
id                    
6   wait_for_side_poke"
594021.6342	0.017900000093504786	states																																	"         state_name
id                 
4   announce_reward"
594021.6521000001	0.08539999998174608	states																																	"   state_name
id           
8      reward"
594021.7375	9.999994654208422e-05	states																																	"    state_name
id            
7   stop_sound"
594021.7975	4.037099999957718	trials	1.0	2.0	40.0	1.0814724797982853	0.0	0.15	True	340.0	False	False	35498.0	False	Mixed	True	False	0.025	0.0	0.8686816845404712	1.5	9.0													
594021.7975	4.037099999957718	processed_trials			40.0	1.0814724797982853					False				Mixed					0.8686816845404712		9.0	40.0	40.0	True	False	False	0.8687	0.8687	20.373136501193883	1.6836	-0.1878218827191342	Left	0.6265000000000001	
594021.7975	1.683599999989383	states																																	"       state_name
id               
3   wait_for_poke"
594023.4811	1.081499999971129	states																																	"        state_name
id                
1   nose_in_center"
594024.5626	0.0020000000949949026	states																																	"   state_name
id           
5      go_cue"
594024.5646	0.8686999999918044	states																																	"            state_name
id                    
6   wait_for_side_poke"
594025.4333	0.12439999997150153	states																																	"         state_name
id                 
4   announce_reward"
594025.5577	0.27679999999236315	states																																	"   state_name
id           
8      reward"
594025.8345	9.999994654208422e-05	states																																	"    state_name
id            
7   stop_sound"
594025.8955	7.091800000052899	trials	1.0	2.0	40.0	0.9772782231257892	0.0	0.15	True	380.0	False	False	35499.0	False	Mixed	True	False	0.025	0.0	2.8288615165649356	1.5	9.0													
594025.8955	7.091800000052899	processed_trials			40.0	0.9772782231257892					False				Mixed					2.8288615165649356		9.0	40.0	40.0	True	False	False	2.8289	2.8289	20.373136501193883	2.9806	-0.14184735134145102	Right	0.5295000000000001	
594025.8955	2.980600000009872	states																																	"       state_name
id               
3   wait_for_poke"
594028.8761	0.9773000000277534	states																																	"        state_name
id                
1   nose_in_center"
594029.8534	0.001999999978579581	states																																	"   state_name
id           
5      go_cue"
594029.8554	2.828899999964051	states																																	"            state_name
id                    
6   wait_for_side_poke"
594032.6843	0.008800000068731606	states																																	"         state_name
id                 
4   announce_reward"
594032.6931	0.29409999994095415	states																																	"   state_name
id           
8      reward"
594032.9872	0.00010000006295740604	states																																	"    state_name
id            
7   stop_sound"
594033.0489	4.014399999985471	trials	1.0	2.0	40.0	0.8199186886593981	0.0	0.15	True	420.0	True	False	35500.0	False	Mixed	True	False	0.025	0.0	100.0	1.5	9.0													
594033.0489	4.014399999985471	processed_trials			40.0	0.8199186886593981					True				Mixed					100.0		9.0	40.0	40.0	False	True	False			20.373136501193883	1.9912	-0.1769184395026536	Right	1.1317	
594033.0489	1.9912000000476837	states																																	"       state_name
id               
3   wait_for_poke"
594035.0401000001	0.023199999937787652	states																																	"        state_name
id                
1   nose_in_center"
594035.0633	2.0	states																																	"          state_name
id                  
2   punish_violation"
594037.1246	4.9041000000434	trials	1.0	2.0	40.0	0.9344138005748578	0.0	0.15	True	420.0	False	False	35501.0	False	Mixed	True	True	0.025	0.0	3.5818245429547826	1.5	9.0													
594037.1246	4.9041000000434	processed_trials			40.0	0.9344138005748578					False				Mixed					3.5818245429547826		9.0	40.0	40.0	True	False	False	3.5818000000000003	3.5818000000000003	20.373136501193883	0.1025	-0.24386685693752652	Left	0.1025	
594037.1246	0.1025000000372529	states																																	"       state_name
id               
3   wait_for_poke"
594037.2271	0.9343999999109656	states																																	"        state_name
id                
1   nose_in_center"
594038.1614999999	0.0020000000949949026	states																																	"   state_name
id           
5      go_cue"
594038.1635	3.5817999999271706	states																																	"            state_name
id                    
6   wait_for_side_poke"
594041.7453	0.006500000017695129	states																																	"         state_name
id                 
4   announce_reward"
594041.7518	0.27679999999236315	states																																	"   state_name
id           
8      reward"
594042.0286	0.00010000006295740604	states																																	"    state_name
id            
7   stop_sound"
594042.0922	4.602500000037253	trials	1.0	2.0	10.0	1.1244800861354494	0.0	0.15	True	460.0	False	False	35502.0	False	Mixed	True	False	0.025	0.0	0.517836264713084	1.5	9.0													
594042.0922	4.602500000037253	processed_trials			10.0	1.1244800861354494					False				Mixed					0.517836264713084		9.0	40.0	40.0	False	True	False			20.373136501193883	2.47	-0.1599464999316168	Left	0.38400000000000034	
594042.0922	2.4699999999720603	states																																	"       state_name
id               
3   wait_for_poke"
594044.5621999999	0.13250000006519258	states																																	"        state_name
id                
1   nose_in_center"
594044.6947	2.0	states																																	"          state_name
id                  
2   punish_violation"
594046.7586	7.398600000073202	trials	1.0	2.0	10.0	1.1605017457550555	0.0	0.15	True	460.0	False	False	35503.0	False	Mixed	True	True	0.025	0.0	5.664019458712351	1.5	9.0													
594046.7586	7.398600000073202	processed_trials			10.0	1.1605017457550555					False				Mixed					5.664019458712351		9.0	40.0	40.0	True	False	False	5.664	5.664	20.373136501193883	0.21230000000000002	-0.23997479560732637	Left	0.21230000000000002	
594046.7586	0.21230000001378357	states																																	"       state_name
id               
3   wait_for_poke"
594046.9709	1.1604999999981374	states																																	"        state_name
id                
1   nose_in_center"
594048.1314	0.001999999978579581	states																																	"   state_name
id           
5      go_cue"
594048.1333999999	5.6639999999897555	states																																	"            state_name
id                    
6   wait_for_side_poke"
594053.7973999999	0.2743000000482425	states																																	"         state_name
id                 
4   announce_reward"
594054.0717	0.08539999998174608	states																																	"   state_name
id           
8      reward"
594054.1571	9.999994654208422e-05	states																																	"    state_name
id            
7   stop_sound"
594054.2216	17.48439999995753	trials	1.0	2.0	80.0	0.9156183115801388	0.0	0.15	True	470.0	True	False	35504.0	False	Mixed	True	False	0.025	0.0	100.0	1.5	9.0													
594054.2216	17.48439999995753	processed_trials			80.0	0.9156183115801388					True				Mixed					100.0		9.0	40.0	40.0	False	False	True	15.388699999999998	15.388699999999998	20.373136501193883	0.978	-0.2128331620869779	Right	0.4757	
594054.2216	0.978000000002794	states																																	"       state_name
id               
3   wait_for_poke"
594055.1996	0.915599999949336	states																																	"        state_name
id                
1   nose_in_center"
594056.1152	0.0020000000949949026	states																																	"   state_name
id           
5      go_cue"
594056.1172000001	15.38870000001043	states																																	"            state_name
id                    
6   wait_for_side_poke"
594071.5059000001	0.19999999995343387	states																																	"   state_name
id           
0     opt_out"
594071.7059000001	9.999994654208422e-05	states																																	"    state_name
id            
7   stop_sound"
594071.7728	2.0971000000135973	trials	1.0	2.0	40.0	1.123113163106612	0.0	0.15	True	470.0	False	False	35505.0	False	Mixed	True	False	0.025	0.0	3.8567494679040095	1.5	9.0													
594071.7728	2.0971000000135973	processed_trials			40.0	1.123113163106612					False				Mixed					3.8567494679040095		9.0	40.0	40.0	False	True	False			20.373136501193883	0.046200000000000005	-0.2458625131569279	Right	0.046200000000000005	
594071.7728	0.046199999982491136	states																																	"       state_name
id               
3   wait_for_poke"
594071.819	0.050900000031106174	states																																	"        state_name
id                
1   nose_in_center"
594071.8699	2.0	states																																	"          state_name
id                  
2   punish_violation"
594073.9333	2.0683999999891967	trials	1.0	2.0	40.0	0.9908134716427572	0.0	0.15	True	470.0	True	False	35506.0	False	Mixed	True	True	0.025	0.0	100.0	1.5	9.0													
594073.9333	2.0683999999891967	processed_trials			40.0	0.9908134716427572					True				Mixed					100.0		9.0	40.0	40.0	False	True	False			20.373136501193883	0.0289	-0.24647574322079366	Left	0.0289	
594073.9333	0.02890000003390014	states																																	"       state_name
id               
3   wait_for_poke"
594073.9622000001	0.039499999955296516	states																																	"        state_name
id                
1   nose_in_center"
594074.0017	2.0	states																																	"          state_name
id                  
2   punish_violation"
594076.0661	2.1912999999476597	trials	1.0	2.0	40.0	0.9792449931797014	0.0	0.15	True	470.0	False	False	35507.0	False	Mixed	True	True	0.025	0.0	0.7204720008218551	1.5	9.0													
594076.0661	2.1912999999476597	processed_trials			40.0	0.9792449931797014					False				Mixed					0.7204720008218551		9.0	40.0	40.0	True	False	False	0.7205000000000001	0.7205000000000001	20.373136501193883	0.0915	-0.24425677200703658	Right	0.0915	
594076.0661	0.09149999998044223	states																																	"       state_name
id               
3   wait_for_poke"
594076.1576	0.9792000000597909	states																																	"        state_name
id                
1   nose_in_center"
594077.1368000001	0.001999999978579581	states																																	"   state_name
id           
5      go_cue"
594077.1388000001	0.7204999999376014	states																																	"            state_name
id                    
6   wait_for_side_poke"
594077.8593	0.10389999998733401	states																																	"         state_name
id                 
4   announce_reward"
594077.9632	0.29410000005736947	states																																	"   state_name
id           
8      reward"
594078.2573	9.999994654208422e-05	states																																	"    state_name
id            
7   stop_sound"
594078.3257	4.560699999914505	trials	1.0	2.0	5.0	0.8528229490309351	0.0	0.15	True	510.0	False	False	35508.0	False	Mixed	True	False	0.025	0.0	0.5672056981274203	1.5	9.0													
594078.3257	4.560699999914505	processed_trials			5.0	0.8528229490309351					False				Mixed					0.5672056981274203		9.0	40.0	40.0	False	True	False			20.373136501193883	2.498	-0.15895398884559125	Left	0.6324000000000003	
594078.3257	2.4980000000214204	states																																	"       state_name
id               
3   wait_for_poke"
594080.8237000001	0.06270000000949949	states																																	"        state_name
id                
1   nose_in_center"
594080.8864000001	2.0	states																																	"          state_name
id                  
2   punish_violation"
594082.9533	2.400099999969825	trials	1.0	2.0	5.0	0.9576490312338374	0.0	0.15	True	510.0	False	False	35509.0	False	Mixed	True	True	0.025	0.0	0.47635799543071133	1.5	9.0													
594082.9533	2.400099999969825	processed_trials			5.0	0.9576490312338374					False				Mixed					0.47635799543071133		9.0	40.0	40.0	False	True	False			20.373136501193883	0.0731	-0.24490899357785334	Right	0.0731	
594082.9533	0.0731000000378117	states																																	"       state_name
id               
3   wait_for_poke"
594083.0264000001	0.32699999993201345	states																																	"        state_name
id                
1   nose_in_center"
594083.3534	2.0	states																																	"          state_name
id                  
2   punish_violation"
594085.4185	3.0076999999582767	trials	1.0	2.0	5.0	1.1702140126166427	0.0	0.15	True	510.0	False	False	35510.0	False	Mixed	True	True	0.025	0.0	1.6446991928055392	1.5	9.0													
594085.4185	3.0076999999582767	processed_trials			5.0	1.1702140126166427					False				Mixed					1.6446991928055392		9.0	40.0	40.0	True	False	False	1.6446999999999998	1.6446999999999998	20.373136501193883	0.11170000000000001	-0.24354074615211815	Right	0.11170000000000001	
594085.4185	0.11170000000856817	states																																	"       state_name
id               
3   wait_for_poke"
594085.5302	1.1701999999349937	states																																	"        state_name
id                
1   nose_in_center"
594086.7004	0.0020000000949949026	states																																	"   state_name
id           
5      go_cue"
594086.7024000001	1.6446999999461696	states																																	"            state_name
id                    
6   wait_for_side_poke"
594088.3471	0.020600000047124922	states																																	"         state_name
id                 
4   announce_reward"
594088.3677000001	0.05839999997988343	states																																	"   state_name
id           
8      reward"
594088.4261	9.999994654208422e-05	states																																	"    state_name
id            
7   stop_sound"
594088.497	3.2811999999685213	trials	1.0	2.0	5.0	1.1507127074643206	0.0	0.15	True	515.0	False	False	35511.0	False	Mixed	True	False	0.025	0.0	2.855083163518813	1.5	9.0													
594088.497	3.2811999999685213	processed_trials			5.0	1.1507127074643206					False				Mixed					2.855083163518813		9.0	40.0	40.0	False	True	False			20.373136501193883	1.2233	-0.2041380560369041	Left	0.7677	
594088.497	1.223299999954179	states																																	"       state_name
id               
3   wait_for_poke"
594089.7202999999	0.05790000001434237	states																																	"        state_name
id                
1   nose_in_center"
594089.7782	2.0	states																																	"          state_name
id                  
2   punish_violation"
594091.8492	2.5368999999482185	trials	1.0	2.0	5.0	0.9505500851886687	0.0	0.15	True	515.0	False	False	35512.0	False	Mixed	True	True	0.025	0.0	2.3432068567838145	1.5	9.0													
594091.8492	2.5368999999482185	processed_trials			5.0	0.9505500851886687					False				Mixed					2.3432068567838145		9.0	40.0	40.0	False	True	False			20.373136501193883	0.3103	-0.23650100680623698	Left	0.3103	
594091.8492	0.31030000001192093	states																																	"       state_name
id               
3   wait_for_poke"
594092.1595000001	0.22659999993629754	states																																	"        state_name
id                
1   nose_in_center"
594092.3861	2.0	states																																	"          state_name
id                  
2   punish_violation"
594094.4541	4.078600000008009	trials	1.0	2.0	5.0	0.9489475342128072	0.0	0.15	True	515.0	True	False	35513.0	False	Mixed	True	True	0.025	0.0	100.0	1.5	9.0													
594094.4541	4.078600000008009	processed_trials			5.0	0.9489475342128072					True				Mixed					100.0		9.0	40.0	40.0	False	True	False			20.373136501193883	2.0167	-0.1760145454778803	Left	2.0167	
594094.4541	2.016700000036508	states																																	"       state_name
id               
3   wait_for_poke"
594096.4708	0.06189999997150153	states																																	"        state_name
id                
1   nose_in_center"
594096.5327	2.0	states																																	"          state_name
id                  
2   punish_violation"
594098.6036	3.1506999999983236	trials	1.0	2.0	5.0	1.0618310358968774	0.0	0.15	True	515.0	False	False	35514.0	False	Mixed	True	True	0.025	0.0	0.25117096692704227	1.5	9.0													
594098.6036	3.1506999999983236	processed_trials			5.0	1.0618310358968774					False				Mixed					0.25117096692704227		9.0	40.0	40.0	False	True	False			20.373136501193883	0.9412	-0.21413760522861144	Left	0.9412	
594098.6036	0.9412000000011176	states																																	"       state_name
id               
3   wait_for_poke"
594099.5448	0.20949999999720603	states																																	"        state_name
id                
1   nose_in_center"
594099.7543	2.0	states																																	"          state_name
id                  
2   punish_violation"
594101.8223	2.8501000000396743	trials	1.0	2.0	5.0	0.9975947676076808	0.0	0.15	True	515.0	False	False	35515.0	False	Mixed	True	True	0.025	0.0	2.187292940442937	1.5	9.0													
594101.8223	2.8501000000396743	processed_trials			5.0	0.9975947676076808					False				Mixed					2.187292940442937		9.0	40.0	40.0	False	True	False			20.373136501193883	0.2676	-0.23801458621242594	Left	0.2676	
594101.8223	0.2676000000210479	states																																	"       state_name
id               
3   wait_for_poke"
594102.0899	0.5825000000186265	states																																	"        state_name
id                
1   nose_in_center"
594102.6724	2.0	states																																	"          state_name
id                  
2   punish_violation"
594104.7423	2.2277999999932945	trials	1.0	2.0	5.0	0.8000091944111073	0.0	0.15	True	515.0	False	False	35516.0	False	Mixed	True	True	0.025	0.0	2.1872929	1.5	9.0													
594104.7423	2.2277999999932945	processed_trials			5.0	0.8000091944111073					False				Mixed					2.1872929		9.0	40.0	40.0	False	True	False			20.373136501193883	0.0433	-0.24596530894798052	Right	0.0433	
594104.7423	0.04330000001937151	states																																	"       state_name
id               
3   wait_for_poke"
594104.7856000001	0.18449999997392297	states																																	"        state_name
id                
1   nose_in_center"
594104.9701	2.0	states																																	"          state_name
id                  
2   punish_violation"
594107.0454	6.929600000032224	trials	1.0	2.0	5.0	0.8009416701220898	0.0	0.15	True	515.0	False	False	35517.0	False	Mixed	True	True	0.025	0.0	5.436571719843865	1.5	9.0													
594107.0454	6.929600000032224	processed_trials			5.0	0.8009416701220898					False				Mixed					5.436571719843865		9.0	40.0	40.0	False	False	True	5.172	5.172	20.373136501193883	0.7546	-0.22075198268048166	Right	0.7546	
594107.0454	0.7545999999856576	states																																	"       state_name
id               
3   wait_for_poke"
594107.7999999999	0.8009000000311062	states																																	"        state_name
id                
1   nose_in_center"
594108.6009	0.001999999978579581	states																																	"   state_name
id           
5      go_cue"
594108.6028999999	5.172000000020489	states																																	"            state_name
id                    
6   wait_for_side_poke"
594113.7749	0.19999999995343387	states																																	"   state_name
id           
0     opt_out"
594113.9748999999	0.00010000006295740604	states																																	"    state_name
id            
7   stop_sound"
594114.05	2.201799999922514	trials	1.0	2.0	40.0	0.9336028841436257	0.0	0.15	True	515.0	False	False	35518.0	False	High	True	False	0.025	0.0	2.6632366012034407	1.5	9.0													
594114.05	2.201799999922514	processed_trials			40.0	0.9336028841436257					False				High					2.6632366012034407		9.0	40.0	40.0	False	True	False			20.373136501193883	0.0538	-0.24559311729072097	Right	0.0538	
594114.05	0.0537999999942258	states																																	"       state_name
id               
3   wait_for_poke"
594114.1038	0.14800000004470348	states																																	"        state_name
id                
1   nose_in_center"
594114.2518000001	2.0	states																																	"          state_name
id                  
2   punish_violation"
594116.3252	2.8692000000737607	trials	1.0	2.0	40.0	1.0977288346684753	0.0	0.15	True	515.0	False	False	35519.0	False	High	True	True	0.025	0.0	1.2183619476789078	1.5	9.0													
594116.3252	2.8692000000737607	processed_trials			40.0	1.0977288346684753					False				High					1.2183619476789078		9.0	40.0	40.0	True	False	False	1.2184000000000001	1.2184000000000001	20.373136501193883	0.1267	-0.24300904378460447	Left	0.1267	
594116.3252	0.126700000022538	states																																	"       state_name
id               
3   wait_for_poke"
594116.4519	1.0976999999256805	states																																	"        state_name
id                
1   nose_in_center"
594117.5495999999	0.0020000000949949026	states																																	"   state_name
id           
5      go_cue"
594117.5516	1.2184000000124797	states																																	"            state_name
id                    
6   wait_for_side_poke"
594118.77	0.1474999999627471	states																																	"         state_name
id                 
4   announce_reward"
594118.9175	0.27679999999236315	states																																	"   state_name
id           
8      reward"
594119.1943	9.999994654208422e-05	states																																	"    state_name
id            
7   stop_sound"
594119.2683	5.989199999952689	trials	1.0	2.0	40.0	0.8299502641345851	0.0	0.15	True	555.0	False	False	35520.0	False	High	True	False	0.025	0.0	1.2183619	1.5	9.0													
594119.2683	5.989199999952689	processed_trials			40.0	0.8299502641345851					False				High					1.2183619		9.0	40.0	40.0	True	False	False	1.2184000000000008	1.2184000000000008	20.373136501193883	3.3552	-0.1285689708834093	Left	0.4491999999999998	
594119.2683	3.355199999990873	states																																	"       state_name
id               
3   wait_for_poke"
594122.6235	0.8299999999580905	states																																	"        state_name
id                
1   nose_in_center"
594123.4535	0.0020000000949949026	states																																	"   state_name
id           
5      go_cue"
594123.4555	1.2184000000124797	states																																	"            state_name
id                    
6   wait_for_side_poke"
594124.6739	0.3066999999573454	states																																	"         state_name
id                 
4   announce_reward"
594124.9806	0.27679999999236315	states																																	"   state_name
id           
8      reward"
594125.2574	9.999994654208422e-05	states																																	"    state_name
id            
7   stop_sound"
594125.3349	5.136100000003353	trials	1.0	2.0	20.0	0.9292415027376751	0.0	0.15	True	595.0	True	False	35521.0	False	High	True	False	0.025	0.0	100.0	1.5	9.0													
594125.3349	5.136100000003353	processed_trials			20.0	0.9292415027376751					True				High					100.0		9.0	40.0	40.0	False	True	False			20.373136501193883	2.9680999999999997	-0.14229043664771243	Right	0.3365999999999998	
594125.3349	2.968100000056438	states																																	"       state_name
id               
3   wait_for_poke"
594128.3030000001	0.1679999999469146	states																																	"        state_name
id                
1   nose_in_center"
594128.471	2.0	states																																	"          state_name
id                  
2   punish_violation"
594130.5465	5.2682999999960884	trials	1.0	2.0	20.0	1.1176400422849713	0.0	0.15	True	595.0	False	False	35522.0	False	High	True	True	0.025	0.0	1.0994711146700005	1.5	9.0													
594130.5465	5.2682999999960884	processed_trials			20.0	1.1176400422849713					False				High					1.0994711146700005		9.0	40.0	40.0	False	True	False			20.373136501193883	3.1591	-0.13552009316803817	Right	3.1591	
594130.5465	3.1591000000480562	states																																	"       state_name
id               
3   wait_for_poke"
594133.7056000001	0.1091999999480322	states																																	"        state_name
id                
1   nose_in_center"
594133.8148	2.0	states																																	"          state_name
id                  
2   punish_violation"
594135.8908	1.8817999999737367	trials	1.0	2.0	20.0	0.8868131123450146	0.0	0.15	True	595.0	False	False	35523.0	False	High	True	True	0.025	0.0	0.6862759661925789	1.5	9.0													
594135.8908	1.8817999999737367	processed_trials			20.0	0.8868131123450146					False				High					0.6862759661925789		9.0	40.0	40.0	True	False	False	0.6863	0.6863	20.373136501193883	0.09659999999999999	-0.24407599320208193	Left	0.09659999999999999	
594135.8908	0.09660000004805624	states																																	"       state_name
id               
3   wait_for_poke"
594135.9874000001	0.8867999999783933	states																																	"        state_name
id                
1   nose_in_center"
594136.8742000001	0.001999999978579581	states																																	"   state_name
id           
5      go_cue"
594136.8762	0.6862999999430031	states																																	"            state_name
id                    
6   wait_for_side_poke"
594137.5625	0.06110000004991889	states																																	"         state_name
id                 
4   announce_reward"
594137.6236	0.14890000002924353	states																																	"   state_name
id           
8      reward"
594137.7725000001	9.999994654208422e-05	states																																	"    state_name
id            
7   stop_sound"
594137.8562	8.79969999997411	trials	1.0	2.0	40.0	1.1941353771562464	0.0	0.15	True	615.0	True	False	35524.0	False	High	True	False	0.025	0.0	100.0	1.5	9.0													
594137.8562	8.79969999997411	processed_trials			40.0	1.1941353771562464					True				High					100.0		9.0	40.0	40.0	False	False	True	5.249600000000001	5.249600000000001	20.373136501193883	2.1539	-0.17115124115635516	Right	0.8546000000000002	
594137.8562	2.1539000000339	states																																	"       state_name
id               
3   wait_for_poke"
594140.0101000001	1.1940999999642372	states																																	"        state_name
id                
1   nose_in_center"
594141.2042	0.001999999978579581	states																																	"   state_name
id           
5      go_cue"
594141.2062	5.249599999981001	states																																	"            state_name
id                    
6   wait_for_side_poke"
594146.4558	0.2000000000698492	states																																	"   state_name
id           
0     opt_out"
594146.6558000001	9.999994654208422e-05	states																																	"    state_name
id            
7   stop_sound"
594146.7349	2.2330999999539927	trials	1.0	2.0	40.0	1.1010869204904077	0.0	0.15	True	615.0	True	False	35525.0	False	High	True	False	0.025	0.0	100.0	1.5	9.0													
594146.7349	2.2330999999539927	processed_trials			40.0	1.1010869204904077					True				High					100.0		9.0	40.0	40.0	False	True	False			20.373136501193883	0.2112	-0.24001378711427737	Right	0.2112	
594146.7349	0.21120000001974404	states																																	"       state_name
id               
3   wait_for_poke"
594146.9461000001	0.021899999934248626	states																																	"        state_name
id                
1   nose_in_center"
594146.968	2.0	states																																	"          state_name
id                  
2   punish_violation"
594149.048	2.307200000039302	trials	1.0	2.0	40.0	1.1010869	0.0	0.15	True	615.0	False	False	35526.0	False	High	True	True	0.025	0.0	0.7551654136454302	1.5	9.0													
594149.048	2.307200000039302	processed_trials			40.0	1.1010869					False				High					0.7551654136454302		9.0	40.0	40.0	True	False	False	0.7552000000000001	0.7552000000000001	20.373136501193883	0.1412	-0.24249506482934122	Left	0.1412	
594149.048	0.14119999995455146	states																																	"       state_name
id               
3   wait_for_poke"
594149.1891999999	1.1011000000871718	states																																	"        state_name
id                
1   nose_in_center"
594150.2903	0.001999999978579581	states																																	"   state_name
id           
5      go_cue"
594150.2923	0.7552000000141561	states																																	"            state_name
id                    
6   wait_for_side_poke"
594151.0475	0.030799999949522316	states																																	"         state_name
id                 
4   announce_reward"
594151.0782999999	0.27679999999236315	states																																	"   state_name
id           
8      reward"
594151.3550999999	0.00010000006295740604	states																																	"    state_name
id            
7   stop_sound"
594151.4388	10.623099999967963	trials	1.0	2.0	20.0	0.8200068598658765	0.0	0.15	True	655.0	True	False	35527.0	False	High	True	False	0.025	0.0	100.0	1.5	9.0													
594151.4388	10.623099999967963	processed_trials			20.0	0.8200068598658765					True				High					100.0		9.0	40.0	40.0	False	False	True	6.7028	6.7028	20.373136501193883	2.8981999999999997	-0.1447681696803262	Right	0.47179999999999955	
594151.4388	2.898200000054203	states																																	"       state_name
id               
3   wait_for_poke"
594154.337	0.8199999999487773	states																																	"        state_name
id                
1   nose_in_center"
594155.157	0.001999999978579581	states																																	"   state_name
id           
5      go_cue"
594155.159	6.702799999970011	states																																	"            state_name
id                    
6   wait_for_side_poke"
594161.8618	0.2000000000698492	states																																	"   state_name
id           
0     opt_out"
594162.0618	9.999994654208422e-05	states																																	"    state_name
id            
7   stop_sound"
594162.1456	2.107799999997951	trials	1.0	2.0	20.0	1.1159755708534318	0.0	0.15	True	655.0	False	False	35528.0	False	High	True	False	0.025	0.0	0.7204978190277944	1.5	9.0													
594162.1456	2.107799999997951	processed_trials			20.0	1.1159755708534318					False				High					0.7204978190277944		9.0	40.0	40.0	False	True	False			20.373136501193883	0.09559999999999999	-0.24411144002658283	Right	0.09559999999999999	
594162.1456	0.0956000000005588	states																																	"       state_name
id               
3   wait_for_poke"
594162.2412	0.012199999997392297	states																																	"        state_name
id                
1   nose_in_center"
594162.2534	2.0	states																																	"          state_name
id                  
2   punish_violation"
594164.3371	2.6639000000432134	trials	1.0	2.0	20.0	1.0895914830507687	0.0	0.15	True	655.0	False	False	35529.0	False	High	True	True	0.025	0.0	1.1280883987851917	1.5	9.0													
594164.3371	2.6639000000432134	processed_trials			20.0	1.0895914830507687					False				High					1.1280883987851917		9.0	40.0	40.0	True	False	False	1.1280999999999999	1.1280999999999999	20.373136501193883	0.1608	-0.24180030706912334	Left	0.1608	
594164.3371	0.16079999995417893	states																																	"       state_name
id               
3   wait_for_poke"
594164.4979	1.08960000006482	states																																	"        state_name
id                
1   nose_in_center"
594165.5875	0.001999999978579581	states																																	"   state_name
id           
5      go_cue"
594165.5895	1.1280999999726191	states																																	"            state_name
id                    
6   wait_for_side_poke"
594166.7176	0.13439999998081475	states																																	"         state_name
id                 
4   announce_reward"
594166.852	0.14890000002924353	states																																	"   state_name
id           
8      reward"
594167.0009	0.00010000006295740604	states																																	"    state_name
id            
7   stop_sound"
594167.0836	4.566499999957159	trials	1.0	2.0	80.0	0.8023532996057072	0.0	0.15	True	675.0	False	False	35530.0	False	High	True	False	0.025	0.0	0.17376202387755527	1.5	9.0													
594167.0836	4.566499999957159	processed_trials			80.0	0.8023532996057072					False				High					0.17376202387755527		9.0	40.0	40.0	True	False	False	0.17379999999999995	0.17379999999999995	20.373136501193883	2.7048	-0.15162358553880262	Left	0.8264	
594167.0836	2.704799999948591	states																																	"       state_name
id               
3   wait_for_poke"
594169.7884	0.8024000000441447	states																																	"        state_name
id                
1   nose_in_center"
594170.5908	0.001999999978579581	states																																	"   state_name
id           
5      go_cue"
594170.5928	0.1737999999895692	states																																	"            state_name
id                    
6   wait_for_side_poke"
594170.7666	0.3459000000730157	states																																	"         state_name
id                 
4   announce_reward"
594171.1125	0.5374999999767169	states																																	"   state_name
id           
8      reward"
594171.65	9.999994654208422e-05	states																																	"    state_name
id            
7   stop_sound"
594171.733	6.45609999995213	trials	1.0	2.0	40.0	1.1409081127292333	0.0	0.15	True	755.0	False	False	35531.0	False	High	True	False	0.025	0.0	1.2961072863431942	1.5	9.0													
594171.733	6.45609999995213	processed_trials			40.0	1.1409081127292333					False				High					1.2961072863431942		9.0	40.0	40.0	True	False	False	1.2961	1.2961	20.373136501193883	3.111	-0.13722508542653206	Right	0.9910000000000001	
594171.733	3.1110000000335276	states																																	"       state_name
id               
3   wait_for_poke"
594174.844	1.1408999999985099	states																																	"        state_name
id                
1   nose_in_center"
594175.9849	0.001999999978579581	states																																	"   state_name
id           
5      go_cue"
594175.9869	1.296100000035949	states																																	"            state_name
id                    
6   wait_for_side_poke"
594177.283	0.6118999999016523	states																																	"         state_name
id                 
4   announce_reward"
594177.8949	0.29410000005736947	states																																	"   state_name
id           
8      reward"
594178.189	9.999994654208422e-05	states																																	"    state_name
id            
7   stop_sound"
594178.2737	4.117699999944307	trials	1.0	2.0	20.0	1.083730950254461	0.0	0.15	True	795.0	True	False	35532.0	False	High	True	False	0.025	0.0	100.0	1.5	9.0													
594178.2737	4.117699999944307	processed_trials			20.0	1.083730950254461					True				High					100.0		9.0	40.0	40.0	False	True	False			20.373136501193883	2.0973	-0.1731575314231068	Right	1.1793	
594178.2737	2.097300000023097	states																																	"       state_name
id               
3   wait_for_poke"
594180.371	0.02039999992121011	states																																	"        state_name
id                
1   nose_in_center"
594180.3914	2.0	states																																	"          state_name
id                  
2   punish_violation"
594182.4745	1.9368999999715015	trials	1.0	2.0	20.0	1.083731	0.0	0.15	True	795.0	False	False	35533.0	False	High	True	True	0.025	0.0	0.2029895825367002	1.5	9.0													
594182.4745	1.9368999999715015	processed_trials			20.0	1.083731					False				High					0.2029895825367002		9.0	40.0	40.0	True	False	False	0.20300000000000007	0.20300000000000007	20.373136501193883	0.1809	-0.241087825896655	Left	0.1809	
594182.4745	0.1809000000357628	states																																	"       state_name
id               
3   wait_for_poke"
594182.6554	1.083699999959208	states																																	"        state_name
id                
1   nose_in_center"
594183.7391	0.001999999978579581	states																																	"   state_name
id           
5      go_cue"
594183.7411	0.2029999999795109	states																																	"            state_name
id                    
6   wait_for_side_poke"
594183.9441	0.3183000000426546	states																																	"         state_name
id                 
4   announce_reward"
594184.2624	0.14890000002924353	states																																	"   state_name
id           
8      reward"
594184.4113	9.999994654208422e-05	states																																	"    state_name
id            
7   stop_sound"
594184.4964	3.6811000000452623	trials	1.0	2.0	80.0	0.8959530695081378	0.0	0.15	True	815.0	False	False	35534.0	False	High	True	False	0.025	0.0	0.24210505858846798	1.5	9.0													
594184.4964	3.6811000000452623	processed_trials			80.0	0.8959530695081378					False				High					0.24210505858846798		9.0	40.0	40.0	True	False	False	0.24209999999999976	0.24209999999999976	20.373136501193883	1.7966	-0.18381639155053112	Left	0.9647	
594184.4964	1.7966000000014901	states																																	"       state_name
id               
3   wait_for_poke"
594186.293	0.8959999999497086	states																																	"        state_name
id                
1   nose_in_center"
594187.1889999999	0.0020000000949949026	states																																	"   state_name
id           
5      go_cue"
594187.191	0.24209999991580844	states																																	"            state_name
id                    
6   wait_for_side_poke"
594187.4330999999	0.2068000000435859	states																																	"         state_name
id                 
4   announce_reward"
594187.6399	0.5374999999767169	states																																	"   state_name
id           
8      reward"
594188.1773999999	0.00010000006295740604	states																																	"    state_name
id            
7   stop_sound"
594188.2625	5.084400000050664	trials	1.0	2.0	40.0	0.9304319886823907	0.0	0.15	True	895.0	False	False	35535.0	False	High	True	False	0.025	0.0	0.24210506	1.5	9.0													
594188.2625	5.084400000050664	processed_trials			40.0	0.9304319886823907					False				High					0.24210506		9.0	40.0	40.0	True	False	False	0.24210000000000065	0.24210000000000065	20.373136501193883	3.0356	-0.13989777599390085	Right	0.8425000000000002	
594188.2625	3.0355999999446794	states																																	"       state_name
id               
3   wait_for_poke"
594191.2980999999	0.9304000000702217	states																																	"        state_name
id                
1   nose_in_center"
594192.2285	0.001999999978579581	states																																	"   state_name
id           
5      go_cue"
594192.2305	0.24210000003222376	states																																	"            state_name
id                    
6   wait_for_side_poke"
594192.4726	0.5801000000210479	states																																	"         state_name
id                 
4   announce_reward"
594193.0527	0.29409999994095415	states																																	"   state_name
id           
8      reward"
594193.3467999999	0.00010000006295740604	states																																	"    state_name
id            
7   stop_sound"
594193.4379	15.319900000002235	trials	1.0	2.0	80.0	0.9498015785195166	0.0	0.15	True	935.0	True	False	35536.0	False	High	True	False	0.025	0.0	100.0	1.5	9.0													
594193.4379	15.319900000002235	processed_trials			80.0	0.9498015785195166					True				High					100.0		9.0	40.0	40.0	False	False	True	11.6364	11.6364	20.373136501193883	2.5316	-0.1577629755423606	Left	0.9018000000000002	
594193.4379	2.5315999999875203	states																																	"       state_name
id               
3   wait_for_poke"
594195.9695	0.9498000000603497	states																																	"        state_name
id                
1   nose_in_center"
594196.9193000001	0.001999999978579581	states																																	"   state_name
id           
5      go_cue"
594196.9213	11.636399999959394	states																																	"            state_name
id                    
6   wait_for_side_poke"
594208.5577	0.2000000000698492	states																																	"   state_name
id           
0     opt_out"
594208.7577000001	9.999994654208422e-05	states																																	"    state_name
id            
7   stop_sound"
594208.8437	2.281100000021979	trials	1.0	2.0	40.0	0.9054807433171476	0.0	0.15	True	935.0	False	False	35537.0	False	High	True	False	0.025	0.0	3.970783400842909	1.5	9.0													
594208.8437	2.281100000021979	processed_trials			40.0	0.9054807433171476					False				High					3.970783400842909		9.0	40.0	40.0	False	True	False			20.373136501193883	0.2547	-0.23847185024848772	Right	0.2547	
594208.8437	0.25470000004861504	states																																	"       state_name
id               
3   wait_for_poke"
594209.0984	0.026399999973364174	states																																	"        state_name
id                
1   nose_in_center"
594209.1248	2.0	states																																	"          state_name
id                  
2   punish_violation"
594211.2111	1.7439000000013039	trials	1.0	2.0	40.0	0.8752472302765488	0.0	0.15	True	935.0	False	False	35538.0	False	High	True	True	0.025	0.0	0.26150708300402	1.5	9.0													
594211.2111	1.7439000000013039	processed_trials			40.0	0.8752472302765488					False				High					0.26150708300402		9.0	40.0	40.0	True	False	False	0.26149999999999995	0.26149999999999995	20.373136501193883	0.0709	-0.24498697659175536	Left	0.0709	
594211.2111	0.07090000004973263	states																																	"       state_name
id               
3   wait_for_poke"
594211.282	0.8751999998930842	states																																	"        state_name
id                
1   nose_in_center"
594212.1571999999	0.0020000000949949026	states																																	"   state_name
id           
5      go_cue"
594212.1592	0.2614999999059364	states																																	"            state_name
id                    
6   wait_for_side_poke"
594212.4206999999	0.2574000000022352	states																																	"         state_name
id                 
4   announce_reward"
594212.6780999999	0.2768000001087785	states																																	"   state_name
id           
8      reward"
594212.9549	9.999994654208422e-05	states																																	"    state_name
id            
7   stop_sound"
594213.0453	3.8621999999741092	trials	1.0	2.0	20.0	0.8490533205107942	0.0	0.15	True	975.0	False	False	35539.0	False	High	True	False	0.025	0.0	0.09593407695933909	1.5	9.0													
594213.0453	3.8621999999741092	processed_trials			20.0	0.8490533205107942					False				High					0.09593407695933909		9.0	40.0	40.0	True	False	False	0.09590000000000032	0.09590000000000032	20.373136501193883	2.4251	-0.16153806235170778	Left	0.36529999999999996	
594213.0453	2.425099999993108	states																																	"       state_name
id               
3   wait_for_poke"
594215.4704	0.8490999999921769	states																																	"        state_name
id                
1   nose_in_center"
594216.3195	0.001999999978579581	states																																	"   state_name
id           
5      go_cue"
594216.3215	0.09590000007301569	states																																	"            state_name
id                    
6   wait_for_side_poke"
594216.4174	0.34109999996144325	states																																	"         state_name
id                 
4   announce_reward"
594216.7585	0.14890000002924353	states																																	"   state_name
id           
8      reward"
594216.9074	9.999994654208422e-05	states																																	"    state_name
id            
7   stop_sound"
594216.9979	6.9183000000193715	trials	1.0	2.0	20.0	1.0296537682336464	0.0	0.15	True	995.0	False	False	35540.0	False	High	True	False	0.025	0.0	3.3108232307264234	1.5	9.0													
594216.9979	6.9183000000193715	processed_trials			20.0	1.0296537682336464					False				High					3.3108232307264234		9.0	40.0	40.0	True	False	False	3.3108	3.3108	20.373136501193883	1.8523	-0.1818420034258303	Right	0.9928	
594216.9979	1.8523000000277534	states																																	"       state_name
id               
3   wait_for_poke"
594218.8502	1.0296999999554828	states																																	"        state_name
id                
1   nose_in_center"
594219.8798999999	0.001999999978579581	states																																	"   state_name
id           
5      go_cue"
594219.8818999999	3.3108000000938773	states																																	"            state_name
id                    
6   wait_for_side_poke"
594223.1927	0.5647999999346212	states																																	"         state_name
id                 
4   announce_reward"
594223.7575	0.15859999996609986	states																																	"   state_name
id           
8      reward"
594223.9160999999	0.00010000006295740604	states																																	"    state_name
id            
7   stop_sound"
594224.0073	3.36559999990277	trials	1.0	2.0	20.0	0.9923399324294825	0.0	0.15	True	1015.0	False	False	35541.0	False	High	True	False	0.025	0.0	2.227083362251326	1.5	9.0													
594224.0073	3.36559999990277	processed_trials			20.0	0.9923399324294825					False				High					2.227083362251326		9.0	40.0	40.0	False	True	False			20.373136501193883	1.3385	-0.200054581854399	Left	0.5435	
594224.0073	1.3384999999543652	states																																	"       state_name
id               
3   wait_for_poke"
594225.3458	0.02710000006482005	states																																	"        state_name
id                
1   nose_in_center"
594225.3729000001	2.0	states																																	"          state_name
id                  
2   punish_violation"
594227.4636	2.663700000033714	trials	1.0	2.0	20.0	1.0437322369314588	0.0	0.15	True	1015.0	False	False	35542.0	False	High	True	True	0.025	0.0	1.3329757962698952	1.5	9.0													
594227.4636	2.663700000033714	processed_trials			20.0	1.0437322369314588					False				High					1.3329757962698952		9.0	40.0	40.0	True	False	False	1.3330000000000002	1.3330000000000002	20.373136501193883	0.1252	-0.2430622140213558	Left	0.1252	
594227.4636	0.1252000000094995	states																																	"       state_name
id               
3   wait_for_poke"
594227.5888	1.0437000000383705	states																																	"        state_name
id                
1   nose_in_center"
594228.6325000001	0.001999999978579581	states																																	"   state_name
id           
5      go_cue"
594228.6345	1.3329999999841675	states																																	"            state_name
id                    
6   wait_for_side_poke"
594229.9675	0.010800000047311187	states																																	"         state_name
id                 
4   announce_reward"
594229.9783000001	0.1488999999128282	states																																	"   state_name
id           
8      reward"
594230.1272	0.00010000006295740604	states																																	"    state_name
id            
7   stop_sound"
594230.2188	5.543899999931455	trials	1.0	2.0	20.0	1.0437322	0.0	0.15	True	1035.0	False	False	35543.0	False	High	True	False	0.025	0.0	1.59964937524537	1.5	9.0													
594230.2188	5.543899999931455	processed_trials			20.0	1.0437322					False				High					1.59964937524537		9.0	40.0	40.0	True	False	False	1.5996000000000006	1.5996000000000006	20.373136501193883	2.616	-0.1547712635544836	Right	0.6717000000000002	
594230.2188	2.6160000000381842	states																																	"       state_name
id               
3   wait_for_poke"
594232.8348000001	1.0436999999219552	states																																	"        state_name
id                
1   nose_in_center"
594233.8785	0.0020000000949949026	states																																	"   state_name
id           
5      go_cue"
594233.8805000001	1.599599999957718	states																																	"            state_name
id                    
6   wait_for_side_poke"
594235.4801	0.12390000000596046	states																																	"         state_name
id                 
4   announce_reward"
594235.604	0.15859999996609986	states																																	"   state_name
id           
8      reward"
594235.7626	0.00010000006295740604	states																																	"    state_name
id            
7   stop_sound"
594235.8551	4.416099999914877	trials	1.0	2.0	20.0	1.0648599204049687	0.0	0.15	True	1055.0	False	False	35544.0	False	High	True	False	0.025	0.0	1.174269918524643	1.5	9.0													
594235.8551	4.416099999914877	processed_trials			20.0	1.0648599204049687					False				High					1.174269918524643		9.0	40.0	40.0	False	True	False			20.373136501193883	2.3636999999999997	-0.16371449737606378	Right	1.1534999999999997	
594235.8551	2.3636999999871477	states																																	"       state_name
id               
3   wait_for_poke"
594238.2188	0.05240000004414469	states																																	"        state_name
id                
1   nose_in_center"
594238.2712000001	2.0	states																																	"          state_name
id                  
2   punish_violation"
594240.3624	2.7743999999947846	trials	1.0	2.0	20.0	1.1723572576897403	0.0	0.15	True	1055.0	False	False	35545.0	False	High	True	True	0.025	0.0	1.3491902333408903	1.5	9.0													
594240.3624	2.7743999999947846	processed_trials			20.0	1.1723572576897403					False				High					1.3491902333408903		9.0	40.0	40.0	True	False	False	1.3492	1.3492	20.373136501193883	0.0906	-0.2442886741490874	Right	0.0906	
594240.3624	0.09059999999590218	states																																	"       state_name
id               
3   wait_for_poke"
594240.453	1.172400000039488	states																																	"        state_name
id                
1   nose_in_center"
594241.6254	0.001999999978579581	states																																	"   state_name
id           
5      go_cue"
594241.6274	1.349199999938719	states																																	"            state_name
id                    
6   wait_for_side_poke"
594242.9765999999	0.001500000013038516	states																																	"         state_name
id                 
4   announce_reward"
594242.9781	0.15860000008251518	states																																	"   state_name
id           
8      reward"
594243.1367	9.999994654208422e-05	states																																	"    state_name
id            
7   stop_sound"
594243.232	4.099800000083633	trials	1.0	2.0	20.0	1.1723573	0.0	0.15	True	1075.0	False	False	35546.0	False	High	True	False	0.025	0.0	2.8296748097433797	1.5	9.0													
594243.232	4.099800000083633	processed_trials			20.0	1.1723573					False				High					2.8296748097433797		9.0	40.0	40.0	False	True	False			20.373136501193883	2.0401	-0.175185089784559	Left	0.9008999999999998	
594243.232	2.040099999983795	states																																	"       state_name
id               
3   wait_for_poke"
594245.2721	0.05969999998342246	states																																	"        state_name
id                
1   nose_in_center"
594245.3317999999	2.0	states																																	"          state_name
id                  
2   punish_violation"
594247.4261	2.706899999990128	trials	1.0	2.0	20.0	1.009369710991187	0.0	0.15	True	1075.0	False	False	35547.0	False	High	True	True	0.025	0.0	1.3649249185026453	1.5	9.0													
594247.4261	2.706899999990128	processed_trials			20.0	1.009369710991187					False				High					1.3649249185026453		9.0	40.0	40.0	True	False	False	1.3649	1.3649	20.373136501193883	0.0054	-0.24730874359656513	Right	0.0054	
594247.4261	0.005400000023655593	states																																	"       state_name
id               
3   wait_for_poke"
594247.4315000001	1.0093999999808148	states																																	"        state_name
id                
1   nose_in_center"
594248.4409	0.001999999978579581	states																																	"   state_name
id           
5      go_cue"
594248.4429	1.3649000000441447	states																																	"            state_name
id                    
6   wait_for_side_poke"
594249.8078000001	0.1664999999338761	states																																	"         state_name
id                 
4   announce_reward"
594249.9743	0.15860000008251518	states																																	"   state_name
id           
8      reward"
594250.1329000001	9.999994654208422e-05	states																																	"    state_name
id            
7   stop_sound"
594250.2303	4.782199999899603	trials	1.0	2.0	20.0	1.0012579571352525	0.0	0.15	True	1095.0	True	False	35548.0	False	High	True	False	0.025	0.0	100.0	1.5	9.0													
594250.2303	4.782199999899603	processed_trials			20.0	1.0012579571352525					True				High					100.0		9.0	40.0	40.0	False	True	False			20.373136501193883	2.7496	-0.15003556780116176	Right	1.2962	
594250.2303	2.749599999981001	states																																	"       state_name
id               
3   wait_for_poke"
594252.9799	0.03260000003501773	states																																	"        state_name
id                
1   nose_in_center"
594253.0125000001	2.0	states																																	"          state_name
id                  
2   punish_violation"
594255.114	1.5704000000841916	trials	1.0	2.0	20.0	0.8807854024689203	0.0	0.15	True	1095.0	False	False	35549.0	False	High	True	True	0.025	0.0	0.362070233649469	1.5	9.0													
594255.114	1.5704000000841916	processed_trials			20.0	0.8807854024689203					False				High					0.362070233649469		9.0	40.0	40.0	True	False	False	0.36209999999999987	0.36209999999999987	20.373136501193883	0.022699999999999998	-0.2466955135326993	Left	0.022699999999999998	
594255.114	0.022699999972246587	states																																	"       state_name
id               
3   wait_for_poke"
594255.1366999999	0.8808000000426546	states																																	"        state_name
id                
1   nose_in_center"
594256.0175	0.001999999978579581	states																																	"   state_name
id           
5      go_cue"
594256.0194999999	0.36210000002756715	states																																	"            state_name
id                    
6   wait_for_side_poke"
594256.3816	0.15379999997094274	states																																	"         state_name
id                 
4   announce_reward"
594256.5353999999	0.14890000002924353	states																																	"   state_name
id           
8      reward"
594256.6843	9.999994654208422e-05	states																																	"    state_name
id            
7   stop_sound"
594256.7831	4.3131999999750406	trials	1.0	2.0	20.0	0.9297120154557965	0.0	0.15	True	1115.0	False	False	35550.0	False	High	True	False	0.025	0.0	5.071756436911425	1.5	9.0													
594256.7831	4.3131999999750406	processed_trials			20.0	0.9297120154557965					False				High					5.071756436911425		9.0	40.0	40.0	False	True	False			20.373136501193883	2.1698000000000004	-0.17058763664679064	Left	0.27720000000000056	
594256.7831	2.16980000003241	states																																	"       state_name
id               
3   wait_for_poke"
594258.9529	0.14339999994263053	states																																	"        state_name
id                
1   nose_in_center"
594259.0963	2.0	states																																	"          state_name
id                  
2   punish_violation"
594261.1969	3.4074999999720603	trials	1.0	2.0	20.0	0.9433195012889826	0.0	0.15	True	1115.0	False	False	35551.0	False	High	True	True	0.025	0.0	2.1630613725888863	1.5	9.0													
594261.1969	3.4074999999720603	processed_trials			20.0	0.9433195012889826					False				High					2.1630613725888863		9.0	40.0	40.0	True	False	False	2.1631	2.1631	20.373136501193883	0.0761	-0.24480265310435062	Left	0.0761	
594261.1969	0.0760999999474734	states																																	"       state_name
id               
3   wait_for_poke"
594261.2729999999	0.9433000000426546	states																																	"        state_name
id                
1   nose_in_center"
594262.2163	0.001999999978579581	states																																	"   state_name
id           
5      go_cue"
594262.2183	2.1631000000052154	states																																	"            state_name
id                    
6   wait_for_side_poke"
594264.3814	0.07400000002235174	states																																	"         state_name
id                 
4   announce_reward"
594264.4554	0.14890000002924353	states																																	"   state_name
id           
8      reward"
594264.6043	9.999994654208422e-05	states																																	"    state_name
id            
7   stop_sound"
594264.7097	4.394300000043586	trials	1.0	2.0	20.0	0.9357553448743574	0.0	0.15	True	1135.0	True	False	35552.0	False	High	True	False	0.025	0.0	100.0	1.5	9.0													
594264.7097	4.394300000043586	processed_trials			20.0	0.9357553448743574					True				High					100.0		9.0	40.0	40.0	False	True	False			20.373136501193883	2.257	-0.1674966735503111	Right	0.8236000000000001	
594264.7097	2.256999999983236	states																																	"       state_name
id               
3   wait_for_poke"
594266.9667	0.1373000000603497	states																																	"        state_name
id                
1   nose_in_center"
594267.104	2.0	states																																	"          state_name
id                  
2   punish_violation"
594269.2018	2.406899999943562	trials	1.0	2.0	20.0	0.93575534	0.0	0.15	True	1135.0	False	False	35553.0	False	High	True	True	0.025	0.0	0.8880877114040298	1.5	9.0													
594269.2018	2.406899999943562	processed_trials			20.0	0.93575534					False				High					0.8880877114040298		9.0	40.0	40.0	True	False	False	0.8881000000000001	0.8881000000000001	20.373136501193883	0.158	-0.2418995581777259	Left	0.158	
594269.2018	0.1580000000540167	states																																	"       state_name
id               
3   wait_for_poke"
594269.3598000001	0.935799999977462	states																																	"        state_name
id                
1   nose_in_center"
594270.2956000001	0.001999999978579581	states																																	"   state_name
id           
5      go_cue"
594270.2976	0.8880999999819323	states																																	"            state_name
id                    
6   wait_for_side_poke"
594271.1857	0.2739999999757856	states																																	"         state_name
id                 
4   announce_reward"
594271.4597	0.14890000002924353	states																																	"   state_name
id           
8      reward"
594271.6086	9.999994654208422e-05	states																																	"    state_name
id            
7   stop_sound"
594271.711	9.55059999995865	trials	1.0	2.0	80.0	1.171674922098292	0.0	0.15	True	1155.0	False	False	35554.0	False	High	True	False	0.025	0.0	5.031886399917104	1.5	9.0													
594271.711	9.55059999995865	processed_trials			80.0	1.171674922098292					False				High					5.031886399917104		9.0	40.0	40.0	True	False	False	5.0318999999999985	5.0318999999999985	20.373136501193883	2.3588	-0.16388818681611828	Left	1.0053999999999998	
594271.711	2.3588000000454485	states																																	"       state_name
id               
3   wait_for_poke"
594274.0698	1.1716999999480322	states																																	"        state_name
id                
1   nose_in_center"
594275.2415	0.001999999978579581	states																																	"   state_name
id           
5      go_cue"
594275.2435	5.031900000059977	states																																	"            state_name
id                    
6   wait_for_side_poke"
594280.2754	0.44860000000335276	states																																	"         state_name
id                 
4   announce_reward"
594280.724	0.5374999999767169	states																																	"   state_name
id           
8      reward"
594281.2615	9.999994654208422e-05	states																																	"    state_name
id            
7   stop_sound"
594281.3636	5.741700000013225	trials	1.0	2.0	20.0	1.1716749	0.0	0.15	True	1235.0	False	False	35555.0	False	High	True	False	0.025	0.0	1.2275988464789966	1.5	9.0													
594281.3636	5.741700000013225	processed_trials			20.0	1.1716749					False				High					1.2275988464789966		9.0	40.0	40.0	True	False	False	1.227599999999999	1.227599999999999	20.373136501193883	3.1019	-0.13754765152949036	Left	0.7414000000000001	
594281.3636	3.1019000000087544	states																																	"       state_name
id               
3   wait_for_poke"
594284.4655	1.1716999999480322	states																																	"        state_name
id                
1   nose_in_center"
594285.6372	0.0020000000949949026	states																																	"   state_name
id           
5      go_cue"
594285.6392000001	1.227599999983795	states																																	"            state_name
id                    
6   wait_for_side_poke"
594286.8668000001	0.08950000000186265	states																																	"         state_name
id                 
4   announce_reward"
594286.9563000001	0.1488999999128282	states																																	"   state_name
id           
8      reward"
594287.1052	0.00010000006295740604	states																																	"    state_name
id            
7   stop_sound"
594287.2061	5.366400000057183	trials	1.0	2.0	20.0	1.1904149128962103	0.0	0.15	True	1255.0	False	False	35556.0	False	High	True	False	0.025	0.0	1.2275988	1.5	9.0													
594287.2061	5.366400000057183	processed_trials			20.0	1.1904149128962103					False				High					1.2275988		9.0	40.0	40.0	True	False	False	1.2276000000000002	1.2276000000000002	20.373136501193883	2.7423	-0.1502943296200184	Right	1.0856000000000001	
594287.2061	2.7423000000417233	states																																	"       state_name
id               
3   wait_for_poke"
594289.9484	1.1903999999631196	states																																	"        state_name
id                
1   nose_in_center"
594291.1388	0.001999999978579581	states																																	"   state_name
id           
5      go_cue"
594291.1407999999	1.227599999983795	states																																	"            state_name
id                    
6   wait_for_side_poke"
594292.3683999999	0.045400000060908496	states																																	"         state_name
id                 
4   announce_reward"
594292.4138	0.15859999996609986	states																																	"   state_name
id           
8      reward"
594292.5724	0.00010000006295740604	states																																	"    state_name
id            
7   stop_sound"
594292.6772	3.8541999999433756	trials	1.0	2.0	20.0	1.0983920693651812	0.0	0.15	True	1275.0	False	False	35557.0	False	High	True	False	0.025	0.0	0.4158464421888453	1.5	9.0													
594292.6772	3.8541999999433756	processed_trials			20.0	1.0983920693651812					False				High					0.4158464421888453		9.0	40.0	40.0	False	True	False			20.373136501193883	1.8457999999999999	-0.18207240778508624	Right	0.6150999999999998	
594292.6772	1.8458000000100583	states																																	"       state_name
id               
3   wait_for_poke"
594294.523	0.008399999933317304	states																																	"        state_name
id                
1   nose_in_center"
594294.5314	2.0	states																																	"          state_name
id                  
2   punish_violation"
594296.6346	5.803100000019185	trials	1.0	2.0	20.0	1.0266103823565926	0.0	0.15	True	1275.0	False	False	35558.0	False	High	True	True	0.025	0.0	4.420630102384158	1.5	9.0													
594296.6346	5.803100000019185	processed_trials			20.0	1.0266103823565926					False				High					4.420630102384158		9.0	40.0	40.0	True	False	False	4.4206	4.4206	20.373136501193883	0.19640000000000002	-0.2405384001168909	Left	0.19640000000000002	
594296.6346	0.1964000000152737	states																																	"       state_name
id               
3   wait_for_poke"
594296.831	1.0265999999828637	states																																	"        state_name
id                
1   nose_in_center"
594297.8576	0.001999999978579581	states																																	"   state_name
id           
5      go_cue"
594297.8596	4.420600000070408	states																																	"            state_name
id                    
6   wait_for_side_poke"
594302.2802	0.00849999999627471	states																																	"         state_name
id                 
4   announce_reward"
594302.2887	0.1488999999128282	states																																	"   state_name
id           
8      reward"
594302.4376	0.00010000006295740604	states																																	"    state_name
id            
7   stop_sound"
594302.5428	3.5475999999325722	trials	1.0	2.0	20.0	0.9856928532240637	0.0	0.15	True	1295.0	True	False	35559.0	False	High	True	False	0.025	0.0	100.0	1.5	9.0													
594302.5428	3.5475999999325722	processed_trials			20.0	0.9856928532240637					True				High					100.0		9.0	40.0	40.0	False	True	False			20.373136501193883	1.4726	-0.1953011626888267	Left	0.7503999999999998	
594302.5428	1.4725999999791384	states																																	"       state_name
id               
3   wait_for_poke"
594304.0154	0.0750000000698492	states																																	"        state_name
id                
1   nose_in_center"
594304.0904000001	2.0	states																																	"          state_name
id                  
2   punish_violation"
594306.1989	5.439100000075996	trials	1.0	2.0	20.0	0.9164210116701977	0.0	0.15	True	1295.0	False	False	35560.0	False	High	True	True	0.025	0.0	4.040305827893351	1.5	9.0													
594306.1989	5.439100000075996	processed_trials			20.0	0.9164210116701977					False				High					4.040305827893351		9.0	40.0	40.0	True	False	False	4.0403	4.0403	20.373136501193883	0.0313	-0.24639067084199148	Right	0.0313	
594306.1989	0.0313000000314787	states																																	"       state_name
id               
3   wait_for_poke"
594306.2302	0.916399999987334	states																																	"        state_name
id                
1   nose_in_center"
594307.1466	0.001999999978579581	states																																	"   state_name
id           
5      go_cue"
594307.1486	4.0402999999932945	states																																	"            state_name
id                    
6   wait_for_side_poke"
594311.1889	0.2904000000562519	states																																	"         state_name
id                 
4   announce_reward"
594311.4793	0.15859999996609986	states																																	"   state_name
id           
8      reward"
594311.6379	9.999994654208422e-05	states																																	"    state_name
id            
7   stop_sound"
594311.7445	4.217199999955483	trials	1.0	2.0	20.0	0.9102365155029705	0.0	0.15	True	1315.0	False	False	35561.0	False	High	True	False	0.025	0.0	2.3788529699005485	1.5	9.0													
594311.7445	4.217199999955483	processed_trials			20.0	0.9102365155029705					False				High					2.3788529699005485		9.0	40.0	40.0	False	True	False			20.373136501193883	2.0138	-0.17611734126893297	Left	0.6404999999999998	
594311.7445	2.013799999956973	states																																	"       state_name
id               
3   wait_for_poke"
594313.7583	0.20339999999850988	states																																	"        state_name
id                
1   nose_in_center"
594313.9617	2.0	states																																	"          state_name
id                  
2   punish_violation"
594316.0667	1.4627000000327826	trials	1.0	2.0	20.0	0.8102665513604305	0.0	0.15	True	1315.0	False	False	35562.0	False	High	True	True	0.025	0.0	0.10901098999689295	1.5	9.0													
594316.0667	1.4627000000327826	processed_trials			20.0	0.8102665513604305					False				High					0.10901098999689295		9.0	40.0	40.0	True	False	False	0.10899999999999999	0.10899999999999999	20.373136501193883	0.0305	-0.2464190283015922	Left	0.0305	
594316.0667	0.030499999993480742	states																																	"       state_name
id               
3   wait_for_poke"
594316.0972	0.8103000000119209	states																																	"        state_name
id                
1   nose_in_center"
594316.9075	0.001999999978579581	states																																	"   state_name
id           
5      go_cue"
594316.9095	0.10900000005494803	states																																	"            state_name
id                    
6   wait_for_side_poke"
594317.0185	0.36190000001806766	states																																	"         state_name
id                 
4   announce_reward"
594317.3804	0.1488999999128282	states																																	"   state_name
id           
8      reward"
594317.5292999999	0.00010000006295740604	states																																	"    state_name
id            
7   stop_sound"
594317.6377	12.39069999998901	trials	1.0	2.0	40.0	0.8145329038185908	0.0	0.15	True	1335.0	True	False	35563.0	False	High	True	False	0.025	0.0	100.0	1.5	9.0													
594317.6377	12.39069999998901	processed_trials			40.0	0.8145329038185908					True				High					100.0		9.0	40.0	40.0	False	False	True	9.4677	9.4677	20.373136501193883	1.9064	-0.1799243302203309	Right	0.6596000000000002	
594317.6377	1.9063999999780208	states																																	"       state_name
id               
3   wait_for_poke"
594319.5440999999	0.8144999999785796	states																																	"        state_name
id                
1   nose_in_center"
594320.3585999999	0.0020000000949949026	states																																	"   state_name
id           
5      go_cue"
594320.3606	9.467699999921024	states																																	"            state_name
id                    
6   wait_for_side_poke"
594329.8282999999	0.2000000000698492	states																																	"   state_name
id           
0     opt_out"
594330.0283	9.999994654208422e-05	states																																	"    state_name
id            
7   stop_sound"
594330.1361	9.16870000003837	trials	1.0	2.0	40.0	1.1560892438749355	0.0	0.15	True	1335.0	False	False	35564.0	False	High	True	False	0.025	0.0	7.057262205677103	1.5	9.0													
594330.1361	9.16870000003837	processed_trials			40.0	1.1560892438749355					False				High					7.057262205677103		9.0	40.0	40.0	True	False	False	7.057300000000001	7.057300000000001	20.373136501193883	0.18680000000000002	-0.24087868963209963	Left	0.18680000000000002	
594330.1361	0.18680000002495944	states																																	"       state_name
id               
3   wait_for_poke"
594330.3229	1.1561000000219792	states																																	"        state_name
id                
1   nose_in_center"
594331.479	0.001999999978579581	states																																	"   state_name
id           
5      go_cue"
594331.481	7.057299999985844	states																																	"            state_name
id                    
6   wait_for_side_poke"
594338.5383	0.4895999999716878	states																																	"         state_name
id                 
4   announce_reward"
594339.0279	0.27679999999236315	states																																	"   state_name
id           
8      reward"
594339.3047	0.00010000006295740604	states																																	"    state_name
id            
7   stop_sound"
594339.4135	4.553899999940768	trials	1.0	2.0	20.0	1.0891412460480456	0.0	0.15	True	1375.0	False	False	35565.0	False	High	True	False	0.025	0.0	2.197970983618846	1.5	9.0													
594339.4135	4.553899999940768	processed_trials			20.0	1.0891412460480456					False				High					2.197970983618846		9.0	40.0	40.0	False	True	False			20.373136501193883	2.4524	-0.16057036404283287	Left	0.5084999999999997	
594339.4135	2.4523999999510124	states																																	"       state_name
id               
3   wait_for_poke"
594341.8659	0.10150000010617077	states																																	"        state_name
id                
1   nose_in_center"
594341.9674000001	2.0	states																																	"          state_name
id                  
2   punish_violation"
594344.0763	3.459000000031665	trials	1.0	2.0	20.0	1.010048859395293	0.0	0.15	True	1375.0	False	False	35566.0	False	High	True	True	0.025	0.0	2.197971	1.5	9.0													
594344.0763	3.459000000031665	processed_trials			20.0	1.010048859395293					False				High					2.197971		9.0	40.0	40.0	True	False	False	2.1979999999999995	2.1979999999999995	20.373136501193883	0.061700000000000005	-0.24531308737716376	Left	0.061700000000000005	
594344.0763	0.06169999996200204	states																																	"       state_name
id               
3   wait_for_poke"
594344.1379999999	1.0100000000093132	states																																	"        state_name
id                
1   nose_in_center"
594345.1479999999	0.001999999978579581	states																																	"   state_name
id           
5      go_cue"
594345.1499999999	2.1980000000912696	states																																	"            state_name
id                    
6   wait_for_side_poke"
594347.348	0.0383000000147149	states																																	"         state_name
id                 
4   announce_reward"
594347.3863	0.1488999999128282	states																																	"   state_name
id           
8      reward"
594347.5351999999	0.00010000006295740604	states																																	"    state_name
id            
7   stop_sound"
594347.6468	4.079499999992549	trials	1.0	2.0	80.0	0.9054813492158363	0.0	0.15	True	1395.0	False	False	35567.0	False	High	True	False	0.025	0.0	1.321101893694879	1.5	9.0													
594347.6468	4.079499999992549	processed_trials			80.0	0.9054813492158363					False				High					1.321101893694879		9.0	40.0	40.0	False	True	False			20.373136501193883	1.9806	-0.17729417584236326	Right	0.3494999999999999	
594347.6468	1.980600000009872	states																																	"       state_name
id               
3   wait_for_poke"
594349.6274	0.0988999999826774	states																																	"        state_name
id                
1   nose_in_center"
594349.7263	2.0	states																																	"          state_name
id                  
2   punish_violation"
594351.8346	2.2639000000199303	trials	1.0	2.0	80.0	0.8159980862885452	0.0	0.15	True	1395.0	False	False	35568.0	False	High	True	True	0.025	0.0	0.47298001962466074	1.5	9.0													
594351.8346	2.2639000000199303	processed_trials			80.0	0.8159980862885452					False				High					0.47298001962466074		9.0	40.0	40.0	True	False	False	0.473	0.473	20.373136501193883	0.0541	-0.24558248324337068	Right	0.0541	
594351.8346	0.054099999950267375	states																																	"       state_name
id               
3   wait_for_poke"
594351.8886999999	0.8159999999916181	states																																	"        state_name
id                
1   nose_in_center"
594352.7046999999	0.0020000000949949026	states																																	"   state_name
id           
5      go_cue"
594352.7067	0.47299999999813735	states																																	"            state_name
id                    
6   wait_for_side_poke"
594353.1797	0.3473000000230968	states																																	"         state_name
id                 
4   announce_reward"
594353.527	0.5713999998988584	states																																	"   state_name
id           
8      reward"
594354.0983999999	0.00010000006295740604	states																																	"    state_name
id            
7   stop_sound"
594354.21	5.166300000040792	trials	1.0	2.0	20.0	0.9695039897275701	0.0	0.15	True	1475.0	False	False	35569.0	False	High	True	False	0.025	0.0	0.41328525278026673	1.5	9.0													
594354.21	5.166300000040792	processed_trials			20.0	0.9695039897275701					False				High					0.41328525278026673		9.0	40.0	40.0	False	True	False			20.373136501193883	2.9646	-0.1424145005334656	Left	1.5473	
594354.21	2.9645999999484047	states																																	"       state_name
id               
3   wait_for_poke"
594357.1745999999	0.2017000000923872	states																																	"        state_name
id                
1   nose_in_center"
594357.3763	2.0	states																																	"          state_name
id                  
2   punish_violation"
594359.4901	13.337100000004284	trials	1.0	2.0	20.0	1.0441598544660942	0.0	0.15	True	1475.0	True	False	35570.0	False	High	True	True	0.025	0.0	100.0	1.5	9.0													
594359.4901	13.337100000004284	processed_trials			20.0	1.0441598544660942					True				High					100.0		9.0	40.0	40.0	False	False	True	12.006400000000001	12.006400000000001	20.373136501193883	0.0844	-0.24450844446099307	Left	0.0844	
594359.4901	0.08440000005066395	states																																	"       state_name
id               
3   wait_for_poke"
594359.5745000001	1.0442000000039116	states																																	"        state_name
id                
1   nose_in_center"
594360.6187000001	0.001999999978579581	states																																	"   state_name
id           
5      go_cue"
594360.6207000001	12.006399999954738	states																																	"            state_name
id                    
6   wait_for_side_poke"
594372.6271	0.2000000000698492	states																																	"   state_name
id           
0     opt_out"
594372.8271000001	9.999994654208422e-05	states																																	"    state_name
id            
7   stop_sound"
594372.9405	2.604799999971874	trials	1.0	2.0	80.0	0.8795357218177929	0.0	0.15	True	1475.0	False	False	35571.0	False	High	True	False	0.025	0.0	2.0619300674794787	1.5	9.0													
594372.9405	2.604799999971874	processed_trials			80.0	0.8795357218177929					False				High					2.0619300674794787		9.0	40.0	40.0	False	True	False			20.373136501193883	0.5606	-0.22762866663365863	Left	0.5606	
594372.9405	0.5605999999679625	states																																	"       state_name
id               
3   wait_for_poke"
594373.5011	0.044200000003911555	states																																	"        state_name
id                
1   nose_in_center"
594373.5453	2.0	states																																	"          state_name
id                  
2   punish_violation"
594375.6599	5.465100000030361	trials	1.0	2.0	80.0	0.9764331099127919	0.0	0.15	True	1475.0	False	False	35572.0	False	High	True	True	0.025	0.0	3.2488522728282154	1.5	9.0													
594375.6599	5.465100000030361	processed_trials			80.0	0.9764331099127919					False				High					3.2488522728282154		9.0	40.0	40.0	True	False	False	3.248900000000001	3.248900000000001	20.373136501193883	0.12	-0.24324653750876057	Right	0.12	
594375.6599	0.11999999999534339	states																																	"       state_name
id               
3   wait_for_poke"
594375.7799	0.9764000000432134	states																																	"        state_name
id                
1   nose_in_center"
594376.7563	0.001999999978579581	states																																	"   state_name
id           
5      go_cue"
594376.7583	3.2489000000059605	states																																	"            state_name
id                    
6   wait_for_side_poke"
594380.0072	0.5462999999290332	states																																	"         state_name
id                 
4   announce_reward"
594380.5534999999	0.5714000000152737	states																																	"   state_name
id           
8      reward"
594381.1248999999	0.00010000006295740604	states																																	"    state_name
id            
7   stop_sound"
594381.2413	5.508600000059232	trials	1.0	2.0	40.0	1.053022202693346	0.0	0.15	True	1555.0	False	False	35573.0	False	High	True	False	0.025	0.0	4.2020372432197775	1.5	9.0													
594381.2413	5.508600000059232	processed_trials			40.0	1.053022202693346					False				High					4.2020372432197775		9.0	40.0	40.0	False	True	False			20.373136501193883	3.1185	-0.13695923424277523	Left	1.5623	
594381.2413	3.118499999982305	states																																	"       state_name
id               
3   wait_for_poke"
594384.3598	0.3900999999605119	states																																	"        state_name
id                
1   nose_in_center"
594384.7498999999	2.0	states																																	"          state_name
id                  
2   punish_violation"
594386.8663	20.61329999996815	trials	1.0	2.0	40.0	1.0816017673801182	0.0	0.15	True	1555.0	True	False	35574.0	False	High	True	True	0.025	0.0	100.0	1.5	9.0													
594386.8663	20.61329999996815	processed_trials			40.0	1.0816017673801182					True				High					100.0		9.0	40.0	40.0	False	False	True	19.0431	19.0431	20.373136501193883	0.2865	-0.23734464122935867	Right	0.2865	
594386.8663	0.2865000000456348	states																																	"       state_name
id               
3   wait_for_poke"
594387.1528	1.081599999917671	states																																	"        state_name
id                
1   nose_in_center"
594388.2344	0.001999999978579581	states																																	"   state_name
id           
5      go_cue"
594388.2363999999	19.043100000009872	states																																	"            state_name
id                    
6   wait_for_side_poke"
594407.2795	0.2000000000698492	states																																	"   state_name
id           
0     opt_out"
594407.4795	9.999994654208422e-05	states																																	"    state_name
id            
7   stop_sound"
594407.5965	2.0605000000214204	trials	1.0	2.0	40.0	1.0816018	0.0	0.15	True	1555.0	False	False	35575.0	False	High	True	False	0.025	0.0	3.9545440764789177	1.5	9.0													
594407.5965	2.0605000000214204	processed_trials			40.0	1.0816018					False				High					3.9545440764789177		9.0	40.0	40.0	False	True	False			20.373136501193883	0.0312	-0.24639421552444157	Right	0.0312	
594407.5965	0.031199999968521297	states																																	"       state_name
id               
3   wait_for_poke"
594407.6277	0.029300000052899122	states																																	"        state_name
id                
1   nose_in_center"
594407.657	2.0	states																																	"          state_name
id                  
2   punish_violation"
594409.7722	2.0320999999530613	trials	1.0	2.0	40.0	1.1088202272391658	0.0	0.15	True	1555.0	False	False	35576.0	False	High	True	True	0.025	0.0	0.5470027258482419	1.5	9.0													
594409.7722	2.0320999999530613	processed_trials			40.0	1.1088202272391658					False				High					0.5470027258482419		9.0	40.0	40.0	False	True	False			20.373136501193883	0.0128	-0.24704643709525834	Right	0.0128	
594409.7722	0.012800000025890768	states																																	"       state_name
id               
3   wait_for_poke"
594409.785	0.019299999927170575	states																																	"        state_name
id                
1   nose_in_center"
594409.8043	2.0	states																																	"          state_name
id                  
2   punish_violation"
594411.9216	2.125400000018999	trials	1.0	2.0	40.0	1.0259820754724216	0.0	0.15	True	1555.0	False	False	35577.0	False	High	True	True	0.025	0.0	0.35901786052696094	1.5	9.0													
594411.9216	2.125400000018999	processed_trials			40.0	1.0259820754724216					False				High					0.35901786052696094		9.0	40.0	40.0	True	False	False	0.359	0.359	20.373136501193883	0.31460000000000005	-0.23634858546088303	Left	0.31460000000000005	
594411.9216	0.314600000041537	states																																	"       state_name
id               
3   wait_for_poke"
594412.2362	1.0259999999543652	states																																	"        state_name
id                
1   nose_in_center"
594413.2622	0.001999999978579581	states																																	"   state_name
id           
5      go_cue"
594413.2642	0.35900000005494803	states																																	"            state_name
id                    
6   wait_for_side_poke"
594413.6232	0.14689999993424863	states																																	"         state_name
id                 
4   announce_reward"
594413.7701	0.27679999999236315	states																																	"   state_name
id           
8      reward"
594414.0469	0.00010000006295740604	states																																	"    state_name
id            
7   stop_sound"
594414.1665	4.20899999991525	trials	1.0	2.0	40.0	1.0259821	0.0	0.15	True	1595.0	False	False	35578.0	False	High	True	False	0.025	0.0	0.5352532358119619	1.5	9.0													
594414.1665	4.20899999991525	processed_trials			40.0	1.0259821					False				High					0.5352532358119619		9.0	40.0	40.0	True	False	False	0.5353000000000003	0.5353000000000003	20.373136501193883	2.1645	-0.17077550481664552	Right	1.0342	
594414.1665	2.1644999999552965	states																																	"       state_name
id               
3   wait_for_poke"
594416.331	1.0260000000707805	states																																	"        state_name
id                
1   nose_in_center"
594417.3570000001	0.001999999978579581	states																																	"   state_name
id           
5      go_cue"
594417.359	0.5352999999886379	states																																	"            state_name
id                    
6   wait_for_side_poke"
594417.8943	0.18700000003445894	states																																	"         state_name
id                 
4   announce_reward"
594418.0813000001	0.29409999994095415	states																																	"   state_name
id           
8      reward"
594418.3754	0.00010000006295740604	states																																	"    state_name
id            
7   stop_sound"
594418.4951	4.270300000091083	trials	1.0	2.0	20.0	0.8330818956330938	0.0	0.15	True	1635.0	False	False	35579.0	False	High	True	False	0.025	0.0	4.919534231285146	1.5	9.0													
594418.4951	4.270300000091083	processed_trials			20.0	0.8330818956330938					False				High					4.919534231285146		9.0	40.0	40.0	False	True	False			20.373136501193883	2.2325	-0.16836512075058346	Left	1.5263	
594418.4951	2.2325000000419095	states																																	"       state_name
id               
3   wait_for_poke"
594420.7276	0.03779999993275851	states																																	"        state_name
id                
1   nose_in_center"
594420.7653999999	2.0	states																																	"          state_name
id                  
2   punish_violation"
594422.8824	4.376599999959581	trials	1.0	2.0	20.0	1.1318401396784663	0.0	0.15	True	1635.0	False	False	35580.0	False	High	True	True	0.025	0.0	2.079548159769675	1.5	9.0													
594422.8824	4.376599999959581	processed_trials			20.0	1.1318401396784663					False				High					2.079548159769675		9.0	40.0	40.0	True	False	False	2.0794999999999995	2.0794999999999995	20.373136501193883	0.9394	-0.21420140951271308	Left	0.9394	
594422.8824	0.9394000000320375	states																																	"       state_name
id               
3   wait_for_poke"
594423.8218	1.1317999999737367	states																																	"        state_name
id                
1   nose_in_center"
594424.9536	0.001999999978579581	states																																	"   state_name
id           
5      go_cue"
594424.9556	2.0794999999925494	states																																	"            state_name
id                    
6   wait_for_side_poke"
594427.0351	0.07490000000689179	states																																	"         state_name
id                 
4   announce_reward"
594427.11	0.14890000002924353	states																																	"   state_name
id           
8      reward"
594427.2589	9.999994654208422e-05	states																																	"    state_name
id            
7   stop_sound"
594427.378	4.902499999967404	trials	1.0	2.0	80.0	0.9349073887871296	0.0	0.15	True	1655.0	False	False	35581.0	False	High	True	False	0.025	0.0	0.9428101643324882	1.5	9.0													
594427.378	4.902499999967404	processed_trials			80.0	0.9349073887871296					False				High					0.9428101643324882		9.0	40.0	40.0	True	False	False	0.9428000000000001	0.9428000000000001	20.373136501193883	2.4284	-0.16142108783085476	Left	1.1386999999999998	
594427.378	2.428399999975227	states																																	"       state_name
id               
3   wait_for_poke"
594429.8064	0.934899999992922	states																																	"        state_name
id                
1   nose_in_center"
594430.7413	0.001999999978579581	states																																	"   state_name
id           
5      go_cue"
594430.7433	0.9428000000771135	states																																	"            state_name
id                    
6   wait_for_side_poke"
594431.6861	0.05680000002030283	states																																	"         state_name
id                 
4   announce_reward"
594431.7429000001	0.5374999999767169	states																																	"   state_name
id           
8      reward"
594432.2804	9.999994654208422e-05	states																																	"    state_name
id            
7   stop_sound"
594432.4032	7.863400000031106	trials	1.0	2.0	40.0	1.0258088899747742	0.0	0.15	True	1735.0	False	False	35582.0	False	High	True	False	0.025	0.0	3.3747015805623297	1.5	9.0													
594432.4032	7.863400000031106	processed_trials			40.0	1.0258088899747742					False				High					3.3747015805623297		9.0	40.0	40.0	True	False	False	3.3747	3.3747	20.373136501193883	2.65	-0.15356607152145263	Left	0.8242	
594432.4032	2.650000000023283	states																																	"       state_name
id               
3   wait_for_poke"
594435.0532	1.0257999999448657	states																																	"        state_name
id                
1   nose_in_center"
594436.0789999999	0.001999999978579581	states																																	"   state_name
id           
5      go_cue"
594436.0809999999	3.3747000000439584	states																																	"            state_name
id                    
6   wait_for_side_poke"
594439.4556999999	0.5339999999850988	states																																	"         state_name
id                 
4   announce_reward"
594439.9896999999	0.27679999999236315	states																																	"   state_name
id           
8      reward"
594440.2664999999	0.00010000006295740604	states																																	"    state_name
id            
7   stop_sound"
594440.3893	4.483299999963492	trials	1.0	2.0	40.0	1.1468244572448332	0.0	0.15	True	1775.0	False	False	35583.0	False	High	True	False	0.025	0.0	0.18153007662443477	1.5	9.0													
594440.3893	4.483299999963492	processed_trials			40.0	1.1468244572448332					False				High					0.18153007662443477		9.0	40.0	40.0	True	False	False	0.18150000000000022	0.18150000000000022	20.373136501193883	2.3873	-0.16287795231784222	Right	1.2634	
594440.3893	2.3872999999439344	states																																	"       state_name
id               
3   wait_for_poke"
594442.7766	1.1468000001041219	states																																	"        state_name
id                
1   nose_in_center"
594443.9234000001	0.001999999978579581	states																																	"   state_name
id           
5      go_cue"
594443.9254000001	0.18149999994784594	states																																	"            state_name
id                    
6   wait_for_side_poke"
594444.1069	0.47149999998509884	states																																	"         state_name
id                 
4   announce_reward"
594444.5784	0.29410000005736947	states																																	"   state_name
id           
8      reward"
594444.8725	9.999994654208422e-05	states																																	"    state_name
id            
7   stop_sound"
594444.9943	4.226200000033714	trials	1.0	2.0	20.0	1.034552354535275	0.0	0.15	True	1815.0	False	False	35584.0	False	High	True	False	0.025	0.0	0.4260367673470083	1.5	9.0													
594444.9943	4.226200000033714	processed_trials			20.0	1.034552354535275					False				High					0.4260367673470083		9.0	40.0	40.0	False	True	False			20.373136501193883	2.0328	-0.17544385160341563	Left	1.2545	
594444.9943	2.032800000044517	states																																	"       state_name
id               
3   wait_for_poke"
594447.0271000001	0.19339999998919666	states																																	"        state_name
id                
1   nose_in_center"
594447.2205	2.0	states																																	"          state_name
id                  
2   punish_violation"
594449.3424	4.841200000024401	trials	1.0	2.0	20.0	1.0345524	0.0	0.15	True	1815.0	False	False	35585.0	False	High	True	True	0.025	0.0	3.258106402124346	1.5	9.0													
594449.3424	4.841200000024401	processed_trials			20.0	1.0345524					False				High					3.258106402124346		9.0	40.0	40.0	True	False	False	3.2581	3.2581	20.373136501193883	0.2928	-0.23712132623500295	Right	0.2928	
594449.3424	0.29280000005383044	states																																	"       state_name
id               
3   wait_for_poke"
594449.6352	1.034599999897182	states																																	"        state_name
id                
1   nose_in_center"
594450.6697999999	0.0020000000949949026	states																																	"   state_name
id           
5      go_cue"
594450.6718	3.2580999999772757	states																																	"            state_name
id                    
6   wait_for_side_poke"
594453.9299	0.09499999997206032	states																																	"         state_name
id                 
4   announce_reward"
594454.0249	0.15859999996609986	states																																	"   state_name
id           
8      reward"
594454.1834999999	0.00010000006295740604	states																																	"    state_name
id            
7   stop_sound"
594454.3086	3.618000000016764	trials	1.0	2.0	20.0	1.024318761069086	0.0	0.15	True	1835.0	True	False	35586.0	False	High	True	False	0.025	0.0	100.0	1.5	9.0													
594454.3086	3.618000000016764	processed_trials			20.0	1.024318761069086					True				High					100.0		9.0	40.0	40.0	False	True	False			20.373136501193883	1.592	-0.19106881184341776	Left	0.9491	
594454.3086	1.5919999999459833	states																																	"       state_name
id               
3   wait_for_poke"
594455.9005999999	0.026000000070780516	states																																	"        state_name
id                
1   nose_in_center"
594455.9266	2.0	states																																	"          state_name
id                  
2   punish_violation"
594458.0513	1.7173999999649823	trials	1.0	2.0	20.0	0.9488788605317321	0.0	0.15	True	1835.0	False	False	35587.0	False	High	True	True	0.025	0.0	0.56964813250199	1.5	9.0													
594458.0513	1.7173999999649823	processed_trials			20.0	0.9488788605317321					False				High					0.56964813250199		9.0	40.0	40.0	True	False	False	0.5696	0.5696	20.373136501193883	0.0298	-0.24644384107874287	Left	0.0298	
594458.0513	0.029800000018440187	states																																	"       state_name
id               
3   wait_for_poke"
594458.0811000001	0.9488999999593943	states																																	"        state_name
id                
1   nose_in_center"
594459.03	0.001999999978579581	states																																	"   state_name
id           
5      go_cue"
594459.032	0.5696000000461936	states																																	"            state_name
id                    
6   wait_for_side_poke"
594459.6016	0.018099999986588955	states																																	"         state_name
id                 
4   announce_reward"
594459.6197	0.14890000002924353	states																																	"   state_name
id           
8      reward"
594459.7686000001	9.999994654208422e-05	states																																	"    state_name
id            
7   stop_sound"
594459.8947	3.4199000000953674	trials	1.0	2.0	40.0	0.8441455183218383	0.0	0.15	True	1855.0	False	False	35588.0	False	High	True	False	0.025	0.0	0.03371255421034146	1.5	9.0													
594459.8947	3.4199000000953674	processed_trials			40.0	0.8441455183218383					False				High					0.03371255421034146		9.0	40.0	40.0	True	False	False	0.03370000000000006	0.03370000000000006	20.373136501193883	1.7545	-0.1853087028620195	Left	0.5525	
594459.8947	1.7545000000391155	states																																	"       state_name
id               
3   wait_for_poke"
594461.6492	0.8440999999875203	states																																	"        state_name
id                
1   nose_in_center"
594462.4933	0.001999999978579581	states																																	"   state_name
id           
5      go_cue"
594462.4953	0.033700000029057264	states																																	"            state_name
id                    
6   wait_for_side_poke"
594462.529	0.5087000000057742	states																																	"         state_name
id                 
4   announce_reward"
594463.0377	0.27679999999236315	states																																	"   state_name
id           
8      reward"
594463.3145	9.999994654208422e-05	states																																	"    state_name
id            
7   stop_sound"
594463.4431	4.733899999991991	trials	1.0	2.0	20.0	1.023296284258586	0.0	0.15	True	1895.0	False	False	35589.0	False	High	True	False	0.025	0.0	0.17887857559239945	1.5	9.0													
594463.4431	4.733899999991991	processed_trials			20.0	1.023296284258586					False				High					0.17887857559239945		9.0	40.0	40.0	False	True	False			20.373136501193883	2.5887	-0.1557389618633585	Left	0.3101999999999996	
594463.4431	2.5886999999638647	states																																	"       state_name
id               
3   wait_for_poke"
594466.0318	0.14520000002812594	states																																	"        state_name
id                
1   nose_in_center"
594466.177	2.0	states																																	"          state_name
id                  
2   punish_violation"
594468.3079	4.81070000003092	trials	1.0	2.0	20.0	1.0232963	0.0	0.15	True	1895.0	False	False	35590.0	False	High	True	True	0.025	0.0	1.405078441910717	1.5	9.0													
594468.3079	4.81070000003092	processed_trials			20.0	1.0232963					False				High					1.405078441910717		9.0	40.0	40.0	False	True	False			20.373136501193883	2.7456	-0.15017735509916538	Right	2.7456	
594468.3079	2.745600000023842	states																																	"       state_name
id               
3   wait_for_poke"
594471.0535	0.06510000000707805	states																																	"        state_name
id                
1   nose_in_center"
594471.1186	2.0	states																																	"          state_name
id                  
2   punish_violation"
594473.2446	4.540200000046752	trials	1.0	2.0	20.0	1.1237686592066516	0.0	0.15	True	1895.0	False	False	35591.0	False	High	True	True	0.025	0.0	2.9519747648266015	1.5	9.0													
594473.2446	4.540200000046752	processed_trials			20.0	1.1237686592066516					False				High					2.9519747648266015		9.0	40.0	40.0	True	False	False	2.9520000000000004	2.9520000000000004	20.373136501193883	0.1042	-0.243806597335875	Left	0.1042	
594473.2446	0.10419999994337559	states																																	"       state_name
id               
3   wait_for_poke"
594473.3487999999	1.1238000000594184	states																																	"        state_name
id                
1   nose_in_center"
594474.4726	0.001999999978579581	states																																	"   state_name
id           
5      go_cue"
594474.4746	2.9520000000484288	states																																	"            state_name
id                    
6   wait_for_side_poke"
594477.4266	0.20919999992474914	states																																	"         state_name
id                 
4   announce_reward"
594477.6357999999	0.14890000002924353	states																																	"   state_name
id           
8      reward"
594477.7847	0.00010000006295740604	states																																	"    state_name
id            
7   stop_sound"
594477.9132	4.637500000069849	trials	1.0	2.0	80.0	1.1583213392371912	0.0	0.15	True	1915.0	False	False	35592.0	False	High	True	False	0.025	0.0	3.1119602348915514	1.5	9.0													
594477.9132	4.637500000069849	processed_trials			80.0	1.1583213392371912					False				High					3.1119602348915514		9.0	40.0	40.0	False	True	False			20.373136501193883	1.5004000000000002	-0.19431574096770132	Left	0.6771000000000003	
594477.9132	1.500400000018999	states																																	"       state_name
id               
3   wait_for_poke"
594479.4136	1.137099999934435	states																																	"        state_name
id                
1   nose_in_center"
594480.5506999999	2.0	states																																	"          state_name
id                  
2   punish_violation"
594482.6803	2.059000000008382	trials	1.0	2.0	80.0	1.1583213	0.0	0.15	True	1915.0	False	False	35593.0	False	High	True	True	0.025	0.0	2.766020195953649	1.5	9.0													
594482.6803	2.059000000008382	processed_trials			80.0	1.1583213					False				High					2.766020195953649		9.0	40.0	40.0	False	True	False			20.373136501193883	0.0202	-0.2467841305939516	Left	0.0202	
594482.6803	0.020200000028125942	states																																	"       state_name
id               
3   wait_for_poke"
594482.7005	0.03879999998025596	states																																	"        state_name
id                
1   nose_in_center"
594482.7393	2.0	states																																	"          state_name
id                  
2   punish_violation"
594484.866	2.4255999999586493	trials	1.0	2.0	80.0	1.066231967457746	0.0	0.15	True	1915.0	False	False	35594.0	False	High	True	True	0.025	0.0	0.08169261559155039	1.5	9.0													
594484.866	2.4255999999586493	processed_trials			80.0	1.066231967457746					False				High					0.08169261559155039		9.0	40.0	40.0	True	False	False	0.08169999999999988	0.08169999999999988	20.373136501193883	0.1492	-0.24221149023333394	Left	0.1492	
594484.866	0.1491999999852851	states																																	"       state_name
id               
3   wait_for_poke"
594485.0152	1.0662000000011176	states																																	"        state_name
id                
1   nose_in_center"
594486.0814	0.001999999978579581	states																																	"   state_name
id           
5      go_cue"
594486.0834	0.08169999998062849	states																																	"            state_name
id                    
6   wait_for_side_poke"
594486.1651	0.5889000000897795	states																																	"         state_name
id                 
4   announce_reward"
594486.7540000001	0.5374999999767169	states																																	"   state_name
id           
8      reward"
594487.2915	9.999994654208422e-05	states																																	"    state_name
id            
7   stop_sound"
594487.4265	12.35730000003241	trials	1.0	2.0	80.0	1.0329549119891677	0.0	0.15	True	1995.0	False	False	35595.0	False	High	True	False	0.025	0.0	7.24223064315143	1.5	9.0													
594487.4265	12.35730000003241	processed_trials			80.0	1.0329549119891677					False				High					7.24223064315143		9.0	40.0	40.0	True	False	False	7.2422	7.2422	20.373136501193883	2.9178	-0.14407341192010828	Left	0.4992000000000001	
594487.4265	2.9178000000538304	states																																	"       state_name
id               
3   wait_for_poke"
594490.3443	1.0329999999376014	states																																	"        state_name
id                
1   nose_in_center"
594491.3772999999	0.001999999978579581	states																																	"   state_name
id           
5      go_cue"
594491.3792999999	7.242199999978766	states																																	"            state_name
id                    
6   wait_for_side_poke"
594498.6214999999	0.6247000000439584	states																																	"         state_name
id                 
4   announce_reward"
594499.2461999999	0.5374999999767169	states																																	"   state_name
id           
8      reward"
594499.7836999999	0.00010000006295740604	states																																	"    state_name
id            
7   stop_sound"
594499.9155	5.201299999956973	trials	1.0	2.0	40.0	0.9560574324412491	0.0	0.15	True	2075.0	False	False	35596.0	False	High	True	False	0.025	0.0	0.7874222353390903	1.5	9.0													
594499.9155	5.201299999956973	processed_trials			40.0	0.9560574324412491					False				High					0.7874222353390903		9.0	40.0	40.0	True	False	False	0.7874000000000003	0.7874000000000003	20.373136501193883	2.8101	-0.14789103491885658	Right	0.6789000000000001	
594499.9155	2.8101000000024214	states																																	"       state_name
id               
3   wait_for_poke"
594502.7256	0.95609999995213	states																																	"        state_name
id                
1   nose_in_center"
594503.6817	0.0020000000949949026	states																																	"   state_name
id           
5      go_cue"
594503.6837	0.7873999999137595	states																																	"            state_name
id                    
6   wait_for_side_poke"
594504.4711	0.35149999998975545	states																																	"         state_name
id                 
4   announce_reward"
594504.8226	0.29410000005736947	states																																	"   state_name
id           
8      reward"
594505.1167	9.999994654208422e-05	states																																	"    state_name
id            
7   stop_sound"
594505.2515	4.378299999982119	trials	1.0	2.0	80.0	0.8491728363496935	0.0	0.15	True	2115.0	True	False	35597.0	False	High	True	False	0.025	0.0	100.0	1.5	9.0													
594505.2515	4.378299999982119	processed_trials			80.0	0.8491728363496935					True				High					100.0		9.0	40.0	40.0	False	True	False			20.373136501193883	2.3476	-0.16428519125052846	Right	1.0868999999999998	
594505.2515	2.3475999999791384	states																																	"       state_name
id               
3   wait_for_poke"
594507.5991	0.030700000002980232	states																																	"        state_name
id                
1   nose_in_center"
594507.6298	2.0	states																																	"          state_name
id                  
2   punish_violation"
594509.7636	3.376100000110455	trials	1.0	2.0	80.0	0.903150877647772	0.0	0.15	True	2115.0	False	False	35598.0	False	High	True	True	0.025	0.0	1.6877890651988632	1.5	9.0													
594509.7636	3.376100000110455	processed_trials			80.0	0.903150877647772					False				High					1.6877890651988632		9.0	40.0	40.0	True	False	False	1.6878000000000002	1.6878000000000002	20.373136501193883	0.1268	-0.24300549910215435	Right	0.1268	
594509.7636	0.1267999999690801	states																																	"       state_name
id               
3   wait_for_poke"
594509.8903999999	0.9032000000588596	states																																	"        state_name
id                
1   nose_in_center"
594510.7936	0.001999999978579581	states																																	"   state_name
id           
5      go_cue"
594510.7956	1.6877999999560416	states																																	"            state_name
id                    
6   wait_for_side_poke"
594512.4833999999	0.08480000006966293	states																																	"         state_name
id                 
4   announce_reward"
594512.5682	0.5714000000152737	states																																	"   state_name
id           
8      reward"
594513.1396	9.999994654208422e-05	states																																	"    state_name
id            
7   stop_sound"
594513.2719	6.695299999904819	trials	1.0	2.0	80.0	1.0551073902324817	0.0	0.15	True	2195.0	False	False	35599.0	False	High	True	False	0.025	0.0	2.1357516623972863	1.5	9.0													
594513.2719	6.695299999904819	processed_trials			80.0	1.0551073902324817					False				High					2.1357516623972863		9.0	40.0	40.0	False	True	False			20.373136501193883	3.6614	-0.11771515322122997	Right	1.6573000000000002	
594513.2719	3.6613999999826774	states																																	"       state_name
id               
3   wait_for_poke"
594516.9333	1.0339000000385568	states																																	"        state_name
id                
1   nose_in_center"
594517.9672000001	2.0	states																																	"          state_name
id                  
2   punish_violation"
594520.1038	8.53269999998156	trials	1.0	2.0	80.0	0.8710099735564144	0.0	0.15	True	2195.0	False	False	35600.0	False	High	True	True	0.025	0.0	6.280442474179013	1.5	9.0													
594520.1038	8.53269999998156	processed_trials			80.0	0.8710099735564144					False				High					6.280442474179013		9.0	40.0	40.0	True	False	False	6.2804	6.2804	20.373136501193883	0.0593	-0.24539815975596593	Right	0.0593	
594520.1038	0.05929999996442348	states																																	"       state_name
id               
3   wait_for_poke"
594520.1631	0.8710000000428408	states																																	"        state_name
id                
1   nose_in_center"
594521.0341	0.001999999978579581	states																																	"   state_name
id           
5      go_cue"
594521.0361	6.280400000046939	states																																	"            state_name
id                    
6   wait_for_side_poke"
594527.3165000001	0.7484999999869615	states																																	"         state_name
id                 
4   announce_reward"
594528.0650000001	0.5714000000152737	states																																	"   state_name
id           
8      reward"
594528.6364000001	9.999994654208422e-05	states																																	"    state_name
id            
7   stop_sound"
594528.7783	4.746700000017881	trials	1.0	2.0	20.0	0.9821738685225037	0.0	0.15	True	2275.0	True	False	35601.0	False	High	True	False	0.025	0.0	6.2804425	1.5	9.0													
594528.7783	4.746700000017881	processed_trials			20.0	0.9821738685225037					False				High					6.2804425		9.0	40.0	40.0	False	True	False			20.373136501193883	2.6793	-0.15252747956357585	Right	0.7986	
594528.7783	2.679299999959767	states																																	"       state_name
id               
3   wait_for_poke"
594531.4576	0.06740000005811453	states																																	"        state_name
id                
1   nose_in_center"
594531.525	2.0	states																																	"          state_name
id                  
2   punish_violation"
594533.6624	2.5373999999137595	trials	1.0	2.0	20.0	1.1845728890497071	0.0	0.15	True	2275.0	False	False	35602.0	False	High	True	True	0.025	0.0	0.0009403592140630873	1.5	9.0													
594533.6624	2.5373999999137595	processed_trials			20.0	1.1845728890497071					False				High					0.0009403592140630873		9.0	40.0	40.0	False	False	True	0.0008999999999999009	0.0008999999999999009	20.373136501193883	0.0247	-0.2466246198836975	Left	0.0247	
594533.6624	0.024699999950826168	states																																	"       state_name
id               
3   wait_for_poke"
594533.6871	1.1846000000368804	states																																	"        state_name
id                
1   nose_in_center"
594534.8717	0.001999999978579581	states																																	"   state_name
id           
5      go_cue"
594534.8737	0.0008999999845400453	states																																	"            state_name
id                    
6   wait_for_side_poke"
594534.8746	1.1251000000629574	states																																	"         state_name
id                 
4   announce_reward"
594535.9997	0.19999999995343387	states																																	"   state_name
id           
0     opt_out"
594536.1997	0.00010000006295740604	states																																	"    state_name
id            
7   stop_sound"
594536.3344	2.743199999909848	trials	1.0	2.0	80.0	1.1026433625415968	0.0	0.15	True	2275.0	False	False	35603.0	False	High	True	False	0.025	0.0	0.4195439397215172	1.5	9.0													
594536.3344	2.743199999909848	processed_trials			80.0	1.1026433625415968					False				High					0.4195439397215172		9.0	40.0	40.0	True	False	False	0.41949999999999976	0.41949999999999976	20.373136501193883	0.5145	-0.2292627652431507	Left	0.5145	
594536.3344	0.5145000000484288	states																																	"       state_name
id               
3   wait_for_poke"
594536.8489000001	1.102599999983795	states																																	"        state_name
id                
1   nose_in_center"
594537.9515000001	0.001999999978579581	states																																	"   state_name
id           
5      go_cue"
594537.9535000001	0.41949999995995313	states																																	"            state_name
id                    
6   wait_for_side_poke"
594538.373	0.16700000001583248	states																																	"         state_name
id                 
4   announce_reward"
594538.54	0.5374999999767169	states																																	"   state_name
id           
8      reward"
594539.0775	0.00010000006295740604	states																																	"    state_name
id            
7   stop_sound"
594539.2145	4.81449999997858	trials	1.0	2.0	20.0	0.9863124238059366	0.0	0.15	True	2355.0	False	False	35604.0	False	High	True	False	0.025	0.0	6.815199489929812	1.5	9.0													
594539.2145	4.81449999997858	processed_trials			20.0	0.9863124238059366					False				High					6.815199489929812		9.0	40.0	40.0	False	True	False			20.373136501193883	2.6783	-0.15256292638807678	Right	0.7647000000000002	
594539.2145	2.6783000000286847	states																																	"       state_name
id               
3   wait_for_poke"
594541.8928	0.13619999994989485	states																																	"        state_name
id                
1   nose_in_center"
594542.029	2.0	states																																	"          state_name
id                  
2   punish_violation"
594544.1669	2.5277000000933185	trials	1.0	2.0	20.0	0.9122132538159022	0.0	0.15	True	2355.0	False	False	35605.0	False	High	True	True	0.025	0.0	0.5477918097457879	1.5	9.0													
594544.1669	2.5277000000933185	processed_trials			20.0	0.9122132538159022					False				High					0.5477918097457879		9.0	40.0	40.0	False	True	False			20.373136501193883	0.49910000000000004	-0.22980864634046472	Left	0.49910000000000004	
594544.1669	0.49910000001545995	states																																	"       state_name
id               
3   wait_for_poke"
594544.666	0.028599999961443245	states																																	"        state_name
id                
1   nose_in_center"
594544.6945999999	2.0	states																																	"          state_name
id                  
2   punish_violation"
594546.835	2.4084000000730157	trials	1.0	2.0	20.0	1.1874931787541128	0.0	0.15	True	2355.0	False	False	35606.0	False	High	True	True	0.025	0.0	0.7045722138178667	1.5	9.0													
594546.835	2.4084000000730157	processed_trials			20.0	1.1874931787541128					False				High					0.7045722138178667		9.0	40.0	40.0	True	False	False	0.7046000000000003	0.7046000000000003	20.373136501193883	0.2782	-0.23763884987271625	Right	0.2782	
594546.835	0.27819999994244426	states																																	"       state_name
id               
3   wait_for_poke"
594547.1131999999	1.1875	states																																	"        state_name
id                
1   nose_in_center"
594548.3006999999	0.0020000000949949026	states																																	"   state_name
id           
5      go_cue"
594548.3027	0.7045999999390915	states																																	"            state_name
id                    
6   wait_for_side_poke"
594549.0072999999	0.07740000006742775	states																																	"         state_name
id                 
4   announce_reward"
594549.0847	0.15859999996609986	states																																	"   state_name
id           
8      reward"
594549.2433	9.999994654208422e-05	states																																	"    state_name
id            
7   stop_sound"
594549.384	3.6695000000763685	trials	1.0	2.0	20.0	0.8635663657636683	0.0	0.15	True	2375.0	False	False	35607.0	False	High	True	False	0.025	0.0	3.6112587340130817	1.5	9.0													
594549.384	3.6695000000763685	processed_trials			20.0	0.8635663657636683					False				High					3.6112587340130817		9.0	40.0	40.0	False	True	False			20.373136501193883	1.6302999999999999	-0.18971119846503282	Left	0.5972999999999999	
594549.384	1.6302999999606982	states																																	"       state_name
id               
3   wait_for_poke"
594551.0142999999	0.03919999999925494	states																																	"        state_name
id                
1   nose_in_center"
594551.0534999999	2.0	states																																	"          state_name
id                  
2   punish_violation"
594553.1926	3.783600000082515	trials	1.0	2.0	20.0	0.86356637	0.0	0.15	True	2375.0	False	False	35608.0	False	High	True	True	0.025	0.0	2.615129001303285	1.5	9.0													
594553.1926	3.783600000082515	processed_trials			20.0	0.86356637					False				High					2.615129001303285		9.0	40.0	40.0	True	False	False	2.6151	2.6151	20.373136501193883	0.0074	-0.24723784994756332	Left	0.0074	
594553.1926	0.007400000002235174	states																																	"       state_name
id               
3   wait_for_poke"
594553.2	0.8636000000406057	states																																	"        state_name
id                
1   nose_in_center"
594554.0636	0.001999999978579581	states																																	"   state_name
id           
5      go_cue"
594554.0656	2.615099999937229	states																																	"            state_name
id                    
6   wait_for_side_poke"
594556.6806999999	0.14650000003166497	states																																	"         state_name
id                 
4   announce_reward"
594556.8271999999	0.14890000002924353	states																																	"   state_name
id           
8      reward"
594556.9761	9.999994654208422e-05	states																																	"    state_name
id            
7   stop_sound"
594557.1175	3.7304999999469146	trials	1.0	2.0	20.0	1.0074014366625124	0.0	0.15	True	2395.0	False	False	35609.0	False	High	True	False	0.025	0.0	4.785608932286862	1.5	9.0													
594557.1175	3.7304999999469146	processed_trials			20.0	1.0074014366625124					False				High					4.785608932286862		9.0	40.0	40.0	False	True	False			20.373136501193883	1.5435999999999999	-0.1927844381492619	Right	0.6438999999999998	
594557.1175	1.543599999975413	states																																	"       state_name
id               
3   wait_for_poke"
594558.6611	0.18689999997150153	states																																	"        state_name
id                
1   nose_in_center"
594558.848	2.0	states																																	"          state_name
id                  
2   punish_violation"
594560.9891	8.130299999960698	trials	1.0	2.0	20.0	1.0074014	0.0	0.15	True	2395.0	False	False	35610.0	False	High	True	True	0.025	0.0	0.6716951312736673	1.5	9.0													
594560.9891	8.130299999960698	processed_trials			20.0	1.0074014					False				High					0.6716951312736673		9.0	40.0	40.0	False	True	False			20.373136501193883	6.0188999999999995	-0.03414926446032938	Left	6.0188999999999995	
594560.9891	6.018900000024587	states																																	"       state_name
id               
3   wait_for_poke"
594567.008	0.11139999993611127	states																																	"        state_name
id                
1   nose_in_center"
594567.1194	2.0	states																																	"          state_name
id                  
2   punish_violation"
594569.2629	2.17249999998603	trials	1.0	2.0	20.0	1.172760988917126	0.0	0.15	True	2395.0	True	False	35611.0	False	High	True	True	0.025	0.0	100.0	1.5	9.0													
594569.2629	2.17249999998603	processed_trials			20.0	1.172760988917126					True				High					100.0		9.0	40.0	40.0	False	True	False			20.373136501193883	0.09390000000000001	-0.2441716996282344	Right	0.09390000000000001	
594569.2629	0.09389999997802079	states																																	"       state_name
id               
3   wait_for_poke"
594569.3568	0.07860000000800937	states																																	"        state_name
id                
1   nose_in_center"
594569.4354	2.0	states																																	"          state_name
id                  
2   punish_violation"
594571.58	7.27710000006482	trials	1.0	2.0	20.0	1.1608680994701028	0.0	0.15	True	2395.0	False	False	35612.0	False	High	True	True	0.025	0.0	5.185918892131686	1.5	9.0													
594571.58	7.27710000006482	processed_trials			20.0	1.1608680994701028					False				High					5.185918892131686		9.0	40.0	40.0	True	False	False	5.1859	5.1859	20.373136501193883	0.1027	-0.24385976757262637	Left	0.1027	
594571.58	0.1027000000467524	states																																	"       state_name
id               
3   wait_for_poke"
594571.6827	1.160899999900721	states																																	"        state_name
id                
1   nose_in_center"
594572.8435999999	0.0020000000949949026	states																																	"   state_name
id           
5      go_cue"
594572.8456	5.185899999924004	states																																	"            state_name
id                    
6   wait_for_side_poke"
594578.0314999999	0.6766000000061467	states																																	"         state_name
id                 
4   announce_reward"
594578.7080999999	0.14890000002924353	states																																	"   state_name
id           
8      reward"
594578.857	9.999994654208422e-05	states																																	"    state_name
id            
7   stop_sound"
594579.0032	4.297000000020489	trials	1.0	2.0	40.0	1.117517384010756	0.0	0.15	True	2415.0	False	False	35613.0	False	High	True	False	0.025	0.0	0.8540947970365871	1.5	9.0													
594579.0032	4.297000000020489	processed_trials			40.0	1.117517384010756					False				High					0.8540947970365871		9.0	40.0	40.0	True	False	False	0.8540999999999999	0.8540999999999999	20.373136501193883	1.6274000000000002	-0.18981399425608544	Right	0.5017	
594579.0032	1.6273999999975786	states																																	"       state_name
id               
3   wait_for_poke"
594580.6306	1.1175000000512227	states																																	"        state_name
id                
1   nose_in_center"
594581.7481000001	0.001999999978579581	states																																	"   state_name
id           
5      go_cue"
594581.7501000001	0.8540999999968335	states																																	"            state_name
id                    
6   wait_for_side_poke"
594582.6042000001	0.40179999999236315	states																																	"         state_name
id                 
4   announce_reward"
594583.006	0.29409999994095415	states																																	"   state_name
id           
8      reward"
594583.3001	0.00010000006295740604	states																																	"    state_name
id            
7   stop_sound"
594583.4462	4.569499999983236	trials	1.0	2.0	80.0	1.1573652683859457	0.0	0.15	True	2455.0	True	False	35614.0	False	High	True	False	0.025	0.0	100.0	1.5	9.0													
594583.4462	4.569499999983236	processed_trials			80.0	1.1573652683859457					True				High					100.0		9.0	40.0	40.0	False	True	False			20.373136501193883	2.5134000000000003	-0.1584081077482772	Left	0.8734000000000004	
594583.4462	2.5134000000543892	states																																	"       state_name
id               
3   wait_for_poke"
594585.9596000001	0.056099999928846955	states																																	"        state_name
id                
1   nose_in_center"
594586.0157	2.0	states																																	"          state_name
id                  
2   punish_violation"
594588.1596	7.29660000000149	trials	1.0	2.0	80.0	0.8750740198859921	0.0	0.15	True	2455.0	False	False	35615.0	False	High	True	True	0.025	0.0	5.455284815955896	1.5	9.0													
594588.1596	7.29660000000149	processed_trials			80.0	0.8750740198859921					False				High					5.455284815955896		9.0	40.0	40.0	True	False	False	5.455300000000001	5.455300000000001	20.373136501193883	0.0732	-0.24490544889540328	Left	0.0732	
594588.1596	0.07319999998435378	states																																	"       state_name
id               
3   wait_for_poke"
594588.2328	0.8751000000629574	states																																	"        state_name
id                
1   nose_in_center"
594589.1079000001	0.001999999978579581	states																																	"   state_name
id           
5      go_cue"
594589.1099	5.455300000030547	states																																	"            state_name
id                    
6   wait_for_side_poke"
594594.5652000001	0.3533999999053776	states																																	"         state_name
id                 
4   announce_reward"
594594.9186	0.5375000000931323	states																																	"   state_name
id           
8      reward"
594595.4561000001	9.999994654208422e-05	states																																	"    state_name
id            
7   stop_sound"
594595.608	6.829799999948591	trials	1.0	2.0	80.0	0.9876084797020873	0.0	0.15	True	2535.0	False	False	35616.0	False	High	True	False	0.025	0.0	2.0713557680126855	1.5	9.0													
594595.608	6.829799999948591	processed_trials			80.0	0.9876084797020873					False				High					2.0713557680126855		9.0	40.0	40.0	True	False	False	2.0713999999999997	2.0713999999999997	20.373136501193883	3.1599	-0.13549173570843745	Left	0.3527	
594595.608	3.159899999969639	states																																	"       state_name
id               
3   wait_for_poke"
594598.7679	0.9875999999931082	states																																	"        state_name
id                
1   nose_in_center"
594599.7555	0.0020000000949949026	states																																	"   state_name
id           
5      go_cue"
594599.7575000001	2.0713999998988584	states																																	"            state_name
id                    
6   wait_for_side_poke"
594601.8289	0.0713000000687316	states																																	"         state_name
id                 
4   announce_reward"
594601.9002	0.5374999999767169	states																																	"   state_name
id           
8      reward"
594602.4377	9.999994654208422e-05	states																																	"    state_name
id            
7   stop_sound"
594602.5847	5.802400000044145	trials	1.0	2.0	20.0	0.896702505665405	0.0	0.15	True	2615.0	False	False	35617.0	False	High	True	False	0.025	0.0	0.31550474844695275	1.5	9.0													
594602.5847	5.802400000044145	processed_trials			20.0	0.896702505665405					False				High					0.31550474844695275		9.0	40.0	40.0	False	True	False			20.373136501193883	3.6658000000000004	-0.11755918719342594	Left	0.37310000000000043	
594602.5847	3.6657999999588355	states																																	"       state_name
id               
3   wait_for_poke"
594606.2505	0.13660000008530915	states																																	"        state_name
id                
1   nose_in_center"
594606.3871	2.0	states																																	"          state_name
id                  
2   punish_violation"
594608.5369	4.549300000071526	trials	1.0	2.0	20.0	1.0335066048443065	0.0	0.15	True	2615.0	False	False	35618.0	False	High	True	True	0.025	0.0	2.202324437897999	1.5	9.0													
594608.5369	4.549300000071526	processed_trials			20.0	1.0335066048443065					False				High					2.202324437897999		9.0	40.0	40.0	True	False	False	2.2023	2.2023	20.373136501193883	0.767	-0.22031244205667033	Right	0.767	
594608.5369	0.7669999999925494	states																																	"       state_name
id               
3   wait_for_poke"
594609.3038999999	1.0335000000195578	states																																	"        state_name
id                
1   nose_in_center"
594610.3374	0.001999999978579581	states																																	"   state_name
id           
5      go_cue"
594610.3393999999	2.2023000000044703	states																																	"            state_name
id                    
6   wait_for_side_poke"
594612.5417	0.3858000000473112	states																																	"         state_name
id                 
4   announce_reward"
594612.9275	0.15859999996609986	states																																	"   state_name
id           
8      reward"
594613.0861	9.999994654208422e-05	states																																	"    state_name
id            
7   stop_sound"
594613.2389	3.9148999999742955	trials	1.0	2.0	80.0	0.9421956046048933	0.0	0.15	True	2635.0	False	False	35619.0	False	High	True	False	0.025	0.0	6.509495744875883	1.5	9.0													
594613.2389	3.9148999999742955	processed_trials			80.0	0.9421956046048933					False				High					6.509495744875883		9.0	40.0	40.0	False	True	False			20.373136501193883	1.8853	-0.1806722582173002	Left	0.7698	
594613.2389	1.8852999999653548	states																																	"       state_name
id               
3   wait_for_poke"
594615.1242	0.029600000008940697	states																																	"        state_name
id                
1   nose_in_center"
594615.1538	2.0	states																																	"          state_name
id                  
2   punish_violation"
594617.3045	5.577600000076927	trials	1.0	2.0	80.0	0.8900608386875491	0.0	0.15	True	2635.0	False	False	35620.0	False	High	True	True	0.025	0.0	4.04181205654599	1.5	9.0													
594617.3045	5.577600000076927	processed_trials			80.0	0.8900608386875491					False				High					4.04181205654599		9.0	40.0	40.0	True	False	False	4.0418	4.0418	20.373136501193883	0.0897	-0.24432057629113824	Left	0.0897	
594617.3045	0.08970000001136214	states																																	"       state_name
id               
3   wait_for_poke"
594617.3942	0.8900999999605119	states																																	"        state_name
id                
1   nose_in_center"
594618.2842999999	0.001999999978579581	states																																	"   state_name
id           
5      go_cue"
594618.2862999999	4.041800000006333	states																																	"            state_name
id                    
6   wait_for_side_poke"
594622.3280999999	0.01640000008046627	states																																	"         state_name
id                 
4   announce_reward"
594622.3445	0.5374999999767169	states																																	"   state_name
id           
8      reward"
594622.882	9.999994654208422e-05	states																																	"    state_name
id            
7   stop_sound"
594623.0379	7.315999999991618	trials	1.0	2.0	40.0	1.0249409385746953	0.0	0.15	True	2715.0	False	False	35621.0	False	High	True	False	0.025	0.0	2.477735435761001	1.5	9.0													
594623.0379	7.315999999991618	processed_trials			40.0	1.0249409385746953					False				High					2.477735435761001		9.0	40.0	40.0	True	False	False	2.4776999999999996	2.4776999999999996	20.373136501193883	3.0791	-0.13835583912811117	Left	0.5186999999999999	
594623.0379	3.0790999999735504	states																																	"       state_name
id               
3   wait_for_poke"
594626.117	1.024900000076741	states																																	"        state_name
id                
1   nose_in_center"
594627.1419	0.001999999978579581	states																																	"   state_name
id           
5      go_cue"
594627.1439	2.477699999930337	states																																	"            state_name
id                    
6   wait_for_side_poke"
594629.6216	0.4554000000935048	states																																	"         state_name
id                 
4   announce_reward"
594630.077	0.27679999999236315	states																																	"   state_name
id           
8      reward"
594630.3538	9.999994654208422e-05	states																																	"    state_name
id            
7   stop_sound"
594630.5054	5.700100000016391	trials	1.0	2.0	40.0	1.0249409	0.0	0.15	True	2755.0	True	False	35622.0	False	High	True	False	0.025	0.0	2.4777354	1.5	9.0													
594630.5054	5.700100000016391	processed_trials			40.0	1.0249409					False				High					2.4777354		9.0	40.0	40.0	False	False	False	2.4777	2.4777	20.373136501193883	2.1955	-0.16967665325711723	Left	1.171	
594630.5054	2.1955000000307336	states																																	"       state_name
id               
3   wait_for_poke"
594632.7009	1.0248999999603257	states																																	"        state_name
id                
1   nose_in_center"
594633.7258	0.001999999978579581	states																																	"   state_name
id           
5      go_cue"
594633.7278	2.4777000000467524	states																																	"            state_name
id                    
6   wait_for_side_poke"
594636.3568	11.39020000002347	trials	1.0	2.0	20.0	0.8061208871414415	0.0	0.15	True	2755.0	False	False	35623.0	False	High	True	False	0.025	0.0	1.7307710628956763	1.5	9.0													
594636.3568	11.39020000002347	processed_trials			20.0	0.8061208871414415					False				High					1.7307710628956763		9.0	40.0	40.0	False	True	False			20.373136501193883	9.2823	0.08152790261594761	Left	9.2823	
594636.3568	9.28229999996256	states																																	"       state_name
id               
3   wait_for_poke"
594645.6390999999	0.1079000000609085	states																																	"        state_name
id                
1   nose_in_center"
594645.747	2.0	states																																	"          state_name
id                  
2   punish_violation"
594647.9019	6.36109999998007	trials	1.0	2.0	20.0	1.14727413271138	0.0	0.15	True	2755.0	False	False	35624.0	False	High	True	True	0.025	0.0	4.3177840821470514	1.5	9.0													
594647.9019	6.36109999998007	processed_trials			20.0	1.14727413271138					False				High					4.3177840821470514		9.0	40.0	40.0	True	False	False	4.3178	4.3178	20.373136501193883	0.0831	-0.24455452533284425	Left	0.0831	
594647.9019	0.08310000004712492	states																																	"       state_name
id               
3   wait_for_poke"
594647.9850000001	1.1472999999532476	states																																	"        state_name
id                
1   nose_in_center"
594649.1323	0.001999999978579581	states																																	"   state_name
id           
5      go_cue"
594649.1343	4.3178000000771135	states																																	"            state_name
id                    
6   wait_for_side_poke"
594653.4521000001	0.6618999999482185	states																																	"         state_name
id                 
4   announce_reward"
594654.1140000001	0.14890000002924353	states																																	"   state_name
id           
8      reward"
594654.2629000001	9.999994654208422e-05	states																																	"    state_name
id            
7   stop_sound"
594654.415	3.5653999999631196	trials	1.0	2.0	80.0	0.9726542886941458	0.0	0.15	True	2775.0	False	False	35625.0	False	High	True	False	0.025	0.0	0.052091191287957056	1.5	9.0													
594654.415	3.5653999999631196	processed_trials			80.0	0.9726542886941458					False				High					0.052091191287957056		9.0	40.0	40.0	True	False	False	0.05210000000000026	0.05210000000000026	20.373136501193883	1.5214	-0.19357135765318217	Left	0.36519999999999997	
594654.415	1.5213999999687076	states																																	"       state_name
id               
3   wait_for_poke"
594655.9364	0.9727000000420958	states																																	"        state_name
id                
1   nose_in_center"
594656.9091	0.001999999978579581	states																																	"   state_name
id           
5      go_cue"
594656.9111	0.052099999971687794	states																																	"            state_name
id                    
6   wait_for_side_poke"
594656.9632	0.4796000000787899	states																																	"         state_name
id                 
4   announce_reward"
594657.4428000001	0.5374999999767169	states																																	"   state_name
id           
8      reward"
594657.9803	9.999994654208422e-05	states																																	"    state_name
id            
7   stop_sound"
594658.1344	5.596299999975599	trials	1.0	2.0	20.0	0.9400506954684047	0.0	0.15	True	2855.0	False	False	35626.0	False	High	True	False	0.025	0.0	1.6033931770530498	1.5	9.0													
594658.1344	5.596299999975599	processed_trials			20.0	0.9400506954684047					False				High					1.6033931770530498		9.0	40.0	40.0	True	False	False	1.6034000000000006	1.6034000000000006	20.373136501193883	2.8098	-0.14790166896620682	Left	1.2242000000000002	
594658.1344	2.80980000004638	states																																	"       state_name
id               
3   wait_for_poke"
594660.9442	0.940100000007078	states																																	"        state_name
id                
1   nose_in_center"
594661.8843	0.001999999978579581	states																																	"   state_name
id           
5      go_cue"
594661.8863	1.603400000021793	states																																	"            state_name
id                    
6   wait_for_side_poke"
594663.4897	0.09199999994598329	states																																	"         state_name
id                 
4   announce_reward"
594663.5817	0.14890000002924353	states																																	"   state_name
id           
8      reward"
594663.7306	9.999994654208422e-05	states																																	"    state_name
id            
7   stop_sound"
594663.8882	5.008399999933317	trials	1.0	2.0	20.0	0.8329629744109648	0.0	0.15	True	2875.0	False	False	35627.0	False	High	True	False	0.025	0.0	5.095310495899765	1.5	9.0													
594663.8882	5.008399999933317	processed_trials			20.0	0.8329629744109648					False				High					5.095310495899765		9.0	40.0	40.0	False	True	False			20.373136501193883	2.8655	-0.14592728084150602	Right	0.9167000000000001	
594663.8882	2.865499999956228	states																																	"       state_name
id               
3   wait_for_poke"
594666.7537	0.1429000000935048	states																																	"        state_name
id                
1   nose_in_center"
594666.8966000001	2.0	states																																	"          state_name
id                  
2   punish_violation"
594669.0502	2.163399999961257	trials	1.0	2.0	20.0	1.0311383708841193	0.0	0.15	True	2875.0	False	False	35628.0	False	High	True	True	0.025	0.0	2.27539378727732	1.5	9.0													
594669.0502	2.163399999961257	processed_trials			20.0	1.0311383708841193					False				High					2.27539378727732		9.0	40.0	40.0	False	True	False			20.373136501193883	0.1139	-0.24346276313821613	Right	0.1139	
594669.0502	0.11389999999664724	states																																	"       state_name
id               
3   wait_for_poke"
594669.1641	0.04949999996460974	states																																	"        state_name
id                
1   nose_in_center"
594669.2136	2.0	states																																	"          state_name
id                  
2   punish_violation"
594671.3669	5.276599999982864	trials	1.0	2.0	20.0	0.9347399380380893	0.0	0.15	True	2875.0	False	False	35629.0	False	High	True	True	0.025	0.0	5.147798690193266	1.5	9.0													
594671.3669	5.276599999982864	processed_trials			20.0	0.9347399380380893					False				High					5.147798690193266		9.0	40.0	40.0	False	False	True	4.1347000000000005	4.1347000000000005	20.373136501193883	0.0050999999999999995	-0.2473193776439154	Right	0.0050999999999999995	
594671.3669	0.005099999951198697	states																																	"       state_name
id               
3   wait_for_poke"
594671.372	0.9347000000998378	states																																	"        state_name
id                
1   nose_in_center"
594672.3067000001	0.001999999978579581	states																																	"   state_name
id           
5      go_cue"
594672.3087	4.134699999936856	states																																	"            state_name
id                    
6   wait_for_side_poke"
594676.4434	0.2000000000698492	states																																	"   state_name
id           
0     opt_out"
594676.6434000001	9.999994654208422e-05	states																																	"    state_name
id            
7   stop_sound"
594676.8032	2.2003000000258908	trials	1.0	2.0	20.0	0.8531549286580871	0.0	0.15	True	2875.0	False	False	35630.0	False	High	True	False	0.025	0.0	0.9131607398998074	1.5	9.0													
594676.8032	2.2003000000258908	processed_trials			20.0	0.8531549286580871					False				High					0.9131607398998074		9.0	40.0	40.0	False	True	False			20.373136501193883	0.1396	-0.2425517797485427	Right	0.1396	
594676.8032	0.13959999999497086	states																																	"       state_name
id               
3   wait_for_poke"
594676.9428	0.06070000003091991	states																																	"        state_name
id                
1   nose_in_center"
594677.0035	2.0	states																																	"          state_name
id                  
2   punish_violation"
594679.1593	53.81929999997374	trials	1.0	2.0	20.0	0.9404192393850156	0.0	0.15	True	2875.0	False	False	35631.0	False	High	True	True	0.025	0.0	2.18763683990567	1.5	9.0													
594679.1593	53.81929999997374	processed_trials			20.0	0.9404192393850156					False				High					2.18763683990567		9.0	40.0	40.0	False	True	False			20.373136501193883	51.6795	1.584374010346024	Left	51.6795	
594679.1593	51.679499999969266	states																																	"       state_name
id               
3   wait_for_poke"
594730.8388	0.13980000000447035	states																																	"        state_name
id                
1   nose_in_center"
594730.9786	2.0	states																																	"          state_name
id                  
2   punish_violation"
594733.1397	2.7037999999010935	trials	1.0	2.0	20.0	0.8900611491707323	0.0	0.15	True	2875.0	False	False	35632.0	False	High	True	True	0.025	0.0	0.5485817471322616	1.5	9.0													
594733.1397	2.7037999999010935	processed_trials			20.0	0.8900611491707323					False				High					0.5485817471322616		9.0	40.0	40.0	False	True	False			20.373136501193883	0.6556000000000001	-0.22426121830607199	Right	0.6556000000000001	
594733.1397	0.6556000000564381	states																																	"       state_name
id               
3   wait_for_poke"
594733.7953000001	0.048199999961070716	states																																	"        state_name
id                
1   nose_in_center"
594733.8435000001	2.0	states																																	"          state_name
id                  
2   punish_violation"
594736.001	1.893699999898672	trials	1.0	2.0	20.0	0.920580935503956	0.0	0.15	True	2875.0	False	False	35633.0	False	High	True	True	0.025	0.0	0.54858175	1.5	9.0													
594736.001	1.893699999898672	processed_trials			20.0	0.920580935503956					False				High					0.54858175		9.0	40.0	40.0	True	False	False	0.5486	0.5486	20.373136501193883	0.1384	-0.24259431593794378	Right	0.1384	
594736.001	0.13840000005438924	states																																	"       state_name
id               
3   wait_for_poke"
594736.1394000001	0.9205999999539927	states																																	"        state_name
id                
1   nose_in_center"
594737.06	0.001999999978579581	states																																	"   state_name
id           
5      go_cue"
594737.062	0.5485999999800697	states																																	"            state_name
id                    
6   wait_for_side_poke"
594737.6106	0.12540000001899898	states																																	"         state_name
id                 
4   announce_reward"
594737.736	0.15859999996609986	states																																	"   state_name
id           
8      reward"
594737.8946	0.00010000006295740604	states																																	"    state_name
id            
7   stop_sound"
594738.0551	4.744500000029802	trials	1.0	2.0	80.0	0.841524274323023	0.0	0.15	True	2895.0	False	False	35634.0	False	High	True	False	0.025	0.0	3.7482147213312556	1.5	9.0													
594738.0551	4.744500000029802	processed_trials			80.0	0.841524274323023					False				High					3.7482147213312556		9.0	40.0	40.0	False	True	False			20.373136501193883	2.7056	-0.1515952280792019	Left	0.9057	
594738.0551	2.705599999986589	states																																	"       state_name
id               
3   wait_for_poke"
594740.7607	0.03890000004321337	states																																	"        state_name
id                
1   nose_in_center"
594740.7996	2.0	states																																	"          state_name
id                  
2   punish_violation"
594742.9636	5.084000000031665	trials	1.0	2.0	80.0	0.84152427	0.0	0.15	True	2895.0	False	False	35635.0	False	High	True	True	0.025	0.0	3.580444006125324	1.5	9.0													
594742.9636	5.084000000031665	processed_trials			80.0	0.84152427					False				High					3.580444006125324		9.0	40.0	40.0	True	False	False	3.5804	3.5804	20.373136501193883	0.0882	-0.2443737465278896	Left	0.0882	
594742.9636	0.08819999999832362	states																																	"       state_name
id               
3   wait_for_poke"
594743.0518	0.8414999999804422	states																																	"        state_name
id                
1   nose_in_center"
594743.8933	0.001999999978579581	states																																	"   state_name
id           
5      go_cue"
594743.8953	3.580400000093505	states																																	"            state_name
id                    
6   wait_for_side_poke"
594747.4757000001	0.03429999994114041	states																																	"         state_name
id                 
4   announce_reward"
594747.51	0.5374999999767169	states																																	"   state_name
id           
8      reward"
594748.0475	0.00010000006295740604	states																																	"    state_name
id            
7   stop_sound"
594748.2163	6.4575000000186265	trials	1.0	2.0	20.0	1.092505456902779	0.0	0.15	True	2975.0	True	False	35636.0	False	High	True	False	0.025	0.0	100.0	1.5	9.0													
594748.2163	6.4575000000186265	processed_trials			20.0	1.092505456902779					True				High					100.0		9.0	40.0	40.0	False	True	False			20.373136501193883	4.2427	-0.09710991413884967	Right	1.1031000000000004	
594748.2163	4.242699999944307	states																																	"       state_name
id               
3   wait_for_poke"
594752.4589999999	0.21480000007431954	states																																	"        state_name
id                
1   nose_in_center"
594752.6738	2.0	states																																	"          state_name
id                  
2   punish_violation"
594754.8402	3.025900000007823	trials	1.0	2.0	20.0	0.8128346641135448	0.0	0.15	True	2975.0	False	False	35637.0	False	High	True	True	0.025	0.0	1.734797202911904	1.5	9.0													
594754.8402	3.025900000007823	processed_trials			20.0	0.8128346641135448					False				High					1.734797202911904		9.0	40.0	40.0	True	False	False	1.7348	1.7348	20.373136501193883	0.2496	-0.23865262905344234	Left	0.2496	
594754.8402	0.24959999998100102	states																																	"       state_name
id               
3   wait_for_poke"
594755.0898	0.8128000000724569	states																																	"        state_name
id                
1   nose_in_center"
594755.9026	0.001999999978579581	states																																	"   state_name
id           
5      go_cue"
594755.9046	1.7347999999765307	states																																	"            state_name
id                    
6   wait_for_side_poke"
594757.6394	0.07770000002346933	states																																	"         state_name
id                 
4   announce_reward"
594757.7171	0.1488999999128282	states																																	"   state_name
id           
8      reward"
594757.8659999999	0.00010000006295740604	states																																	"    state_name
id            
7   stop_sound"
594758.0288	4.983600000035949	trials	1.0	2.0	5.0	1.1250491717194802	0.0	0.15	True	2995.0	False	False	35638.0	True	Mixed	True	False	0.025	0.0	0.05282713802939269	1.5	9.0													
594758.0288	4.983600000035949	processed_trials			5.0	1.1250491717194802					False				Mixed					0.05282713802939269		9.0	40.0	40.0	False	True	False			20.373136501193883	2.6696999999999997	-0.15286776907878463	Right	1.1568999999999998	
594758.0288	2.6696999999694526	states																																	"       state_name
id               
3   wait_for_poke"
594760.6984999999	0.31390000006649643	states																																	"        state_name
id                
1   nose_in_center"
594761.0124	2.0	states																																	"          state_name
id                  
2   punish_violation"
594763.1751	2.1959999999962747	trials	1.0	2.0	5.0	1.1250492	0.0	0.15	True	2995.0	False	False	35639.0	True	Mixed	True	True	0.025	0.0	2.534854666490266	1.5	9.0													
594763.1751	2.1959999999962747	processed_trials			5.0	1.1250492					False				Mixed					2.534854666490266		9.0	40.0	40.0	False	True	False			20.373136501193883	0.047	-0.24583415569732717	Left	0.047	
594763.1751	0.0470000000204891	states																																	"       state_name
id               
3   wait_for_poke"
594763.2221	0.1489999999757856	states																																	"        state_name
id                
1   nose_in_center"
594763.3711	2.0	states																																	"          state_name
id                  
2   punish_violation"
594765.5366	4.43550000002142	trials	1.0	2.0	5.0	1.0927082735399225	0.0	0.15	True	2995.0	False	False	35640.0	True	Mixed	True	True	0.025	0.0	1.7990787331581457	1.5	9.0													
594765.5366	4.43550000002142	processed_trials			5.0	1.0927082735399225					False				Mixed					1.7990787331581457		9.0	40.0	40.0	False	True	False			20.373136501193883	2.37	-0.16349118238170804	Left	2.37	
594765.5366	2.3699999999953434	states																																	"       state_name
id               
3   wait_for_poke"
594767.9066	0.06550000002607703	states																																	"        state_name
id                
1   nose_in_center"
594767.9721	2.0	states																																	"          state_name
id                  
2   punish_violation"
594770.1403	2.9455999999772757	trials	1.0	2.0	5.0	1.0927083	0.0	0.15	True	2995.0	False	False	35641.0	True	Mixed	True	True	0.025	0.0	1.3612470946944821	1.5	9.0													
594770.1403	2.9455999999772757	processed_trials			5.0	1.0927083					False				Mixed					1.3612470946944821		9.0	40.0	40.0	True	False	False	1.3611999999999997	1.3611999999999997	20.373136501193883	0.1738	-0.2413394983506115	Right	0.1738	
594770.1403	0.1737999999895692	states																																	"       state_name
id               
3   wait_for_poke"
594770.3141	1.0927000000374392	states																																	"        state_name
id                
1   nose_in_center"
594771.4068	0.001999999978579581	states																																	"   state_name
id           
5      go_cue"
594771.4088	1.361200000043027	states																																	"            state_name
id                    
6   wait_for_side_poke"
594772.77	0.2574000000022352	states																																	"         state_name
id                 
4   announce_reward"
594773.0274	0.05839999997988343	states																																	"   state_name
id           
8      reward"
594773.0858	9.999994654208422e-05	states																																	"    state_name
id            
7   stop_sound"
594773.2558	3.378099999972619	trials	1.0	2.0	40.0	0.8462179434556866	0.0	0.15	True	3000.0	False	False	35642.0	False	Mixed	True	False	0.025	0.0	0.14297576814191856	1.5	9.0													
594773.2558	3.378099999972619	processed_trials			40.0	0.8462179434556866					False				Mixed					0.14297576814191856		9.0	40.0	40.0	False	True	False			20.373136501193883	1.3129000000000002	-0.20096202056162235	Right	0.7520000000000002	
594773.2558	1.312900000018999	states																																	"       state_name
id               
3   wait_for_poke"
594774.5687000001	0.06519999995362014	states																																	"        state_name
id                
1   nose_in_center"
594774.6339	2.0	states																																	"          state_name
id                  
2   punish_violation"
594776.8017	2.1692000000039116	trials	1.0	2.0	40.0	0.9302120835437304	0.0	0.15	True	3000.0	False	False	35643.0	False	Mixed	True	True	0.025	0.0	0.14297577	1.5	9.0													
594776.8017	2.1692000000039116	processed_trials			40.0	0.9302120835437304					False				Mixed					0.14297577		9.0	40.0	40.0	True	False	False	0.14300000000000024	0.14300000000000024	20.373136501193883	0.0342	-0.24628787505093883	Right	0.0342	
594776.8017	0.03419999999459833	states																																	"       state_name
id               
3   wait_for_poke"
594776.8359	0.9302000000607222	states																																	"        state_name
id                
1   nose_in_center"
594777.7661	0.001999999978579581	states																																	"   state_name
id           
5      go_cue"
594777.7681	0.14299999992363155	states																																	"            state_name
id                    
6   wait_for_side_poke"
594777.9110999999	0.7656000000424683	states																																	"         state_name
id                 
4   announce_reward"
594778.6767	0.29410000005736947	states																																	"   state_name
id           
8      reward"
594778.9708	9.999994654208422e-05	states																																	"    state_name
id            
7   stop_sound"
594779.141	4.433400000096299	trials	1.0	2.0	5.0	0.9419632555085867	0.0	0.15	True	3040.0	False	False	35644.0	False	Mixed	True	False	0.025	0.0	8.249262165724723	1.5	9.0													
594779.141	4.433400000096299	processed_trials			5.0	0.9419632555085867					False				Mixed					8.249262165724723		9.0	40.0	40.0	False	True	False			20.373136501193883	2.3815	-0.16308354389994753	Left	1.9117	
594779.141	2.381500000017695	states																																	"       state_name
id               
3   wait_for_poke"
594781.5225	0.051899999962188303	states																																	"        state_name
id                
1   nose_in_center"
594781.5743999999	2.0	states																																	"          state_name
id                  
2   punish_violation"
594783.7431	2.096100000082515	trials	1.0	2.0	5.0	0.9080622459611629	0.0	0.15	True	3040.0	False	False	35645.0	False	Mixed	True	True	0.025	0.0	0.15363110222677978	1.5	9.0													
594783.7431	2.096100000082515	processed_trials			5.0	0.9080622459611629					False				Mixed					0.15363110222677978		9.0	40.0	40.0	False	True	False			20.373136501193883	0.0581	-0.24544069594536705	Left	0.0581	
594783.7431	0.05810000002384186	states																																	"       state_name
id               
3   wait_for_poke"
594783.8012	0.037999999942258	states																																	"        state_name
id                
1   nose_in_center"
594783.8391999999	2.0	states																																	"          state_name
id                  
2   punish_violation"
594786.0107	1.6334000000497326	trials	1.0	2.0	5.0	0.90806225	0.0	0.15	True	3040.0	False	False	35646.0	False	Mixed	True	True	0.025	0.0	0.3274863717419101	1.5	9.0													
594786.0107	1.6334000000497326	processed_trials			5.0	0.90806225					False				Mixed					0.3274863717419101		9.0	40.0	40.0	True	False	False	0.3274999999999999	0.3274999999999999	20.373136501193883	0.1773	-0.2412154344648583	Left	0.1773	
594786.0107	0.17729999998118728	states																																	"       state_name
id               
3   wait_for_poke"
594786.188	0.9081000000005588	states																																	"        state_name
id                
1   nose_in_center"
594787.0961	0.001999999978579581	states																																	"   state_name
id           
5      go_cue"
594787.0981	0.32750000001396984	states																																	"            state_name
id                    
6   wait_for_side_poke"
594787.4256	0.16450000007171184	states																																	"         state_name
id                 
4   announce_reward"
594787.5901	0.053899999940767884	states																																	"   state_name
id           
8      reward"
594787.644	0.00010000006295740604	states																																	"    state_name
id            
7   stop_sound"
594787.8211	4.869900000048801	trials	1.0	2.0	20.0	0.8314262536314051	0.0	0.15	True	3045.0	False	False	35647.0	False	Mixed	True	False	0.025	0.0	1.8549968340584173	1.5	9.0													
594787.8211	4.869900000048801	processed_trials			20.0	0.8314262536314051					False				Mixed					1.8549968340584173		9.0	40.0	40.0	False	True	False			20.373136501193883	2.679	-0.15253811361092617	Left	0.30659999999999954	
594787.8211	2.6790000000037253	states																																	"       state_name
id               
3   wait_for_poke"
594790.5001	0.190900000045076	states																																	"        state_name
id                
1   nose_in_center"
594790.691	2.0	states																																	"          state_name
id                  
2   punish_violation"
594792.8611	4.634900000062771	trials	1.0	2.0	20.0	0.8001403026113192	0.0	0.15	True	3045.0	False	False	35648.0	False	Mixed	True	True	0.025	0.0	3.4910632659462615	1.5	9.0													
594792.8611	4.634900000062771	processed_trials			20.0	0.8001403026113192					False				Mixed					3.4910632659462615		9.0	40.0	40.0	True	False	False	3.4911000000000003	3.4911000000000003	20.373136501193883	0.1259	-0.2430374012442052	Left	0.1259	
594792.8611	0.12589999998454005	states																																	"       state_name
id               
3   wait_for_poke"
594792.987	0.8000999999931082	states																																	"        state_name
id                
1   nose_in_center"
594793.7871	0.001999999978579581	states																																	"   state_name
id           
5      go_cue"
594793.7890999999	3.4911000001011416	states																																	"            state_name
id                    
6   wait_for_side_poke"
594797.2802	0.06679999991320074	states																																	"         state_name
id                 
4   announce_reward"
594797.347	0.14890000002924353	states																																	"   state_name
id           
8      reward"
594797.4959	9.999994654208422e-05	states																																	"    state_name
id            
7   stop_sound"
594797.6684	3.872800000011921	trials	1.0	2.0	5.0	0.8254264252281384	0.0	0.15	True	3065.0	False	False	35649.0	False	Mixed	True	False	0.025	0.0	4.367667412280424	1.5	9.0													
594797.6684	3.872800000011921	processed_trials			5.0	0.8254264252281384					False				Mixed					4.367667412280424		9.0	40.0	40.0	False	True	False			20.373136501193883	1.7428	-0.1857234307086802	Right	0.7879999999999999	
594797.6684	1.7428000000072643	states																																	"       state_name
id               
3   wait_for_poke"
594799.4112	0.1300000000046566	states																																	"        state_name
id                
1   nose_in_center"
594799.5412	2.0	states																																	"          state_name
id                  
2   punish_violation"
594801.711	1.6910999999381602	trials	1.0	2.0	5.0	0.82542643	0.0	0.15	True	3065.0	False	False	35650.0	False	Mixed	True	True	0.025	0.0	0.6446465674147593	1.5	9.0													
594801.711	1.6910999999381602	processed_trials			5.0	0.82542643					False				Mixed					0.6446465674147593		9.0	40.0	40.0	True	False	False	0.6446000000000001	0.6446000000000001	20.373136501193883	0.0925	-0.24422132518253564	Left	0.0925	
594801.711	0.09250000002793968	states																																	"       state_name
id               
3   wait_for_poke"
594801.8035	0.8253999999724329	states																																	"        state_name
id                
1   nose_in_center"
594802.6289	0.001999999978579581	states																																	"   state_name
id           
5      go_cue"
594802.6309	0.6445999999996275	states																																	"            state_name
id                    
6   wait_for_side_poke"
594803.2755	0.07260000007227063	states																																	"         state_name
id                 
4   announce_reward"
594803.3481000001	0.053899999940767884	states																																	"   state_name
id           
8      reward"
594803.402	0.00010000006295740604	states																																	"    state_name
id            
7   stop_sound"
594803.578	11.278099999995902	trials	1.0	2.0	40.0	1.115696482746241	0.0	0.15	True	3070.0	False	False	35651.0	False	Mixed	True	False	0.025	0.0	7.433877488306857	1.5	9.0													
594803.578	11.278099999995902	processed_trials			40.0	1.115696482746241					False				Mixed					7.433877488306857		9.0	40.0	40.0	True	False	False	7.4338999999999995	7.4338999999999995	20.373136501193883	1.4859	-0.19482971992296455	Right	0.5206999999999999	
594803.578	1.4858999999705702	states																																	"       state_name
id               
3   wait_for_poke"
594805.0639	1.1157000000821427	states																																	"        state_name
id                
1   nose_in_center"
594806.1796	0.001999999978579581	states																																	"   state_name
id           
5      go_cue"
594806.1816	7.4338999999454245	states																																	"            state_name
id                    
6   wait_for_side_poke"
594813.6155	0.9464000000152737	states																																	"         state_name
id                 
4   announce_reward"
594814.5619	0.29410000005736947	states																																	"   state_name
id           
8      reward"
594814.856	9.999994654208422e-05	states																																	"    state_name
id            
7   stop_sound"
594815.0287	4.947999999974854	trials	1.0	2.0	40.0	1.1156965	0.0	0.15	True	3110.0	False	False	35652.0	False	Mixed	True	False	0.025	0.0	0.3143449102802182	1.5	9.0													
594815.0287	4.947999999974854	processed_trials			40.0	1.1156965					False				Mixed					0.3143449102802182		9.0	40.0	40.0	False	True	False			20.373136501193883	2.916	-0.14413721620420997	Right	1.855	
594815.0287	2.915999999968335	states																																	"       state_name
id               
3   wait_for_poke"
594817.9447	0.03200000000651926	states																																	"        state_name
id                
1   nose_in_center"
594817.9767	2.0	states																																	"          state_name
id                  
2   punish_violation"
594820.1493	2.0458999999100342	trials	1.0	2.0	40.0	1.0680567288088487	0.0	0.15	True	3110.0	False	False	35653.0	False	Mixed	True	True	0.025	0.0	1.822517009268313	1.5	9.0													
594820.1493	2.0458999999100342	processed_trials			40.0	1.0680567288088487					False				Mixed					1.822517009268313		9.0	40.0	40.0	False	True	False			20.373136501193883	0.0167	-0.2469081944797048	Right	0.0167	
594820.1493	0.016700000036507845	states																																	"       state_name
id               
3   wait_for_poke"
594820.1660000001	0.029199999989941716	states																																	"        state_name
id                
1   nose_in_center"
594820.1952000001	2.0	states																																	"          state_name
id                  
2   punish_violation"
594822.3733	2.175900000031106	trials	1.0	2.0	40.0	1.0864653424244861	0.0	0.15	True	3110.0	False	False	35654.0	False	Mixed	True	True	0.025	0.0	0.3711785264447619	1.5	9.0													
594822.3733	2.175900000031106	processed_trials			40.0	1.0864653424244861					False				Mixed					0.3711785264447619		9.0	40.0	40.0	True	False	False	0.3712	0.3712	20.373136501193883	0.1098	-0.24360809511866988	Left	0.1098	
594822.3733	0.10979999997653067	states																																	"       state_name
id               
3   wait_for_poke"
594822.4831	1.0864999999757856	states																																	"        state_name
id                
1   nose_in_center"
594823.5695999999	0.0020000000949949026	states																																	"   state_name
id           
5      go_cue"
594823.5716	0.371199999935925	states																																	"            state_name
id                    
6   wait_for_side_poke"
594823.9428	0.3294999999925494	states																																	"         state_name
id                 
4   announce_reward"
594824.2723	0.27679999999236315	states																																	"   state_name
id           
8      reward"
594824.5491	0.00010000006295740604	states																																	"    state_name
id            
7   stop_sound"
594824.7256	8.746099999989383	trials	1.0	2.0	80.0	1.0812307931858882	0.0	0.15	True	3150.0	False	False	35655.0	False	Mixed	True	False	0.025	0.0	2.857815934832791	1.5	9.0													
594824.7256	8.746099999989383	processed_trials			80.0	1.0812307931858882					False				Mixed					2.857815934832791		9.0	40.0	40.0	True	False	False	2.8578	2.8578	20.373136501193883	3.9214	-0.10849897885099277	Right	0.37820000000000054	
594824.7256	3.9213999999919906	states																																	"       state_name
id               
3   wait_for_poke"
594828.647	1.0812000000150874	states																																	"        state_name
id                
1   nose_in_center"
594829.7282	0.001999999978579581	states																																	"   state_name
id           
5      go_cue"
594829.7302	2.857799999997951	states																																	"            state_name
id                    
6   wait_for_side_poke"
594832.588	0.3122000000439584	states																																	"         state_name
id                 
4   announce_reward"
594832.9002	0.5714000000152737	states																																	"   state_name
id           
8      reward"
594833.4716	9.999994654208422e-05	states																																	"    state_name
id            
7   stop_sound"
594833.6511	7.069200000027195	trials	1.0	2.0	20.0	1.063683508413641	0.0	0.15	True	3230.0	False	False	35656.0	False	Mixed	True	False	0.025	0.0	0.11367747609405801	1.5	9.0													
594833.6511	7.069200000027195	processed_trials			20.0	1.063683508413641					False				Mixed					0.11367747609405801		9.0	40.0	40.0	False	True	False			20.373136501193883	5.027	-0.0693089696827842	Right	1.5851000000000002	
594833.6511	5.027000000001863	states																																	"       state_name
id               
3   wait_for_poke"
594838.6781	0.042200000025331974	states																																	"        state_name
id                
1   nose_in_center"
594838.7203	2.0	states																																	"          state_name
id                  
2   punish_violation"
594840.8972	7.688699999940582	trials	1.0	2.0	20.0	0.8508397044782348	0.0	0.15	True	3230.0	True	False	35657.0	False	Mixed	True	True	0.025	0.0	100.0	1.5	9.0													
594840.8972	7.688699999940582	processed_trials			20.0	0.8508397044782348					True				Mixed					100.0		9.0	40.0	40.0	False	False	True	6.4602	6.4602	20.373136501193883	0.1756	-0.24127569406650984	Right	0.1756	
594840.8972	0.17559999995864928	states																																	"       state_name
id               
3   wait_for_poke"
594841.0728	0.8508000000147149	states																																	"        state_name
id                
1   nose_in_center"
594841.9236	0.001999999978579581	states																																	"   state_name
id           
5      go_cue"
594841.9256	6.460200000088662	states																																	"            state_name
id                    
6   wait_for_side_poke"
594848.3858	0.19999999995343387	states																																	"   state_name
id           
0     opt_out"
594848.5858	0.00010000006295740604	states																																	"    state_name
id            
7   stop_sound"
594848.7619	2.1597999999066815	trials	1.0	2.0	20.0	0.8508397	0.0	0.15	True	3230.0	False	False	35658.0	False	Mixed	True	False	0.025	0.0	1.268100359206616	1.5	9.0													
594848.7619	2.1597999999066815	processed_trials			20.0	0.8508397					False				Mixed					1.268100359206616		9.0	40.0	40.0	False	True	False			20.373136501193883	0.1221	-0.24317209917730867	Right	0.1221	
594848.7619	0.12210000003688037	states																																	"       state_name
id               
3   wait_for_poke"
594848.8840000001	0.037699999986216426	states																																	"        state_name
id                
1   nose_in_center"
594848.9217000001	2.0	states																																	"          state_name
id                  
2   punish_violation"
594851.1006	6.326299999956973	trials	1.0	2.0	20.0	1.0715637134742684	0.0	0.15	True	3230.0	False	False	35659.0	False	Mixed	True	True	0.025	0.0	4.118856728260477	1.5	9.0													
594851.1006	6.326299999956973	processed_trials			20.0	1.0715637134742684					False				Mixed					4.118856728260477		9.0	40.0	40.0	True	False	False	4.1189	4.1189	20.373136501193883	0.19290000000000002	-0.24066246400264407	Right	0.19290000000000002	
594851.1006	0.1929000000236556	states																																	"       state_name
id               
3   wait_for_poke"
594851.2935	1.0716000000247732	states																																	"        state_name
id                
1   nose_in_center"
594852.3651	0.001999999978579581	states																																	"   state_name
id           
5      go_cue"
594852.3671	4.118900000001304	states																																	"            state_name
id                    
6   wait_for_side_poke"
594856.486	0.7822000000160187	states																																	"         state_name
id                 
4   announce_reward"
594857.2682	0.15859999996609986	states																																	"   state_name
id           
8      reward"
594857.4268	9.999994654208422e-05	states																																	"    state_name
id            
7   stop_sound"
594857.6124	4.410600000061095	trials	1.0	2.0	5.0	1.102154669824675	0.0	0.15	True	3250.0	False	False	35660.0	False	Mixed	True	False	0.025	0.0	0.4121786939174038	1.5	9.0													
594857.6124	4.410600000061095	processed_trials			5.0	1.102154669824675					False				Mixed					0.4121786939174038		9.0	40.0	40.0	False	True	False			20.373136501193883	2.3538	-0.16406542093862278	Right	1.3145000000000002	
594857.6124	2.353800000040792	states																																	"       state_name
id               
3   wait_for_poke"
594859.9662	0.05679999990388751	states																																	"        state_name
id                
1   nose_in_center"
594860.0229999999	2.0	states																																	"          state_name
id                  
2   punish_violation"
594862.208	2.428900000057183	trials	1.0	2.0	5.0	1.1021547	0.0	0.15	True	3250.0	False	False	35661.0	False	Mixed	True	True	0.025	0.0	3.7450461528689565	1.5	9.0													
594862.208	2.428900000057183	processed_trials			5.0	1.1021547					False				Mixed					3.7450461528689565		9.0	40.0	40.0	False	True	False			20.373136501193883	0.16169999999999998	-0.24176840492707255	Left	0.16169999999999998	
594862.208	0.1617000000551343	states																																	"       state_name
id               
3   wait_for_poke"
594862.3697	0.2672000000020489	states																																	"        state_name
id                
1   nose_in_center"
594862.6369	2.0	states																																	"          state_name
id                  
2   punish_violation"
594864.8202	43.95270000002347	trials	1.0	2.0	5.0	0.9414040516690008	0.0	0.15	True	3250.0	False	False	35662.0	False	Mixed	True	True	0.025	0.0	2.5745205114001135	1.5	9.0													
594864.8202	43.95270000002347	processed_trials			5.0	0.9414040516690008					False				Mixed					2.5745205114001135		9.0	40.0	40.0	False	True	False			20.373136501193883	41.662099999999995	1.2292889905905855	Right	41.662099999999995	
594864.8202	41.66209999995772	states																																	"       state_name
id               
3   wait_for_poke"
594906.4822999999	0.2906000000657514	states																																	"        state_name
id                
1   nose_in_center"
594906.7729	2.0	states																																	"          state_name
id                  
2   punish_violation"
594908.9512	2.6524999999674037	trials	1.0	2.0	5.0	1.0248860539882874	0.0	0.15	True	3250.0	False	False	35663.0	False	Mixed	True	True	0.025	0.0	2.0568371588989627	1.5	9.0													
594908.9512	2.6524999999674037	processed_trials			5.0	1.0248860539882874					False				Mixed					2.0568371588989627		9.0	40.0	40.0	False	True	False			20.373136501193883	0.4693	-0.23086496171059193	Right	0.4693	
594908.9512	0.46929999999701977	states																																	"       state_name
id               
3   wait_for_poke"
594909.4205	0.18319999997038394	states																																	"        state_name
id                
1   nose_in_center"
594909.6037	2.0	states																																	"          state_name
id                  
2   punish_violation"
594911.8025	17.931600000010803	trials	1.0	2.0	5.0	1.0248861	0.0	0.15	True	3250.0	True	False	35664.0	False	Mixed	True	True	0.025	0.0	100.0	1.5	9.0													
594911.8025	17.931600000010803	processed_trials			5.0	1.0248861					True				Mixed					100.0		9.0	40.0	40.0	False	False	True	16.554100000000002	16.554100000000002	20.373136501193883	0.1505	-0.24216540936148273	Left	0.1505	
594911.8025	0.15049999998882413	states																																	"       state_name
id               
3   wait_for_poke"
594911.953	1.0248999999603257	states																																	"        state_name
id                
1   nose_in_center"
594912.9778999999	0.0020000000949949026	states																																	"   state_name
id           
5      go_cue"
594912.9799	16.554099999950267	states																																	"            state_name
id                    
6   wait_for_side_poke"
594929.534	0.19999999995343387	states																																	"   state_name
id           
0     opt_out"
594929.7339999999	0.00010000006295740604	states																																	"    state_name
id            
7   stop_sound"
594929.9185	2.5317999999970198	trials	1.0	2.0	40.0	0.9971928526842753	0.0	0.15	True	3250.0	False	False	35665.0	False	Mixed	True	False	0.025	0.0	1.5923475918049166	1.5	9.0													
594929.9185	2.5317999999970198	processed_trials			40.0	0.9971928526842753					False				Mixed					1.5923475918049166		9.0	40.0	40.0	False	True	False			20.373136501193883	0.5161	-0.22920605032394925	Right	0.5161	
594929.9185	0.5161000000080094	states																																	"       state_name
id               
3   wait_for_poke"
594930.4346	0.015699999989010394	states																																	"        state_name
id                
1   nose_in_center"
594930.4503	2.0	states																																	"          state_name
id                  
2   punish_violation"
594932.6336	7.5242000001017	trials	1.0	2.0	40.0	0.9434335897143501	0.0	0.15	True	3250.0	False	False	35666.0	False	Mixed	True	True	0.025	0.0	5.035682071205692	1.5	9.0													
594932.6336	7.5242000001017	processed_trials			40.0	0.9434335897143501					False				Mixed					5.035682071205692		9.0	40.0	40.0	True	False	False	5.035699999999999	5.035699999999999	20.373136501193883	0.0423	-0.24600075577248146	Right	0.0423	
594932.6336	0.04229999997187406	states																																	"       state_name
id               
3   wait_for_poke"
594932.6758999999	0.9433999999891967	states																																	"        state_name
id                
1   nose_in_center"
594933.6192999999	0.0020000000949949026	states																																	"   state_name
id           
5      go_cue"
594933.6213	5.0356999998912215	states																																	"            state_name
id                    
6   wait_for_side_poke"
594938.6569999999	1.2066000000340864	states																																	"         state_name
id                 
4   announce_reward"
594939.8635999999	0.29410000005736947	states																																	"   state_name
id           
8      reward"
594940.1577	9.999994654208422e-05	states																																	"    state_name
id            
7   stop_sound"
594940.3471	5.202599999960512	trials	1.0	2.0	5.0	1.0718642385548978	0.0	0.15	True	3290.0	True	False	35667.0	False	Mixed	True	False	0.025	0.0	100.0	1.5	9.0													
594940.3471	5.202599999960512	processed_trials			5.0	1.0718642385548978					True				Mixed					100.0		9.0	40.0	40.0	False	True	False			20.373136501193883	3.1618000000000004	-0.1354243867418857	Left	1.9143000000000003	
594940.3471	3.1618000000016764	states																																	"       state_name
id               
3   wait_for_poke"
594943.5089	0.04079999995883554	states																																	"        state_name
id                
1   nose_in_center"
594943.5497	2.0	states																																	"          state_name
id                  
2   punish_violation"
594945.7366	2.991300000110641	trials	1.0	2.0	5.0	1.1989203375982576	0.0	0.15	True	3290.0	False	False	35668.0	False	Mixed	True	True	0.025	0.0	0.6249129283395657	1.5	9.0													
594945.7366	2.991300000110641	processed_trials			5.0	1.1989203375982576					False				Mixed					0.6249129283395657		9.0	40.0	40.0	False	True	False			20.373136501193883	0.8302	-0.21807220274821268	Right	0.8302	
594945.7366	0.83019999996759	states																																	"       state_name
id               
3   wait_for_poke"
594946.5667999999	0.16110000002663583	states																																	"        state_name
id                
1   nose_in_center"
594946.7278999999	2.0	states																																	"          state_name
id                  
2   punish_violation"
594948.9173	2.9152999999932945	trials	1.0	2.0	5.0	1.1989203	0.0	0.15	True	3290.0	True	False	35669.0	False	Mixed	True	True	0.025	0.0	100.0	1.5	9.0													
594948.9173	2.9152999999932945	processed_trials			5.0	1.1989203					True				Mixed					100.0		9.0	40.0	40.0	False	True	False			20.373136501193883	0.6	-0.22623206174832272	Right	0.6	
594948.9173	0.5999999999767169	states																																	"       state_name
id               
3   wait_for_poke"
594949.5173	0.31530000001657754	states																																	"        state_name
id                
1   nose_in_center"
594949.8326	2.0	states																																	"          state_name
id                  
2   punish_violation"
594952.0227	3.631999999983236	trials	1.0	2.0	5.0	1.105903875284511	0.0	0.15	True	3290.0	False	False	35670.0	False	Mixed	True	True	0.025	0.0	6.947968168902959	1.5	9.0													
594952.0227	3.631999999983236	processed_trials			5.0	1.105903875284511					False				Mixed					6.947968168902959		9.0	40.0	40.0	False	True	False			20.373136501193883	1.429	-0.19684664423706644	Left	1.429	
594952.0227	1.4290000000037253	states																																	"       state_name
id               
3   wait_for_poke"
594953.4517	0.2029999999795109	states																																	"        state_name
id                
1   nose_in_center"
594953.6547	2.0	states																																	"          state_name
id                  
2   punish_violation"
594955.8493	12.869999999995343	trials	1.0	2.0	5.0	0.9479476614668984	0.0	0.15	True	3290.0	False	False	35671.0	False	Mixed	True	True	0.025	0.0	0.9227869370203099	1.5	9.0													
594955.8493	12.869999999995343	processed_trials			5.0	0.9479476614668984					False				Mixed					0.9227869370203099		9.0	40.0	40.0	True	False	False	0.9228000000000005	0.9228000000000005	20.373136501193883	10.774799999999999	0.13443228818355912	Right	10.774799999999999	
594955.8493	10.774800000013784	states																																	"       state_name
id               
3   wait_for_poke"
594966.6241	0.9479000000283122	states																																	"        state_name
id                
1   nose_in_center"
594967.572	0.001999999978579581	states																																	"   state_name
id           
5      go_cue"
594967.574	0.9227999999420717	states																																	"            state_name
id                    
6   wait_for_side_poke"
594968.4968	0.16399999998975545	states																																	"         state_name
id                 
4   announce_reward"
594968.6608	0.058400000096298754	states																																	"   state_name
id           
8      reward"
594968.7192	9.999994654208422e-05	states																																	"    state_name
id            
7   stop_sound"
594968.9076	4.342100000008941	trials	1.0	2.0	10.0	0.9133583357370441	0.0	0.15	True	3295.0	False	False	35672.0	False	Mixed	True	False	0.025	0.0	4.168184090344656	1.5	9.0													
594968.9076	4.342100000008941	processed_trials			10.0	0.9133583357370441					False				Mixed					4.168184090344656		9.0	40.0	40.0	False	True	False			20.373136501193883	2.3005999999999998	-0.16595119200207134	Left	0.8907999999999998	
594968.9076	2.3005999999586493	states																																	"       state_name
id               
3   wait_for_poke"
594971.2082	0.04150000005029142	states																																	"        state_name
id                
1   nose_in_center"
594971.2497	2.0	states																																	"          state_name
id                  
2   punish_violation"
594973.441	3.1539000000339	trials	1.0	2.0	10.0	0.9488168684884093	0.0	0.15	True	3295.0	False	False	35673.0	False	Mixed	True	True	0.025	0.0	1.854602450513081	1.5	9.0													
594973.441	3.1539000000339	processed_trials			10.0	0.9488168684884093					False				Mixed					1.854602450513081		9.0	40.0	40.0	True	False	False	1.8546	1.8546	20.373136501193883	0.0987	-0.24400155487063	Right	0.0987	
594973.441	0.09869999997317791	states																																	"       state_name
id               
3   wait_for_poke"
594973.5397	0.9488000000128523	states																																	"        state_name
id                
1   nose_in_center"
594974.4885	0.001999999978579581	states																																	"   state_name
id           
5      go_cue"
594974.4905	1.85460000007879	states																																	"            state_name
id                    
6   wait_for_side_poke"
594976.3451	0.1579999999376014	states																																	"         state_name
id                 
4   announce_reward"
594976.5031	0.09169999998994172	states																																	"   state_name
id           
8      reward"
594976.5948	0.00010000006295740604	states																																	"    state_name
id            
7   stop_sound"
594976.7879	12.717000000062399	trials	1.0	2.0	80.0	0.8964397830239862	0.0	0.15	True	3305.0	False	False	35674.0	False	Mixed	True	False	0.025	0.0	8.157945006286228	1.5	9.0													
594976.7879	12.717000000062399	processed_trials			80.0	0.8964397830239862					False				Mixed					8.157945006286228		9.0	40.0	40.0	True	False	False	8.157899999999998	8.157899999999998	20.373136501193883	2.9891	-0.14154605333319326	Right	1.6549	
594976.7879	2.9891000000061467	states																																	"       state_name
id               
3   wait_for_poke"
594979.777	0.8963999999687076	states																																	"        state_name
id                
1   nose_in_center"
594980.6734	0.001999999978579581	states																																	"   state_name
id           
5      go_cue"
594980.6754	8.15789999999106	states																																	"            state_name
id                    
6   wait_for_side_poke"
594988.8332999999	0.10010000003967434	states																																	"         state_name
id                 
4   announce_reward"
594988.9334	0.5714000000152737	states																																	"   state_name
id           
8      reward"
594989.5048	9.999994654208422e-05	states																																	"    state_name
id            
7   stop_sound"
594989.6999	5.816600000020117	trials	1.0	2.0	5.0	1.1663421859739032	0.0	0.15	True	3385.0	False	False	35675.0	False	Mixed	True	False	0.025	0.0	2.1393830922360495	1.5	9.0													
594989.6999	5.816600000020117	processed_trials			5.0	1.1663421859739032					False				Mixed					2.1393830922360495		9.0	40.0	40.0	False	True	False			20.373136501193883	3.7942	-0.11300781492750882	Right	1.1857000000000002	
594989.6999	3.7942000000039116	states																																	"       state_name
id               
3   wait_for_poke"
594993.4941	0.022400000016205013	states																																	"        state_name
id                
1   nose_in_center"
594993.5165	2.0	states																																	"          state_name
id                  
2   punish_violation"
594995.7096	12.878100000089034	trials	1.0	2.0	5.0	1.1663422	0.0	0.15	True	3385.0	True	False	35676.0	False	Mixed	True	True	0.025	0.0	100.0	1.5	9.0													
594995.7096	12.878100000089034	processed_trials			5.0	1.1663422					True				Mixed					100.0		9.0	40.0	40.0	False	False	True	11.3938	11.3938	20.373136501193883	0.1159	-0.24339186948921432	Left	0.1159	
594995.7096	0.11589999997522682	states																																	"       state_name
id               
3   wait_for_poke"
594995.8254999999	1.166300000040792	states																																	"        state_name
id                
1   nose_in_center"
594996.9918	0.001999999978579581	states																																	"   state_name
id           
5      go_cue"
594996.9937999999	11.39379999996163	states																																	"            state_name
id                    
6   wait_for_side_poke"
595008.3875999999	0.2000000000698492	states																																	"   state_name
id           
0     opt_out"
595008.5876	9.999994654208422e-05	states																																	"    state_name
id            
7   stop_sound"
595008.7843	2.5881999999983236	trials	1.0	2.0	20.0	1.189253623381025	0.0	0.15	True	3385.0	False	False	35677.0	False	Mixed	True	False	0.025	0.0	0.24764683818605732	1.5	9.0													
595008.7843	2.5881999999983236	processed_trials			20.0	1.189253623381025					False				Mixed					0.24764683818605732		9.0	40.0	40.0	False	True	False			20.373136501193883	0.5374	-0.2284510329620798	Right	0.5374	
595008.7843	0.5374000000301749	states																																	"       state_name
id               
3   wait_for_poke"
595009.3217000001	0.05079999996814877	states																																	"        state_name
id                
1   nose_in_center"
595009.3725	2.0	states																																	"          state_name
id                  
2   punish_violation"
595011.5655	2.6270999999251217	trials	1.0	2.0	20.0	0.9381014447893067	0.0	0.15	True	3385.0	False	False	35678.0	False	Mixed	True	True	0.025	0.0	0.23447038304740397	1.5	9.0													
595011.5655	2.6270999999251217	processed_trials			20.0	0.9381014447893067					False				Mixed					0.23447038304740397		9.0	40.0	40.0	False	True	False			20.373136501193883	0.056299999999999996	-0.24550450022946868	Left	0.056299999999999996	
595011.5655	0.05630000005476177	states																																	"       state_name
id               
3   wait_for_poke"
595011.6218000001	0.5707999999867752	states																																	"        state_name
id                
1   nose_in_center"
595012.1926000001	2.0	states																																	"          state_name
id                  
2   punish_violation"
595014.3897	1.6618999999482185	trials	1.0	2.0	20.0	0.93810144	0.0	0.15	True	3385.0	False	False	35679.0	False	Mixed	True	True	0.025	0.0	0.17886360149989217	1.5	9.0													
595014.3897	1.6618999999482185	processed_trials			20.0	0.93810144					False				Mixed					0.17886360149989217		9.0	40.0	40.0	True	False	False	0.17890000000000006	0.17890000000000006	20.373136501193883	0.084	-0.24452262319079343	Left	0.084	
595014.3897	0.08400000003166497	states																																	"       state_name
id               
3   wait_for_poke"
595014.4737000001	0.9380999999120831	states																																	"        state_name
id                
1   nose_in_center"
595015.4118	0.0020000000949949026	states																																	"   state_name
id           
5      go_cue"
595015.4138000001	0.17889999994076788	states																																	"            state_name
id                    
6   wait_for_side_poke"
595015.5927	0.30989999999292195	states																																	"         state_name
id                 
4   announce_reward"
595015.9026	0.14890000002924353	states																																	"   state_name
id           
8      reward"
595016.0515000001	9.999994654208422e-05	states																																	"    state_name
id            
7   stop_sound"
595016.2494	10.18410000007134	trials	1.0	2.0	40.0	1.1460695174336013	0.0	0.15	True	3405.0	False	False	35680.0	False	Mixed	True	False	0.025	0.0	3.7167246789462056	1.5	9.0													
595016.2494	10.18410000007134	processed_trials			40.0	1.1460695174336013					False				Mixed					3.7167246789462056		9.0	40.0	40.0	True	False	False	3.7166999999999994	3.7166999999999994	20.373136501193883	1.8584	-0.1816257777963747	Right	0.5494000000000001	
595016.2494	1.8584000000264496	states																																	"       state_name
id               
3   wait_for_poke"
595018.1078	1.146100000012666	states																																	"        state_name
id                
1   nose_in_center"
595019.2539	0.001999999978579581	states																																	"   state_name
id           
5      go_cue"
595019.2559	3.7166999999899417	states																																	"            state_name
id                    
6   wait_for_side_poke"
595022.9726	3.1666999999433756	states																																	"         state_name
id                 
4   announce_reward"
595026.1392999999	0.29410000005736947	states																																	"   state_name
id           
8      reward"
595026.4334	9.999994654208422e-05	states																																	"    state_name
id            
7   stop_sound"
595026.6294	5.182600000058301	trials	1.0	2.0	40.0	0.9477375766036878	0.0	0.15	True	3445.0	False	False	35681.0	False	Mixed	True	False	0.025	0.0	4.230181211637619	1.5	9.0													
595026.6294	5.182600000058301	processed_trials			40.0	0.9477375766036878					False				Mixed					4.230181211637619		9.0	40.0	40.0	False	True	False			20.373136501193883	3.1299	-0.1365551404434648	Right	1.9762000000000002	
595026.6294	3.1299000000581145	states																																	"       state_name
id               
3   wait_for_poke"
595029.7593	0.05269999988377094	states																																	"        state_name
id                
1   nose_in_center"
595029.8119999999	2.0	states																																	"          state_name
id                  
2   punish_violation"
595032.0075	2.0535000000381842	trials	1.0	2.0	40.0	0.8205736441838879	0.0	0.15	True	3445.0	False	False	35682.0	False	Mixed	True	True	0.025	0.0	0.2819450416597608	1.5	9.0													
595032.0075	2.0535000000381842	processed_trials			40.0	0.8205736441838879					False				Mixed					0.2819450416597608		9.0	40.0	40.0	False	True	False			20.373136501193883	0.0134	-0.24702516900055782	Left	0.0134	
595032.0075	0.013400000054389238	states																																	"       state_name
id               
3   wait_for_poke"
595032.0209	0.04009999998379499	states																																	"        state_name
id                
1   nose_in_center"
595032.061	2.0	states																																	"          state_name
id                  
2   punish_violation"
595034.255	8.422999999951571	trials	1.0	2.0	40.0	0.9658770142593937	0.0	0.15	True	3445.0	False	False	35683.0	False	Mixed	True	True	0.025	0.0	6.425565025500619	1.5	9.0													
595034.255	8.422999999951571	processed_trials			40.0	0.9658770142593937					False				Mixed					6.425565025500619		9.0	40.0	40.0	True	False	False	6.425599999999999	6.425599999999999	20.373136501193883	0.142	-0.2424667073697405	Right	0.142	
595034.255	0.14199999999254942	states																																	"       state_name
id               
3   wait_for_poke"
595034.397	0.9658999999519438	states																																	"        state_name
id                
1   nose_in_center"
595035.3629	0.0020000000949949026	states																																	"   state_name
id           
5      go_cue"
595035.3649	6.425599999958649	states																																	"            state_name
id                    
6   wait_for_side_poke"
595041.7905	0.5932999999495223	states																																	"         state_name
id                 
4   announce_reward"
595042.3838	0.29410000005736947	states																																	"   state_name
id           
8      reward"
595042.6779	9.999994654208422e-05	states																																	"    state_name
id            
7   stop_sound"
595042.8823	10.984299999894574	trials	1.0	2.0	40.0	1.0816482327981447	0.0	0.15	True	3485.0	False	False	35684.0	False	Mixed	True	False	0.025	0.0	6.425565	1.5	9.0													
595042.8823	10.984299999894574	processed_trials			40.0	1.0816482327981447					False				Mixed					6.425565		9.0	40.0	40.0	True	False	False	6.425599999999999	6.425599999999999	20.373136501193883	2.6113000000000004	-0.15493786362963788	Left	1.6014000000000004	
595042.8823	2.611299999989569	states																																	"       state_name
id               
3   wait_for_poke"
595045.4936	1.0816000000340864	states																																	"        state_name
id                
1   nose_in_center"
595046.5752000001	0.001999999978579581	states																																	"   state_name
id           
5      go_cue"
595046.5772	6.425599999958649	states																																	"            state_name
id                    
6   wait_for_side_poke"
595053.0028	0.5868999999947846	states																																	"         state_name
id                 
4   announce_reward"
595053.5897	0.27679999999236315	states																																	"   state_name
id           
8      reward"
595053.8665	0.00010000006295740604	states																																	"    state_name
id            
7   stop_sound"
595054.0673	6.380899999989197	trials	1.0	2.0	40.0	0.9774896524470482	0.0	0.15	True	3525.0	False	False	35685.0	False	Mixed	True	False	0.025	0.0	3.135863670097346	1.5	9.0													
595054.0673	6.380899999989197	processed_trials			40.0	0.9774896524470482					False				Mixed					3.135863670097346		9.0	40.0	40.0	False	True	False			20.373136501193883	4.2495	-0.09686887573224347	Left	2.9727000000000006	
595054.0673	4.249500000034459	states																																	"       state_name
id               
3   wait_for_poke"
595058.3168	0.13139999995473772	states																																	"        state_name
id                
1   nose_in_center"
595058.4482	2.0	states																																	"          state_name
id                  
2   punish_violation"
595060.6491	1.9955999999074265	trials	1.0	2.0	40.0	1.1024990556275753	0.0	0.15	True	3525.0	False	False	35686.0	False	Mixed	True	True	0.025	0.0	0.16470912025914858	1.5	9.0													
595060.6491	1.9955999999074265	processed_trials			40.0	1.1024990556275753					False				Mixed					0.16470912025914858		9.0	40.0	40.0	True	False	False	0.16470000000000007	0.16470000000000007	20.373136501193883	0.1215	-0.2431933672720092	Left	0.1215	
595060.6491	0.1215000000083819	states																																	"       state_name
id               
3   wait_for_poke"
595060.7706	1.102500000037253	states																																	"        state_name
id                
1   nose_in_center"
595061.8731000001	0.001999999978579581	states																																	"   state_name
id           
5      go_cue"
595061.8751000001	0.164699999964796	states																																	"            state_name
id                    
6   wait_for_side_poke"
595062.0398	0.3279999999795109	states																																	"         state_name
id                 
4   announce_reward"
595062.3678	0.27679999999236315	states																																	"   state_name
id           
8      reward"
595062.6446	0.00010000006295740604	states																																	"    state_name
id            
7   stop_sound"
595062.8491	5.490600000019185	trials	1.0	2.0	40.0	1.1024991	0.0	0.15	True	3565.0	False	False	35687.0	False	Mixed	True	False	0.025	0.0	1.0097699322251399	1.5	9.0													
595062.8491	5.490600000019185	processed_trials			40.0	1.1024991					False				Mixed					1.0097699322251399		9.0	40.0	40.0	True	False	False	1.0098000000000003	1.0098000000000003	20.373136501193883	2.9314	-0.1435913351068959	Right	1.5029	
595062.8491	2.931400000001304	states																																	"       state_name
id               
3   wait_for_poke"
595065.7805	1.102500000037253	states																																	"        state_name
id                
1   nose_in_center"
595066.883	0.001999999978579581	states																																	"   state_name
id           
5      go_cue"
595066.885	1.0097999999998137	states																																	"            state_name
id                    
6   wait_for_side_poke"
595067.8948	0.15069999999832362	states																																	"         state_name
id                 
4   announce_reward"
595068.0455	0.29409999994095415	states																																	"   state_name
id           
8      reward"
595068.3396	0.00010000006295740604	states																																	"    state_name
id            
7   stop_sound"
595068.5463	5.109699999913573	trials	1.0	2.0	5.0	1.100687165961673	0.0	0.15	True	3605.0	False	False	35688.0	False	Mixed	True	False	0.025	0.0	5.628778331415071	1.5	9.0													
595068.5463	5.109699999913573	processed_trials			5.0	1.100687165961673					False				Mixed					5.628778331415071		9.0	40.0	40.0	False	True	False			20.373136501193883	3.0485	-0.13944051195783908	Left	1.6949000000000003	
595068.5463	3.0485000000335276	states																																	"       state_name
id               
3   wait_for_poke"
595071.5948000001	0.061199999996460974	states																																	"        state_name
id                
1   nose_in_center"
595071.6560000001	2.0	states																																	"          state_name
id                  
2   punish_violation"
595073.8572	2.4394000000320375	trials	1.0	2.0	5.0	0.8066141718403874	0.0	0.15	True	3605.0	False	False	35689.0	False	Mixed	True	True	0.025	0.0	0.6479019602818931	1.5	9.0													
595073.8572	2.4394000000320375	processed_trials			5.0	0.8066141718403874					False				Mixed					0.6479019602818931		9.0	40.0	40.0	False	True	False			20.373136501193883	0.1232	-0.24313310767035767	Right	0.1232	
595073.8572	0.12320000003091991	states																																	"       state_name
id               
3   wait_for_poke"
595073.9804	0.3162000000011176	states																																	"        state_name
id                
1   nose_in_center"
595074.2966	2.0	states																																	"          state_name
id                  
2   punish_violation"
595076.4982	2.0730999999213964	trials	1.0	2.0	5.0	1.0436502739969633	0.0	0.15	True	3605.0	False	False	35690.0	False	Mixed	True	True	0.025	0.0	0.1970733028961193	1.5	9.0													
595076.4982	2.0730999999213964	processed_trials			5.0	1.0436502739969633					False				Mixed					0.1970733028961193		9.0	40.0	40.0	True	False	False	0.19709999999999983	0.19709999999999983	20.373136501193883	0.06570000000000001	-0.2451713000791601	Right	0.06570000000000001	
595076.4982	0.06570000003557652	states																																	"       state_name
id               
3   wait_for_poke"
595076.5639000001	1.0436999999219552	states																																	"        state_name
id                
1   nose_in_center"
595077.6076	0.0020000000949949026	states																																	"   state_name
id           
5      go_cue"
595077.6096000001	0.19709999999031425	states																																	"            state_name
id                    
6   wait_for_side_poke"
595077.8067000001	0.70609999995213	states																																	"         state_name
id                 
4   announce_reward"
595078.5128	0.05839999997988343	states																																	"   state_name
id           
8      reward"
595078.5712	0.00010000006295740604	states																																	"    state_name
id            
7   stop_sound"
595078.7757	3.8157999999821186	trials	1.0	2.0	80.0	0.8667693357305764	0.0	0.15	True	3610.0	False	False	35691.0	False	Mixed	True	False	0.025	0.0	1.555306046958642	1.5	9.0													
595078.7757	3.8157999999821186	processed_trials			80.0	0.8667693357305764					False				Mixed					1.555306046958642		9.0	40.0	40.0	False	True	False			20.373136501193883	1.778	-0.1844757024862481	Right	0.6195999999999999	
595078.7757	1.77800000004936	states																																	"       state_name
id               
3   wait_for_poke"
595080.5537	0.03779999993275851	states																																	"        state_name
id                
1   nose_in_center"
595080.5915	2.0	states																																	"          state_name
id                  
2   punish_violation"
595082.7943	3.9213000000454485	trials	1.0	2.0	80.0	1.116498874019591	0.0	0.15	True	3610.0	False	False	35692.0	False	Mixed	True	True	0.025	0.0	1.555306	1.5	9.0													
595082.7943	3.9213000000454485	processed_trials			80.0	1.116498874019591					False				Mixed					1.555306		9.0	40.0	40.0	True	False	False	1.5552999999999997	1.5552999999999997	20.373136501193883	0.07479999999999999	-0.2448487339762018	Left	0.07479999999999999	
595082.7943	0.07479999994393438	states																																	"       state_name
id               
3   wait_for_poke"
595082.8690999999	1.1165000000037253	states																																	"        state_name
id                
1   nose_in_center"
595083.9855999999	0.0020000000949949026	states																																	"   state_name
id           
5      go_cue"
595083.9876	1.5553000000072643	states																																	"            state_name
id                    
6   wait_for_side_poke"
595085.5429	0.6350999999558553	states																																	"         state_name
id                 
4   announce_reward"
595086.178	0.5374999999767169	states																																	"   state_name
id           
8      reward"
595086.7154999999	0.00010000006295740604	states																																	"    state_name
id            
7   stop_sound"
595086.9228	5.852900000056252	trials	1.0	2.0	5.0	1.1164989	0.0	0.15	True	3690.0	False	False	35693.0	False	Mixed	True	False	0.025	0.0	1.1638628557306925	1.5	9.0													
595086.9228	5.852900000056252	processed_trials			5.0	1.1164989					False				Mixed					1.1638628557306925		9.0	40.0	40.0	False	True	False			20.373136501193883	3.7771999999999997	-0.11361041094402434	Left	0.5597999999999996	
595086.9228	3.777200000011362	states																																	"       state_name
id               
3   wait_for_poke"
595090.7	0.07570000004488975	states																																	"        state_name
id                
1   nose_in_center"
595090.7757	2.0	states																																	"          state_name
id                  
2   punish_violation"
595092.9825	2.2545999999856576	trials	1.0	2.0	5.0	0.9007414688159562	0.0	0.15	True	3690.0	False	False	35694.0	False	Mixed	True	True	0.025	0.0	1.1638629	1.5	9.0													
595092.9825	2.2545999999856576	processed_trials			5.0	0.9007414688159562					False				Mixed					1.1638629		9.0	40.0	40.0	True	False	False	1.1638999999999997	1.1638999999999997	20.373136501193883	0.0995	-0.24397319741102927	Left	0.0995	
595092.9825	0.09950000001117587	states																																	"       state_name
id               
3   wait_for_poke"
595093.082	0.9006999999983236	states																																	"        state_name
id                
1   nose_in_center"
595093.9827	0.001999999978579581	states																																	"   state_name
id           
5      go_cue"
595093.9847	1.1639000000432134	states																																	"            state_name
id                    
6   wait_for_side_poke"
595095.1486000001	0.034499999950639904	states																																	"         state_name
id                 
4   announce_reward"
595095.1831	0.053900000057183206	states																																	"   state_name
id           
8      reward"
595095.2370000001	9.999994654208422e-05	states																																	"    state_name
id            
7   stop_sound"
595095.4454	17.34429999999702	trials	1.0	2.0	80.0	0.9484702957944008	0.0	0.15	True	3695.0	False	False	35695.0	False	Mixed	True	False	0.025	0.0	14.449815823874623	1.5	9.0													
595095.4454	17.34429999999702	processed_trials			80.0	0.9484702957944008					False				Mixed					14.449815823874623		9.0	40.0	40.0	True	False	False	14.4498	14.4498	20.373136501193883	0.8677	-0.2167429468294285	Left	0.6871	
595095.4454	0.8676999999443069	states																																	"       state_name
id               
3   wait_for_poke"
595096.3130999999	0.9485000000568107	states																																	"        state_name
id                
1   nose_in_center"
595097.2616	0.001999999978579581	states																																	"   state_name
id           
5      go_cue"
595097.2636	14.44980000006035	states																																	"            state_name
id                    
6   wait_for_side_poke"
595111.7134	0.5386999999172986	states																																	"         state_name
id                 
4   announce_reward"
595112.2520999999	0.5375000000931323	states																																	"   state_name
id           
8      reward"
595112.7896	9.999994654208422e-05	states																																	"    state_name
id            
7   stop_sound"
595113.0008	5.864599999971688	trials	1.0	2.0	40.0	1.0409443853230627	0.0	0.15	True	3775.0	True	False	35696.0	False	Mixed	True	False	0.025	0.0	100.0	1.5	9.0													
595113.0008	5.864599999971688	processed_trials			40.0	1.0409443853230627					True				Mixed					100.0		9.0	40.0	40.0	False	True	False			20.373136501193883	3.8355	-0.11154386107562114	Right	0.7086999999999999	
595113.0008	3.8355000000447035	states																																	"       state_name
id               
3   wait_for_poke"
595116.8363000001	0.02909999992698431	states																																	"        state_name
id                
1   nose_in_center"
595116.8654	2.0	states																																	"          state_name
id                  
2   punish_violation"
595119.0792	2.0473999999230728	trials	1.0	2.0	40.0	1.0409444	0.0	0.15	True	3775.0	False	False	35697.0	False	Mixed	True	True	0.025	0.0	0.7523501836535962	1.5	9.0													
595119.0792	2.0473999999230728	processed_trials			40.0	1.0409444					False				Mixed					0.7523501836535962		9.0	40.0	40.0	False	True	False			20.373136501193883	0.0123	-0.24706416050750882	Left	0.0123	
595119.0792	0.012299999943934381	states																																	"       state_name
id               
3   wait_for_poke"
595119.0915	0.035100000095553696	states																																	"        state_name
id                
1   nose_in_center"
595119.1266000001	2.0	states																																	"          state_name
id                  
2   punish_violation"
595121.3404	2.067700000014156	trials	1.0	2.0	40.0	1.1831919787788203	0.0	0.15	True	3775.0	True	False	35698.0	False	Mixed	True	True	0.025	0.0	0.75235018	1.5	9.0													
595121.3404	2.067700000014156	processed_trials			40.0	1.1831919787788203					False				Mixed					0.75235018		9.0	40.0	40.0	False	False	False	0.7524	0.7524	20.373136501193883	0.1301	-0.24288852458130136	Right	0.1301	
595121.3404	0.1300999999511987	states																																	"       state_name
id               
3   wait_for_poke"
595121.4704999999	1.1832000000867993	states																																	"        state_name
id                
1   nose_in_center"
595122.6537	0.001999999978579581	states																																	"   state_name
id           
5      go_cue"
595122.6557	0.7523999999975786	states																																	"            state_name
id                    
6   wait_for_side_poke"
595123.6212	13.490299999946728	trials	1.0	2.0	10.0	1.1090635483941693	0.0	0.15	True	3775.0	False	False	35699.0	False	Mixed	True	False	0.025	0.0	1.0345154672660832	1.5	9.0													
595123.6212	13.490299999946728	processed_trials			10.0	1.1090635483941693					False				Mixed					1.0345154672660832		9.0	40.0	40.0	False	True	False			20.373136501193883	11.465200000000001	0.158904775818989	Right	11.465200000000001	
595123.6212	11.465199999976903	states																																	"       state_name
id               
3   wait_for_poke"
595135.0864	0.02509999996982515	states																																	"        state_name
id                
1   nose_in_center"
595135.1115	2.0	states																																	"          state_name
id                  
2   punish_violation"
595137.3223	4.98499999998603	trials	1.0	2.0	10.0	0.9806768930906746	0.0	0.15	True	3775.0	False	False	35700.0	False	Mixed	True	True	0.025	0.0	3.129002859837663	1.5	9.0													
595137.3223	4.98499999998603	processed_trials			10.0	0.9806768930906746					False				Mixed					3.129002859837663		9.0	40.0	40.0	True	False	False	3.1290000000000004	3.1290000000000004	20.373136501193883	0.2449	-0.23881922912859663	Left	0.2449	
595137.3223	0.2449000000488013	states																																	"       state_name
id               
3   wait_for_poke"
595137.5672	0.9806999999564141	states																																	"        state_name
id                
1   nose_in_center"
595138.5479	0.001999999978579581	states																																	"   state_name
id           
5      go_cue"
595138.5499	3.1290000000735745	states																																	"            state_name
id                    
6   wait_for_side_poke"
595141.6789	0.5429000000003725	states																																	"         state_name
id                 
4   announce_reward"
595142.2218	0.08539999998174608	states																																	"   state_name
id           
8      reward"
595142.3072	9.999994654208422e-05	states																																	"    state_name
id            
7   stop_sound"
595142.5238	3.1238000000594184	trials	1.0	2.0	20.0	0.8761815356118443	0.0	0.15	True	3785.0	False	False	35701.0	False	Mixed	True	False	0.025	0.0	6.470610419801675	1.5	9.0													
595142.5238	3.1238000000594184	processed_trials			20.0	0.8761815356118443					False				Mixed					6.470610419801675		9.0	40.0	40.0	False	True	False			20.373136501193883	1.0088	-0.21174139989234977	Right	0.5364	
595142.5238	1.0087999999523163	states																																	"       state_name
id               
3   wait_for_poke"
595143.5325999999	0.11499999999068677	states																																	"        state_name
id                
1   nose_in_center"
595143.6475999999	2.0	states																																	"          state_name
id                  
2   punish_violation"
595145.8616	11.485100000048988	trials	1.0	2.0	20.0	1.1917100776088387	0.0	0.15	True	3785.0	False	False	35702.0	False	Mixed	True	True	0.025	0.0	9.156121562360834	1.5	9.0													
595145.8616	11.485100000048988	processed_trials			20.0	1.1917100776088387					False				Mixed					9.156121562360834		9.0	40.0	40.0	True	False	False	9.1561	9.1561	20.373136501193883	0.43660000000000004	-0.23202407287177174	Left	0.43660000000000004	
595145.8616	0.43660000001545995	states																																	"       state_name
id               
3   wait_for_poke"
595146.2982	1.1916999999666587	states																																	"        state_name
id                
1   nose_in_center"
595147.4898999999	0.001999999978579581	states																																	"   state_name
id           
5      go_cue"
595147.4918999999	9.15610000002198	states																																	"            state_name
id                    
6   wait_for_side_poke"
595156.6479999999	0.5496999999741092	states																																	"         state_name
id                 
4   announce_reward"
595157.1976999999	0.14890000002924353	states																																	"   state_name
id           
8      reward"
595157.3465999999	0.00010000006295740604	states																																	"    state_name
id            
7   stop_sound"
595157.5685	4.261199999949895	trials	1.0	2.0	80.0	1.1267188219727877	0.0	0.15	True	3805.0	False	False	35703.0	False	Mixed	True	False	0.025	0.0	0.8328729724257732	1.5	9.0													
595157.5685	4.261199999949895	processed_trials			80.0	1.1267188219727877					False				Mixed					0.8328729724257732		9.0	40.0	40.0	True	False	False	0.8328999999999995	0.8328999999999995	20.373136501193883	1.3456	-0.1998029094004425	Left	0.7353	
595157.5685	1.3456000000005588	states																																	"       state_name
id               
3   wait_for_poke"
595158.9141	1.126700000022538	states																																	"        state_name
id                
1   nose_in_center"
595160.0408000001	0.001999999978579581	states																																	"   state_name
id           
5      go_cue"
595160.0428	0.8329000000376254	states																																	"            state_name
id                    
6   wait_for_side_poke"
595160.8757000001	0.416399999987334	states																																	"         state_name
id                 
4   announce_reward"
595161.2921000001	0.5374999999767169	states																																	"   state_name
id           
8      reward"
595161.8296	9.999994654208422e-05	states																																	"    state_name
id            
7   stop_sound"
595162.0437	6.356799999950454	trials	1.0	2.0	80.0	1.1267188	0.0	0.15	True	3885.0	False	False	35704.0	False	Mixed	True	False	0.025	0.0	10.387409542847871	1.5	9.0													
595162.0437	6.356799999950454	processed_trials			80.0	1.1267188					False				Mixed					10.387409542847871		9.0	40.0	40.0	False	True	False			20.373136501193883	3.232	-0.13293601966192167	Left	0.8170000000000002	
595162.0437	3.231999999959953	states																																	"       state_name
id               
3   wait_for_poke"
595165.2757	1.1247999999905005	states																																	"        state_name
id                
1   nose_in_center"
595166.4005	2.0	states																																	"          state_name
id                  
2   punish_violation"
595168.6184	12.59519999998156	trials	1.0	2.0	80.0	1.0748358852615139	0.0	0.15	True	3885.0	False	False	35705.0	False	Mixed	True	True	0.025	0.0	10.38741	1.5	9.0													
595168.6184	12.59519999998156	processed_trials			80.0	1.0748358852615139					False				Mixed					10.38741		9.0	40.0	40.0	True	False	False	10.3874	10.3874	20.373136501193883	0.1276	-0.24297714164255363	Left	0.1276	
595168.6184	0.12760000000707805	states																																	"       state_name
id               
3   wait_for_poke"
595168.746	1.0747999999439344	states																																	"        state_name
id                
1   nose_in_center"
595169.8208	0.0020000000949949026	states																																	"   state_name
id           
5      go_cue"
595169.8228000001	10.387400000006892	states																																	"            state_name
id                    
6   wait_for_side_poke"
595180.2102000001	0.46579999988898635	states																																	"         state_name
id                 
4   announce_reward"
595180.676	0.5375000000931323	states																																	"   state_name
id           
8      reward"
595181.2135000001	9.999994654208422e-05	states																																	"    state_name
id            
7   stop_sound"
595181.4348	5.402999999932945	trials	1.0	2.0	5.0	0.9380237050492468	0.0	0.15	True	3965.0	False	False	35706.0	False	Mixed	True	False	0.025	0.0	0.8586403161218155	1.5	9.0													
595181.4348	5.402999999932945	processed_trials			5.0	0.9380237050492468					False				Mixed					0.8586403161218155		9.0	40.0	40.0	False	True	False			20.373136501193883	3.2809	-0.13120266994382707	Right	0.9227000000000003	
595181.4348	3.2809000000124797	states																																	"       state_name
id               
3   wait_for_poke"
595184.7157000001	0.12210000003688037	states																																	"        state_name
id                
1   nose_in_center"
595184.8378000001	2.0	states																																	"          state_name
id                  
2   punish_violation"
595187.0544	2.677099999971688	trials	1.0	2.0	5.0	0.8184296858285639	0.0	0.15	True	3965.0	True	False	35707.0	False	Mixed	True	True	0.025	0.0	100.0	1.5	9.0													
595187.0544	2.677099999971688	processed_trials			5.0	0.8184296858285639					True				Mixed					100.0		9.0	40.0	40.0	False	True	False			20.373136501193883	0.358	-0.23481019327754346	Right	0.358	
595187.0544	0.3580000000074506	states																																	"       state_name
id               
3   wait_for_poke"
595187.4124	0.3190999999642372	states																																	"        state_name
id                
1   nose_in_center"
595187.7315	2.0	states																																	"          state_name
id                  
2   punish_violation"
595189.9517	2.3962000000756234	trials	1.0	2.0	5.0	0.8718653201339186	0.0	0.15	True	3965.0	True	False	35708.0	False	Mixed	True	True	0.025	0.0	100.0	1.5	9.0													
595189.9517	2.3962000000756234	processed_trials			5.0	0.8718653201339186					True				Mixed					100.0		9.0	40.0	40.0	False	True	False			20.373136501193883	0.1859	-0.24091059177415045	Right	0.1859	
595189.9517	0.1859000000404194	states																																	"       state_name
id               
3   wait_for_poke"
595190.1376	0.21029999991878867	states																																	"        state_name
id                
1   nose_in_center"
595190.3478999999	2.0	states																																	"          state_name
id                  
2   punish_violation"
595192.564	13.542999999946915	trials	1.0	2.0	5.0	0.9230106255923626	0.0	0.15	True	3965.0	False	False	35709.0	False	Mixed	True	True	0.025	0.0	5.901617570974219	1.5	9.0													
595192.564	13.542999999946915	processed_trials			5.0	0.9230106255923626					False				Mixed					5.901617570974219		9.0	40.0	40.0	True	False	False	5.9016	5.9016	20.373136501193883	6.0445	-0.033241825753106	Left	6.0445	
595192.564	6.044499999959953	states																																	"       state_name
id               
3   wait_for_poke"
595198.6085	0.9230000000679865	states																																	"        state_name
id                
1   nose_in_center"
595199.5315	0.001999999978579581	states																																	"   state_name
id           
5      go_cue"
595199.5335	5.901599999982864	states																																	"            state_name
id                    
6   wait_for_side_poke"
595205.4351	0.6178999999538064	states																																	"         state_name
id                 
4   announce_reward"
595206.053	0.053900000057183206	states																																	"   state_name
id           
8      reward"
595206.1069	9.999994654208422e-05	states																																	"    state_name
id            
7   stop_sound"
595206.3248	4.563000000081956	trials	1.0	2.0	80.0	0.8436226153084387	0.0	0.15	True	3970.0	False	False	35710.0	False	Mixed	True	False	0.025	0.0	2.1342140324887633	1.5	9.0													
595206.3248	4.563000000081956	processed_trials			80.0	0.8436226153084387					False				Mixed					2.1342140324887633		9.0	40.0	40.0	True	False	False	2.1342	2.1342	20.373136501193883	0.8561	-0.2171541299936391	Right	0.49499999999999994	
595206.3248	0.8560999999754131	states																																	"       state_name
id               
3   wait_for_poke"
595207.1808999999	0.8436000000219792	states																																	"        state_name
id                
1   nose_in_center"
595208.0244999999	0.001999999978579581	states																																	"   state_name
id           
5      go_cue"
595208.0264999999	2.1341999999713153	states																																	"            state_name
id                    
6   wait_for_side_poke"
595210.1606999999	0.15560000005643815	states																																	"         state_name
id                 
4   announce_reward"
595210.3163	0.5714000000152737	states																																	"   state_name
id           
8      reward"
595210.8877	9.999994654208422e-05	states																																	"    state_name
id            
7   stop_sound"
595211.1179	5.570900000049733	trials	1.0	2.0	80.0	1.053758778874681	0.0	0.15	True	4050.0	False	False	35711.0	False	Mixed	True	False	0.025	0.0	8.3110969549742	1.5	9.0													
595211.1179	5.570900000049733	processed_trials			80.0	1.053758778874681					False				Mixed					8.3110969549742		9.0	40.0	40.0	False	True	False			20.373136501193883	3.3939	-0.127197178775224	Left	1.3826	
595211.1179	3.393900000024587	states																																	"       state_name
id               
3   wait_for_poke"
595214.5118	0.1770000000251457	states																																	"        state_name
id                
1   nose_in_center"
595214.6888	2.0	states																																	"          state_name
id                  
2   punish_violation"
595216.9119	2.5106000000378117	trials	1.0	2.0	80.0	0.9948231359461813	0.0	0.15	True	4050.0	False	False	35712.0	False	Mixed	True	True	0.025	0.0	0.3378062870584439	1.5	9.0													
595216.9119	2.5106000000378117	processed_trials			80.0	0.9948231359461813					False				Mixed					0.3378062870584439		9.0	40.0	40.0	True	False	False	0.3378000000000001	0.3378000000000001	20.373136501193883	0.0682	-0.2450826830179078	Right	0.0682	
595216.9119	0.06819999997969717	states																																	"       state_name
id               
3   wait_for_poke"
595216.9800999999	0.9947999999858439	states																																	"        state_name
id                
1   nose_in_center"
595217.9748999999	0.001999999978579581	states																																	"   state_name
id           
5      go_cue"
595217.9768999999	0.33780000009573996	states																																	"            state_name
id                    
6   wait_for_side_poke"
595218.3147	0.53629999991972	states																																	"         state_name
id                 
4   announce_reward"
595218.8509999999	0.5714000000152737	states																																	"   state_name
id           
8      reward"
595219.4223999999	0.00010000006295740604	states																																	"    state_name
id            
7   stop_sound"
595219.6515	4.8696999999228865	trials	1.0	2.0	40.0	1.0423672316766222	0.0	0.15	True	4130.0	False	False	35713.0	False	Mixed	True	False	0.025	0.0	0.014723425819135848	1.5	9.0													
595219.6515	4.8696999999228865	processed_trials			40.0	1.0423672316766222					False				Mixed					0.014723425819135848		9.0	40.0	40.0	True	False	False	0.01470000000000038	0.01470000000000038	20.373136501193883	2.9957	-0.14131210429148724	Left	2.2723999999999998	
595219.6515	2.995699999970384	states																																	"       state_name
id               
3   wait_for_poke"
595222.6472	1.0424000000348315	states																																	"        state_name
id                
1   nose_in_center"
595223.6896	0.001999999978579581	states																																	"   state_name
id           
5      go_cue"
595223.6916	0.014700000057928264	states																																	"            state_name
id                    
6   wait_for_side_poke"
595223.7063000001	0.537999999942258	states																																	"         state_name
id                 
4   announce_reward"
595224.2443	0.27679999999236315	states																																	"   state_name
id           
8      reward"
595224.5211	0.00010000006295740604	states																																	"    state_name
id            
7   stop_sound"
595224.75	5.190999999991618	trials	1.0	2.0	20.0	0.8403689695325347	0.0	0.15	True	4170.0	True	False	35714.0	False	Mixed	True	False	0.025	0.0	100.0	1.5	9.0													
595224.75	5.190999999991618	processed_trials			20.0	0.8403689695325347					True				Mixed					100.0		9.0	40.0	40.0	False	True	False			20.373136501193883	2.8162	-0.14767480928940102	Right	0.4843999999999995	
595224.75	2.8162000000011176	states																																	"       state_name
id               
3   wait_for_poke"
595227.5662	0.3747999999905005	states																																	"        state_name
id                
1   nose_in_center"
595227.941	2.0	states																																	"          state_name
id                  
2   punish_violation"
595230.1628	7.421999999904074	trials	1.0	2.0	20.0	0.9150442625048095	0.0	0.15	True	4170.0	True	False	35715.0	False	Mixed	True	True	0.025	0.0	100.0	1.5	9.0													
595230.1628	7.421999999904074	processed_trials			20.0	0.9150442625048095					True				Mixed					100.0		9.0	40.0	40.0	False	False	True	6.2123	6.2123	20.373136501193883	0.09259999999999999	-0.24421778050008555	Right	0.09259999999999999	
595230.1628	0.09259999997448176	states																																	"       state_name
id               
3   wait_for_poke"
595230.2554	0.9150000000372529	states																																	"        state_name
id                
1   nose_in_center"
595231.1704000001	0.001999999978579581	states																																	"   state_name
id           
5      go_cue"
595231.1724	6.212300000013784	states																																	"            state_name
id                    
6   wait_for_side_poke"
595237.3847	0.19999999995343387	states																																	"   state_name
id           
0     opt_out"
595237.5847	0.00010000006295740604	states																																	"    state_name
id            
7   stop_sound"
595237.8144	9.418100000009872	trials	1.0	2.0	40.0	0.8606342704536637	0.0	0.15	True	4170.0	True	False	35716.0	False	Mixed	True	False	0.025	0.0	100.0	1.5	9.0													
595237.8144	9.418100000009872	processed_trials			40.0	0.8606342704536637					True				Mixed					100.0		9.0	40.0	40.0	False	False	True	8.302	8.302	20.373136501193883	0.053399999999999996	-0.24560729602052134	Right	0.053399999999999996	
595237.8144	0.05339999997522682	states																																	"       state_name
id               
3   wait_for_poke"
595237.8678	0.8606000000145286	states																																	"        state_name
id                
1   nose_in_center"
595238.7284	0.001999999978579581	states																																	"   state_name
id           
5      go_cue"
595238.7304	8.302000000025146	states																																	"            state_name
id                    
6   wait_for_side_poke"
595247.0324	0.19999999995343387	states																																	"   state_name
id           
0     opt_out"
595247.2324	0.00010000006295740604	states																																	"    state_name
id            
7   stop_sound"
595247.457	2.154799999902025	trials	1.0	2.0	10.0	1.1792009764785882	0.0	0.15	True	4170.0	False	False	35717.0	False	Mixed	True	False	0.025	0.0	2.4432792104356964	1.5	9.0													
595247.457	2.154799999902025	processed_trials			10.0	1.1792009764785882					False				Mixed					2.4432792104356964		9.0	40.0	40.0	False	True	False			20.373136501193883	0.087	-0.24441628271729068	Left	0.087	
595247.457	0.087000000057742	states																																	"       state_name
id               
3   wait_for_poke"
595247.5440000001	0.06779999996069819	states																																	"        state_name
id                
1   nose_in_center"
595247.6118000001	2.0	states																																	"          state_name
id                  
2   punish_violation"
595249.8407	12.268300000112504	trials	1.0	2.0	10.0	0.9082571208661239	0.0	0.15	True	4170.0	True	False	35718.0	False	Mixed	True	True	0.025	0.0	100.0	1.5	9.0													
595249.8407	12.268300000112504	processed_trials			10.0	0.9082571208661239					True				Mixed					100.0		9.0	40.0	40.0	False	True	False			20.373136501193883	10.209299999999999	0.11438710892829325	Left	10.209299999999999	
595249.8407	10.209299999987707	states																																	"       state_name
id               
3   wait_for_poke"
595260.0499999999	0.0590000000083819	states																																	"        state_name
id                
1   nose_in_center"
595260.1089999999	2.0	states																																	"          state_name
id                  
2   punish_violation"
595262.3323	2.5130000000353903	trials	1.0	2.0	10.0	1.0360041003560163	0.0	0.15	True	4170.0	False	False	35719.0	False	Mixed	True	True	0.025	0.0	0.5044630999996135	1.5	9.0													
595262.3323	2.5130000000353903	processed_trials			10.0	1.0360041003560163					False				Mixed					0.5044630999996135		9.0	40.0	40.0	True	False	False	0.5045	0.5045	20.373136501193883	0.4093	-0.23299177118064665	Right	0.4093	
595262.3323	0.40930000005755574	states																																	"       state_name
id               
3   wait_for_poke"
595262.7416000001	1.0359999999636784	states																																	"        state_name
id                
1   nose_in_center"
595263.7776	0.001999999978579581	states																																	"   state_name
id           
5      go_cue"
595263.7796	0.5045000000391155	states																																	"            state_name
id                    
6   wait_for_side_poke"
595264.2841	0.46939999994356185	states																																	"         state_name
id                 
4   announce_reward"
595264.7535	0.09169999998994172	states																																	"   state_name
id           
8      reward"
595264.8452	0.00010000006295740604	states																																	"    state_name
id            
7   stop_sound"
595265.0765	4.047400000039488	trials	1.0	2.0	5.0	1.060759545959709	0.0	0.15	True	4180.0	False	False	35720.0	False	Mixed	True	False	0.025	0.0	2.3236527576478476	1.5	9.0													
595265.0765	4.047400000039488	processed_trials			5.0	1.060759545959709					False				Mixed					2.3236527576478476		9.0	40.0	40.0	False	True	False			20.373136501193883	2.011	-0.1762165923775355	Left	0.8086	
595265.0765	2.0110000000568107	states																																	"       state_name
id               
3   wait_for_poke"
595267.0875	0.0363999999826774	states																																	"        state_name
id                
1   nose_in_center"
595267.1239	2.0	states																																	"          state_name
id                  
2   punish_violation"
595269.3502	2.5958000000100583	trials	1.0	2.0	5.0	0.997426356488621	0.0	0.15	True	4180.0	False	False	35721.0	False	Mixed	True	True	0.025	0.0	0.6820293326874755	1.5	9.0													
595269.3502	2.5958000000100583	processed_trials			5.0	0.997426356488621					False				Mixed					0.6820293326874755		9.0	40.0	40.0	False	True	False			20.373136501193883	0.0245	-0.2466317092485977	Right	0.0245	
595269.3502	0.024500000057742	states																																	"       state_name
id               
3   wait_for_poke"
595269.3747	0.5712999999523163	states																																	"        state_name
id                
1   nose_in_center"
595269.946	2.0	states																																	"          state_name
id                  
2   punish_violation"
595272.1721	2.068100000033155	trials	1.0	2.0	5.0	0.9707171461910304	0.0	0.15	True	4180.0	False	False	35722.0	False	Mixed	True	True	0.025	0.0	0.12732552232847982	1.5	9.0													
595272.1721	2.068100000033155	processed_trials			5.0	0.9707171461910304					False				Mixed					0.12732552232847982		9.0	40.0	40.0	False	True	False			20.373136501193883	0.0513	-0.24568173435197324	Left	0.0513	
595272.1721	0.051300000050105155	states																																	"       state_name
id               
3   wait_for_poke"
595272.2234	0.01679999998304993	states																																	"        state_name
id                
1   nose_in_center"
595272.2402	2.0	states																																	"          state_name
id                  
2   punish_violation"
595274.4692	16.332099999999627	trials	1.0	2.0	5.0	1.03375778372098	0.0	0.15	True	4180.0	False	False	35723.0	False	Mixed	True	True	0.025	0.0	2.0431339370235087	1.5	9.0													
595274.4692	16.332099999999627	processed_trials			5.0	1.03375778372098					False				Mixed					2.0431339370235087		9.0	40.0	40.0	False	True	False			20.373136501193883	14.088899999999999	0.2519066092620324	Left	14.088899999999999	
595274.4692	14.088899999973364	states																																	"       state_name
id               
3   wait_for_poke"
595288.5581	0.2432000000262633	states																																	"        state_name
id                
1   nose_in_center"
595288.8013	2.0	states																																	"          state_name
id                  
2   punish_violation"
595291.0349	80.25880000006873	trials	1.0	2.0	5.0	1.0589751222114303	0.0	0.15	True	4180.0	False	False	35724.0	False	Mixed	True	True	0.025	0.0	0.2090362254634623	1.5	9.0													
595291.0349	80.25880000006873	processed_trials			5.0	1.0589751222114303					False				Mixed					0.2090362254634623		9.0	40.0	40.0	True	False	False	0.20899999999998897	0.20899999999998897	20.373136501193883	76.7447	2.4728557558262896	Right	76.7447	
595291.0349	76.7447000000393	states																																	"       state_name
id               
3   wait_for_poke"
595367.7796	1.059000000008382	states																																	"        state_name
id                
1   nose_in_center"
595368.8386	0.001999999978579581	states																																	"   state_name
id           
5      go_cue"
595368.8406	0.20900000003166497	states																																	"            state_name
id                    
6   wait_for_side_poke"
595369.0496	2.1855999999679625	states																																	"         state_name
id                 
4   announce_reward"
595371.2352	0.05839999997988343	states																																	"   state_name
id           
8      reward"
595371.2936	9.999994654208422e-05	states																																	"    state_name
id            
7   stop_sound"
595371.5348	7.700599999981932	trials	1.0	2.0	20.0	0.9467503813325611	0.0	0.15	True	4185.0	False	False	35725.0	False	Mixed	True	False	0.025	0.0	4.048877717164223	1.5	9.0													
595371.5348	7.700599999981932	processed_trials			20.0	0.9467503813325611					False				Mixed					4.048877717164223		9.0	40.0	40.0	False	True	False			20.373136501193883	5.631399999999999	-0.04788490895443288	Right	2.0724999999999993	
595371.5348	5.631399999954738	states																																	"       state_name
id               
3   wait_for_poke"
595377.1662	0.06920000002719462	states																																	"        state_name
id                
1   nose_in_center"
595377.2354	2.0	states																																	"          state_name
id                  
2   punish_violation"
595379.4708	7.5002000000094995	trials	1.0	2.0	20.0	1.007105056562232	0.0	0.15	True	4185.0	False	False	35726.0	False	Mixed	True	True	0.025	0.0	5.309129912639668	1.5	9.0													
595379.4708	7.5002000000094995	processed_trials			20.0	1.007105056562232					False				Mixed					5.309129912639668		9.0	40.0	40.0	True	False	False	5.3091	5.3091	20.373136501193883	0.3494	-0.23511503596825128	Left	0.3494	
595379.4708	0.34939999994821846	states																																	"       state_name
id               
3   wait_for_poke"
595379.8202	1.0071000000461936	states																																	"        state_name
id                
1   nose_in_center"
595380.8273	0.001999999978579581	states																																	"   state_name
id           
5      go_cue"
595380.8293	5.309100000071339	states																																	"            state_name
id                    
6   wait_for_side_poke"
595386.1384	0.6835999999893829	states																																	"         state_name
id                 
4   announce_reward"
595386.822	0.1488999999128282	states																																	"   state_name
id           
8      reward"
595386.9709	0.00010000006295740604	states																																	"    state_name
id            
7   stop_sound"
595387.2053	6.419499999959953	trials	1.0	2.0	40.0	0.8262680596764036	0.0	0.15	True	4205.0	False	False	35727.0	False	Mixed	True	False	0.025	0.0	3.1172167420103003	1.5	9.0													
595387.2053	6.419499999959953	processed_trials			40.0	0.8262680596764036					False				Mixed					3.1172167420103003		9.0	40.0	40.0	True	False	False	3.1172000000000004	3.1172000000000004	20.373136501193883	1.8477999999999999	-0.1820015141360844	Left	0.6758	
595387.2053	1.8477999999886379	states																																	"       state_name
id               
3   wait_for_poke"
595389.0531	0.8262999999569729	states																																	"        state_name
id                
1   nose_in_center"
595389.8794	0.0020000000949949026	states																																	"   state_name
id           
5      go_cue"
595389.8814000001	3.117199999978766	states																																	"            state_name
id                    
6   wait_for_side_poke"
595392.9986	0.3493000000016764	states																																	"         state_name
id                 
4   announce_reward"
595393.3479	0.27679999999236315	states																																	"   state_name
id           
8      reward"
595393.6247	9.999994654208422e-05	states																																	"    state_name
id            
7   stop_sound"
595393.8593	8.656500000040978	trials	1.0	2.0	40.0	1.130918392441768	0.0	0.15	True	4245.0	False	False	35728.0	False	Mixed	True	False	0.025	0.0	3.1172167	1.5	9.0													
595393.8593	8.656500000040978	processed_trials			40.0	1.130918392441768					False				Mixed					3.1172167		9.0	40.0	40.0	True	False	False	3.1172000000000004	3.1172000000000004	20.373136501193883	3.7939000000000003	-0.11301844897485909	Left	0.5759000000000003	
595393.8593	3.79390000004787	states																																	"       state_name
id               
3   wait_for_poke"
595397.6532000001	1.1308999999891967	states																																	"        state_name
id                
1   nose_in_center"
595398.7841	0.001999999978579581	states																																	"   state_name
id           
5      go_cue"
595398.7861	3.117199999978766	states																																	"            state_name
id                    
6   wait_for_side_poke"
595401.9033	0.33559999999124557	states																																	"         state_name
id                 
4   announce_reward"
595402.2389	0.27679999999236315	states																																	"   state_name
id           
8      reward"
595402.5157	0.00010000006295740604	states																																	"    state_name
id            
7   stop_sound"
595402.7499	7.596299999975599	trials	1.0	2.0	40.0	1.0750203822801798	0.0	0.15	True	4285.0	False	False	35729.0	False	Mixed	True	False	0.025	0.0	2.4150821326898737	1.5	9.0													
595402.7499	7.596299999975599	processed_trials			40.0	1.0750203822801798					False				Mixed					2.4150821326898737		9.0	40.0	40.0	True	False	False	2.4151	2.4151	20.373136501193883	3.6881999999999997	-0.11676517832460553	Left	0.6950999999999996	
595402.7499	3.6881999999750406	states																																	"       state_name
id               
3   wait_for_poke"
595406.4381	1.0750000000698492	states																																	"        state_name
id                
1   nose_in_center"
595407.5131000001	0.001999999978579581	states																																	"   state_name
id           
5      go_cue"
595407.5151000001	2.415099999983795	states																																	"            state_name
id                    
6   wait_for_side_poke"
595409.9302000001	0.1391000000294298	states																																	"         state_name
id                 
4   announce_reward"
595410.0693000001	0.27679999999236315	states																																	"   state_name
id           
8      reward"
595410.3461000001	9.999994654208422e-05	states																																	"    state_name
id            
7   stop_sound"
595410.5873	5.65929999994114	trials	1.0	2.0	10.0	0.8212888187932451	0.0	0.15	True	4325.0	False	False	35730.0	False	Mixed	True	False	0.025	0.0	1.3786938468554555	1.5	9.0													
595410.5873	5.65929999994114	processed_trials			10.0	0.8212888187932451					False				Mixed					1.3786938468554555		9.0	40.0	40.0	False	True	False			20.373136501193883	3.4348	-0.12574740365313666	Right	0.9422000000000001	
595410.5873	3.43480000004638	states																																	"       state_name
id               
3   wait_for_poke"
595414.0221000001	0.22450000001117587	states																																	"        state_name
id                
1   nose_in_center"
595414.2466000001	2.0	states																																	"          state_name
id                  
2   punish_violation"
595416.4791	6.382300000055693	trials	1.0	2.0	10.0	0.9407269047644604	0.0	0.15	True	4325.0	False	False	35731.0	False	Mixed	True	True	0.025	0.0	8.570633819060498	1.5	9.0													
595416.4791	6.382300000055693	processed_trials			10.0	0.9407269047644604					False				Mixed					8.570633819060498		9.0	40.0	40.0	False	True	False			20.373136501193883	4.2013	-0.09857741267318745	Right	4.2013	
595416.4791	4.201299999956973	states																																	"       state_name
id               
3   wait_for_poke"
595420.6804	0.1810000000987202	states																																	"        state_name
id                
1   nose_in_center"
595420.8614	2.0	states																																	"          state_name
id                  
2   punish_violation"
595423.0979	12.989999999990687	trials	1.0	2.0	10.0	1.0100186919124463	0.0	0.15	True	4325.0	False	False	35732.0	False	Mixed	True	True	0.025	0.0	7.721522353062644	1.5	9.0													
595423.0979	12.989999999990687	processed_trials			10.0	1.0100186919124463					False				Mixed					7.721522353062644		9.0	40.0	40.0	False	False	True	7.7215	7.7215	20.373136501193883	0.062200000000000005	-0.2452953639649133	Left	0.062200000000000005	
595423.0979	0.062200000043958426	states																																	"       state_name
id               
3   wait_for_poke"
595423.1601000001	1.0100000000093132	states																																	"        state_name
id                
1   nose_in_center"
595424.1701000001	0.001999999978579581	states																																	"   state_name
id           
5      go_cue"
595424.1721000001	7.721499999985099	states																																	"            state_name
id                    
6   wait_for_side_poke"
595431.8936000001	3.9941999999573454	states																																	"         state_name
id                 
4   announce_reward"
595435.8878	0.2000000000698492	states																																	"   state_name
id           
0     opt_out"
595436.0878000001	9.999994654208422e-05	states																																	"    state_name
id            
7   stop_sound"
595436.3253	3.1550999999744818	trials	1.0	2.0	5.0	1.1149779830344289	0.0	0.15	True	4325.0	False	False	35733.0	False	Mixed	True	False	0.025	0.0	3.2936393741406778	1.5	9.0													
595436.3253	3.1550999999744818	processed_trials			5.0	1.1149779830344289					False				Mixed					3.2936393741406778		9.0	40.0	40.0	False	True	False			20.373136501193883	1.1425999999999998	-0.20699861477412773	Right	1.1425999999999998	
595436.3253	1.142600000021048	states																																	"       state_name
id               
3   wait_for_poke"
595437.4679	0.012499999953433871	states																																	"        state_name
id                
1   nose_in_center"
595437.4804	2.0	states																																	"          state_name
id                  
2   punish_violation"
595439.7167	3.0507000000216067	trials	1.0	2.0	5.0	0.8719839185409115	0.0	0.15	True	4325.0	False	False	35734.0	False	Mixed	True	True	0.025	0.0	3.9987862309542157	1.5	9.0													
595439.7167	3.0507000000216067	processed_trials			5.0	0.8719839185409115					False				Mixed					3.9987862309542157		9.0	40.0	40.0	False	True	False			20.373136501193883	1.0214	-0.21129476990363827	Right	1.0214	
595439.7167	1.0213999999687076	states																																	"       state_name
id               
3   wait_for_poke"
595440.7381	0.029300000052899122	states																																	"        state_name
id                
1   nose_in_center"
595440.7674	2.0	states																																	"          state_name
id                  
2   punish_violation"
595443.0066	2.3514000000432134	trials	1.0	2.0	5.0	0.9205997047146279	0.0	0.15	True	4325.0	False	False	35735.0	False	Mixed	True	True	0.025	0.0	0.9699319747140828	1.5	9.0													
595443.0066	2.3514000000432134	processed_trials			5.0	0.9205997047146279					False				Mixed					0.9699319747140828		9.0	40.0	40.0	True	False	False	0.9698999999999998	0.9698999999999998	20.373136501193883	0.3287	-0.23584878523542016	Left	0.3287	
595443.0066	0.32869999995455146	states																																	"       state_name
id               
3   wait_for_poke"
595443.3352999999	0.920600000070408	states																																	"        state_name
id                
1   nose_in_center"
595444.2559	0.001999999978579581	states																																	"   state_name
id           
5      go_cue"
595444.2579	0.9699000000255182	states																																	"            state_name
id                    
6   wait_for_side_poke"
595445.2278	0.07620000001043081	states																																	"         state_name
id                 
4   announce_reward"
595445.304	0.053899999940767884	states																																	"   state_name
id           
8      reward"
595445.3579	0.00010000006295740604	states																																	"    state_name
id            
7   stop_sound"
595445.6071	4.140299999970011	trials	1.0	2.0	10.0	0.9839508414344375	0.0	0.15	True	4330.0	False	False	35736.0	False	Mixed	True	False	0.025	0.0	19.47610646550015	1.5	9.0													
595445.6071	4.140299999970011	processed_trials			10.0	0.9839508414344375					False				Mixed					19.47610646550015		9.0	40.0	40.0	False	True	False			20.373136501193883	1.9502000000000002	-0.178371759307191	Left	0.5777000000000001	
595445.6071	1.9501999999629334	states																																	"       state_name
id               
3   wait_for_poke"
595447.5573	0.19010000000707805	states																																	"        state_name
id                
1   nose_in_center"
595447.7474	2.0	states																																	"          state_name
id                  
2   punish_violation"
595449.9869	6.403399999951944	trials	1.0	2.0	10.0	0.8354313454342641	0.0	0.15	True	4330.0	False	False	35737.0	False	Mixed	True	True	0.025	0.0	4.675651383565603	1.5	9.0													
595449.9869	6.403399999951944	processed_trials			10.0	0.8354313454342641					False				Mixed					4.675651383565603		9.0	40.0	40.0	True	False	False	4.6757	4.6757	20.373136501193883	0.6718999999999999	-0.2236834350667071	Left	0.6718999999999999	
595449.9869	0.6718999999575317	states																																	"       state_name
id               
3   wait_for_poke"
595450.6588	0.8354000000981614	states																																	"        state_name
id                
1   nose_in_center"
595451.4942000001	0.001999999978579581	states																																	"   state_name
id           
5      go_cue"
595451.4962	4.675700000021607	states																																	"            state_name
id                    
6   wait_for_side_poke"
595456.1719000001	0.13289999996777624	states																																	"         state_name
id                 
4   announce_reward"
595456.3048	0.08539999998174608	states																																	"   state_name
id           
8      reward"
595456.3902	9.999994654208422e-05	states																																	"    state_name
id            
7   stop_sound"
595456.6319	3.3604999999515712	trials	1.0	2.0	10.0	1.145780466133982	0.0	0.15	True	4340.0	False	False	35738.0	False	Mixed	True	False	0.025	0.0	3.3666493278202756	1.5	9.0													
595456.6319	3.3604999999515712	processed_trials			10.0	1.145780466133982					False				Mixed					3.3666493278202756		9.0	40.0	40.0	False	True	False			20.373136501193883	1.198	-0.2050348606967772	Right	0.5532999999999999	
595456.6319	1.1979999999748543	states																																	"       state_name
id               
3   wait_for_poke"
595457.8299	0.16249999997671694	states																																	"        state_name
id                
1   nose_in_center"
595457.9924	2.0	states																																	"          state_name
id                  
2   punish_violation"
595460.2338	9.695100000011735	trials	1.0	2.0	10.0	1.1096861974098229	0.0	0.15	True	4340.0	False	False	35739.0	False	Mixed	True	True	0.025	0.0	3.065907969382853	1.5	9.0													
595460.2338	9.695100000011735	processed_trials			10.0	1.1096861974098229					False				Mixed					3.065907969382853		9.0	40.0	40.0	False	False	True	3.0658999999999996	3.0658999999999996	20.373136501193883	0.1278	-0.24297005227765348	Left	0.1278	
595460.2338	0.12780000001657754	states																																	"       state_name
id               
3   wait_for_poke"
595460.3616000001	1.1097000000299886	states																																	"        state_name
id                
1   nose_in_center"
595461.4713000001	0.001999999978579581	states																																	"   state_name
id           
5      go_cue"
595461.4733000001	3.0658999999286607	states																																	"            state_name
id                    
6   wait_for_side_poke"
595464.5392	5.189600000041537	states																																	"         state_name
id                 
4   announce_reward"
595469.7288	0.19999999995343387	states																																	"   state_name
id           
0     opt_out"
595469.9288	0.00010000006295740604	states																																	"    state_name
id            
7   stop_sound"
595470.175	2.5929999999934807	trials	1.0	2.0	5.0	0.952782099083666	0.0	0.15	True	4340.0	False	False	35740.0	False	Mixed	True	False	0.025	0.0	0.2638216112023772	1.5	9.0													
595470.175	2.5929999999934807	processed_trials			5.0	0.952782099083666					False				Mixed					0.2638216112023772		9.0	40.0	40.0	False	True	False			20.373136501193883	0.5624	-0.227564862349557	Left	0.5624	
595470.175	0.5624000000534579	states																																	"       state_name
id               
3   wait_for_poke"
595470.7374000001	0.030599999940022826	states																																	"        state_name
id                
1   nose_in_center"
595470.768	2.0	states																																	"          state_name
id                  
2   punish_violation"
595473.0085	15.86179999995511	trials	1.0	2.0	5.0	1.0775074291648177	0.0	0.15	True	4340.0	False	False	35741.0	False	Mixed	True	True	0.025	0.0	1.860262015940966	1.5	9.0													
595473.0085	15.86179999995511	processed_trials			5.0	1.0775074291648177					False				Mixed					1.860262015940966		9.0	40.0	40.0	False	True	False			20.373136501193883	13.705	0.23829857333613222	Right	13.705	
595473.0085	13.70499999995809	states																																	"       state_name
id               
3   wait_for_poke"
595486.7135	0.15679999999701977	states																																	"        state_name
id                
1   nose_in_center"
595486.8703	2.0	states																																	"          state_name
id                  
2   punish_violation"
595489.112	46.43290000001434	trials	1.0	2.0	5.0	0.8886590193210054	0.0	0.15	True	4340.0	False	False	35742.0	False	Mixed	True	True	0.025	0.0	1.5404099188171971	1.5	9.0													
595489.112	46.43290000001434	processed_trials			5.0	0.8886590193210054					False				Mixed					1.5404099188171971		9.0	40.0	40.0	True	False	False	1.540399999999991	1.540399999999991	20.373136501193883	42.604099999999995	1.2626798992704449	Left	42.604099999999995	
595489.112	42.60409999999683	states																																	"       state_name
id               
3   wait_for_poke"
595531.7161	0.8887000000104308	states																																	"        state_name
id                
1   nose_in_center"
595532.6048	0.001999999978579581	states																																	"   state_name
id           
5      go_cue"
595532.6068	1.5404000000562519	states																																	"            state_name
id                    
6   wait_for_side_poke"
595534.1472	1.3436999999685213	states																																	"         state_name
id                 
4   announce_reward"
595535.4909	0.053899999940767884	states																																	"   state_name
id           
8      reward"
595535.5447999999	0.00010000006295740604	states																																	"    state_name
id            
7   stop_sound"
595535.793	3.4856000000145286	trials	1.0	2.0	10.0	0.8175607868503462	0.0	0.15	True	4345.0	False	False	35743.0	False	Mixed	True	False	0.025	0.0	1.7445142786914816	1.5	9.0													
595535.793	3.4856000000145286	processed_trials			10.0	0.8175607868503462					False				Mixed					1.7445142786914816		9.0	40.0	40.0	False	True	False			20.373136501193883	1.3664	-0.19906561545082357	Right	0.4314	
595535.793	1.3664000000571832	states																																	"       state_name
id               
3   wait_for_poke"
595537.1594	0.11919999995734543	states																																	"        state_name
id                
1   nose_in_center"
595537.2786	2.0	states																																	"          state_name
id                  
2   punish_violation"
595539.5276	31.604999999981374	trials	1.0	2.0	10.0	0.9247993529525529	0.0	0.15	True	4345.0	False	False	35744.0	False	Mixed	True	True	0.025	0.0	1.7445143	1.5	9.0													
595539.5276	31.604999999981374	processed_trials			10.0	0.9247993529525529					False				Mixed					1.7445143		9.0	40.0	40.0	True	False	False	1.7445000000000022	1.7445000000000022	20.373136501193883	27.6222	0.7316191192802279	Left	27.6222	
595539.5276	27.622199999983422	states																																	"       state_name
id               
3   wait_for_poke"
595567.1498	0.9248000000370666	states																																	"        state_name
id                
1   nose_in_center"
595568.0746	0.001999999978579581	states																																	"   state_name
id           
5      go_cue"
595568.0766	1.7445000000298023	states																																	"            state_name
id                    
6   wait_for_side_poke"
595569.8211000001	1.2260000000242144	states																																	"         state_name
id                 
4   announce_reward"
595571.0471000001	0.08539999998174608	states																																	"   state_name
id           
8      reward"
595571.1325000001	9.999994654208422e-05	states																																	"    state_name
id            
7   stop_sound"
595571.3751	4.35460000007879	trials	1.0	2.0	5.0	0.92479935	0.0	0.15	True	4355.0	False	False	35745.0	False	Mixed	True	False	0.025	0.0	0.31390988328810715	1.5	9.0													
595571.3751	4.35460000007879	processed_trials			5.0	0.92479935					False				Mixed					0.31390988328810715		9.0	40.0	40.0	True	False	False	0.31389999999999985	0.31389999999999985	20.373136501193883	2.3756999999999997	-0.16328913548205287	Right	0.6623999999999997	
595571.3751	2.3756999999750406	states																																	"       state_name
id               
3   wait_for_poke"
595573.7507999999	0.9248000000370666	states																																	"        state_name
id                
1   nose_in_center"
595574.6756	0.001999999978579581	states																																	"   state_name
id           
5      go_cue"
595574.6775999999	0.31390000006649643	states																																	"            state_name
id                    
6   wait_for_side_poke"
595574.9915	0.6796999999787658	states																																	"         state_name
id                 
4   announce_reward"
595575.6712	0.05839999997988343	states																																	"   state_name
id           
8      reward"
595575.7296	9.999994654208422e-05	states																																	"    state_name
id            
7   stop_sound"
595575.9792	6.82640000001993	trials	1.0	2.0	40.0	1.1341326627413342	0.0	0.15	True	4360.0	False	False	35746.0	False	Mixed	True	False	0.025	0.0	1.4715147816021732	1.5	9.0													
595575.9792	6.82640000001993	processed_trials			40.0	1.1341326627413342					False				Mixed					1.4715147816021732		9.0	40.0	40.0	False	True	False			20.373136501193883	4.193899999999999	-0.09883971917449422	Right	3.3274999999999992	
595575.9792	4.193899999954738	states																																	"       state_name
id               
3   wait_for_poke"
595580.1730999999	0.6325000000651926	states																																	"        state_name
id                
1   nose_in_center"
595580.8056	2.0	states																																	"          state_name
id                  
2   punish_violation"
595583.0499	2.884900000062771	trials	1.0	2.0	40.0	1.1341327	0.0	0.15	True	4360.0	False	False	35747.0	False	Mixed	True	True	0.025	0.0	1.214426531446489	1.5	9.0													
595583.0499	2.884900000062771	processed_trials			40.0	1.1341327					False				Mixed					1.214426531446489		9.0	40.0	40.0	True	False	False	1.2144000000000001	1.2144000000000001	20.373136501193883	0.126	-0.24303385656175508	Right	0.126	
595583.0499	0.12600000004749745	states																																	"       state_name
id               
3   wait_for_poke"
595583.1759	1.1340999999083579	states																																	"        state_name
id                
1   nose_in_center"
595584.3099999999	0.0020000000949949026	states																																	"   state_name
id           
5      go_cue"
595584.312	1.2143999999389052	states																																	"            state_name
id                    
6   wait_for_side_poke"
595585.5264	0.11419999995268881	states																																	"         state_name
id                 
4   announce_reward"
595585.6405999999	0.29410000005736947	states																																	"   state_name
id           
8      reward"
595585.9347	9.999994654208422e-05	states																																	"    state_name
id            
7   stop_sound"
595586.1813	7.429999999934807	trials	1.0	2.0	5.0	0.8971175621287589	0.0	0.15	True	4400.0	False	False	35748.0	False	Mixed	True	False	0.025	0.0	0.4576648606895329	1.5	9.0													
595586.1813	7.429999999934807	processed_trials			5.0	0.8971175621287589					False				Mixed					0.4576648606895329		9.0	40.0	40.0	False	True	False			20.373136501193883	5.3908000000000005	-0.05641341492935232	Left	2.5799000000000003	
595586.1813	5.390800000051968	states																																	"       state_name
id               
3   wait_for_poke"
595591.5721000001	0.03919999999925494	states																																	"        state_name
id                
1   nose_in_center"
595591.6113000001	2.0	states																																	"          state_name
id                  
2   punish_violation"
595593.8633	1.840900000068359	trials	1.0	2.0	5.0	0.843944893100999	0.0	0.15	True	4400.0	False	False	35749.0	False	Mixed	True	True	0.025	0.0	0.8331504924111877	1.5	9.0													
595593.8633	1.840900000068359	processed_trials			5.0	0.843944893100999					False				Mixed					0.8331504924111877		9.0	40.0	40.0	True	False	False	0.8331999999999999	0.8331999999999999	20.373136501193883	0.0916	-0.24425322732458649	Right	0.0916	
595593.8633	0.09160000004339963	states																																	"       state_name
id               
3   wait_for_poke"
595593.9549	0.8438999999780208	states																																	"        state_name
id                
1   nose_in_center"
595594.7988	0.001999999978579581	states																																	"   state_name
id           
5      go_cue"
595594.8008	0.833199999993667	states																																	"            state_name
id                    
6   wait_for_side_poke"
595595.634	0.011700000031851232	states																																	"         state_name
id                 
4   announce_reward"
595595.6457	0.05839999997988343	states																																	"   state_name
id           
8      reward"
595595.7041	9.999994654208422e-05	states																																	"    state_name
id            
7   stop_sound"
595595.9552	3.9161999999778345	trials	1.0	2.0	40.0	0.8197083711884647	0.0	0.15	True	4405.0	False	False	35750.0	False	Mixed	True	False	0.025	0.0	1.8252519703229877	1.5	9.0													
595595.9552	3.9161999999778345	processed_trials			40.0	0.8197083711884647					False				Mixed					1.8252519703229877		9.0	40.0	40.0	False	True	False			20.373136501193883	1.5793	-0.19151898651457935	Left	0.8615999999999999	
595595.9552	1.57929999998305	states																																	"       state_name
id               
3   wait_for_poke"
595597.5345	0.3368999999947846	states																																	"        state_name
id                
1   nose_in_center"
595597.8714	2.0	states																																	"          state_name
id                  
2   punish_violation"
595600.1177	3.285700000007637	trials	1.0	2.0	40.0	0.9053658249365013	0.0	0.15	True	4405.0	False	False	35751.0	False	Mixed	True	True	0.025	0.0	1.825252	1.5	9.0													
595600.1177	3.285700000007637	processed_trials			40.0	0.9053658249365013					False				Mixed					1.825252		9.0	40.0	40.0	True	False	False	1.8253	1.8253	20.373136501193883	0.12040000000000001	-0.2432323587789602	Left	0.12040000000000001	
595600.1177	0.12040000001434237	states																																	"       state_name
id               
3   wait_for_poke"
595600.2381	0.9053999999305233	states																																	"        state_name
id                
1   nose_in_center"
595601.1434999999	0.0020000000949949026	states																																	"   state_name
id           
5      go_cue"
595601.1455	1.8252999999094754	states																																	"            state_name
id                    
6   wait_for_side_poke"
595602.9707999999	0.15570000000298023	states																																	"         state_name
id                 
4   announce_reward"
595603.1264999999	0.27679999999236315	states																																	"   state_name
id           
8      reward"
595603.4032999999	0.00010000006295740604	states																																	"    state_name
id            
7   stop_sound"
595603.6576	6.294799999915995	trials	1.0	2.0	5.0	0.8790963503832009	0.0	0.15	True	4445.0	True	False	35752.0	False	Mixed	True	False	0.025	0.0	100.0	1.5	9.0													
595603.6576	6.294799999915995	processed_trials			5.0	0.8790963503832009					True				Mixed					100.0		9.0	40.0	40.0	False	True	False			20.373136501193883	4.156	-0.10018315382307878	Left	0.5809999999999995	
595603.6576	4.155999999959022	states																																	"       state_name
id               
3   wait_for_poke"
595607.8136	0.13880000007338822	states																																	"        state_name
id                
1   nose_in_center"
595607.9524000001	2.0	states																																	"          state_name
id                  
2   punish_violation"
595610.2027	7.486000000033528	trials	1.0	2.0	5.0	1.1136934771844507	0.0	0.15	True	4445.0	False	False	35753.0	False	Mixed	True	True	0.025	0.0	4.830943169668938	1.5	9.0													
595610.2027	7.486000000033528	processed_trials			5.0	1.1136934771844507					False				Mixed					4.830943169668938		9.0	40.0	40.0	True	False	False	4.8309	4.8309	20.373136501193883	1.3297999999999999	-0.20036296922755695	Left	1.3297999999999999	
595610.2027	1.329799999948591	states																																	"       state_name
id               
3   wait_for_poke"
595611.5325	1.113700000103563	states																																	"        state_name
id                
1   nose_in_center"
595612.6462000001	0.001999999978579581	states																																	"   state_name
id           
5      go_cue"
595612.6482	4.8308999999426305	states																																	"            state_name
id                    
6   wait_for_side_poke"
595617.4791	0.15560000005643815	states																																	"         state_name
id                 
4   announce_reward"
595617.6347	0.053899999940767884	states																																	"   state_name
id           
8      reward"
595617.6886	0.00010000006295740604	states																																	"    state_name
id            
7   stop_sound"
595617.946	3.392200000002049	trials	1.0	2.0	20.0	0.8532975909788282	0.0	0.15	True	4450.0	False	False	35754.0	False	Mixed	True	False	0.025	0.0	2.0333604380030232	1.5	9.0													
595617.946	3.392200000002049	processed_trials			20.0	0.8532975909788282					False				Mixed					2.0333604380030232		9.0	40.0	40.0	False	True	False			20.373136501193883	1.0399	-0.2106390036503714	Right	0.4857	
595617.946	1.0398999999742955	states																																	"       state_name
id               
3   wait_for_poke"
595618.9859	0.3523000000277534	states																																	"        state_name
id                
1   nose_in_center"
595619.3382	2.0	states																																	"          state_name
id                  
2   punish_violation"
595621.5923	8.161100000026636	trials	1.0	2.0	20.0	0.965445229724623	0.0	0.15	True	4450.0	False	False	35755.0	False	Mixed	True	True	0.025	0.0	9.32571823265825	1.5	9.0													
595621.5923	8.161100000026636	processed_trials			20.0	0.965445229724623					False				Mixed					9.32571823265825		9.0	40.0	40.0	False	False	True	6.7172	6.7172	20.373136501193883	0.2764	-0.2377026541568179	Right	0.2764	
595621.5923	0.2763999999733642	states																																	"       state_name
id               
3   wait_for_poke"
595621.8687	0.9653999999864027	states																																	"        state_name
id                
1   nose_in_center"
595622.8341	0.0020000000949949026	states																																	"   state_name
id           
5      go_cue"
595622.8361000001	6.717199999955483	states																																	"            state_name
id                    
6   wait_for_side_poke"
595629.5533	0.19999999995343387	states																																	"   state_name
id           
0     opt_out"
595629.7533	0.00010000006295740604	states																																	"    state_name
id            
7   stop_sound"
595630.0202	2.3312999999616295	trials	1.0	2.0	20.0	1.1482398184870997	0.0	0.15	True	4450.0	False	False	35756.0	False	Mixed	True	False	0.025	0.0	5.801047693627115	1.5	9.0													
595630.0202	2.3312999999616295	processed_trials			20.0	1.1482398184870997					False				Mixed					5.801047693627115		9.0	40.0	40.0	False	True	False			20.373136501193883	0.2646	-0.23812092668592866	Left	0.2646	
595630.0202	0.26459999999497086	states																																	"       state_name
id               
3   wait_for_poke"
595630.2848	0.06669999996665865	states																																	"        state_name
id                
1   nose_in_center"
595630.3515	2.0	states																																	"          state_name
id                  
2   punish_violation"
595632.6066	13.45809999993071	trials	1.0	2.0	20.0	0.888615169128201	0.0	0.15	True	4450.0	True	False	35757.0	False	Mixed	True	True	0.025	0.0	100.0	1.5	9.0													
595632.6066	13.45809999993071	processed_trials			20.0	0.888615169128201					True				Mixed					100.0		9.0	40.0	40.0	False	False	True	9.0013	9.0013	20.373136501193883	3.3661	-0.12818260049634936	Right	3.3661	
595632.6066	3.3660999999847263	states																																	"       state_name
id               
3   wait_for_poke"
595635.9727	0.8886000000638887	states																																	"        state_name
id                
1   nose_in_center"
595636.8613000001	0.001999999978579581	states																																	"   state_name
id           
5      go_cue"
595636.8633000001	9.001300000003539	states																																	"            state_name
id                    
6   wait_for_side_poke"
595645.8646000001	0.19999999995343387	states																																	"   state_name
id           
0     opt_out"
595646.0646	0.00010000006295740604	states																																	"    state_name
id            
7   stop_sound"
595646.3198	2.1826999998884276	trials	1.0	2.0	40.0	0.9430312296302701	0.0	0.15	True	4450.0	True	False	35758.0	False	High	True	False	0.025	0.0	100.0	1.5	9.0													
595646.3198	2.1826999998884276	processed_trials			40.0	0.9430312296302701					True				High					100.0		9.0	40.0	40.0	False	True	False			20.373136501193883	0.1621	-0.2417542261972722	Left	0.1621	
595646.3198	0.16209999995771796	states																																	"       state_name
id               
3   wait_for_poke"
595646.4819	0.020600000047124922	states																																	"        state_name
id                
1   nose_in_center"
595646.5025000001	2.0	states																																	"          state_name
id                  
2   punish_violation"
595648.7543	20.30279999994673	trials	1.0	2.0	40.0	0.9673991647769821	0.0	0.15	True	4450.0	True	False	35759.0	False	High	True	True	0.025	0.0	100.0	1.5	9.0													
595648.7543	20.30279999994673	processed_trials			40.0	0.9673991647769821					True				High					100.0		9.0	40.0	40.0	False	False	True	19.1002	19.1002	20.373136501193883	0.033100000000000004	-0.24632686655788985	Left	0.033100000000000004	
595648.7543	0.033100000000558794	states																																	"       state_name
id               
3   wait_for_poke"
595648.7874	0.9673999999649823	states																																	"        state_name
id                
1   nose_in_center"
595649.7548	0.001999999978579581	states																																	"   state_name
id           
5      go_cue"
595649.7568	19.10020000010263	states																																	"            state_name
id                    
6   wait_for_side_poke"
595668.8570000001	0.19999999995343387	states																																	"   state_name
id           
0     opt_out"
595669.057	9.999994654208422e-05	states																																	"    state_name
id            
7   stop_sound"
595669.3161	3.586299999966286	trials	1.0	2.0	80.0	1.0737364178223436	0.0	0.15	True	4450.0	False	False	35760.0	False	High	True	False	0.025	0.0	0.9961054540753349	1.5	9.0													
595669.3161	3.586299999966286	processed_trials			80.0	1.0737364178223436					False				High					0.9961054540753349		9.0	40.0	40.0	True	False	False	0.9960999999999998	0.9960999999999998	20.373136501193883	0.6078	-0.22595557651721557	Right	0.6078	
595669.3161	0.6077999999979511	states																																	"       state_name
id               
3   wait_for_poke"
595669.9239	1.0736999999498948	states																																	"        state_name
id                
1   nose_in_center"
595670.9976	0.0020000000949949026	states																																	"   state_name
id           
5      go_cue"
595670.9996000001	0.9960999999893829	states																																	"            state_name
id                    
6   wait_for_side_poke"
595671.9957000001	0.3351999999722466	states																																	"         state_name
id                 
4   announce_reward"
595672.3309000001	0.5714000000152737	states																																	"   state_name
id           
8      reward"
595672.9023000001	9.999994654208422e-05	states																																	"    state_name
id            
7   stop_sound"
595673.1585	5.941800000029616	trials	1.0	2.0	80.0	0.9902305465170645	0.0	0.15	True	4530.0	False	False	35761.0	False	High	True	False	0.025	0.0	1.9055519494232618	1.5	9.0													
595673.1585	5.941800000029616	processed_trials			80.0	0.9902305465170645					False				High					1.9055519494232618		9.0	40.0	40.0	False	True	False			20.373136501193883	3.8981	-0.10932488986186405	Left	1.7645999999999997	
595673.1585	3.8980999999912456	states																																	"       state_name
id               
3   wait_for_poke"
595677.0566	0.04370000003837049	states																																	"        state_name
id                
1   nose_in_center"
595677.1003	2.0	states																																	"          state_name
id                  
2   punish_violation"
595679.3596	2.1704000000609085	trials	1.0	2.0	80.0	0.9677825030234724	0.0	0.15	True	4530.0	False	False	35762.0	False	High	True	True	0.025	0.0	1.2780841485834764	1.5	9.0													
595679.3596	2.1704000000609085	processed_trials			80.0	0.9677825030234724					False				High					1.2780841485834764		9.0	40.0	40.0	False	True	False			20.373136501193883	0.1207	-0.2432217247316099	Right	0.1207	
595679.3596	0.12069999997038394	states																																	"       state_name
id               
3   wait_for_poke"
595679.4802999999	0.04969999997410923	states																																	"        state_name
id                
1   nose_in_center"
595679.5299999999	2.0	states																																	"          state_name
id                  
2   punish_violation"
595681.7883	2.630699999979697	trials	1.0	2.0	80.0	1.074327842413491	0.0	0.15	True	4530.0	False	False	35763.0	False	High	True	True	0.025	0.0	0.659746322021676	1.5	9.0													
595681.7883	2.630699999979697	processed_trials			80.0	1.074327842413491					False				High					0.659746322021676		9.0	40.0	40.0	True	False	False	0.6597000000000002	0.6597000000000002	20.373136501193883	0.0843	-0.24451198914344313	Left	0.0843	
595681.7883	0.08429999998770654	states																																	"       state_name
id               
3   wait_for_poke"
595681.8726	1.0742999999783933	states																																	"        state_name
id                
1   nose_in_center"
595682.9469	0.001999999978579581	states																																	"   state_name
id           
5      go_cue"
595682.9489	0.6597000000765547	states																																	"            state_name
id                    
6   wait_for_side_poke"
595683.6086	0.272800000035204	states																																	"         state_name
id                 
4   announce_reward"
595683.8814000001	0.5374999999767169	states																																	"   state_name
id           
8      reward"
595684.4189	9.999994654208422e-05	states																																	"    state_name
id            
7   stop_sound"
595684.6776	6.7898999999742955	trials	1.0	2.0	40.0	1.0078331313516764	0.0	0.15	True	4610.0	False	False	35764.0	False	High	True	False	0.025	0.0	0.5787807662664658	1.5	9.0													
595684.6776	6.7898999999742955	processed_trials			40.0	1.0078331313516764					False				High					0.5787807662664658		9.0	40.0	40.0	True	False	False	0.5788000000000002	0.5788000000000002	20.373136501193883	4.3214	-0.0943202490506279	Right	0.6718999999999995	
595684.6776	4.321400000015274	states																																	"       state_name
id               
3   wait_for_poke"
595688.9990000001	1.0078000000212342	states																																	"        state_name
id                
1   nose_in_center"
595690.0068000001	0.001999999978579581	states																																	"   state_name
id           
5      go_cue"
595690.0088000001	0.5788000000175089	states																																	"            state_name
id                    
6   wait_for_side_poke"
595690.5876000001	0.5856999999377877	states																																	"         state_name
id                 
4   announce_reward"
595691.1733	0.29410000005736947	states																																	"   state_name
id           
8      reward"
595691.4674000001	9.999994654208422e-05	states																																	"    state_name
id            
7   stop_sound"
595691.728	5.074400000041351	trials	1.0	2.0	40.0	0.8050902699474889	0.0	0.15	True	4650.0	False	False	35765.0	False	High	True	False	0.025	0.0	1.6429568619425894	1.5	9.0													
595691.728	5.074400000041351	processed_trials			40.0	0.8050902699474889					False				High					1.6429568619425894		9.0	40.0	40.0	False	True	False			20.373136501193883	3.0286	-0.14014590376540723	Right	2.0254	
595691.728	3.0285999999614432	states																																	"       state_name
id               
3   wait_for_poke"
595694.7566	0.04580000007990748	states																																	"        state_name
id                
1   nose_in_center"
595694.8024	2.0	states																																	"          state_name
id                  
2   punish_violation"
595697.0647	2.523799999966286	trials	1.0	2.0	40.0	0.8045270082075956	0.0	0.15	True	4650.0	False	False	35766.0	False	High	True	True	0.025	0.0	1.3220122195313397	1.5	9.0													
595697.0647	2.523799999966286	processed_trials			40.0	0.8045270082075956					False				High					1.3220122195313397		9.0	40.0	40.0	True	False	False	1.3219999999999996	1.3219999999999996	20.373136501193883	0.0732	-0.24490544889540328	Left	0.0732	
595697.0647	0.07319999998435378	states																																	"       state_name
id               
3   wait_for_poke"
595697.1379	0.8044999999692664	states																																	"        state_name
id                
1   nose_in_center"
595697.9423999999	0.0020000000949949026	states																																	"   state_name
id           
5      go_cue"
595697.9444	1.3219999999273568	states																																	"            state_name
id                    
6   wait_for_side_poke"
595699.2664	0.045200000051409006	states																																	"         state_name
id                 
4   announce_reward"
595699.3116	0.27679999999236315	states																																	"   state_name
id           
8      reward"
595699.5884	9.999994654208422e-05	states																																	"    state_name
id            
7   stop_sound"
595699.8552	6.429200000013225	trials	1.0	2.0	20.0	0.8004861075762739	0.0	0.15	True	4690.0	True	False	35767.0	False	High	True	False	0.025	0.0	100.0	1.5	9.0													
595699.8552	6.429200000013225	processed_trials			20.0	0.8004861075762739					True				High					100.0		9.0	40.0	40.0	False	True	False			20.373136501193883	4.3514	-0.09325684431560052	Right	1.6450999999999998	
595699.8552	4.351400000043213	states																																	"       state_name
id               
3   wait_for_poke"
595704.2066	0.07779999997001141	states																																	"        state_name
id                
1   nose_in_center"
595704.2844	2.0	states																																	"          state_name
id                  
2   punish_violation"
595706.5497	2.6983999999938533	trials	1.0	2.0	20.0	1.1918977385219824	0.0	0.15	True	4690.0	False	False	35768.0	False	High	True	True	0.025	0.0	1.0769432292592853	1.5	9.0													
595706.5497	2.6983999999938533	processed_trials			20.0	1.1918977385219824					False				High					1.0769432292592853		9.0	40.0	40.0	False	True	False			20.373136501193883	0.6688999999999999	-0.22378977554020985	Left	0.6688999999999999	
595706.5497	0.66890000004787	states																																	"       state_name
id               
3   wait_for_poke"
595707.2186	0.02949999994598329	states																																	"        state_name
id                
1   nose_in_center"
595707.2481	2.0	states																																	"          state_name
id                  
2   punish_violation"
595709.5108	2.4567999999271706	trials	1.0	2.0	20.0	1.1145650486139886	0.0	0.15	True	4690.0	False	False	35769.0	False	High	True	True	0.025	0.0	1.0769432	1.5	9.0													
595709.5108	2.4567999999271706	processed_trials			20.0	1.1145650486139886					False				High					1.0769432		9.0	40.0	40.0	True	False	False	1.0769000000000002	1.0769000000000002	20.373136501193883	0.07579999999999999	-0.2448132871517009	Left	0.07579999999999999	
595709.5108	0.07579999999143183	states																																	"       state_name
id               
3   wait_for_poke"
595709.5866	1.1145999999716878	states																																	"        state_name
id                
1   nose_in_center"
595710.7012	0.0020000000949949026	states																																	"   state_name
id           
5      go_cue"
595710.7032000001	1.0768999999854714	states																																	"            state_name
id                    
6   wait_for_side_poke"
595711.7801000001	0.038499999907799065	states																																	"         state_name
id                 
4   announce_reward"
595711.8186	0.14890000002924353	states																																	"   state_name
id           
8      reward"
595711.9675	0.00010000006295740604	states																																	"    state_name
id            
7   stop_sound"
595712.2303	4.828499999945052	trials	1.0	2.0	80.0	1.1201396745881622	0.0	0.15	True	4710.0	False	False	35770.0	False	High	True	False	0.025	0.0	0.1486378939681179	1.5	9.0													
595712.2303	4.828499999945052	processed_trials			80.0	1.1201396745881622					False				High					0.1486378939681179		9.0	40.0	40.0	True	False	False	0.14860000000000007	0.14860000000000007	20.373136501193883	2.2354000000000003	-0.1682623249595308	Right	0.5642000000000003	
595712.2303	2.235400000005029	states																																	"       state_name
id               
3   wait_for_poke"
595714.4657000001	1.1200999999418855	states																																	"        state_name
id                
1   nose_in_center"
595715.5858	0.0020000000949949026	states																																	"   state_name
id           
5      go_cue"
595715.5878000001	0.14859999995678663	states																																	"            state_name
id                    
6   wait_for_side_poke"
595715.7364	0.75089999998454	states																																	"         state_name
id                 
4   announce_reward"
595716.4873	0.5714000000152737	states																																	"   state_name
id           
8      reward"
595717.0587	9.999994654208422e-05	states																																	"    state_name
id            
7   stop_sound"
595717.3228	5.957600000081584	trials	1.0	2.0	20.0	1.08388505837437	0.0	0.15	True	4790.0	True	False	35771.0	False	High	True	False	0.025	0.0	100.0	1.5	9.0													
595717.3228	5.957600000081584	processed_trials			20.0	1.08388505837437					True				High					100.0		9.0	40.0	40.0	False	True	False			20.373136501193883	3.9057	-0.1090554939956571	Right	3.0071	
595717.3228	3.9057000000029802	states																																	"       state_name
id               
3   wait_for_poke"
595721.2285	0.051899999962188303	states																																	"        state_name
id                
1   nose_in_center"
595721.2803999999	2.0	states																																	"          state_name
id                  
2   punish_violation"
595723.5438	25.41560000006575	trials	1.0	2.0	20.0	0.982099168776731	0.0	0.15	True	4790.0	False	False	35772.0	False	High	True	True	0.025	0.0	0.6858508488069601	1.5	9.0													
595723.5438	25.41560000006575	processed_trials			20.0	0.982099168776731					False				High					0.6858508488069601		9.0	40.0	40.0	True	False	False	0.6859000000000002	0.6859000000000002	20.373136501193883	23.2457	0.5764860918519855	Right	23.2457	
595723.5438	23.245699999970384	states																																	"       state_name
id               
3   wait_for_poke"
595746.7895	0.9821000000229105	states																																	"        state_name
id                
1   nose_in_center"
595747.7716	0.001999999978579581	states																																	"   state_name
id           
5      go_cue"
595747.7736	0.6859000000404194	states																																	"            state_name
id                    
6   wait_for_side_poke"
595748.4595	0.34120000002440065	states																																	"         state_name
id                 
4   announce_reward"
595748.8007	0.15859999996609986	states																																	"   state_name
id           
8      reward"
595748.9593	9.999994654208422e-05	states																																	"    state_name
id            
7   stop_sound"
595749.2228	12.675900000031106	trials	1.0	2.0	80.0	1.1914388637630642	0.0	0.15	True	4810.0	False	False	35773.0	False	High	True	False	0.025	0.0	6.023591723078914	1.5	9.0													
595749.2228	12.675900000031106	processed_trials			80.0	1.1914388637630642					False				High					6.023591723078914		9.0	40.0	40.0	True	False	False	6.023600000000001	6.023600000000001	20.373136501193883	4.7657	-0.07857122492487259	Right	2.1542999999999997	
595749.2228	4.76569999998901	states																																	"       state_name
id               
3   wait_for_poke"
595753.9885	1.191400000010617	states																																	"        state_name
id                
1   nose_in_center"
595755.1799	0.001999999978579581	states																																	"   state_name
id           
5      go_cue"
595755.1819	6.023600000073202	states																																	"            state_name
id                    
6   wait_for_side_poke"
595761.2055	0.12169999990146607	states																																	"         state_name
id                 
4   announce_reward"
595761.3271999999	0.5714000000152737	states																																	"   state_name
id           
8      reward"
595761.8986	0.00010000006295740604	states																																	"    state_name
id            
7   stop_sound"
595762.1653	7.287000000011176	trials	1.0	2.0	80.0	0.8466829121349106	0.0	0.15	True	4890.0	False	False	35774.0	False	High	True	False	0.025	0.0	3.740923387365636	1.5	9.0													
595762.1653	7.287000000011176	processed_trials			80.0	0.8466829121349106					False				High					3.740923387365636		9.0	40.0	40.0	False	True	False			20.373136501193883	5.2672	-0.060794642437665095	Right	2.4645	
595762.1653	5.267200000002049	states																																	"       state_name
id               
3   wait_for_poke"
595767.4325	0.01980000000912696	states																																	"        state_name
id                
1   nose_in_center"
595767.4523	2.0	states																																	"          state_name
id                  
2   punish_violation"
595769.7153	14.366799999959767	trials	1.0	2.0	80.0	0.9834626021957547	0.0	0.15	True	4890.0	True	False	35775.0	False	High	True	True	0.025	0.0	100.0	1.5	9.0													
595769.7153	14.366799999959767	processed_trials			80.0	0.9834626021957547					True				High					100.0		9.0	40.0	40.0	False	False	True	13.0298	13.0298	20.373136501193883	0.1514	-0.24213350721943194	Right	0.1514	
595769.7153	0.15139999997336417	states																																	"       state_name
id               
3   wait_for_poke"
595769.8667	0.9834999999729916	states																																	"        state_name
id                
1   nose_in_center"
595770.8502	0.0020000000949949026	states																																	"   state_name
id           
5      go_cue"
595770.8522000001	13.029799999902025	states																																	"            state_name
id                    
6   wait_for_side_poke"
595783.882	0.2000000000698492	states																																	"   state_name
id           
0     opt_out"
595784.082	9.999994654208422e-05	states																																	"    state_name
id            
7   stop_sound"
595784.3504	2.2850000000325963	trials	1.0	2.0	40.0	0.9834626	0.0	0.15	True	4890.0	False	False	35776.0	False	High	True	False	0.025	0.0	6.833630476412078	1.5	9.0													
595784.3504	2.2850000000325963	processed_trials			40.0	0.9834626					False				High					6.833630476412078		9.0	40.0	40.0	False	True	False			20.373136501193883	0.2735	-0.23780544994787053	Right	0.2735	
595784.3504	0.27350000001024455	states																																	"       state_name
id               
3   wait_for_poke"
595784.6239	0.011500000022351742	states																																	"        state_name
id                
1   nose_in_center"
595784.6354	2.0	states																																	"          state_name
id                  
2   punish_violation"
595786.9035	1.9928999999538064	trials	1.0	2.0	40.0	0.8154883441863567	0.0	0.15	True	4890.0	False	False	35777.0	False	High	True	True	0.025	0.0	0.18620855317153456	1.5	9.0													
595786.9035	1.9928999999538064	processed_trials			40.0	0.8154883441863567					False				High					0.18620855317153456		9.0	40.0	40.0	True	False	False	0.18619999999999992	0.18619999999999992	20.373136501193883	0.09190000000000001	-0.24424259327723621	Right	0.09190000000000001	
595786.9035	0.0918999999994412	states																																	"       state_name
id               
3   wait_for_poke"
595786.9954	0.815500000026077	states																																	"        state_name
id                
1   nose_in_center"
595787.8109	0.001999999978579581	states																																	"   state_name
id           
5      go_cue"
595787.8129	0.18619999999646097	states																																	"            state_name
id                    
6   wait_for_side_poke"
595787.9991	0.603099999949336	states																																	"         state_name
id                 
4   announce_reward"
595788.6022	0.29410000005736947	states																																	"   state_name
id           
8      reward"
595788.8963	9.999994654208422e-05	states																																	"    state_name
id            
7   stop_sound"
595789.166	5.270400000037625	trials	1.0	2.0	20.0	0.9609144396430149	0.0	0.15	True	4930.0	True	False	35778.0	False	High	True	False	0.025	0.0	100.0	1.5	9.0													
595789.166	5.270400000037625	processed_trials			20.0	0.9609144396430149					True				High					100.0		9.0	40.0	40.0	False	True	False			20.373136501193883	3.2157	-0.13351380290128656	Left	2.4039	
595789.166	3.2156999999424443	states																																	"       state_name
id               
3   wait_for_poke"
595792.3816999999	0.05470000009518117	states																																	"        state_name
id                
1   nose_in_center"
595792.4364	2.0	states																																	"          state_name
id                  
2   punish_violation"
595794.7065	2.7497999999905005	trials	1.0	2.0	20.0	0.8839086179234109	0.0	0.15	True	4930.0	False	False	35779.0	False	High	True	True	0.025	0.0	0.7521357962849985	1.5	9.0													
595794.7065	2.7497999999905005	processed_trials			20.0	0.8839086179234109					False				High					0.7521357962849985		9.0	40.0	40.0	False	True	False			20.373136501193883	0.6205	-0.225505401846054	Right	0.6205	
595794.7065	0.6204999999608845	states																																	"       state_name
id               
3   wait_for_poke"
595795.3269999999	0.12930000002961606	states																																	"        state_name
id                
1   nose_in_center"
595795.4563	2.0	states																																	"          state_name
id                  
2   punish_violation"
595797.7237	3.078800000017509	trials	1.0	2.0	20.0	1.1556931835453752	0.0	0.15	True	4930.0	False	False	35780.0	False	High	True	True	0.025	0.0	1.1781542270231384	1.5	9.0													
595797.7237	3.078800000017509	processed_trials			20.0	1.1556931835453752					False				High					1.1781542270231384		9.0	40.0	40.0	True	False	False	1.1782	1.1782	20.373136501193883	0.5797	-0.2269516322856912	Right	0.5797	
595797.7237	0.5797000000020489	states																																	"       state_name
id               
3   wait_for_poke"
595798.3034	1.1557000000029802	states																																	"        state_name
id                
1   nose_in_center"
595799.4591	0.001999999978579581	states																																	"   state_name
id           
5      go_cue"
595799.4611	1.1781999999657273	states																																	"            state_name
id                    
6   wait_for_side_poke"
595800.6392999999	0.004500000039115548	states																																	"         state_name
id                 
4   announce_reward"
595800.6438	0.15859999996609986	states																																	"   state_name
id           
8      reward"
595800.8023999999	0.00010000006295740604	states																																	"    state_name
id            
7   stop_sound"
595801.0761	4.466300000087358	trials	1.0	2.0	20.0	0.9645337375327083	0.0	0.15	True	4950.0	False	False	35781.0	False	High	True	False	0.025	0.0	0.8124001588237463	1.5	9.0													
595801.0761	4.466300000087358	processed_trials			20.0	0.9645337375327083					False				High					0.8124001588237463		9.0	40.0	40.0	False	True	False			20.373136501193883	2.416	-0.1618606284546661	Right	1.1564	
595801.0761	2.415999999968335	states																																	"       state_name
id               
3   wait_for_poke"
595803.4920999999	0.0503000000026077	states																																	"        state_name
id                
1   nose_in_center"
595803.5423999999	2.0	states																																	"          state_name
id                  
2   punish_violation"
595805.8158	2.6347000000532717	trials	1.0	2.0	20.0	1.0834262116267683	0.0	0.15	True	4950.0	False	False	35782.0	False	High	True	True	0.025	0.0	0.7882591643824455	1.5	9.0													
595805.8158	2.6347000000532717	processed_trials			20.0	1.0834262116267683					False				High					0.7882591643824455		9.0	40.0	40.0	False	True	False			20.373136501193883	0.49710000000000004	-0.22987953998946659	Right	0.49710000000000004	
595805.8158	0.4971000000368804	states																																	"       state_name
id               
3   wait_for_poke"
595806.3129	0.13760000001639128	states																																	"        state_name
id                
1   nose_in_center"
595806.4505	2.0	states																																	"          state_name
id                  
2   punish_violation"
595808.7197	11.795999999972992	trials	1.0	2.0	20.0	1.0033365179989966	0.0	0.15	True	4950.0	True	False	35783.0	False	High	True	True	0.025	0.0	100.0	1.5	9.0													
595808.7197	11.795999999972992	processed_trials			20.0	1.0033365179989966					True				High					100.0		9.0	40.0	40.0	False	True	False			20.373136501193883	8.8744	0.06706914290202552	Left	8.8744	
595808.7197	8.874399999971502	states																																	"       state_name
id               
3   wait_for_poke"
595817.5941	0.9216000000014901	states																																	"        state_name
id                
1   nose_in_center"
595818.5157	2.0	states																																	"          state_name
id                  
2   punish_violation"
595820.7883	2.6951000000117347	trials	1.0	2.0	20.0	1.180934016407145	0.0	0.15	True	4950.0	False	False	35784.0	False	High	True	True	0.025	0.0	3.979666094590098	1.5	9.0													
595820.7883	2.6951000000117347	processed_trials			20.0	1.180934016407145					False				High					3.979666094590098		9.0	40.0	40.0	False	True	False			20.373136501193883	0.6523	-0.22437819282692498	Right	0.6523	
595820.7883	0.6522999999579042	states																																	"       state_name
id               
3   wait_for_poke"
595821.4406	0.042800000053830445	states																																	"        state_name
id                
1   nose_in_center"
595821.4834	2.0	states																																	"          state_name
id                  
2   punish_violation"
595823.7555	3.4759000000776723	trials	1.0	2.0	20.0	1.180934	0.0	0.15	True	4950.0	False	False	35785.0	False	High	True	True	0.025	0.0	0.2769017016325632	1.5	9.0													
595823.7555	3.4759000000776723	processed_trials			20.0	1.180934					False				High					0.2769017016325632		9.0	40.0	40.0	False	True	False			20.373136501193883	1.2136	-0.20448189023456292	Left	1.2136	
595823.7555	1.2136000000173226	states																																	"       state_name
id               
3   wait_for_poke"
595824.9691	0.2622999999439344	states																																	"        state_name
id                
1   nose_in_center"
595825.2313999999	2.0	states																																	"          state_name
id                  
2   punish_violation"
595827.5082	112.84829999995418	trials	1.0	2.0	20.0	0.8157707156953382	0.0	0.15	True	4950.0	False	False	35786.0	False	High	True	True	0.025	0.0	1.3142204968216573	1.5	9.0													
595827.5082	112.84829999995418	processed_trials			20.0	0.8157707156953382					False				High					1.3142204968216573		9.0	40.0	40.0	True	False	False	1.3141999999999996	1.3141999999999996	20.373136501193883	110.2922	3.662008100770643	Right	110.2922	
595827.5082	110.29220000002533	states																																	"       state_name
id               
3   wait_for_poke"
595937.8004000001	0.8157999999821186	states																																	"        state_name
id                
1   nose_in_center"
595938.6162	0.001999999978579581	states																																	"   state_name
id           
5      go_cue"
595938.6182	1.314200000022538	states																																	"            state_name
id                    
6   wait_for_side_poke"
595939.9324	0.2654000000329688	states																																	"         state_name
id                 
4   announce_reward"
595940.1978000001	0.15859999996609986	states																																	"   state_name
id           
8      reward"
595940.3564	9.999994654208422e-05	states																																	"    state_name
id            
7   stop_sound"
595940.6349	6.445999999996275	trials	1.0	2.0	80.0	1.1329855959738824	0.0	0.15	True	4970.0	False	False	35787.0	False	High	True	False	0.025	0.0	4.399473173046191	1.5	9.0													
595940.6349	6.445999999996275	processed_trials			80.0	1.1329855959738824					False				High					4.399473173046191		9.0	40.0	40.0	False	True	False			20.373136501193883	4.2951999999999995	-0.0952489558525518	Left	1.4527999999999994	
595940.6349	4.295200000051409	states																																	"       state_name
id               
3   wait_for_poke"
595944.9301	0.1507999999448657	states																																	"        state_name
id                
1   nose_in_center"
595945.0809	2.0	states																																	"          state_name
id                  
2   punish_violation"
595947.3507	3.0630000000819564	trials	1.0	2.0	80.0	0.8813994626482222	0.0	0.15	True	4970.0	False	False	35788.0	False	High	True	True	0.025	0.0	1.4421585207202532	1.5	9.0													
595947.3507	3.0630000000819564	processed_trials			80.0	0.8813994626482222					False				High					1.4421585207202532		9.0	40.0	40.0	True	False	False	1.4421999999999997	1.4421999999999997	20.373136501193883	0.09809999999999999	-0.24402282296533057	Right	0.09809999999999999	
595947.3507	0.09809999994467944	states																																	"       state_name
id               
3   wait_for_poke"
595947.4487999999	0.881400000071153	states																																	"        state_name
id                
1   nose_in_center"
595948.3302	0.001999999978579581	states																																	"   state_name
id           
5      go_cue"
595948.3322	1.442200000048615	states																																	"            state_name
id                    
6   wait_for_side_poke"
595949.7744	0.06779999996069819	states																																	"         state_name
id                 
4   announce_reward"
595949.8422	0.5714000000152737	states																																	"   state_name
id           
8      reward"
595950.4136	9.999994654208422e-05	states																																	"    state_name
id            
7   stop_sound"
595950.6938	7.187900000018999	trials	1.0	2.0	40.0	1.1293264109953725	0.0	0.15	True	5050.0	True	False	35789.0	False	High	True	False	0.025	0.0	1.4421585	1.5	9.0													
595950.6938	7.187900000018999	processed_trials			40.0	1.1293264109953725					False				High					1.4421585		9.0	40.0	40.0	False	True	False			20.373136501193883	5.1754	-0.06404866092684884	Left	1.5661999999999998	
595950.6938	5.17539999994915	states																																	"       state_name
id               
3   wait_for_poke"
595955.8692	0.012500000069849193	states																																	"        state_name
id                
1   nose_in_center"
595955.8817	2.0	states																																	"          state_name
id                  
2   punish_violation"
595958.1565	3.0632999999215826	trials	1.0	2.0	40.0	1.1293264	0.0	0.15	True	5050.0	False	False	35790.0	False	High	True	True	0.025	0.0	0.5904255332532002	1.5	9.0													
595958.1565	3.0632999999215826	processed_trials			40.0	1.1293264					False				High					0.5904255332532002		9.0	40.0	40.0	True	False	False	0.5904	0.5904	20.373136501193883	0.047200000000000006	-0.24582706633242699	Right	0.047200000000000006	
595958.1565	0.04720000002998859	states																																	"       state_name
id               
3   wait_for_poke"
595958.2037000001	1.1292999999132007	states																																	"        state_name
id                
1   nose_in_center"
595959.333	0.0020000000949949026	states																																	"   state_name
id           
5      go_cue"
595959.3350000001	0.5903999999864027	states																																	"            state_name
id                    
6   wait_for_side_poke"
595959.9254000001	1.0002000000094995	states																																	"         state_name
id                 
4   announce_reward"
595960.9256000001	0.29409999994095415	states																																	"   state_name
id           
8      reward"
595961.2197	0.00010000006295740604	states																																	"    state_name
id            
7   stop_sound"
595961.502	9.191800000029616	trials	1.0	2.0	80.0	1.0992395335863079	0.0	0.15	True	5090.0	False	False	35791.0	False	High	True	False	0.025	0.0	2.592101494703358	1.5	9.0													
595961.502	9.191800000029616	processed_trials			80.0	1.0992395335863079					False				High					2.592101494703358		9.0	40.0	40.0	True	False	False	2.5920999999999994	2.5920999999999994	20.373136501193883	4.6551	-0.08249164371467348	Left	3.5008	
595961.502	4.655099999974482	states																																	"       state_name
id               
3   wait_for_poke"
595966.1571	1.0992000000551343	states																																	"        state_name
id                
1   nose_in_center"
595967.2563	0.001999999978579581	states																																	"   state_name
id           
5      go_cue"
595967.2583	2.5921000000089407	states																																	"            state_name
id                    
6   wait_for_side_poke"
595969.8504	0.3057999999728054	states																																	"         state_name
id                 
4   announce_reward"
595970.1562	0.5374999999767169	states																																	"   state_name
id           
8      reward"
595970.6937	0.00010000006295740604	states																																	"    state_name
id            
7   stop_sound"
595970.9724	6.7312000000383705	trials	1.0	2.0	40.0	1.0992395	0.0	0.15	True	5170.0	False	False	35792.0	False	High	True	False	0.025	0.0	1.440332426650023	1.5	9.0													
595970.9724	6.7312000000383705	processed_trials			40.0	1.0992395					False				High					1.440332426650023		9.0	40.0	40.0	False	True	False			20.373136501193883	4.6774	-0.08170117952830315	Left	0.9129999999999994	
595970.9724	4.677400000044145	states																																	"       state_name
id               
3   wait_for_poke"
595975.6498	0.0537999999942258	states																																	"        state_name
id                
1   nose_in_center"
595975.7036	2.0	states																																	"          state_name
id                  
2   punish_violation"
595977.9816	2.1147999999811873	trials	1.0	2.0	40.0	0.9516657053712899	0.0	0.15	True	5170.0	False	False	35793.0	False	High	True	True	0.025	0.0	0.8018222890383693	1.5	9.0													
595977.9816	2.1147999999811873	processed_trials			40.0	0.9516657053712899					False				High					0.8018222890383693		9.0	40.0	40.0	True	False	False	0.8018	0.8018	20.373136501193883	0.0381	-0.2461496324353853	Right	0.0381	
595977.9816	0.038100000005215406	states																																	"       state_name
id               
3   wait_for_poke"
595978.0197000001	0.9516999999759719	states																																	"        state_name
id                
1   nose_in_center"
595978.9714	0.001999999978579581	states																																	"   state_name
id           
5      go_cue"
595978.9734	0.8018000000156462	states																																	"            state_name
id                    
6   wait_for_side_poke"
595979.7752	0.027000000001862645	states																																	"         state_name
id                 
4   announce_reward"
595979.8022	0.29410000005736947	states																																	"   state_name
id           
8      reward"
595980.0963000001	9.999994654208422e-05	states																																	"    state_name
id            
7   stop_sound"
595980.3752	4.6885999999940395	trials	1.0	2.0	20.0	0.827650055747693	0.0	0.15	True	5210.0	False	False	35794.0	False	High	True	False	0.025	0.0	1.3570237922821524	1.5	9.0													
595980.3752	4.6885999999940395	processed_trials			20.0	0.827650055747693					False				High					1.3570237922821524		9.0	40.0	40.0	False	True	False			20.373136501193883	2.6607	-0.15318679049929287	Left	1.9123999999999999	
595980.3752	2.660700000007637	states																																	"       state_name
id               
3   wait_for_poke"
595983.0359	0.02789999998640269	states																																	"        state_name
id                
1   nose_in_center"
595983.0638	2.0	states																																	"          state_name
id                  
2   punish_violation"
595985.342	2.7888000000966713	trials	1.0	2.0	20.0	1.1315532638370762	0.0	0.15	True	5210.0	False	False	35795.0	False	High	True	True	0.025	0.0	1.1138153904112522	1.5	9.0													
595985.342	2.7888000000966713	processed_trials			20.0	1.1315532638370762					False				High					1.1138153904112522		9.0	40.0	40.0	False	True	False			20.373136501193883	0.7326	-0.22153181281950174	Left	0.7326	
595985.342	0.7325999999884516	states																																	"       state_name
id               
3   wait_for_poke"
595986.0745999999	0.05619999999180436	states																																	"        state_name
id                
1   nose_in_center"
595986.1307999999	2.0	states																																	"          state_name
id                  
2   punish_violation"
595988.4115	43.430399999953806	trials	1.0	2.0	20.0	1.0325748482438564	0.0	0.15	True	5210.0	False	False	35796.0	False	High	True	True	0.025	0.0	2.0939815656755743	1.5	9.0													
595988.4115	43.430399999953806	processed_trials			20.0	1.0325748482438564					False				High					2.0939815656755743		9.0	40.0	40.0	False	True	False			20.373136501193883	41.339	1.217836121594341	Left	41.339	
595988.4115	41.33900000003632	states																																	"       state_name
id               
3   wait_for_poke"
596029.7505000001	0.09139999991748482	states																																	"        state_name
id                
1   nose_in_center"
596029.8419	2.0	states																																	"          state_name
id                  
2   punish_violation"
596032.1193	10.17090000002645	trials	1.0	2.0	20.0	1.0325748	0.0	0.15	True	5210.0	False	False	35797.0	False	High	True	True	0.025	0.0	2.4065422423919047	1.5	9.0													
596032.1193	10.17090000002645	processed_trials			20.0	1.0325748					False				High					2.4065422423919047		9.0	40.0	40.0	True	False	False	2.4065000000000003	2.4065000000000003	20.373136501193883	6.5458	-0.015472332630798707	Left	6.5458	
596032.1193	6.545799999963492	states																																	"       state_name
id               
3   wait_for_poke"
596038.6651	1.0326000000350177	states																																	"        state_name
id                
1   nose_in_center"
596039.6977	0.001999999978579581	states																																	"   state_name
id           
5      go_cue"
596039.6997	2.406500000040978	states																																	"            state_name
id                    
6   wait_for_side_poke"
596042.1062	0.03500000003259629	states																																	"         state_name
id                 
4   announce_reward"
596042.1412000001	0.1488999999128282	states																																	"   state_name
id           
8      reward"
596042.2901	0.00010000006295740604	states																																	"    state_name
id            
7   stop_sound"
596042.5744	5.314999999944121	trials	1.0	2.0	80.0	1.1888316886167625	0.0	0.15	True	5230.0	False	False	35798.0	True	Mixed	True	False	0.025	0.0	0.5195228009636665	1.5	9.0													
596042.5744	5.314999999944121	processed_trials			80.0	1.1888316886167625					False				Mixed					0.5195228009636665		9.0	40.0	40.0	True	False	False	0.5194999999999999	0.5194999999999999	20.373136501193883	2.4532	-0.16054200658323214	Right	0.7406999999999999	
596042.5744	2.4531999999890104	states																																	"       state_name
id               
3   wait_for_poke"
596045.0276	1.188800000003539	states																																	"        state_name
id                
1   nose_in_center"
596046.2164	0.001999999978579581	states																																	"   state_name
id           
5      go_cue"
596046.2184	0.5195000000530854	states																																	"            state_name
id                    
6   wait_for_side_poke"
596046.7379000001	0.5799999999580905	states																																	"         state_name
id                 
4   announce_reward"
596047.3179	0.5714000000152737	states																																	"   state_name
id           
8      reward"
596047.8893	9.999994654208422e-05	states																																	"    state_name
id            
7   stop_sound"
596048.1707	13.695899999933317	trials	1.0	2.0	80.0	0.9776834780953604	0.0	0.15	True	5310.0	False	False	35799.0	False	Mixed	True	False	0.025	0.0	7.235732430843984	1.5	9.0													
596048.1707	13.695899999933317	processed_trials			80.0	0.9776834780953604					False				Mixed					7.235732430843984		9.0	40.0	40.0	True	False	False	7.2357	7.2357	20.373136501193883	4.5331	-0.08681615630378477	Right	1.7408000000000001	
596048.1707	4.533100000000559	states																																	"       state_name
id               
3   wait_for_poke"
596052.7038	0.9777000000467524	states																																	"        state_name
id                
1   nose_in_center"
596053.6815000001	0.001999999978579581	states																																	"   state_name
id           
5      go_cue"
596053.6835	7.235699999961071	states																																	"            state_name
id                    
6   wait_for_side_poke"
596060.9192	0.37589999998454005	states																																	"         state_name
id                 
4   announce_reward"
596061.2951	0.5714000000152737	states																																	"   state_name
id           
8      reward"
596061.8665	0.00010000006295740604	states																																	"    state_name
id            
7   stop_sound"
596062.1532	6.66890000004787	trials	1.0	2.0	5.0	0.849844757196026	0.0	0.15	True	5390.0	False	False	35800.0	False	Mixed	True	False	0.025	0.0	0.47602006472965575	1.5	9.0													
596062.1532	6.66890000004787	processed_trials			5.0	0.849844757196026					False				Mixed					0.47602006472965575		9.0	40.0	40.0	False	True	False			20.373136501193883	4.626399999999999	-0.08350896757784967	Right	1.2395999999999994	
596062.1532	4.626399999950081	states																																	"       state_name
id               
3   wait_for_poke"
596066.7795999999	0.04250000009778887	states																																	"        state_name
id                
1   nose_in_center"
596066.8221	2.0	states																																	"          state_name
id                  
2   punish_violation"
596069.1055	2.8804000000236556	trials	1.0	2.0	5.0	1.1033991263188827	0.0	0.15	True	5390.0	False	False	35801.0	False	Mixed	True	True	0.025	0.0	1.417494442331079	1.5	9.0													
596069.1055	2.8804000000236556	processed_trials			5.0	1.1033991263188827					False				Mixed					1.417494442331079		9.0	40.0	40.0	True	False	False	1.4174999999999998	1.4174999999999998	20.373136501193883	0.2718	-0.2378657095495221	Left	0.2718	
596069.1055	0.27179999998770654	states																																	"       state_name
id               
3   wait_for_poke"
596069.3772999999	1.103400000021793	states																																	"        state_name
id                
1   nose_in_center"
596070.4807	0.001999999978579581	states																																	"   state_name
id           
5      go_cue"
596070.4826999999	1.4174999999813735	states																																	"            state_name
id                    
6   wait_for_side_poke"
596071.9001999999	0.031700000050477684	states																																	"         state_name
id                 
4   announce_reward"
596071.9319	0.053899999940767884	states																																	"   state_name
id           
8      reward"
596071.9857999999	0.00010000006295740604	states																																	"    state_name
id            
7   stop_sound"
596072.2678	4.177399999927729	trials	1.0	2.0	80.0	0.8605901734180716	0.0	0.15	True	5395.0	False	False	35802.0	False	Mixed	True	False	0.025	0.0	0.9244868650632148	1.5	9.0													
596072.2678	4.177399999927729	processed_trials			80.0	0.8605901734180716					False				Mixed					0.9244868650632148		9.0	40.0	40.0	True	False	False	0.9245000000000001	0.9245000000000001	20.373136501193883	1.7268	-0.18629057990069478	Right	0.46209999999999996	
596072.2678	1.726799999945797	states																																	"       state_name
id               
3   wait_for_poke"
596073.9946	0.8606000000145286	states																																	"        state_name
id                
1   nose_in_center"
596074.8552	0.0020000000949949026	states																																	"   state_name
id           
5      go_cue"
596074.8572000001	0.9244999999646097	states																																	"            state_name
id                    
6   wait_for_side_poke"
596075.7817	0.09199999994598329	states																																	"         state_name
id                 
4   announce_reward"
596075.8737	0.5714000000152737	states																																	"   state_name
id           
8      reward"
596076.4451	0.00010000006295740604	states																																	"    state_name
id            
7   stop_sound"
596076.7302	5.780400000046939	trials	1.0	2.0	5.0	1.1119779609679095	0.0	0.15	True	5475.0	False	False	35803.0	False	Mixed	True	False	0.025	0.0	3.0559054692853764	1.5	9.0													
596076.7302	5.780400000046939	processed_trials			5.0	1.1119779609679095					False				Mixed					3.0559054692853764		9.0	40.0	40.0	False	True	False			20.373136501193883	3.7471	-0.11467736036150178	Left	1.4087	
596076.7302	3.7471000000368804	states																																	"       state_name
id               
3   wait_for_poke"
596080.4773	0.033300000010058284	states																																	"        state_name
id                
1   nose_in_center"
596080.5106	2.0	states																																	"          state_name
id                  
2   punish_violation"
596082.7982	2.67249999998603	trials	1.0	2.0	5.0	1.111978	0.0	0.15	True	5475.0	False	False	35804.0	False	Mixed	True	True	0.025	0.0	5.231967454810106	1.5	9.0													
596082.7982	2.67249999998603	processed_trials			5.0	1.111978					False				Mixed					5.231967454810106		9.0	40.0	40.0	False	True	False			20.373136501193883	0.5362	-0.2284935691514809	Left	0.5362	
596082.7982	0.5361999999731779	states																																	"       state_name
id               
3   wait_for_poke"
596083.3343999999	0.13630000001285225	states																																	"        state_name
id                
1   nose_in_center"
596083.4707	2.0	states																																	"          state_name
id                  
2   punish_violation"
596085.7619	3.001399999950081	trials	1.0	2.0	5.0	0.9633302395309694	0.0	0.15	True	5475.0	False	False	35805.0	False	Mixed	True	True	0.025	0.0	7.062981114641885	1.5	9.0													
596085.7619	3.001399999950081	processed_trials			5.0	0.9633302395309694					False				Mixed					7.062981114641885		9.0	40.0	40.0	False	True	False			20.373136501193883	0.9452	-0.2139958179306078	Right	0.9452	
596085.7619	0.9451999999582767	states																																	"       state_name
id               
3   wait_for_poke"
596086.7071	0.05619999999180436	states																																	"        state_name
id                
1   nose_in_center"
596086.7633	2.0	states																																	"          state_name
id                  
2   punish_violation"
596089.049	7.37410000001546	trials	1.0	2.0	5.0	1.0589995521253088	0.0	0.15	True	5475.0	False	False	35806.0	False	Mixed	True	True	0.025	0.0	4.304816360529236	1.5	9.0													
596089.049	7.37410000001546	processed_trials			5.0	1.0589995521253088					False				Mixed					4.304816360529236		9.0	40.0	40.0	True	False	False	4.3048	4.3048	20.373136501193883	0.8398	-0.21773191323300392	Right	0.8398	
596089.049	0.8397999999579042	states																																	"       state_name
id               
3   wait_for_poke"
596089.8888	1.059000000008382	states																																	"        state_name
id                
1   nose_in_center"
596090.9478	0.001999999978579581	states																																	"   state_name
id           
5      go_cue"
596090.9498	4.304800000041723	states																																	"            state_name
id                    
6   wait_for_side_poke"
596095.2546	1.1099999999860302	states																																	"         state_name
id                 
4   announce_reward"
596096.3646	0.05839999997988343	states																																	"   state_name
id           
8      reward"
596096.423	0.00010000006295740604	states																																	"    state_name
id            
7   stop_sound"
596096.7112	3.7164999999804422	trials	1.0	2.0	20.0	1.0589996	0.0	0.15	True	5480.0	False	False	35807.0	False	Mixed	True	False	0.025	0.0	2.6376538994233867	1.5	9.0													
596096.7112	3.7164999999804422	processed_trials			20.0	1.0589996					False				Mixed					2.6376538994233867		9.0	40.0	40.0	False	True	False			20.373136501193883	1.6668	-0.1884173893707495	Right	1.0744000000000002	
596096.7112	1.666800000006333	states																																	"       state_name
id               
3   wait_for_poke"
596098.378	0.04969999997410923	states																																	"        state_name
id                
1   nose_in_center"
596098.4277	2.0	states																																	"          state_name
id                  
2   punish_violation"
596100.7184	3.4296000000322238	trials	1.0	2.0	20.0	1.167515540819373	0.0	0.15	True	5480.0	False	False	35808.0	False	Mixed	True	True	0.025	0.0	1.3484006430474067	1.5	9.0													
596100.7184	3.4296000000322238	processed_trials			20.0	1.167515540819373					False				Mixed					1.3484006430474067		9.0	40.0	40.0	False	True	False			20.373136501193883	1.4029	-0.19777180635654026	Right	1.4029	
596100.7184	1.4028999999864027	states																																	"       state_name
id               
3   wait_for_poke"
596102.1213	0.02670000004582107	states																																	"        state_name
id                
1   nose_in_center"
596102.148	2.0	states																																	"          state_name
id                  
2   punish_violation"
596104.439	2.2437999999383464	trials	1.0	2.0	20.0	1.1211121767624808	0.0	0.15	True	5480.0	False	False	35809.0	False	Mixed	True	True	0.025	0.0	4.92520317974598	1.5	9.0													
596104.439	2.2437999999383464	processed_trials			20.0	1.1211121767624808					False				Mixed					4.92520317974598		9.0	40.0	40.0	False	True	False			20.373136501193883	0.18919999999999998	-0.24079361725329745	Left	0.18919999999999998	
596104.439	0.189200000022538	states																																	"       state_name
id               
3   wait_for_poke"
596104.6282	0.05460000003222376	states																																	"        state_name
id                
1   nose_in_center"
596104.6828000001	2.0	states																																	"          state_name
id                  
2   punish_violation"
596106.976	12.096399999922141	trials	1.0	2.0	20.0	1.0951368666000612	0.0	0.15	True	5480.0	True	False	35810.0	False	Mixed	True	True	0.025	0.0	100.0	1.5	9.0													
596106.976	12.096399999922141	processed_trials			20.0	1.0951368666000612					True				Mixed					100.0		9.0	40.0	40.0	False	False	True	9.0098	9.0098	20.373136501193883	1.7894	-0.1840716086869377	Left	1.7894	
596106.976	1.7894000000087544	states																																	"       state_name
id               
3   wait_for_poke"
596108.7654	1.0951000000350177	states																																	"        state_name
id                
1   nose_in_center"
596109.8605000001	0.001999999978579581	states																																	"   state_name
id           
5      go_cue"
596109.8625	9.009799999999814	states																																	"            state_name
id                    
6   wait_for_side_poke"
596118.8723	0.19999999995343387	states																																	"   state_name
id           
0     opt_out"
596119.0723	0.00010000006295740604	states																																	"    state_name
id            
7   stop_sound"
596119.3652	2.774100000038743	trials	1.0	2.0	10.0	1.113865046319177	0.0	0.15	True	5480.0	False	False	35811.0	False	Mixed	True	False	0.025	0.0	1.9459532893359288	1.5	9.0													
596119.3652	2.774100000038743	processed_trials			10.0	1.113865046319177					False				Mixed					1.9459532893359288		9.0	40.0	40.0	False	True	False			20.373136501193883	0.723	-0.2218721023347105	Left	0.723	
596119.3652	0.7229999999981374	states																																	"       state_name
id               
3   wait_for_poke"
596120.0882	0.051100000040605664	states																																	"        state_name
id                
1   nose_in_center"
596120.1393	2.0	states																																	"          state_name
id                  
2   punish_violation"
596122.4312	2.48230000003241	trials	1.0	2.0	10.0	1.0536756161353162	0.0	0.15	True	5480.0	False	False	35812.0	False	Mixed	True	True	0.025	0.0	3.8827992510005216	1.5	9.0													
596122.4312	2.48230000003241	processed_trials			10.0	1.0536756161353162					False				Mixed					3.8827992510005216		9.0	40.0	40.0	False	True	False			20.373136501193883	0.1153	-0.24341313758391483	Right	0.1153	
596122.4312	0.11529999994672835	states																																	"       state_name
id               
3   wait_for_poke"
596122.5464999999	0.3670000000856817	states																																	"        state_name
id                
1   nose_in_center"
596122.9135	2.0	states																																	"          state_name
id                  
2   punish_violation"
596125.2096	6.4618000000482425	trials	1.0	2.0	10.0	0.8189547593832585	0.0	0.15	True	5480.0	False	False	35813.0	False	Mixed	True	True	0.025	0.0	3.8827993	1.5	9.0													
596125.2096	6.4618000000482425	processed_trials			10.0	0.8189547593832585					False				Mixed					3.8827993		9.0	40.0	40.0	True	False	False	3.8828000000000005	3.8828000000000005	20.373136501193883	1.016	-0.2114861827559432	Right	1.016	
596125.2096	1.015999999945052	states																																	"       state_name
id               
3   wait_for_poke"
596126.2255999999	0.8190000000176951	states																																	"        state_name
id                
1   nose_in_center"
596127.0445999999	0.0020000000949949026	states																																	"   state_name
id           
5      go_cue"
596127.0466	3.882799999904819	states																																	"            state_name
id                    
6   wait_for_side_poke"
596130.9293999999	0.6502000000327826	states																																	"         state_name
id                 
4   announce_reward"
596131.5795999999	0.09169999998994172	states																																	"   state_name
id           
8      reward"
596131.6712999999	0.00010000006295740604	states																																	"    state_name
id            
7   stop_sound"
596131.9653	3.628999999957159	trials	1.0	2.0	5.0	0.879084941623728	0.0	0.15	True	5490.0	False	False	35814.0	False	Mixed	True	False	0.025	0.0	3.382827789097825	1.5	9.0													
596131.9653	3.628999999957159	processed_trials			5.0	0.879084941623728					False				Mixed					3.382827789097825		9.0	40.0	40.0	False	True	False			20.373136501193883	1.6111	-0.19039177749545036	Right	0.9099999999999999	
596131.9653	1.6110999999800697	states																																	"       state_name
id               
3   wait_for_poke"
596133.5764	0.017899999977089465	states																																	"        state_name
id                
1   nose_in_center"
596133.5943	2.0	states																																	"          state_name
id                  
2   punish_violation"
596135.8888	2.654700000071898	trials	1.0	2.0	5.0	1.1726179669768666	0.0	0.15	True	5490.0	False	False	35815.0	False	Mixed	True	True	0.025	0.0	0.14278119458785857	1.5	9.0													
596135.8888	2.654700000071898	processed_trials			5.0	1.1726179669768666					False				Mixed					0.14278119458785857		9.0	40.0	40.0	True	False	False	0.14279999999999982	0.14279999999999982	20.373136501193883	0.6932	-0.22292841770483768	Left	0.6932	
596135.8888	0.6931999999796972	states																																	"       state_name
id               
3   wait_for_poke"
596136.5819999999	1.1726000000489876	states																																	"        state_name
id                
1   nose_in_center"
596137.7546	0.001999999978579581	states																																	"   state_name
id           
5      go_cue"
596137.7566	0.14280000003054738	states																																	"            state_name
id                    
6   wait_for_side_poke"
596137.8994	0.5900999999139458	states																																	"         state_name
id                 
4   announce_reward"
596138.4894999999	0.053900000057183206	states																																	"   state_name
id           
8      reward"
596138.5434	9.999994654208422e-05	states																																	"    state_name
id            
7   stop_sound"
596138.8534	4.4002000000327826	trials	1.0	2.0	5.0	1.172618	0.0	0.15	True	5495.0	False	False	35816.0	False	Mixed	True	False	0.025	0.0	0.14278119	1.5	9.0													
596138.8534	4.4002000000327826	processed_trials			5.0	1.172618					False				Mixed					0.14278119		9.0	40.0	40.0	True	False	False	0.14280000000000026	0.14280000000000026	20.373136501193883	1.6176	-0.19016137313619438	Right	0.5025999999999999	
596138.8534	1.6175999999977648	states																																	"       state_name
id               
3   wait_for_poke"
596140.471	1.1726000000489876	states																																	"        state_name
id                
1   nose_in_center"
596141.6436000001	0.001999999978579581	states																																	"   state_name
id           
5      go_cue"
596141.6456	0.14280000003054738	states																																	"            state_name
id                    
6   wait_for_side_poke"
596141.7884000001	1.4066999999340624	states																																	"         state_name
id                 
4   announce_reward"
596143.1951	0.05839999997988343	states																																	"   state_name
id           
8      reward"
596143.2535	0.00010000006295740604	states																																	"    state_name
id            
7   stop_sound"
596143.5531	3.4760999999707565	trials	1.0	2.0	5.0	0.872718565604894	0.0	0.15	True	5500.0	False	False	35817.0	False	Mixed	True	False	0.025	0.0	3.8701283747544855	1.5	9.0													
596143.5531	3.4760999999707565	processed_trials			5.0	0.872718565604894					False				Mixed					3.8701283747544855		9.0	40.0	40.0	False	True	False			20.373136501193883	1.4725	-0.19530470737127675	Right	0.9260999999999999	
596143.5531	1.4725000000325963	states																																	"       state_name
id               
3   wait_for_poke"
596145.0256	0.003599999938160181	states																																	"        state_name
id                
1   nose_in_center"
596145.0292	2.0	states																																	"          state_name
id                  
2   punish_violation"
596147.3253	2.870799999916926	trials	1.0	2.0	5.0	0.9134830483679074	0.0	0.15	True	5500.0	False	False	35818.0	False	Mixed	True	True	0.025	0.0	2.1542218613103405	1.5	9.0													
596147.3253	2.870799999916926	processed_trials			5.0	0.9134830483679074					False				Mixed					2.1542218613103405		9.0	40.0	40.0	False	True	False			20.373136501193883	0.713	-0.22222657057971962	Right	0.713	
596147.3253	0.7129999999888241	states																																	"       state_name
id               
3   wait_for_poke"
596148.0383	0.15780000004451722	states																																	"        state_name
id                
1   nose_in_center"
596148.1961000001	2.0	states																																	"          state_name
id                  
2   punish_violation"
596150.4916	22.29190000006929	trials	1.0	2.0	5.0	0.995384515224352	0.0	0.15	True	5500.0	False	False	35819.0	False	Mixed	True	True	0.025	0.0	2.1542219	1.5	9.0													
596150.4916	22.29190000006929	processed_trials			5.0	0.995384515224352					False				Mixed					2.1542219		9.0	40.0	40.0	False	True	False			20.373136501193883	20.0326	0.4625919000481044	Right	20.0326	
596150.4916	20.032600000035018	states																																	"       state_name
id               
3   wait_for_poke"
596170.5242	0.25929999991785735	states																																	"        state_name
id                
1   nose_in_center"
596170.7834999999	2.0	states																																	"          state_name
id                  
2   punish_violation"
596173.0888	60.03509999997914	trials	1.0	2.0	5.0	1.0803719742004905	0.0	0.15	True	5500.0	False	False	35820.0	False	Mixed	True	True	0.025	0.0	5.05422394665402	1.5	9.0													
596173.0888	60.03509999997914	processed_trials			5.0	1.0803719742004905					False				Mixed					5.05422394665402		9.0	40.0	40.0	False	True	False			20.373136501193883	57.827	1.802283363965382	Left	57.827	
596173.0888	57.82700000004843	states																																	"       state_name
id               
3   wait_for_poke"
596230.9158000001	0.2080999999307096	states																																	"        state_name
id                
1   nose_in_center"
596231.1239	2.0	states																																	"          state_name
id                  
2   punish_violation"
596233.425	3.26949999993667	trials	1.0	2.0	5.0	1.1047787524277206	0.0	0.15	True	5500.0	False	False	35821.0	False	Mixed	True	True	0.025	0.0	0.4165149893657139	1.5	9.0													
596233.425	3.26949999993667	processed_trials			5.0	1.1047787524277206					False				Mixed					0.4165149893657139		9.0	40.0	40.0	False	True	False			20.373136501193883	0.9163	-0.21502023115868416	Left	0.9163	
596233.425	0.9163000000407919	states																																	"       state_name
id               
3   wait_for_poke"
596234.3413000001	0.35320000001229346	states																																	"        state_name
id                
1   nose_in_center"
596234.6945000001	2.0	states																																	"          state_name
id                  
2   punish_violation"
596237.0015	7.8687999999383464	trials	1.0	2.0	5.0	1.1844598780282392	0.0	0.15	True	5500.0	False	False	35822.0	False	Mixed	True	True	0.025	0.0	3.798028007611517	1.5	9.0													
596237.0015	7.8687999999383464	processed_trials			5.0	1.1844598780282392					False				Mixed					3.798028007611517		9.0	40.0	40.0	True	False	False	3.7980000000000005	3.7980000000000005	20.373136501193883	2.7185	-0.15113796404314012	Left	2.7185	
596237.0015	2.718499999959022	states																																	"       state_name
id               
3   wait_for_poke"
596239.72	1.1845000000903383	states																																	"        state_name
id                
1   nose_in_center"
596240.9045000001	0.001999999978579581	states																																	"   state_name
id           
5      go_cue"
596240.9065	3.7979999999515712	states																																	"            state_name
id                    
6   wait_for_side_poke"
596244.7045	0.11180000007152557	states																																	"         state_name
id                 
4   announce_reward"
596244.8163000001	0.053899999940767884	states																																	"   state_name
id           
8      reward"
596244.8702	0.00010000006295740604	states																																	"    state_name
id            
7   stop_sound"
596245.1766	20.565100000007078	trials	1.0	2.0	80.0	0.8302970185407416	0.0	0.15	True	5505.0	True	False	35823.0	False	Mixed	True	False	0.025	0.0	100.0	1.5	9.0													
596245.1766	20.565100000007078	processed_trials			80.0	0.8302970185407416					True				Mixed					100.0		9.0	40.0	40.0	False	False	True	17.886899999999997	17.886899999999997	20.373136501193883	1.6458	-0.18916177268526865	Left	0.6167	
596245.1766	1.6458000000566244	states																																	"       state_name
id               
3   wait_for_poke"
596246.8224000001	0.8302999999141321	states																																	"        state_name
id                
1   nose_in_center"
596247.6527	0.001999999978579581	states																																	"   state_name
id           
5      go_cue"
596247.6547	17.88690000004135	states																																	"            state_name
id                    
6   wait_for_side_poke"
596265.5416	0.19999999995343387	states																																	"   state_name
id           
0     opt_out"
596265.7416	0.00010000006295740604	states																																	"    state_name
id            
7   stop_sound"
596266.0437	2.9656999999424443	trials	1.0	2.0	40.0	0.8469280466538671	0.0	0.15	True	5505.0	False	False	35824.0	False	Mixed	True	False	0.025	0.0	0.27613828080089764	1.5	9.0													
596266.0437	2.9656999999424443	processed_trials			40.0	0.8469280466538671					False				Mixed					0.27613828080089764		9.0	40.0	40.0	True	False	False	0.27610000000000023	0.27610000000000023	20.373136501193883	0.4849	-0.2303119912483777	Right	0.4849	
596266.0437	0.4849000000394881	states																																	"       state_name
id               
3   wait_for_poke"
596266.5286000001	0.8469000000040978	states																																	"        state_name
id                
1   nose_in_center"
596267.3755000001	0.001999999978579581	states																																	"   state_name
id           
5      go_cue"
596267.3775000001	0.2761000000173226	states																																	"            state_name
id                    
6   wait_for_side_poke"
596267.6536000001	1.06160000001546	states																																	"         state_name
id                 
4   announce_reward"
596268.7152000001	0.29409999994095415	states																																	"   state_name
id           
8      reward"
596269.0093	9.999994654208422e-05	states																																	"    state_name
id            
7   stop_sound"
596269.3158	5.202000000048429	trials	1.0	2.0	80.0	1.0557585738242454	0.0	0.15	True	5545.0	False	False	35825.0	False	Mixed	True	False	0.025	0.0	0.527990866308179	1.5	9.0													
596269.3158	5.202000000048429	processed_trials			80.0	1.0557585738242454					False				Mixed					0.527990866308179		9.0	40.0	40.0	True	False	False	0.5279999999999996	0.5279999999999996	20.373136501193883	2.7835	-0.14883392045058083	Right	1.3972000000000002	
596269.3158	2.7835000000195578	states																																	"       state_name
id               
3   wait_for_poke"
596272.0993	1.0557999999728054	states																																	"        state_name
id                
1   nose_in_center"
596273.1551	0.001999999978579581	states																																	"   state_name
id           
5      go_cue"
596273.1571	0.5280000000493601	states																																	"            state_name
id                    
6   wait_for_side_poke"
596273.6851	0.26119999994989485	states																																	"         state_name
id                 
4   announce_reward"
596273.9463	0.5714000000152737	states																																	"   state_name
id           
8      reward"
596274.5177	0.00010000006295740604	states																																	"    state_name
id            
7   stop_sound"
596274.8216	5.783300000010058	trials	1.0	2.0	5.0	1.0265412881711506	0.0	0.15	True	5625.0	False	False	35826.0	False	Mixed	True	False	0.025	0.0	3.3427185792696346	1.5	9.0													
596274.8216	5.783300000010058	processed_trials			5.0	1.0265412881711506					False				Mixed					3.3427185792696346		9.0	40.0	40.0	False	True	False			20.373136501193883	3.7591	-0.11425199846749083	Right	3.7591	
596274.8216	3.759100000024773	states																																	"       state_name
id               
3   wait_for_poke"
596278.5807	0.024199999985285103	states																																	"        state_name
id                
1   nose_in_center"
596278.6049	2.0	states																																	"          state_name
id                  
2   punish_violation"
596280.9063	3.262400000006892	trials	1.0	2.0	5.0	1.0265413	0.0	0.15	True	5625.0	True	False	35827.0	False	Mixed	True	True	0.025	0.0	100.0	1.5	9.0													
596280.9063	3.262400000006892	processed_trials			5.0	1.0265413					True				Mixed					100.0		9.0	40.0	40.0	False	True	False			20.373136501193883	1.229	-0.20393600913724888	Left	1.229	
596280.9063	1.2290000000502914	states																																	"       state_name
id               
3   wait_for_poke"
596282.1353000001	0.03339999995660037	states																																	"        state_name
id                
1   nose_in_center"
596282.1687	2.0	states																																	"          state_name
id                  
2   punish_violation"
596284.4705	2.406099999905564	trials	1.0	2.0	5.0	0.9819227862640845	0.0	0.15	True	5625.0	False	False	35828.0	False	Mixed	True	True	0.025	0.0	1.8037206905962597	1.5	9.0													
596284.4705	2.406099999905564	processed_trials			5.0	0.9819227862640845					False				Mixed					1.8037206905962597		9.0	40.0	40.0	False	True	False			20.373136501193883	0.12129999999999999	-0.2432004566369094	Left	0.12129999999999999	
596284.4705	0.12129999999888241	states																																	"       state_name
id               
3   wait_for_poke"
596284.5918	0.2848000000230968	states																																	"        state_name
id                
1   nose_in_center"
596284.8766000001	2.0	states																																	"          state_name
id                  
2   punish_violation"
596287.1861	3.0708999999333173	trials	1.0	2.0	5.0	1.1028806064898042	0.0	0.15	True	5625.0	False	False	35829.0	False	Mixed	True	True	0.025	0.0	0.6400845125059074	1.5	9.0													
596287.1861	3.0708999999333173	processed_trials			5.0	1.1028806064898042					False				Mixed					0.6400845125059074		9.0	40.0	40.0	True	False	False	0.6400999999999999	0.6400999999999999	20.373136501193883	1.1556	-0.20653780605561586	Left	1.1556	
596287.1861	1.1556000000564381	states																																	"       state_name
id               
3   wait_for_poke"
596288.3417000001	1.1028999999398366	states																																	"        state_name
id                
1   nose_in_center"
596289.4446	0.001999999978579581	states																																	"   state_name
id           
5      go_cue"
596289.4466	0.6401000000769272	states																																	"            state_name
id                    
6   wait_for_side_poke"
596290.0867000001	0.1162999999942258	states																																	"         state_name
id                 
4   announce_reward"
596290.2030000001	0.053899999940767884	states																																	"   state_name
id           
8      reward"
596290.2569	0.00010000006295740604	states																																	"    state_name
id            
7   stop_sound"
596290.5665	5.406100000021979	trials	1.0	2.0	40.0	0.922254544435146	0.0	0.15	True	5630.0	False	False	35830.0	False	Mixed	True	False	0.025	0.0	1.1136939560299624	1.5	9.0													
596290.5665	5.406100000021979	processed_trials			40.0	0.922254544435146					False				Mixed					1.1136939560299624		9.0	40.0	40.0	True	False	False	1.1137000000000001	1.1137000000000001	20.373136501193883	2.4021999999999997	-0.16234979463277868	Left	0.5201999999999998	
596290.5665	2.402200000011362	states																																	"       state_name
id               
3   wait_for_poke"
596292.9687	0.9222999999765307	states																																	"        state_name
id                
1   nose_in_center"
596293.891	0.001999999978579581	states																																	"   state_name
id           
5      go_cue"
596293.8929999999	1.1136999999871477	states																																	"            state_name
id                    
6   wait_for_side_poke"
596295.0066999999	0.6890000000130385	states																																	"         state_name
id                 
4   announce_reward"
596295.6956999999	0.27679999999236315	states																																	"   state_name
id           
8      reward"
596295.9724999999	0.00010000006295740604	states																																	"    state_name
id            
7   stop_sound"
596296.2831	6.712599999969825	trials	1.0	2.0	10.0	0.9043325055933695	0.0	0.15	True	5670.0	False	False	35831.0	False	Mixed	True	False	0.025	0.0	1.6849956501893624	1.5	9.0													
596296.2831	6.712599999969825	processed_trials			10.0	0.9043325055933695					False				Mixed					1.6849956501893624		9.0	40.0	40.0	False	True	False			20.373136501193883	4.0795	-0.10289483589739855	Right	1.6760000000000002	
596296.2831	4.079499999992549	states																																	"       state_name
id               
3   wait_for_poke"
596300.3626	0.6330999999772757	states																																	"        state_name
id                
1   nose_in_center"
596300.9957	2.0	states																																	"          state_name
id                  
2   punish_violation"
596303.3039	2.1299999998882413	trials	1.0	2.0	10.0	0.8099662372310916	0.0	0.15	True	5670.0	False	False	35832.0	False	Mixed	True	True	0.025	0.0	6.865888386832866	1.5	9.0													
596303.3039	2.1299999998882413	processed_trials			10.0	0.8099662372310916					False				Mixed					6.865888386832866		9.0	40.0	40.0	False	True	False			20.373136501193883	0.0099	-0.24714923288631102	Left	0.0099	
596303.3039	0.00989999994635582	states																																	"       state_name
id               
3   wait_for_poke"
596303.3138	0.1201000000583008	states																																	"        state_name
id                
1   nose_in_center"
596303.4339000001	2.0	states																																	"          state_name
id                  
2   punish_violation"
596305.7446	38.862700000056066	trials	1.0	2.0	10.0	1.1056119117086558	0.0	0.15	True	5670.0	False	False	35833.0	False	Mixed	True	True	0.025	0.0	2.1726904757133756	1.5	9.0													
596305.7446	38.862700000056066	processed_trials			10.0	1.1056119117086558					False				Mixed					2.1726904757133756		9.0	40.0	40.0	True	False	False	2.172700000000006	2.172700000000006	20.373136501193883	35.4555	1.009284729643224	Left	35.4555	
596305.7446	35.45550000004005	states																																	"       state_name
id               
3   wait_for_poke"
596341.2001	1.105600000009872	states																																	"        state_name
id                
1   nose_in_center"
596342.3057	0.001999999978579581	states																																	"   state_name
id           
5      go_cue"
596342.3077	2.1726999999955297	states																																	"            state_name
id                    
6   wait_for_side_poke"
596344.4804	0.04139999998733401	states																																	"         state_name
id                 
4   announce_reward"
596344.5218	0.08539999998174608	states																																	"   state_name
id           
8      reward"
596344.6072	0.00010000006295740604	states																																	"    state_name
id            
7   stop_sound"
596344.9151	4.319200000027195	trials	1.0	2.0	20.0	0.8838120902346901	0.0	0.15	True	5680.0	True	False	35834.0	False	Mixed	True	False	0.025	0.0	100.0	1.5	9.0													
596344.9151	4.319200000027195	processed_trials			20.0	0.8838120902346901					True				Mixed					100.0		9.0	40.0	40.0	False	True	False			20.373136501193883	2.1165	-0.17247695239268931	Left	0.7382999999999997	
596344.9151	2.1165000000037253	states																																	"       state_name
id               
3   wait_for_poke"
596347.0316	0.20270000002346933	states																																	"        state_name
id                
1   nose_in_center"
596347.2343	2.0	states																																	"          state_name
id                  
2   punish_violation"
596349.5444	3.3567999999504536	trials	1.0	2.0	20.0	1.1230379411968938	0.0	0.15	True	5680.0	False	False	35835.0	False	Mixed	True	True	0.025	0.0	0.4895456788719095	1.5	9.0													
596349.5444	3.3567999999504536	processed_trials			20.0	1.1230379411968938					False				Mixed					0.4895456788719095		9.0	40.0	40.0	False	True	False			20.373136501193883	0.78	-0.2198516333381585	Right	0.78	
596349.5444	0.7800000000279397	states																																	"       state_name
id               
3   wait_for_poke"
596350.3244	0.576799999922514	states																																	"        state_name
id                
1   nose_in_center"
596350.9012	2.0	states																																	"          state_name
id                  
2   punish_violation"
596353.2173	12.104900000034831	trials	1.0	2.0	20.0	1.002592885385989	0.0	0.15	True	5680.0	False	False	35836.0	False	Mixed	True	True	0.025	0.0	4.709284505148092	1.5	9.0													
596353.2173	12.104900000034831	processed_trials			20.0	1.002592885385989					False				Mixed					4.709284505148092		9.0	40.0	40.0	False	True	False			20.373136501193883	9.996799999999999	0.10685465872184939	Left	9.996799999999999	
596353.2173	9.996799999964423	states																																	"       state_name
id               
3   wait_for_poke"
596363.2141	0.10810000007040799	states																																	"        state_name
id                
1   nose_in_center"
596363.3222	2.0	states																																	"          state_name
id                  
2   punish_violation"
596365.6355	10.197999999974854	trials	1.0	2.0	20.0	1.109127578085768	0.0	0.15	True	5680.0	False	False	35837.0	False	Mixed	True	True	0.025	0.0	0.02420664967751134	1.5	9.0													
596365.6355	10.197999999974854	processed_trials			20.0	1.109127578085768					False				Mixed					0.02420664967751134		9.0	40.0	40.0	False	True	False			20.373136501193883	7.9307	0.033617974620514655	Left	7.9307	
596365.6355	7.930700000026263	states																																	"       state_name
id               
3   wait_for_poke"
596373.5662	0.267299999948591	states																																	"        state_name
id                
1   nose_in_center"
596373.8335	2.0	states																																	"          state_name
id                  
2   punish_violation"
596376.147	4.537600000039674	trials	1.0	2.0	20.0	1.1091276	0.0	0.15	True	5680.0	False	False	35838.0	False	Mixed	True	True	0.025	0.0	2.5346214711816972	1.5	9.0													
596376.147	4.537600000039674	processed_trials			20.0	1.1091276					False				Mixed					2.5346214711816972		9.0	40.0	40.0	True	False	False	2.5345999999999997	2.5345999999999997	20.373136501193883	0.614	-0.22573580620530992	Right	0.614	
596376.147	0.6139999999431893	states																																	"       state_name
id               
3   wait_for_poke"
596376.7609999999	1.1091000000014901	states																																	"        state_name
id                
1   nose_in_center"
596377.8701	0.0020000000949949026	states																																	"   state_name
id           
5      go_cue"
596377.8721	2.5346000000135973	states																																	"            state_name
id                    
6   wait_for_side_poke"
596380.4067	0.11919999995734543	states																																	"         state_name
id                 
4   announce_reward"
596380.5259	0.15859999996609986	states																																	"   state_name
id           
8      reward"
596380.6845	0.00010000006295740604	states																																	"    state_name
id            
7   stop_sound"
596380.997	5.670099999988452	trials	1.0	2.0	5.0	0.8039240676451482	0.0	0.15	True	5700.0	False	False	35839.0	False	Mixed	True	False	0.025	0.0	1.5699727841722646	1.5	9.0													
596380.997	5.670099999988452	processed_trials			5.0	0.8039240676451482					False				Mixed					1.5699727841722646		9.0	40.0	40.0	False	True	False			20.373136501193883	3.6134	-0.11941660079727376	Left	1.5177999999999998	
596380.997	3.613400000031106	states																																	"       state_name
id               
3   wait_for_poke"
596384.6104	0.056699999957345426	states																																	"        state_name
id                
1   nose_in_center"
596384.6671	2.0	states																																	"          state_name
id                  
2   punish_violation"
596386.9809	6.363899999996647	trials	1.0	2.0	5.0	0.8427707049633305	0.0	0.15	True	5700.0	False	False	35840.0	False	Mixed	True	True	0.025	0.0	1.8380019058287054	1.5	9.0													
596386.9809	6.363899999996647	processed_trials			5.0	0.8427707049633305					False				Mixed					1.8380019058287054		9.0	40.0	40.0	False	True	False			20.373136501193883	4.1445	-0.10059079230483926	Right	4.1445	
596386.9809	4.144500000053085	states																																	"       state_name
id               
3   wait_for_poke"
596391.1254	0.21939999994356185	states																																	"        state_name
id                
1   nose_in_center"
596391.3448	2.0	states																																	"          state_name
id                  
2   punish_violation"
596393.6621	122.17520000005607	trials	1.0	2.0	5.0	0.8892788513104029	0.0	0.15	True	5700.0	True	False	35841.0	False	Mixed	True	True	0.025	0.0	100.0	1.5	9.0													
596393.6621	122.17520000005607	processed_trials			5.0	0.8892788513104029					True				Mixed					100.0		9.0	40.0	40.0	False	True	False			20.373136501193883	120.12769999999999	4.010645343149365	Left	120.12769999999999	
596393.6621	120.12769999995362	states																																	"       state_name
id               
3   wait_for_poke"
596513.7897999999	0.04750000010244548	states																																	"        state_name
id                
1   nose_in_center"
596513.8373	2.0	states																																	"          state_name
id                  
2   punish_violation"
596516.1536	116.24210000003222	trials	1.0	2.0	5.0	1.0405517439526764	0.0	0.15	True	5700.0	False	False	35842.0	False	Mixed	True	True	0.025	0.0	2.967185079089312	1.5	9.0													
596516.1536	116.24210000003222	processed_trials			5.0	1.0405517439526764					False				Mixed					2.967185079089312		9.0	40.0	40.0	True	False	False	2.967199999999991	2.967199999999991	20.373136501193883	112.01989999999999	3.723249579460869	Left	112.01989999999999	
596516.1536	112.01989999995567	states																																	"       state_name
id               
3   wait_for_poke"
596628.1734999999	1.0406000000657514	states																																	"        state_name
id                
1   nose_in_center"
596629.2141	0.001999999978579581	states																																	"   state_name
id           
5      go_cue"
596629.2161	2.967199999955483	states																																	"            state_name
id                    
6   wait_for_side_poke"
596632.1832999999	0.1584000000730157	states																																	"         state_name
id                 
4   announce_reward"
596632.3417	0.053899999940767884	states																																	"   state_name
id           
8      reward"
596632.3955999999	0.00010000006295740604	states																																	"    state_name
id            
7   stop_sound"
596632.7128	5.746099999989383	trials	1.0	2.0	5.0	1.0405517	0.0	0.15	True	5705.0	False	False	35843.0	False	Mixed	True	False	0.025	0.0	1.7102306359172852	1.5	9.0													
596632.7128	5.746099999989383	processed_trials			5.0	1.0405517					False				Mixed					1.7102306359172852		9.0	40.0	40.0	False	True	False			20.373136501193883	3.6546999999999996	-0.1179526469453861	Right	1.1500999999999997	
596632.7128	3.654699999955483	states																																	"       state_name
id               
3   wait_for_poke"
596636.3674999999	0.09140000003390014	states																																	"        state_name
id                
1   nose_in_center"
596636.4589	2.0	states																																	"          state_name
id                  
2   punish_violation"
596638.7677	14.10820000001695	trials	1.0	2.0	5.0	1.176597738160753	0.0	0.15	True	5705.0	False	False	35844.0	False	Mixed	True	True	0.025	0.0	1.350213353293321	1.5	9.0													
596638.7677	14.10820000001695	processed_trials			5.0	1.176597738160753					False				Mixed					1.350213353293321		9.0	40.0	40.0	False	True	False			20.373136501193883	11.745	0.1688227973143442	Right	11.745	
596638.7677	11.744999999995343	states																																	"       state_name
id               
3   wait_for_poke"
596650.5127	0.3632000000216067	states																																	"        state_name
id                
1   nose_in_center"
596650.8759	2.0	states																																	"          state_name
id                  
2   punish_violation"
596653.1959	60.69269999989774	trials	1.0	2.0	5.0	0.9514643957250444	0.0	0.15	True	5705.0	False	False	35845.0	False	Mixed	True	True	0.025	0.0	2.578081156031468	1.5	9.0													
596653.1959	60.69269999989774	processed_trials			5.0	0.9514643957250444					False				Mixed					2.578081156031468		9.0	40.0	40.0	False	True	False			20.373136501193883	58.381699999999995	1.8219457175160378	Left	58.381699999999995	
596653.1959	58.381700000027195	states																																	"       state_name
id               
3   wait_for_poke"
596711.5776000001	0.3109999999869615	states																																	"        state_name
id                
1   nose_in_center"
596711.8886000001	2.0	states																																	"          state_name
id                  
2   punish_violation"
596714.2167	4.43550000002142	trials	1.0	2.0	5.0	1.0085274165923421	0.0	0.15	True	5705.0	False	False	35846.0	False	Mixed	True	True	0.025	0.0	0.722208970483117	1.5	9.0													
596714.2167	4.43550000002142	processed_trials			5.0	1.0085274165923421					False				Mixed					0.722208970483117		9.0	40.0	40.0	False	True	False			20.373136501193883	2.1233	-0.1722359139860831	Left	2.1233	
596714.2167	2.123299999977462	states																																	"       state_name
id               
3   wait_for_poke"
596716.34	0.3122000000439584	states																																	"        state_name
id                
1   nose_in_center"
596716.6522	2.0	states																																	"          state_name
id                  
2   punish_violation"
596718.9698	177.27820000005886	trials	1.0	2.0	5.0	0.8413415854344056	0.0	0.15	True	5705.0	False	False	35847.0	False	Mixed	True	True	0.025	0.0	4.515884658460786	1.5	9.0													
596718.9698	177.27820000005886	processed_trials			5.0	0.8413415854344056					False				Mixed					4.515884658460786		9.0	40.0	40.0	True	False	False	4.515899999999988	4.515899999999988	20.373136501193883	171.2311	5.822098594349283	Left	171.2311	
596718.9698	171.2310999999754	states																																	"       state_name
id               
3   wait_for_poke"
596890.2008999999	0.8412999999709427	states																																	"        state_name
id                
1   nose_in_center"
596891.0421999999	0.0020000000949949026	states																																	"   state_name
id           
5      go_cue"
596891.0442	4.51589999999851	states																																	"            state_name
id                    
6   wait_for_side_poke"
596895.5601	0.6339000000152737	states																																	"         state_name
id                 
4   announce_reward"
596896.194	0.053899999940767884	states																																	"   state_name
id           
8      reward"
596896.2479	9.999994654208422e-05	states																																	"    state_name
id            
7   stop_sound"
596896.5739	16.740400000009686	trials	1.0	2.0	80.0	0.9427394080253875	0.0	0.15	True	5710.0	True	False	35848.0	False	Mixed	True	False	0.025	0.0	100.0	1.5	9.0													
596896.5739	16.740400000009686	processed_trials			80.0	0.9427394080253875					True				Mixed					100.0		9.0	40.0	40.0	False	False	True	14.213399999999998	14.213399999999998	20.373136501193883	1.3822	-0.19850555562370914	Right	0.6966000000000001	
596896.5739	1.3821999999927357	states																																	"       state_name
id               
3   wait_for_poke"
596897.9561	0.9427000000141561	states																																	"        state_name
id                
1   nose_in_center"
596898.8988	0.001999999978579581	states																																	"   state_name
id           
5      go_cue"
596898.9008	14.213400000007823	states																																	"            state_name
id                    
6   wait_for_side_poke"
596913.1142	0.19999999995343387	states																																	"   state_name
id           
0     opt_out"
596913.3141999999	0.00010000006295740604	states																																	"    state_name
id            
7   stop_sound"
596913.6477	5.370800000033341	trials	1.0	2.0	80.0	1.0602262062157075	0.0	0.15	True	5710.0	False	False	35849.0	False	Mixed	True	False	0.025	0.0	3.2980812865423577	1.5	9.0													
596913.6477	5.370800000033341	processed_trials			80.0	1.0602262062157075					False				Mixed					3.2980812865423577		9.0	40.0	40.0	True	False	False	3.2981	3.2981	20.373136501193883	0.43860000000000005	-0.23195317922276992	Left	0.43860000000000005	
596913.6477	0.43859999999403954	states																																	"       state_name
id               
3   wait_for_poke"
596914.0863	1.0601999999489635	states																																	"        state_name
id                
1   nose_in_center"
596915.1464999999	0.0020000000949949026	states																																	"   state_name
id           
5      go_cue"
596915.1485	3.2981000000145286	states																																	"            state_name
id                    
6   wait_for_side_poke"
596918.4466	0.03429999994114041	states																																	"         state_name
id                 
4   announce_reward"
596918.4809	0.5374999999767169	states																																	"   state_name
id           
8      reward"
596919.0184	0.00010000006295740604	states																																	"    state_name
id            
7   stop_sound"
596919.3422	6.541500000050291	trials	1.0	2.0	5.0	1.0123228634883765	0.0	0.15	True	5790.0	False	False	35850.0	False	Mixed	True	False	0.025	0.0	12.268428571175257	1.5	9.0													
596919.3422	6.541500000050291	processed_trials			5.0	1.0123228634883765					False				Mixed					12.268428571175257		9.0	40.0	40.0	False	True	False			20.373136501193883	4.3788	-0.09228560132427552	Right	0.44910000000000005	
596919.3422	4.37879999994766	states																																	"       state_name
id               
3   wait_for_poke"
596923.7209999999	0.16270000010263175	states																																	"        state_name
id                
1   nose_in_center"
596923.8837	2.0	states																																	"          state_name
id                  
2   punish_violation"
596926.21	2.862100000027567	trials	1.0	2.0	5.0	1.1951155256818358	0.0	0.15	True	5790.0	False	False	35851.0	False	Mixed	True	True	0.025	0.0	0.7468254453409063	1.5	9.0													
596926.21	2.862100000027567	processed_trials			5.0	1.1951155256818358					False				Mixed					0.7468254453409063		9.0	40.0	40.0	True	False	False	0.7468000000000001	0.7468000000000001	20.373136501193883	0.5612	-0.2276073985389581	Left	0.5612	
596926.21	0.561199999996461	states																																	"       state_name
id               
3   wait_for_poke"
596926.7712	1.1951000000117347	states																																	"        state_name
id                
1   nose_in_center"
596927.9663	0.001999999978579581	states																																	"   state_name
id           
5      go_cue"
596927.9683	0.7467999999644235	states																																	"            state_name
id                    
6   wait_for_side_poke"
596928.7150999999	0.30300000007264316	states																																	"         state_name
id                 
4   announce_reward"
596929.0181	0.053899999940767884	states																																	"   state_name
id           
8      reward"
596929.0719999999	0.00010000006295740604	states																																	"    state_name
id            
7   stop_sound"
596929.398	3.4584999999497086	trials	1.0	2.0	10.0	1.1951155	0.0	0.15	True	5795.0	True	False	35852.0	False	Mixed	True	False	0.025	0.0	100.0	1.5	9.0													
596929.398	3.4584999999497086	processed_trials			10.0	1.1951155					True				Mixed					100.0		9.0	40.0	40.0	False	True	False			20.373136501193883	1.2975	-0.2015079016589364	Left	0.5671000000000002	
596929.398	1.2974999999860302	states																																	"       state_name
id               
3   wait_for_poke"
596930.6955	0.16099999996367842	states																																	"        state_name
id                
1   nose_in_center"
596930.8565	2.0	states																																	"          state_name
id                  
2   punish_violation"
596933.1853	2.8843999999808148	trials	1.0	2.0	10.0	1.131866259366717	0.0	0.15	True	5795.0	False	False	35853.0	False	Mixed	True	True	0.025	0.0	0.010416162949790319	1.5	9.0													
596933.1853	2.8843999999808148	processed_trials			10.0	1.131866259366717					False				Mixed					0.010416162949790319		9.0	40.0	40.0	False	True	False			20.373136501193883	0.8342	-0.21793041545020905	Left	0.8342	
596933.1853	0.8342000000411645	states																																	"       state_name
id               
3   wait_for_poke"
596934.0195	0.0501999999396503	states																																	"        state_name
id                
1   nose_in_center"
596934.0697	2.0	states																																	"          state_name
id                  
2   punish_violation"
596936.3971	2.799200000008568	trials	1.0	2.0	10.0	1.1318663	0.0	0.15	True	5795.0	False	False	35854.0	False	Mixed	True	True	0.025	0.0	0.7857914252076916	1.5	9.0													
596936.3971	2.799200000008568	processed_trials			10.0	1.1318663					False				Mixed					0.7857914252076916		9.0	40.0	40.0	False	True	False			20.373136501193883	0.48610000000000003	-0.23026945505897659	Right	0.48610000000000003	
596936.3971	0.4860999999800697	states																																	"       state_name
id               
3   wait_for_poke"
596936.8831999999	0.31310000002849847	states																																	"        state_name
id                
1   nose_in_center"
596937.1963	2.0	states																																	"          state_name
id                  
2   punish_violation"
596939.5289	7.854899999918416	trials	1.0	2.0	10.0	0.8814747780961752	0.0	0.15	True	5795.0	False	False	35855.0	False	Mixed	True	True	0.025	0.0	0.78579143	1.5	9.0													
596939.5289	7.854899999918416	processed_trials			10.0	0.8814747780961752					False				Mixed					0.78579143		9.0	40.0	40.0	True	False	False	0.7857999999999992	0.7857999999999992	20.373136501193883	5.972600000000001	-0.03579045243472157	Left	5.972600000000001	
596939.5289	5.972599999979138	states																																	"       state_name
id               
3   wait_for_poke"
596945.5015	0.8815000000176951	states																																	"        state_name
id                
1   nose_in_center"
596946.383	0.001999999978579581	states																																	"   state_name
id           
5      go_cue"
596946.385	0.7858000000705943	states																																	"            state_name
id                    
6   wait_for_side_poke"
596947.1708000001	0.12749999994412065	states																																	"         state_name
id                 
4   announce_reward"
596947.2983	0.08539999998174608	states																																	"   state_name
id           
8      reward"
596947.3837	0.00010000006295740604	states																																	"    state_name
id            
7   stop_sound"
596947.7182	6.649499999941327	trials	1.0	2.0	10.0	0.9567380570889654	0.0	0.15	True	5805.0	False	False	35856.0	False	Mixed	True	False	0.025	0.0	2.974654556019283	1.5	9.0													
596947.7182	6.649499999941327	processed_trials			10.0	0.9567380570889654					False				Mixed					2.974654556019283		9.0	40.0	40.0	True	False	False	2.9747	2.9747	20.373136501193883	2.58	-0.15604734923651645	Left	0.7746	
596947.7182	2.5799999999580905	states																																	"       state_name
id               
3   wait_for_poke"
596950.2982	0.9567000000970438	states																																	"        state_name
id                
1   nose_in_center"
596951.2549	0.001999999978579581	states																																	"   state_name
id           
5      go_cue"
596951.2569	2.9747000000206754	states																																	"            state_name
id                    
6   wait_for_side_poke"
596954.2316	0.05059999995864928	states																																	"         state_name
id                 
4   announce_reward"
596954.2822	0.08539999998174608	states																																	"   state_name
id           
8      reward"
596954.3676	0.00010000006295740604	states																																	"    state_name
id            
7   stop_sound"
596954.6954	5.371900000027381	trials	1.0	2.0	20.0	1.028129875486965	0.0	0.15	True	5815.0	False	False	35857.0	False	Mixed	True	False	0.025	0.0	2.313296775485465	1.5	9.0													
596954.6954	5.371900000027381	processed_trials			20.0	1.028129875486965					False				Mixed					2.313296775485465		9.0	40.0	40.0	False	True	False			20.373136501193883	2.8409	-0.14679927272422844	Left	0.8575999999999999	
596954.6954	2.8408999999519438	states																																	"       state_name
id               
3   wait_for_poke"
596957.5362999999	0.5310000000754371	states																																	"        state_name
id                
1   nose_in_center"
596958.0673	2.0	states																																	"          state_name
id                  
2   punish_violation"
596960.4016	3.235800000024028	trials	1.0	2.0	20.0	1.0281299	0.0	0.15	True	5815.0	False	False	35858.0	False	Mixed	True	True	0.025	0.0	0.3284016474469842	1.5	9.0													
596960.4016	3.235800000024028	processed_trials			20.0	1.0281299					False				Mixed					0.3284016474469842		9.0	40.0	40.0	False	True	False			20.373136501193883	0.9766	-0.21288278764127913	Right	0.9766	
596960.4016	0.9766000000527129	states																																	"       state_name
id               
3   wait_for_poke"
596961.3782	0.25919999997131526	states																																	"        state_name
id                
1   nose_in_center"
596961.6374	2.0	states																																	"          state_name
id                  
2   punish_violation"
596963.9698	117.10980000009295	trials	1.0	2.0	20.0	0.947925076897417	0.0	0.15	True	5815.0	False	False	35859.0	False	Mixed	True	True	0.025	0.0	3.617159647022471	1.5	9.0													
596963.9698	117.10980000009295	processed_trials			20.0	0.947925076897417					False				Mixed					3.617159647022471		9.0	40.0	40.0	True	False	False	3.617200000000011	3.617200000000011	20.373136501193883	111.836	3.716730908435151	Right	111.836	
596963.9698	111.83600000001024	states																																	"       state_name
id               
3   wait_for_poke"
597075.8058	0.9479000000283122	states																																	"        state_name
id                
1   nose_in_center"
597076.7537	0.001999999978579581	states																																	"   state_name
id           
5      go_cue"
597076.7557	3.617199999978766	states																																	"            state_name
id                    
6   wait_for_side_poke"
597080.3729	0.5479999999515712	states																																	"         state_name
id                 
4   announce_reward"
597080.9208999999	0.15860000008251518	states																																	"   state_name
id           
8      reward"
597081.0795	9.999994654208422e-05	states																																	"    state_name
id            
7   stop_sound"
597081.4109	4.424800000037067	trials	1.0	2.0	5.0	0.9315761587073966	0.0	0.15	True	5835.0	False	False	35860.0	False	Mixed	True	False	0.025	0.0	1.7131273176689916	1.5	9.0													
597081.4109	4.424800000037067	processed_trials			5.0	0.9315761587073966					False				Mixed					1.7131273176689916		9.0	40.0	40.0	False	True	False			20.373136501193883	2.3814	-0.16308708858239762	Left	1.1041000000000003	
597081.4109	2.3813999999547377	states																																	"       state_name
id               
3   wait_for_poke"
597083.7923	0.043400000082328916	states																																	"        state_name
id                
1   nose_in_center"
597083.8357	2.0	states																																	"          state_name
id                  
2   punish_violation"
597086.168	4.844100000103936	trials	1.0	2.0	5.0	0.8437011145763786	0.0	0.15	True	5835.0	False	False	35861.0	False	Mixed	True	True	0.025	0.0	1.7131273	1.5	9.0													
597086.168	4.844100000103936	processed_trials			5.0	0.8437011145763786					False				Mixed					1.7131273		9.0	40.0	40.0	True	False	False	1.7130999999999998	1.7130999999999998	20.373136501193883	1.6122999999999998	-0.19034924130604922	Right	1.6122999999999998	
597086.168	1.6123000000370666	states																																	"       state_name
id               
3   wait_for_poke"
597087.7803	0.8436999999685213	states																																	"        state_name
id                
1   nose_in_center"
597088.624	0.001999999978579581	states																																	"   state_name
id           
5      go_cue"
597088.6259999999	1.7131000000517815	states																																	"            state_name
id                    
6   wait_for_side_poke"
597090.3391	0.6144999999087304	states																																	"         state_name
id                 
4   announce_reward"
597090.9535999999	0.058400000096298754	states																																	"   state_name
id           
8      reward"
597091.012	9.999994654208422e-05	states																																	"    state_name
id            
7   stop_sound"
597091.3439	4.12230000004638	trials	1.0	2.0	5.0	0.9701108467905405	0.0	0.15	True	5840.0	False	False	35862.0	False	Mixed	True	False	0.025	0.0	0.4587730992186903	1.5	9.0													
597091.3439	4.12230000004638	processed_trials			5.0	0.9701108467905405					False				Mixed					0.4587730992186903		9.0	40.0	40.0	False	True	False			20.373136501193883	2.0503	-0.1748235321746497	Right	1.2107999999999999	
597091.3439	2.0503000000026077	states																																	"       state_name
id               
3   wait_for_poke"
597093.3942	0.07200000004377216	states																																	"        state_name
id                
1   nose_in_center"
597093.4662	2.0	states																																	"          state_name
id                  
2   punish_violation"
597095.8021	3.158200000063516	trials	1.0	2.0	5.0	0.9966174127922802	0.0	0.15	True	5840.0	False	False	35863.0	False	Mixed	True	True	0.025	0.0	0.9989369321002135	1.5	9.0													
597095.8021	3.158200000063516	processed_trials			5.0	0.9966174127922802					False				Mixed					0.9989369321002135		9.0	40.0	40.0	False	True	False			20.373136501193883	1.0948	-0.2086929729852713	Right	1.0948	
597095.8021	1.0947999999625608	states																																	"       state_name
id               
3   wait_for_poke"
597096.8968999999	0.06339999998454005	states																																	"        state_name
id                
1   nose_in_center"
597096.9602999999	2.0	states																																	"          state_name
id                  
2   punish_violation"
597099.2903	4.341299999970943	trials	1.0	2.0	5.0	1.0926028393014184	0.0	0.15	True	5840.0	False	False	35864.0	False	Mixed	True	True	0.025	0.0	0.6188046476290971	1.5	9.0													
597099.2903	4.341299999970943	processed_trials			5.0	1.0926028393014184					False				Mixed					0.6188046476290971		9.0	40.0	40.0	True	False	False	0.6188000000000002	0.6188000000000002	20.373136501193883	2.4618	-0.1602371638925243	Left	2.4618	
597099.2903	2.4618000000482425	states																																	"       state_name
id               
3   wait_for_poke"
597101.7521	1.0925999999744818	states																																	"        state_name
id                
1   nose_in_center"
597102.8447	0.001999999978579581	states																																	"   state_name
id           
5      go_cue"
597102.8467	0.6188000000547618	states																																	"            state_name
id                    
6   wait_for_side_poke"
597103.4655	0.11209999991115183	states																																	"         state_name
id                 
4   announce_reward"
597103.5776	0.053900000057183206	states																																	"   state_name
id           
8      reward"
597103.6315	9.999994654208422e-05	states																																	"    state_name
id            
7   stop_sound"
597103.9704	4.841099999961443	trials	1.0	2.0	80.0	0.8339371128639005	0.0	0.15	True	5845.0	False	False	35865.0	False	Mixed	True	False	0.025	0.0	0.42491455321081995	1.5	9.0													
597103.9704	4.841099999961443	processed_trials			80.0	0.8339371128639005					False				Mixed					0.42491455321081995		9.0	40.0	40.0	True	False	False	0.42490000000000006	0.42490000000000006	20.373136501193883	2.5555	-0.15691579643678882	Right	0.9474999999999998	
597103.9704	2.555500000016764	states																																	"       state_name
id               
3   wait_for_poke"
597106.5259	0.8338999999687076	states																																	"        state_name
id                
1   nose_in_center"
597107.3598	0.001999999978579581	states																																	"   state_name
id           
5      go_cue"
597107.3618	0.4248999999836087	states																																	"            state_name
id                    
6   wait_for_side_poke"
597107.7866999999	0.4533000000519678	states																																	"         state_name
id                 
4   announce_reward"
597108.24	0.5714000000152737	states																																	"   state_name
id           
8      reward"
597108.8114	9.999994654208422e-05	states																																	"    state_name
id            
7   stop_sound"
597109.1445	21.038799999980256	trials	1.0	2.0	80.0	0.9183253190908678	0.0	0.15	True	5925.0	True	False	35866.0	False	Mixed	True	False	0.025	0.0	100.0	1.5	9.0													
597109.1445	21.038799999980256	processed_trials			80.0	0.9183253190908678					True				Mixed					100.0		9.0	40.0	40.0	False	False	True	15.7229	15.7229	20.373136501193883	4.1955	-0.09878300425529274	Left	1.7296999999999998	
597109.1445	4.195500000030734	states																																	"       state_name
id               
3   wait_for_poke"
597113.3400000001	0.9183000000193715	states																																	"        state_name
id                
1   nose_in_center"
597114.2583000001	0.001999999978579581	states																																	"   state_name
id           
5      go_cue"
597114.2603000001	15.72289999993518	states																																	"            state_name
id                    
6   wait_for_side_poke"
597129.9832	0.2000000000698492	states																																	"   state_name
id           
0     opt_out"
597130.1832000001	9.999994654208422e-05	states																																	"    state_name
id            
7   stop_sound"
597130.52	2.762400000006892	trials	1.0	2.0	10.0	0.8703941429498108	0.0	0.15	True	5925.0	False	False	35867.0	False	Mixed	True	False	0.025	0.0	3.7440260145030217	1.5	9.0													
597130.52	2.762400000006892	processed_trials			10.0	0.8703941429498108					False				Mixed					3.7440260145030217		9.0	40.0	40.0	False	True	False			20.373136501193883	0.697	-0.2227937197717342	Left	0.697	
597130.52	0.6970000000437722	states																																	"       state_name
id               
3   wait_for_poke"
597131.2170000001	0.06539999996311963	states																																	"        state_name
id                
1   nose_in_center"
597131.2824	2.0	states																																	"          state_name
id                  
2   punish_violation"
597133.6221	3.4867999999551103	trials	1.0	2.0	10.0	0.87039414	0.0	0.15	True	5925.0	False	False	35868.0	False	Mixed	True	True	0.025	0.0	1.7865059294331787	1.5	9.0													
597133.6221	3.4867999999551103	processed_trials			10.0	0.87039414					False				Mixed					1.7865059294331787		9.0	40.0	40.0	True	False	False	1.7864999999999998	1.7864999999999998	20.373136501193883	0.5458	-0.22815327963627213	Left	0.5458	
597133.6221	0.5457999999634922	states																																	"       state_name
id               
3   wait_for_poke"
597134.1679	0.8704000000143424	states																																	"        state_name
id                
1   nose_in_center"
597135.0383	0.001999999978579581	states																																	"   state_name
id           
5      go_cue"
597135.0403	1.7865000000456348	states																																	"            state_name
id                    
6   wait_for_side_poke"
597136.8268	0.19660000002477318	states																																	"         state_name
id                 
4   announce_reward"
597137.0234000001	0.08539999998174608	states																																	"   state_name
id           
8      reward"
597137.1088	9.999994654208422e-05	states																																	"    state_name
id            
7   stop_sound"
597137.4531	4.487399999983609	trials	1.0	2.0	5.0	1.1758093595148216	0.0	0.15	True	5935.0	False	False	35869.0	False	Mixed	True	False	0.025	0.0	0.04065539982491323	1.5	9.0													
597137.4531	4.487399999983609	processed_trials			5.0	1.1758093595148216					False				Mixed					0.04065539982491323		9.0	40.0	40.0	False	True	False			20.373136501193883	1.9322000000000001	-0.17900980214820741	Right	0.6222000000000001	
597137.4531	1.9322000000393018	states																																	"       state_name
id               
3   wait_for_poke"
597139.3853000001	0.5551999999443069	states																																	"        state_name
id                
1   nose_in_center"
597139.9405	2.0	states																																	"          state_name
id                  
2   punish_violation"
597142.2816	3.7778999999864027	trials	1.0	2.0	5.0	0.9604761837504728	0.0	0.15	True	5935.0	False	False	35870.0	False	Mixed	True	True	0.025	0.0	6.703318901735841	1.5	9.0													
597142.2816	3.7778999999864027	processed_trials			5.0	0.9604761837504728					False				Mixed					6.703318901735841		9.0	40.0	40.0	False	True	False			20.373136501193883	1.7067	-0.1870030610731631	Left	1.7067	
597142.2816	1.7066999999806285	states																																	"       state_name
id               
3   wait_for_poke"
597143.9883	0.0712000000057742	states																																	"        state_name
id                
1   nose_in_center"
597144.0595	2.0	states																																	"          state_name
id                  
2   punish_violation"
597146.4001	7.084099999978207	trials	1.0	2.0	5.0	0.821288051026029	0.0	0.15	True	5935.0	False	False	35871.0	False	Mixed	True	True	0.025	0.0	4.483148373577395	1.5	9.0													
597146.4001	7.084099999978207	processed_trials			5.0	0.821288051026029					False				Mixed					4.483148373577395		9.0	40.0	40.0	True	False	False	4.4831	4.4831	20.373136501193883	0.7541	-0.2207697060927321	Right	0.7541	
597146.4001	0.7541000000201166	states																																	"       state_name
id               
3   wait_for_poke"
597147.1542	0.8212999999523163	states																																	"        state_name
id                
1   nose_in_center"
597147.9755	0.001999999978579581	states																																	"   state_name
id           
5      go_cue"
597147.9774999999	4.483100000070408	states																																	"            state_name
id                    
6   wait_for_side_poke"
597152.4606	0.9651000000303611	states																																	"         state_name
id                 
4   announce_reward"
597153.4257	0.05839999997988343	states																																	"   state_name
id           
8      reward"
597153.4841	9.999994654208422e-05	states																																	"    state_name
id            
7   stop_sound"
597153.8296	3.53449999995064	trials	1.0	2.0	40.0	1.0853163354551434	0.0	0.15	True	5940.0	False	False	35872.0	False	Mixed	True	False	0.025	0.0	8.58058544618616	1.5	9.0													
597153.8296	3.53449999995064	processed_trials			40.0	1.0853163354551434					False				Mixed					8.58058544618616		9.0	40.0	40.0	False	True	False			20.373136501193883	1.4975999999999998	-0.1944149920763039	Left	1.0936	
597153.8296	1.4976000000024214	states																																	"       state_name
id               
3   wait_for_poke"
597155.3272	0.036899999948218465	states																																	"        state_name
id                
1   nose_in_center"
597155.3641	2.0	states																																	"          state_name
id                  
2   punish_violation"
597157.7065	2.1269000000320375	trials	1.0	2.0	40.0	1.1251040063137632	0.0	0.15	True	5940.0	False	False	35873.0	False	Mixed	True	True	0.025	0.0	4.133430213813014	1.5	9.0													
597157.7065	2.1269000000320375	processed_trials			40.0	1.1251040063137632					False				Mixed					4.133430213813014		9.0	40.0	40.0	False	True	False			20.373136501193883	0.09090000000000001	-0.2442780401017371	Right	0.09090000000000001	
597157.7065	0.09089999995194376	states																																	"       state_name
id               
3   wait_for_poke"
597157.7973999999	0.03600000008009374	states																																	"        state_name
id                
1   nose_in_center"
597157.8334	2.0	states																																	"          state_name
id                  
2   punish_violation"
597160.1763	2.3489999999292195	trials	1.0	2.0	40.0	1.1594939498031107	0.0	0.15	True	5940.0	False	False	35874.0	False	Mixed	True	True	0.025	0.0	2.064122037570073	1.5	9.0													
597160.1763	2.3489999999292195	processed_trials			40.0	1.1594939498031107					False				Mixed					2.064122037570073		9.0	40.0	40.0	False	True	False			20.373136501193883	0.032299999999999995	-0.24635522401749058	Right	0.032299999999999995	
597160.1763	0.03229999996256083	states																																	"       state_name
id               
3   wait_for_poke"
597160.2086	0.316700000083074	states																																	"        state_name
id                
1   nose_in_center"
597160.5253000001	2.0	states																																	"          state_name
id                  
2   punish_violation"
597162.8686	2.195699999923818	trials	1.0	2.0	40.0	1.0305008236928783	0.0	0.15	True	5940.0	False	False	35875.0	False	Mixed	True	True	0.025	0.0	0.3610217759564571	1.5	9.0													
597162.8686	2.195699999923818	processed_trials			40.0	1.0305008236928783					False				Mixed					0.3610217759564571		9.0	40.0	40.0	True	False	False	0.361	0.361	20.373136501193883	0.0389	-0.24612127497578457	Right	0.0389	
597162.8686	0.03890000004321337	states																																	"       state_name
id               
3   wait_for_poke"
597162.9075000001	1.0304999999934807	states																																	"        state_name
id                
1   nose_in_center"
597163.9380000001	0.001999999978579581	states																																	"   state_name
id           
5      go_cue"
597163.9400000001	0.3610000000335276	states																																	"            state_name
id                    
6   wait_for_side_poke"
597164.3010000001	0.4690999999875203	states																																	"         state_name
id                 
4   announce_reward"
597164.7701000001	0.29409999994095415	states																																	"   state_name
id           
8      reward"
597165.0642	0.00010000006295740604	states																																	"    state_name
id            
7   stop_sound"
597165.4144	4.883399999933317	trials	1.0	2.0	20.0	0.9914119104378789	0.0	0.15	True	5980.0	True	False	35876.0	False	Mixed	True	False	0.025	0.0	100.0	1.5	9.0													
597165.4144	4.883399999933317	processed_trials			20.0	0.9914119104378789					True				Mixed					100.0		9.0	40.0	40.0	False	True	False			20.373136501193883	2.8516999999999997	-0.1464164470196186	Left	1.6512999999999995	
597165.4144	2.851699999999255	states																																	"       state_name
id               
3   wait_for_poke"
597168.2661	0.031700000050477684	states																																	"        state_name
id                
1   nose_in_center"
597168.2978000001	2.0	states																																	"          state_name
id                  
2   punish_violation"
597170.6496	15.13690000004135	trials	1.0	2.0	20.0	1.07285046067411	0.0	0.15	True	5980.0	True	False	35877.0	False	Mixed	True	True	0.025	0.0	100.0	1.5	9.0													
597170.6496	15.13690000004135	processed_trials			20.0	1.07285046067411					True				Mixed					100.0		9.0	40.0	40.0	False	False	True	10.6702	10.6702	20.373136501193883	3.1917	-0.13436452668930846	Left	3.1917	
597170.6496	3.1916999999666587	states																																	"       state_name
id               
3   wait_for_poke"
597173.8413	1.0729000000283122	states																																	"        state_name
id                
1   nose_in_center"
597174.9142	0.001999999978579581	states																																	"   state_name
id           
5      go_cue"
597174.9162	10.670200000051409	states																																	"            state_name
id                    
6   wait_for_side_poke"
597185.5864	0.19999999995343387	states																																	"   state_name
id           
0     opt_out"
597185.7864	0.00010000006295740604	states																																	"    state_name
id            
7   stop_sound"
597186.1359	2.6520000000018626	trials	1.0	2.0	20.0	1.0556387766780806	0.0	0.15	True	5980.0	False	False	35878.0	False	Low	True	False	0.025	0.0	0.047447119859252394	1.5	9.0													
597186.1359	2.6520000000018626	processed_trials			20.0	1.0556387766780806					False				Low					0.047447119859252394		9.0	40.0	40.0	False	True	False			20.373136501193883	0.634	-0.22502686971529168	Left	0.634	
597186.1359	0.6339999999618158	states																																	"       state_name
id               
3   wait_for_poke"
597186.7699	0.01800000004004687	states																																	"        state_name
id                
1   nose_in_center"
597186.7879	2.0	states																																	"          state_name
id                  
2   punish_violation"
597189.1327	3.091800000052899	trials	1.0	2.0	20.0	1.091126920283373	0.0	0.15	True	5980.0	True	False	35879.0	False	Low	True	True	0.025	0.0	100.0	1.5	9.0													
597189.1327	3.091800000052899	processed_trials			20.0	1.091126920283373					True				Low					100.0		9.0	40.0	40.0	False	True	False			20.373136501193883	0.7983	-0.2192029564497918	Right	0.7983	
597189.1327	0.7983000000240281	states																																	"       state_name
id               
3   wait_for_poke"
597189.931	0.293500000028871	states																																	"        state_name
id                
1   nose_in_center"
597190.2245	2.0	states																																	"          state_name
id                  
2   punish_violation"
597192.5788	36.6252000000095	trials	1.0	2.0	20.0	0.8872891386834463	0.0	0.15	True	5980.0	True	False	35880.0	False	Low	True	True	0.025	0.0	100.0	1.5	9.0													
597192.5788	36.6252000000095	processed_trials			20.0	0.8872891386834463					True				Low					100.0		9.0	40.0	40.0	False	False	True	8.3599	8.3599	20.373136501193883	27.175900000000002	0.7157992015054709	Right	27.175900000000002	
597192.5788	27.175900000031106	states																																	"       state_name
id               
3   wait_for_poke"
597219.7547	0.8872999999439344	states																																	"        state_name
id                
1   nose_in_center"
597220.642	0.001999999978579581	states																																	"   state_name
id           
5      go_cue"
597220.644	8.359900000039488	states																																	"            state_name
id                    
6   wait_for_side_poke"
597229.0039	0.19999999995343387	states																																	"   state_name
id           
0     opt_out"
597229.2039	0.00010000006295740604	states																																	"    state_name
id            
7   stop_sound"
597229.5562	2.427200000034645	trials	1.0	2.0	20.0	0.8109328043165217	0.0	0.15	True	5980.0	False	False	35881.0	False	Low	True	False	0.025	0.0	0.8579547224174033	1.5	9.0													
597229.5562	2.427200000034645	processed_trials			20.0	0.8109328043165217					False				Low					0.8579547224174033		9.0	40.0	40.0	False	True	False			20.373136501193883	0.4	-0.23332142664850514	Right	0.4	
597229.5562	0.40000000002328306	states																																	"       state_name
id               
3   wait_for_poke"
597229.9562	0.027200000011362135	states																																	"        state_name
id                
1   nose_in_center"
597229.9834	2.0	states																																	"          state_name
id                  
2   punish_violation"
597232.3299	8.45699999993667	trials	1.0	2.0	20.0	0.8374386541027974	0.0	0.15	True	5980.0	False	False	35882.0	False	Low	True	True	0.025	0.0	0.3072660736558546	1.5	9.0													
597232.3299	8.45699999993667	processed_trials			20.0	0.8374386541027974					False				Low					0.3072660736558546		9.0	40.0	40.0	True	False	False	0.3072999999999997	0.3072999999999997	20.373136501193883	6.3447	-0.022600689037932168	Left	6.3447	
597232.3299	6.344700000016019	states																																	"       state_name
id               
3   wait_for_poke"
597238.6746	0.8373999999603257	states																																	"        state_name
id                
1   nose_in_center"
597239.512	0.001999999978579581	states																																	"   state_name
id           
5      go_cue"
597239.514	0.3073000001022592	states																																	"            state_name
id                    
6   wait_for_side_poke"
597239.8213000001	0.8165999999037012	states																																	"         state_name
id                 
4   announce_reward"
597240.6379	0.14890000002924353	states																																	"   state_name
id           
8      reward"
597240.7868	0.00010000006295740604	states																																	"    state_name
id            
7   stop_sound"
597241.1428	5.034699999960139	trials	1.0	2.0	10.0	1.1777493237815955	0.0	0.15	True	6000.0	False	False	35883.0	False	Low	True	False	0.025	0.0	0.30726607	1.5	9.0													
597241.1428	5.034699999960139	processed_trials			10.0	1.1777493237815955					False				Low					0.30726607		9.0	40.0	40.0	True	False	False	0.30730000000000013	0.30730000000000013	20.373136501193883	2.6238	-0.1544947783233765	Right	0.5716000000000001	
597241.1428	2.623799999943003	states																																	"       state_name
id               
3   wait_for_poke"
597243.7666	1.1777000000001863	states																																	"        state_name
id                
1   nose_in_center"
597244.9443	0.0020000000949949026	states																																	"   state_name
id           
5      go_cue"
597244.9463000001	0.3072999999858439	states																																	"            state_name
id                    
6   wait_for_side_poke"
597245.2536	0.8320999999996275	states																																	"         state_name
id                 
4   announce_reward"
597246.0857	0.09169999998994172	states																																	"   state_name
id           
8      reward"
597246.1774	9.999994654208422e-05	states																																	"    state_name
id            
7   stop_sound"
597246.5299	4.442299999995157	trials	1.0	2.0	5.0	1.094307794246987	0.0	0.15	True	6010.0	False	False	35884.0	False	Low	True	False	0.025	0.0	1.574942783212063	1.5	9.0													
597246.5299	4.442299999995157	processed_trials			5.0	1.094307794246987					False				Low					1.574942783212063		9.0	40.0	40.0	False	True	False			20.373136501193883	2.3989000000000003	-0.16246676915363165	Left	1.7791000000000003	
597246.5299	2.3989000000292435	states																																	"       state_name
id               
3   wait_for_poke"
597248.9288	0.043399999965913594	states																																	"        state_name
id                
1   nose_in_center"
597248.9722	2.0	states																																	"          state_name
id                  
2   punish_violation"
597251.3247	5.0398999999742955	trials	1.0	2.0	5.0	1.078557154295343	0.0	0.15	True	6010.0	False	False	35885.0	False	Low	True	True	0.025	0.0	0.7975581510103674	1.5	9.0													
597251.3247	5.0398999999742955	processed_trials			5.0	1.078557154295343					False				Low					0.7975581510103674		9.0	40.0	40.0	False	True	False			20.373136501193883	2.6711	-0.15281814352448336	Left	2.6711	
597251.3247	2.671100000035949	states																																	"       state_name
id               
3   wait_for_poke"
597253.9958	0.36879999993834645	states																																	"        state_name
id                
1   nose_in_center"
597254.3646	2.0	states																																	"          state_name
id                  
2   punish_violation"
597256.7186	2.137499999953434	trials	1.0	2.0	5.0	1.0785572	0.0	0.15	True	6010.0	False	False	35886.0	False	Low	True	True	0.025	0.0	0.825265996744407	1.5	9.0													
597256.7186	2.137499999953434	processed_trials			5.0	1.0785572					False				Low					0.825265996744407		9.0	40.0	40.0	True	False	False	0.8252999999999999	0.8252999999999999	20.373136501193883	0.07890000000000001	-0.24470340199574805	Left	0.07890000000000001	
597256.7186	0.07889999996405095	states																																	"       state_name
id               
3   wait_for_poke"
597256.7975	1.0786000000080094	states																																	"        state_name
id                
1   nose_in_center"
597257.8761	0.001999999978579581	states																																	"   state_name
id           
5      go_cue"
597257.8781	0.8253000000258908	states																																	"            state_name
id                    
6   wait_for_side_poke"
597258.7034	0.09869999997317791	states																																	"         state_name
id                 
4   announce_reward"
597258.8021	0.053900000057183206	states																																	"   state_name
id           
8      reward"
597258.856	9.999994654208422e-05	states																																	"    state_name
id            
7   stop_sound"
597259.2142	4.418999999994412	trials	1.0	2.0	20.0	0.9308357408882864	0.0	0.15	True	6015.0	False	False	35887.0	False	Low	True	False	0.025	0.0	0.028768910236391547	1.5	9.0													
597259.2142	4.418999999994412	processed_trials			20.0	0.9308357408882864					False				Low					0.028768910236391547		9.0	40.0	40.0	True	False	False	0.02880000000000038	0.02880000000000038	20.373136501193883	2.1052	-0.17287750150954959	Right	0.8029	
597259.2142	2.105199999990873	states																																	"       state_name
id               
3   wait_for_poke"
597261.3194	0.9307999999728054	states																																	"        state_name
id                
1   nose_in_center"
597262.2502	0.001999999978579581	states																																	"   state_name
id           
5      go_cue"
597262.2522	0.028800000087358057	states																																	"            state_name
id                    
6   wait_for_side_poke"
597262.2810000001	1.1934999999357387	states																																	"         state_name
id                 
4   announce_reward"
597263.4745	0.15860000008251518	states																																	"   state_name
id           
8      reward"
597263.6331000001	9.999994654208422e-05	states																																	"    state_name
id            
7   stop_sound"
597263.9859	5.436199999996461	trials	1.0	2.0	20.0	0.9919718249358502	0.0	0.15	True	6035.0	False	False	35888.0	False	Low	True	False	0.025	0.0	0.330619828759574	1.5	9.0													
597263.9859	5.436199999996461	processed_trials			20.0	0.9919718249358502					False				Low					0.330619828759574		9.0	40.0	40.0	False	True	False			20.373136501193883	3.4151	-0.12644570609580466	Right	1.9658999999999998	
597263.9859	3.415099999983795	states																																	"       state_name
id               
3   wait_for_poke"
597267.401	0.021100000012665987	states																																	"        state_name
id                
1   nose_in_center"
597267.4221	2.0	states																																	"          state_name
id                  
2   punish_violation"
597269.7808	5.500700000091456	trials	1.0	2.0	20.0	0.99197182	0.0	0.15	True	6035.0	False	False	35889.0	False	Low	True	True	0.025	0.0	5.877835195439822	1.5	9.0													
597269.7808	5.500700000091456	processed_trials			20.0	0.99197182					False				Low					5.877835195439822		9.0	40.0	40.0	False	True	False			20.373136501193883	3.43	-0.12591754841074104	Left	3.43	
597269.7808	3.4300000000512227	states																																	"       state_name
id               
3   wait_for_poke"
597273.2108	0.07069999992381781	states																																	"        state_name
id                
1   nose_in_center"
597273.2814999999	2.0	states																																	"          state_name
id                  
2   punish_violation"
597275.6366	5.218600000021979	trials	1.0	2.0	20.0	1.1453327923841672	0.0	0.15	True	6035.0	False	False	35890.0	False	Low	True	True	0.025	0.0	2.9281279229096007	1.5	9.0													
597275.6366	5.218600000021979	processed_trials			20.0	1.1453327923841672					False				Low					2.9281279229096007		9.0	40.0	40.0	True	False	False	2.9280999999999997	2.9280999999999997	20.373136501193883	0.9296	-0.21454878839282204	Right	0.9296	
597275.6366	0.9296000000322238	states																																	"       state_name
id               
3   wait_for_poke"
597276.5662	1.145299999974668	states																																	"        state_name
id                
1   nose_in_center"
597277.7115	0.001999999978579581	states																																	"   state_name
id           
5      go_cue"
597277.7135	2.9281000000191852	states																																	"            state_name
id                    
6   wait_for_side_poke"
597280.6416	0.054899999988265336	states																																	"         state_name
id                 
4   announce_reward"
597280.6965	0.15859999996609986	states																																	"   state_name
id           
8      reward"
597280.8550999999	0.00010000006295740604	states																																	"    state_name
id            
7   stop_sound"
597281.2146	5.476400000043213	trials	1.0	2.0	20.0	0.9039669905904426	0.0	0.15	True	6055.0	True	False	35891.0	False	Low	True	False	0.025	0.0	100.0	1.5	9.0													
597281.2146	5.476400000043213	processed_trials			20.0	0.9039669905904426					True				Low					100.0		9.0	40.0	40.0	False	True	False			20.373136501193883	3.4143000000000003	-0.12647406355540536	Left	2.0020000000000007	
597281.2146	3.414299999945797	states																																	"       state_name
id               
3   wait_for_poke"
597284.6288999999	0.06210000009741634	states																																	"        state_name
id                
1   nose_in_center"
597284.691	2.0	states																																	"          state_name
id                  
2   punish_violation"
597287.0471	11.363600000040606	trials	1.0	2.0	20.0	1.1417456734992462	0.0	0.15	True	6055.0	True	False	35892.0	False	Low	True	True	0.025	0.0	100.0	1.5	9.0													
597287.0471	11.363600000040606	processed_trials			20.0	1.1417456734992462					True				Low					100.0		9.0	40.0	40.0	False	False	True	7.137100000000001	7.137100000000001	20.373136501193883	2.8827	-0.14531759546009032	Right	2.8827	
597287.0471	2.8826999999582767	states																																	"       state_name
id               
3   wait_for_poke"
597289.9297999999	1.1417000000365078	states																																	"        state_name
id                
1   nose_in_center"
597291.0715	0.001999999978579581	states																																	"   state_name
id           
5      go_cue"
597291.0734999999	7.13710000005085	states																																	"            state_name
id                    
6   wait_for_side_poke"
597298.2106	0.19999999995343387	states																																	"   state_name
id           
0     opt_out"
597298.4106	0.00010000006295740604	states																																	"    state_name
id            
7   stop_sound"
597298.7738	2.2364999999990687	trials	1.0	2.0	20.0	0.9847181575379743	0.0	0.15	True	6055.0	False	False	35893.0	False	Low	True	False	0.025	0.0	1.7814529261963568	1.5	9.0													
597298.7738	2.2364999999990687	processed_trials			20.0	0.9847181575379743					False				Low					1.7814529261963568		9.0	40.0	40.0	False	True	False			20.373136501193883	0.1938	-0.24063056186059323	Left	0.1938	
597298.7738	0.19380000000819564	states																																	"       state_name
id               
3   wait_for_poke"
597298.9676	0.04269999999087304	states																																	"        state_name
id                
1   nose_in_center"
597299.0103	2.0	states																																	"          state_name
id                  
2   punish_violation"
597301.3725	3.0399999999208376	trials	1.0	2.0	20.0	0.8850543103381813	0.0	0.15	True	6055.0	False	False	35894.0	False	Low	True	True	0.025	0.0	0.02986145408931681	1.5	9.0													
597301.3725	3.0399999999208376	processed_trials			20.0	0.8850543103381813					False				Low					0.02986145408931681		9.0	40.0	40.0	False	True	False			20.373136501193883	1.0232	-0.21123096561953664	Right	1.0232	
597301.3725	1.023200000054203	states																																	"       state_name
id               
3   wait_for_poke"
597302.3957000001	0.01679999998304993	states																																	"        state_name
id                
1   nose_in_center"
597302.4125000001	2.0	states																																	"          state_name
id                  
2   punish_violation"
597304.7713	75.96750000002794	trials	1.0	2.0	20.0	0.8130557426035848	0.0	0.15	True	6055.0	False	False	35895.0	False	Low	True	True	0.025	0.0	2.5166618986461464	1.5	9.0													
597304.7713	75.96750000002794	processed_trials			20.0	0.8130557426035848					False				Low					2.5166618986461464		9.0	40.0	40.0	True	False	False	2.5167000000000144	2.5167000000000144	20.373136501193883	71.9993	2.304646394839661	Right	71.9993	
597304.7713	71.99930000002496	states																																	"       state_name
id               
3   wait_for_poke"
597376.7706	0.8131000000284985	states																																	"        state_name
id                
1   nose_in_center"
597377.5837000001	0.001999999978579581	states																																	"   state_name
id           
5      go_cue"
597377.5857	2.5166999999200925	states																																	"            state_name
id                    
6   wait_for_side_poke"
597380.1024	0.4777000000467524	states																																	"         state_name
id                 
4   announce_reward"
597380.5801	0.15859999996609986	states																																	"   state_name
id           
8      reward"
597380.7387	0.00010000006295740604	states																																	"    state_name
id            
7   stop_sound"
597381.0993	5.202900000032969	trials	1.0	2.0	5.0	1.1771192885487416	0.0	0.15	True	6075.0	False	False	35896.0	False	Low	True	False	0.025	0.0	1.4847023022151724	1.5	9.0													
597381.0993	5.202900000032969	processed_trials			5.0	1.1771192885487416					False				Low					1.4847023022151724		9.0	40.0	40.0	False	True	False			20.373136501193883	3.1634	-0.13536767182268425	Left	1.3465	
597381.0993	3.163399999961257	states																																	"       state_name
id               
3   wait_for_poke"
597384.2627	0.03950000007171184	states																																	"        state_name
id                
1   nose_in_center"
597384.3022	2.0	states																																	"          state_name
id                  
2   punish_violation"
597386.669	5.824000000022352	trials	1.0	2.0	5.0	0.918782992736455	0.0	0.15	True	6075.0	False	False	35897.0	False	Low	True	True	0.025	0.0	3.710365633875	1.5	9.0													
597386.669	5.824000000022352	processed_trials			5.0	0.918782992736455					False				Low					3.710365633875		9.0	40.0	40.0	True	False	False	3.7104	3.7104	20.373136501193883	0.8118	-0.2187244243190295	Right	0.8118	
597386.669	0.8118000000249594	states																																	"       state_name
id               
3   wait_for_poke"
597387.4808	0.9187999999849126	states																																	"        state_name
id                
1   nose_in_center"
597388.3996	0.001999999978579581	states																																	"   state_name
id           
5      go_cue"
597388.4016	3.710399999981746	states																																	"            state_name
id                    
6   wait_for_side_poke"
597392.112	0.3225000000093132	states																																	"         state_name
id                 
4   announce_reward"
597392.4345	0.05839999997988343	states																																	"   state_name
id           
8      reward"
597392.4929	0.00010000006295740604	states																																	"    state_name
id            
7   stop_sound"
597392.8586	3.9597000000067055	trials	1.0	2.0	20.0	1.0748934294240027	0.0	0.15	True	6080.0	False	False	35898.0	False	Low	True	False	0.025	0.0	1.9171933028184363	1.5	9.0													
597392.8586	3.9597000000067055	processed_trials			20.0	1.0748934294240027					False				Low					1.9171933028184363		9.0	40.0	40.0	False	True	False			20.373136501193883	1.8997	-0.18016182394448704	Left	1.2978999999999998	
597392.8586	1.8996999999508262	states																																	"       state_name
id               
3   wait_for_poke"
597394.7583	0.060000000055879354	states																																	"        state_name
id                
1   nose_in_center"
597394.8183	2.0	states																																	"          state_name
id                  
2   punish_violation"
597397.1819	6.373800000059418	trials	1.0	2.0	20.0	1.0748934	0.0	0.15	True	6080.0	False	False	35899.0	False	Low	True	True	0.025	0.0	1.3009484408197696	1.5	9.0													
597397.1819	6.373800000059418	processed_trials			20.0	1.0748934					False				Low					1.3009484408197696		9.0	40.0	40.0	False	True	False			20.373136501193883	4.1696	-0.09970107700986637	Right	4.1696	
597397.1819	4.1696000000229105	states																																	"       state_name
id               
3   wait_for_poke"
597401.3515	0.20419999992009252	states																																	"        state_name
id                
1   nose_in_center"
597401.5556999999	2.0	states																																	"          state_name
id                  
2   punish_violation"
597403.9181	186.36639999994077	trials	1.0	2.0	20.0	1.0886476400969125	0.0	0.15	True	6080.0	False	False	35900.0	False	Low	True	True	0.025	0.0	3.92348479110167	1.5	9.0													
597403.9181	186.36639999994077	processed_trials			20.0	1.0886476400969125					False				Low					3.92348479110167		9.0	40.0	40.0	True	False	False	3.92349999999999	3.92349999999999	20.373136501193883	181.05429999999998	6.170299840786644	Right	181.05429999999998	
597403.9181	181.05429999995977	states																																	"       state_name
id               
3   wait_for_poke"
597584.9724	1.0886000000173226	states																																	"        state_name
id                
1   nose_in_center"
597586.061	0.001999999978579581	states																																	"   state_name
id           
5      go_cue"
597586.063	3.9235000000335276	states																																	"            state_name
id                    
6   wait_for_side_poke"
597589.9865	0.13930000003892928	states																																	"         state_name
id                 
4   announce_reward"
597590.1258	0.15859999996609986	states																																	"   state_name
id           
8      reward"
597590.2844	0.00010000006295740604	states																																	"    state_name
id            
7   stop_sound"
597590.6588	5.485300000058487	trials	1.0	2.0	20.0	1.1832248236425593	0.0	0.15	True	6100.0	True	False	35901.0	False	Low	True	False	0.025	0.0	100.0	1.5	9.0													
597590.6588	5.485300000058487	processed_trials			20.0	1.1832248236425593					True				Low					100.0		9.0	40.0	40.0	False	True	False			20.373136501193883	3.4092	-0.12665484236036004	Right	1.5769999999999997	
597590.6588	3.4091999999945983	states																																	"       state_name
id               
3   wait_for_poke"
597594.068	0.0760999999474734	states																																	"        state_name
id                
1   nose_in_center"
597594.1440999999	2.0	states																																	"          state_name
id                  
2   punish_violation"
597596.5162	50.799300000071526	trials	1.0	2.0	20.0	1.1732253582748282	0.0	0.15	True	6100.0	False	False	35902.0	False	Low	True	True	0.025	0.0	0.14394270331025166	1.5	9.0													
597596.5162	50.799300000071526	processed_trials			20.0	1.1732253582748282					False				Low					0.14394270331025166		9.0	40.0	40.0	True	False	False	0.14390000000000214	0.14390000000000214	20.373136501193883	48.491	1.4713518104248653	Right	48.491	
597596.5162	48.491000000038184	states																																	"       state_name
id               
3   wait_for_poke"
597645.0072	1.1731999999610707	states																																	"        state_name
id                
1   nose_in_center"
597646.1804	0.001999999978579581	states																																	"   state_name
id           
5      go_cue"
597646.1823999999	0.14390000002458692	states																																	"            state_name
id                    
6   wait_for_side_poke"
597646.3263	0.8305000000400469	states																																	"         state_name
id                 
4   announce_reward"
597647.1568	0.15859999996609986	states																																	"   state_name
id           
8      reward"
597647.3154	9.999994654208422e-05	states																																	"    state_name
id            
7   stop_sound"
597647.6823	5.459099999978207	trials	1.0	2.0	20.0	1.0411840666941923	0.0	0.15	True	6120.0	False	False	35903.0	False	Low	True	False	0.025	0.0	7.066834390801925	1.5	9.0													
597647.6823	5.459099999978207	processed_trials			20.0	1.0411840666941923					False				Low					7.066834390801925		9.0	40.0	40.0	False	True	False			20.373136501193883	3.3009	-0.13049373345380882	Right	1.3261999999999998	
597647.6823	3.300900000031106	states																																	"       state_name
id               
3   wait_for_poke"
597650.9832	0.15819999994710088	states																																	"        state_name
id                
1   nose_in_center"
597651.1414	2.0	states																																	"          state_name
id                  
2   punish_violation"
597653.509	13.791300000040792	trials	1.0	2.0	20.0	0.9986077299710548	0.0	0.15	True	6120.0	True	False	35904.0	False	Low	True	True	0.025	0.0	100.0	1.5	9.0													
597653.509	13.791300000040792	processed_trials			20.0	0.9986077299710548					True				Low					100.0		9.0	40.0	40.0	False	False	True	11.936900000000001	11.936900000000001	20.373136501193883	0.6537000000000001	-0.2243285672726237	Right	0.6537000000000001	
597653.509	0.6537000000244007	states																																	"       state_name
id               
3   wait_for_poke"
597654.1627	0.9985999999335036	states																																	"        state_name
id                
1   nose_in_center"
597655.1612999999	0.0020000000949949026	states																																	"   state_name
id           
5      go_cue"
597655.1633	11.936899999971502	states																																	"            state_name
id                    
6   wait_for_side_poke"
597667.1002	0.19999999995343387	states																																	"   state_name
id           
0     opt_out"
597667.3001999999	0.00010000006295740604	states																																	"    state_name
id            
7   stop_sound"
597667.6683	2.3145999999251217	trials	1.0	2.0	5.0	0.9618358380776899	0.0	0.15	True	6120.0	False	False	35905.0	False	Low	True	False	0.025	0.0	3.804075621783732	1.5	9.0													
597667.6683	2.3145999999251217	processed_trials			5.0	0.9618358380776899					False				Low					3.804075621783732		9.0	40.0	40.0	False	True	False			20.373136501193883	0.2732	-0.2378160839952208	Left	0.2732	
597667.6683	0.273200000054203	states																																	"       state_name
id               
3   wait_for_poke"
597667.9415000001	0.04139999998733401	states																																	"        state_name
id                
1   nose_in_center"
597667.9829000001	2.0	states																																	"          state_name
id                  
2   punish_violation"
597670.3514	110.39569999999367	trials	1.0	2.0	5.0	0.807295306159544	0.0	0.15	True	6120.0	False	False	35906.0	False	Low	True	True	0.025	0.0	0.40759691404674014	1.5	9.0													
597670.3514	110.39569999999367	processed_trials			5.0	0.807295306159544					False				Low					0.40759691404674014		9.0	40.0	40.0	False	True	False			20.373136501193883	108.0836	3.5837202441779286	Right	108.0836	
597670.3514	108.08360000001267	states																																	"       state_name
id               
3   wait_for_poke"
597778.435	0.312099999981001	states																																	"        state_name
id                
1   nose_in_center"
597778.7471	2.0	states																																	"          state_name
id                  
2   punish_violation"
597781.1225	80.99889999988955	trials	1.0	2.0	5.0	0.8053216593712776	0.0	0.15	True	6120.0	False	False	35907.0	False	Low	True	True	0.025	0.0	3.244463358773384	1.5	9.0													
597781.1225	80.99889999988955	processed_trials			5.0	0.8053216593712776					False				Low					3.244463358773384		9.0	40.0	40.0	True	False	False	3.244500000000002	3.244500000000002	20.373136501193883	76.8629	2.4770455704822973	Right	76.8629	
597781.1225	76.86289999994915	states																																	"       state_name
id               
3   wait_for_poke"
597857.9854	0.8053000000072643	states																																	"        state_name
id                
1   nose_in_center"
597858.7907	0.0020000000949949026	states																																	"   state_name
id           
5      go_cue"
597858.7927000001	3.244499999913387	states																																	"            state_name
id                    
6   wait_for_side_poke"
597862.0372	0.02569999999832362	states																																	"         state_name
id                 
4   announce_reward"
597862.0629	0.05839999997988343	states																																	"   state_name
id           
8      reward"
597862.1213	0.00010000006295740604	states																																	"    state_name
id            
7   stop_sound"
597862.4914	5.6230999999679625	trials	1.0	2.0	20.0	0.9830853506519933	0.0	0.15	True	6125.0	False	False	35908.0	False	Low	True	False	0.025	0.0	4.721532211907106	1.5	9.0													
597862.4914	5.6230999999679625	processed_trials			20.0	0.9830853506519933					False				Low					4.721532211907106		9.0	40.0	40.0	False	True	False			20.373136501193883	3.591	-0.12021060966609418	Left	1.1493000000000002	
597862.4914	3.591000000014901	states																																	"       state_name
id               
3   wait_for_poke"
597866.0824000001	0.03209999995306134	states																																	"        state_name
id                
1   nose_in_center"
597866.1145	2.0	states																																	"          state_name
id                  
2   punish_violation"
597868.484	46.45499999995809	trials	1.0	2.0	20.0	0.9922405477567862	0.0	0.15	True	6125.0	False	False	35909.0	False	Low	True	True	0.025	0.0	3.9982713391282827	1.5	9.0													
597868.484	46.45499999995809	processed_trials			20.0	0.9922405477567862					False				Low					3.9982713391282827		9.0	40.0	40.0	False	True	False			20.373136501193883	44.2861	1.3223014580809793	Right	44.2861	
597868.484	44.286100000026636	states																																	"       state_name
id               
3   wait_for_poke"
597912.7701000001	0.16889999993145466	states																																	"        state_name
id                
1   nose_in_center"
597912.939	2.0	states																																	"          state_name
id                  
2   punish_violation"
597915.3097	202.67969999997877	trials	1.0	2.0	20.0	0.917005527759115	0.0	0.15	True	6125.0	False	False	35910.0	False	Low	True	True	0.025	0.0	0.6067708968460576	1.5	9.0													
597915.3097	202.67969999997877	processed_trials			20.0	0.917005527759115					False				Low					0.6067708968460576		9.0	40.0	40.0	False	True	False			20.373136501193883	200.58720000000002	6.862679119080514	Right	200.58720000000002	
597915.3097	200.58719999995083	states																																	"       state_name
id               
3   wait_for_poke"
598115.8968999999	0.09250000002793968	states																																	"        state_name
id                
1   nose_in_center"
598115.9894	2.0	states																																	"          state_name
id                  
2   punish_violation"
598118.3621	144.84459999995306	trials	1.0	2.0	20.0	0.8128389744275811	0.0	0.15	True	6125.0	False	False	35911.0	False	Low	True	True	0.025	0.0	0.2654100779671893	1.5	9.0													
598118.3621	144.84459999995306	processed_trials			20.0	0.8128389744275811					False				Low					0.2654100779671893		9.0	40.0	40.0	True	False	False	0.26539999999999964	0.26539999999999964	20.373136501193883	142.99329999999998	4.821158253457423	Right	142.99329999999998	
598118.3621	142.9932999999728	states																																	"       state_name
id               
3   wait_for_poke"
598261.3554	0.8128000000724569	states																																	"        state_name
id                
1   nose_in_center"
598262.1682000001	0.001999999978579581	states																																	"   state_name
id           
5      go_cue"
598262.1702	0.2654000000329688	states																																	"            state_name
id                    
6   wait_for_side_poke"
598262.4356000001	0.6123999999836087	states																																	"         state_name
id                 
4   announce_reward"
598263.0480000001	0.15859999996609986	states																																	"   state_name
id           
8      reward"
598263.2066	9.999994654208422e-05	states																																	"    state_name
id            
7   stop_sound"
598263.5792	4.0795999999390915	trials	1.0	2.0	20.0	0.96645893310746	0.0	0.15	True	6145.0	False	False	35912.0	False	Low	True	False	0.025	0.0	3.1234013019778595	1.5	9.0													
598263.5792	4.0795999999390915	processed_trials			20.0	0.96645893310746					False				Low					3.1234013019778595		9.0	40.0	40.0	False	True	False			20.373136501193883	2.0735	-0.17400116584622852	Left	2.0735	
598263.5792	2.0735000000568107	states																																	"       state_name
id               
3   wait_for_poke"
598265.6527000001	0.006099999998696148	states																																	"        state_name
id                
1   nose_in_center"
598265.6588000001	2.0	states																																	"          state_name
id                  
2   punish_violation"
598268.0329	10.642800000030547	trials	1.0	2.0	20.0	0.9030771405229078	0.0	0.15	True	6145.0	False	False	35913.0	False	Low	True	True	0.025	0.0	8.619904626133247	1.5	9.0													
598268.0329	10.642800000030547	processed_trials			20.0	0.9030771405229078					False				Low					8.619904626133247		9.0	40.0	40.0	False	False	True	8.0597	8.0597	20.373136501193883	1.4779	-0.19511329451897183	Right	1.4779	
598268.0329	1.4779000000562519	states																																	"       state_name
id               
3   wait_for_poke"
598269.5108	0.9030999999959022	states																																	"        state_name
id                
1   nose_in_center"
598270.4139	0.001999999978579581	states																																	"   state_name
id           
5      go_cue"
598270.4159	8.059699999983422	states																																	"            state_name
id                    
6   wait_for_side_poke"
598278.4756	0.19999999995343387	states																																	"   state_name
id           
0     opt_out"
598278.6756	0.00010000006295740604	states																																	"    state_name
id            
7   stop_sound"
598279.0513	2.3251999999629334	trials	1.0	2.0	20.0	0.9173069149248615	0.0	0.15	True	6145.0	False	False	35914.0	False	Low	True	False	0.025	0.0	2.13066748081733	1.5	9.0													
598279.0513	2.3251999999629334	processed_trials			20.0	0.9173069149248615					False				Low					2.13066748081733		9.0	40.0	40.0	False	True	False			20.373136501193883	0.1733	-0.24135722176286195	Left	0.1733	
598279.0513	0.17330000002402812	states																																	"       state_name
id               
3   wait_for_poke"
598279.2246000001	0.15189999993890524	states																																	"        state_name
id                
1   nose_in_center"
598279.3765	2.0	states																																	"          state_name
id                  
2   punish_violation"
598281.7537	399.2722000000067	trials	1.0	2.0	20.0	1.097237936169116	0.0	0.15	True	6145.0	False	False	35915.0	False	Low	True	True	0.025	0.0	1.3885206404473003	1.5	9.0													
598281.7537	399.2722000000067	processed_trials			20.0	1.097237936169116					False				Low					1.3885206404473003		9.0	40.0	40.0	False	True	False			20.373136501193883	397.09520000000003	13.828263708105776	Right	397.09520000000003	
598281.7537	397.09519999998156	states																																	"       state_name
id               
3   wait_for_poke"
598678.8489	0.1770000000251457	states																																	"        state_name
id                
1   nose_in_center"
598679.0259	2.0	states																																	"          state_name
id                  
2   punish_violation"
598681.4082	68.90110000001732	trials	1.0	2.0	20.0	1.0063332797975386	0.0	0.15	True	6145.0	False	False	35916.0	False	Low	True	True	0.025	0.0	2.440594872754537	1.5	9.0													
598681.4082	68.90110000001732	processed_trials			20.0	1.0063332797975386					False				Low					2.440594872754537		9.0	40.0	40.0	False	True	False			20.373136501193883	66.7121	2.1172319443384375	Left	66.7121	
598681.4082	66.71210000000428	states																																	"       state_name
id               
3   wait_for_poke"
598748.1203	0.18900000001303852	states																																	"        state_name
id                
1   nose_in_center"
598748.3093	2.0	states																																	"          state_name
id                  
2   punish_violation"
