onset	duration	nwb_table	target_duration_for_nose_in_center	violation_time_out	reward_volume_ul	nose_in_center	high_ITI	catch_percentage	punish_sound_enabled	cumulative_reward_volume_ul	is_catch	is_warm_up	trials_in_stage	changed	block_type	auto_change_catch_probability	previous_was_violation	time_increment_for_reward_delay	time_increment_for_nose_in_center	reward_delay	target_reward_delay	training_stage	num_trials_in_adaptation_blocks	num_trials_in_mixed_blocks	is_rewarded	is_violation	is_opt_out	wait_time	wait_time_unthresholded	wait_time_threshold	wait_for_center_poke	z_scored_wait_for_center_poke	rewarded_port	inter_trial_interval	state_type
1128340.3395	10.452199999941513	trials	1.0	2.0	10.0	1.1466	0.0	0.15	True	0.0	False	False	26430.0	False	Mixed	True	False	0.025	0.0	3.0335	1.5	9.0													
1128340.3395	10.452199999941513	processed_trials			10.0	1.1466					False				Mixed					3.0335		9.0	40.0	40.0	False	True	False			20.373136501193883			Right	8.3001	
1128340.3395	8.300100000109524	states																																	"       state_name
id               
3   wait_for_poke"
1128348.6396	0.1520999998319894	states																																	"        state_name
id                
1   nose_in_center"
1128348.7917	2.0	states																																	"          state_name
id                  
2   punish_violation"
1128350.8233	3.0290999999269843	trials	1.0	2.0	10.0	0.884313816364367	0.0	0.15	True	0.0	False	False	26432.0	False	Mixed	True	True	0.025	0.0	1.402816391747351	1.5	9.0													
1128350.8233	3.0290999999269843	processed_trials			10.0	0.884313816364367					False				Mixed					1.402816391747351		9.0	40.0	40.0	False	True	False			20.373136501193883	0.9662000000000001	-0.2181460154314922	Left	0.9662000000000001	
1128350.8233	0.9661999999079853	states																																	"       state_name
id               
3   wait_for_poke"
1128351.7895	0.06290000001899898	states																																	"        state_name
id                
1   nose_in_center"
1128351.8524	2.0	states																																	"          state_name
id                  
2   punish_violation"
1128353.8769	4.089900000020862	trials	1.0	2.0	10.0	1.0699873178973112	0.0	0.15	True	0.0	False	False	26433.0	False	Mixed	True	True	0.025	0.0	0.10421546240564329	1.5	9.0													
1128353.8769	4.089900000020862	processed_trials			10.0	1.0699873178973112					False				Mixed					0.10421546240564329		9.0	40.0	40.0	True	False	False	0.10420000000000007	0.10420000000000007	20.373136501193883	2.3443	-0.17672700976779823	Right	2.3443	
1128353.8769	2.3442999999970198	states																																	"       state_name
id               
3   wait_for_poke"
1128356.2212	1.0700000000651926	states																																	"        state_name
id                
1   nose_in_center"
1128357.2912	0.001999999862164259	states																																	"   state_name
id           
5      go_cue"
1128357.2932	0.10420000017620623	states																																	"            state_name
id                    
6   wait_for_side_poke"
1128357.3974000001	0.47759999986737967	states																																	"         state_name
id                 
4   announce_reward"
1128357.875	0.09169999998994172	states																																	"   state_name
id           
8      reward"
1128357.9667	0.00010000006295740604	states																																	"    state_name
id            
7   stop_sound"
1128357.9938	3.971499999985099	trials	1.0	2.0	80.0	1.11895821391823	0.0	0.15	True	10.0	False	False	26434.0	False	Mixed	True	False	0.025	0.0	0.10421546	1.5	9.0													
1128357.9938	3.971499999985099	processed_trials			80.0	1.11895821391823					False				Mixed					0.10421546		9.0	40.0	40.0	True	False	False	0.10420000000000007	0.10420000000000007	20.373136501193883	1.6912	-0.19635602986718037	Right	0.3256000000000001	
1128357.9938	1.6912000000011176	states																																	"       state_name
id               
3   wait_for_poke"
1128359.685	1.118999999947846	states																																	"        state_name
id                
1   nose_in_center"
1128360.804	0.0020000000949949026	states																																	"   state_name
id           
5      go_cue"
1128360.806	0.10419999994337559	states																																	"            state_name
id                    
6   wait_for_side_poke"
1128360.9102	0.48359999991953373	states																																	"         state_name
id                 
4   announce_reward"
1128361.3938	0.5714000000152737	states																																	"   state_name
id           
8      reward"
1128361.9652	0.00010000006295740604	states																																	"    state_name
id            
7   stop_sound"
1128361.9935	5.287499999860302	trials	1.0	2.0	40.0	1.0688534592110206	0.0	0.15	True	90.0	False	False	26435.0	False	Mixed	True	False	0.025	0.0	0.25627512205360703	1.5	9.0													
1128361.9935	5.287499999860302	processed_trials			40.0	1.0688534592110206					False				Mixed					0.25627512205360703		9.0	40.0	40.0	True	False	False	0.2563000000000004	0.2563000000000004	20.373136501193883	3.2798000000000003	-0.14861041460171037	Right	0.39110000000000067	
1128361.9935	3.279799999902025	states																																	"       state_name
id               
3   wait_for_poke"
1128365.2733	1.068900000071153	states																																	"        state_name
id                
1   nose_in_center"
1128366.3422	0.0020000000949949026	states																																	"   state_name
id           
5      go_cue"
1128366.3442000002	0.25630000000819564	states																																	"            state_name
id                    
6   wait_for_side_poke"
1128366.6005000002	0.38629999989643693	states																																	"         state_name
id                 
4   announce_reward"
1128366.9868	0.29410000005736947	states																																	"   state_name
id           
8      reward"
1128367.2809000001	0.00010000006295740604	states																																	"    state_name
id            
7   stop_sound"
1128367.3196	6.0816999999806285	trials	1.0	2.0	40.0	0.8750598330254965	0.0	0.15	True	130.0	False	False	26436.0	False	Mixed	True	False	0.025	0.0	2.1488590644841645	1.5	9.0													
1128367.3196	6.0816999999806285	processed_trials			40.0	0.8750598330254965					False				Mixed					2.1488590644841645		9.0	40.0	40.0	True	False	False	2.1489000000000003	2.1489000000000003	20.373136501193883	2.5478	-0.17061078623353967	Left	0.4339999999999997	
1128367.3196	2.547800000058487	states																																	"       state_name
id               
3   wait_for_poke"
1128369.8674	0.8750999998301268	states																																	"        state_name
id                
1   nose_in_center"
1128370.7425	0.0020000000949949026	states																																	"   state_name
id           
5      go_cue"
1128370.7445	2.148899999912828	states																																	"            state_name
id                    
6   wait_for_side_poke"
1128372.8934	0.23100000014528632	states																																	"         state_name
id                 
4   announce_reward"
1128373.1244	0.27679999987594783	states																																	"   state_name
id           
8      reward"
1128373.4012	0.00010000006295740604	states																																	"    state_name
id            
7   stop_sound"
1128373.4321	4.44109999993816	trials	1.0	2.0	10.0	1.1325890826702332	0.0	0.15	True	170.0	False	False	26437.0	False	Mixed	True	False	0.025	0.0	0.3487078773528208	1.5	9.0													
1128373.4321	4.44109999993816	processed_trials			10.0	1.1325890826702332					False				Mixed					0.3487078773528208		9.0	40.0	40.0	True	False	False	0.34869999999999957	0.34869999999999957	20.373136501193883	2.7032	-0.16594021553465133	Right	1.2767999999999997	
1128373.4321	2.7032000001054257	states																																	"       state_name
id               
3   wait_for_poke"
1128376.1353000002	1.1325999998953193	states																																	"        state_name
id                
1   nose_in_center"
1128377.2679	0.0020000000949949026	states																																	"   state_name
id           
5      go_cue"
1128377.2699000002	0.3486999999731779	states																																	"            state_name
id                    
6   wait_for_side_poke"
1128377.6186000002	0.1627999998163432	states																																	"         state_name
id                 
4   announce_reward"
1128377.7814	0.09170000022277236	states																																	"   state_name
id           
8      reward"
1128377.8731000002	9.999983012676239e-05	states																																	"    state_name
id            
7   stop_sound"
1128377.9049	3.5529000000096858	trials	1.0	2.0	10.0	0.8616311029263337	0.0	0.15	True	180.0	False	False	26438.0	False	Low	True	False	0.025	0.0	1.1649070475447614	1.5	9.0													
1128377.9049	3.5529000000096858	processed_trials			10.0	0.8616311029263337					False				Low					1.1649070475447614		9.0	40.0	40.0	True	False	False	1.1648999999999998	1.1648999999999998	20.373136501193883	1.0457	-0.21575663080754354	Left	0.32430000000000014	
1128377.9049	1.0456999999005347	states																																	"       state_name
id               
3   wait_for_poke"
1128378.9505999999	0.8616000001784414	states																																	"        state_name
id                
1   nose_in_center"
1128379.8122	0.001999999862164259	states																																	"   state_name
id           
5      go_cue"
1128379.8142	1.1648999999742955	states																																	"            state_name
id                    
6   wait_for_side_poke"
1128380.9790999999	0.39320000004954636	states																																	"         state_name
id                 
4   announce_reward"
1128381.3723	0.08539999998174608	states																																	"   state_name
id           
8      reward"
1128381.4577	0.00010000006295740604	states																																	"    state_name
id            
7   stop_sound"
1128381.488	4.68570000003092	trials	1.0	2.0	5.0	0.9310273229914918	0.0	0.15	True	190.0	False	False	26439.0	False	Mixed	True	False	0.025	0.0	1.164907	1.5	9.0													
1128381.488	4.68570000003092	processed_trials			5.0	0.9310273229914918					False				Mixed					1.164907		9.0	40.0	40.0	True	False	False	1.1649000000000003	1.1649000000000003	20.373136501193883	2.4603	-0.17324061207750835	Left	0.3158000000000003	
1128381.488	2.4602999999187887	states																																	"       state_name
id               
3   wait_for_poke"
1128383.9482999998	0.9310000000987202	states																																	"        state_name
id                
1   nose_in_center"
1128384.8793	0.0020000000949949026	states																																	"   state_name
id           
5      go_cue"
1128384.8813	1.1648999999742955	states																																	"            state_name
id                    
6   wait_for_side_poke"
1128386.0462	0.07349999994039536	states																																	"         state_name
id                 
4   announce_reward"
1128386.1197	0.053899999940767884	states																																	"   state_name
id           
8      reward"
1128386.1735999999	0.00010000006295740604	states																																	"    state_name
id            
7   stop_sound"
1128386.2065	3.609500000020489	trials	1.0	2.0	5.0	1.0959418706069284	0.0	0.15	True	195.0	False	False	26440.0	False	Mixed	True	False	0.025	0.0	2.4273734323211347	1.5	9.0													
1128386.2065	3.609500000020489	processed_trials			5.0	1.0959418706069284					False				Mixed					2.4273734323211347		9.0	40.0	40.0	False	True	False			20.373136501193883	1.4884000000000002	-0.20245121479468717	Left	0.5948000000000001	
1128386.2065	1.4883999999146909	states																																	"       state_name
id               
3   wait_for_poke"
1128387.6949	0.12110000010579824	states																																	"        state_name
id                
1   nose_in_center"
1128387.816	2.0	states																																	"          state_name
id                  
2   punish_violation"
1128389.8485	5.214599999831989	trials	1.0	2.0	5.0	1.092119976996555	0.0	0.15	True	195.0	False	False	26441.0	False	Mixed	True	True	0.025	0.0	6.475196484383642	1.5	9.0													
1128389.8485	5.214599999831989	processed_trials			5.0	1.092119976996555					False				Mixed					6.475196484383642		9.0	40.0	40.0	False	True	False			20.373136501193883	2.1875	-0.1814396576801901	Left	2.1875	
1128389.8485	2.1875	states																																	"       state_name
id               
3   wait_for_poke"
1128392.036	1.02710000006482	states																																	"        state_name
id                
1   nose_in_center"
1128393.0631000001	2.0	states																																	"          state_name
id                  
2   punish_violation"
1128395.0956	3.316300000064075	trials	1.0	2.0	5.0	1.09212	0.0	0.15	True	195.0	False	False	26442.0	False	Mixed	True	True	0.025	0.0	1.6603243732369943	1.5	9.0													
1128395.0956	3.316300000064075	processed_trials			5.0	1.09212					False				Mixed					1.6603243732369943		9.0	40.0	40.0	True	False	False	1.6602999999999999	1.6602999999999999	20.373136501193883	0.4733	-0.23296020009997398	Right	0.4733	
1128395.0956	0.47329999995417893	states																																	"       state_name
id               
3   wait_for_poke"
1128395.5688999998	1.0921000000089407	states																																	"        state_name
id                
1   nose_in_center"
1128396.6609999998	0.0020000000949949026	states																																	"   state_name
id           
5      go_cue"
1128396.663	1.6602999998722225	states																																	"            state_name
id                    
6   wait_for_side_poke"
1128398.3232999998	0.030100000090897083	states																																	"         state_name
id                 
4   announce_reward"
1128398.3534	0.05839999997988343	states																																	"   state_name
id           
8      reward"
1128398.4118	0.00010000006295740604	states																																	"    state_name
id            
7   stop_sound"
1128398.4585	4.185800000093877	trials	1.0	2.0	40.0	1.04469156539402	0.0	0.15	True	200.0	False	False	26443.0	False	Mixed	True	False	0.025	0.0	1.6603244	1.5	9.0													
1128398.4585	4.185800000093877	processed_trials			40.0	1.04469156539402					False				Mixed					1.6603244		9.0	40.0	40.0	True	False	False	1.6602999999999999	1.6602999999999999	20.373136501193883	0.858	-0.22139798293226262	Left	0.34709999999999996	
1128398.4585	0.8580000000074506	states																																	"       state_name
id               
3   wait_for_poke"
1128399.3165	1.0446999999694526	states																																	"        state_name
id                
1   nose_in_center"
1128400.3612	0.0020000000949949026	states																																	"   state_name
id           
5      go_cue"
1128400.3632	1.6602999998722225	states																																	"            state_name
id                    
6   wait_for_side_poke"
1128402.0235	0.3438999999780208	states																																	"         state_name
id                 
4   announce_reward"
1128402.3673999999	0.2768000001087785	states																																	"   state_name
id           
8      reward"
1128402.6442	0.00010000006295740604	states																																	"    state_name
id            
7   stop_sound"
1128402.6877	5.321700000204146	trials	1.0	2.0	10.0	1.087688155799445	0.0	0.15	True	240.0	False	False	26444.0	False	Mixed	True	False	0.025	0.0	1.132267890931237	1.5	9.0													
1128402.6877	5.321700000204146	processed_trials			10.0	1.087688155799445					False				Mixed					1.132267890931237		9.0	40.0	40.0	False	True	False			20.373136501193883	2.9174	-0.159502401868616	Left	0.3482000000000003	
1128402.6877	2.917399999918416	states																																	"       state_name
id               
3   wait_for_poke"
1128405.6050999998	0.4043000000528991	states																																	"        state_name
id                
1   nose_in_center"
1128406.0093999999	2.0	states																																	"          state_name
id                  
2   punish_violation"
1128408.0446	3.32010000012815	trials	1.0	2.0	10.0	0.8811271557829524	0.0	0.15	True	240.0	False	False	26445.0	False	Mixed	True	True	0.025	0.0	1.1322679	1.5	9.0													
1128408.0446	3.32010000012815	processed_trials			10.0	0.8811271557829524					False				Mixed					1.1322679		9.0	40.0	40.0	False	True	False			20.373136501193883	1.0537999999999998	-0.2155131840722733	Right	1.0537999999999998	
1128408.0446	1.0538000001106411	states																																	"       state_name
id               
3   wait_for_poke"
1128409.0984	0.2662999997846782	states																																	"        state_name
id                
1   nose_in_center"
1128409.3646999998	2.0	states																																	"          state_name
id                  
2   punish_violation"
1128411.3994	4.8355000000447035	trials	1.0	2.0	10.0	1.0320224374191393	0.0	0.15	True	240.0	False	False	26446.0	False	Mixed	True	True	0.025	0.0	1.1666245921291527	1.5	9.0													
1128411.3994	4.8355000000447035	processed_trials			10.0	1.0320224374191393					False				Mixed					1.1666245921291527		9.0	40.0	40.0	True	False	False	1.1666000000000003	1.1666000000000003	20.373136501193883	2.4395	-0.17386575924956033	Left	2.4395	
1128411.3994	2.439500000094995	states																																	"       state_name
id               
3   wait_for_poke"
1128413.8389	1.031999999890104	states																																	"        state_name
id                
1   nose_in_center"
1128414.8709	0.0020000000949949026	states																																	"   state_name
id           
5      go_cue"
1128414.8729	1.1665999998804182	states																																	"            state_name
id                    
6   wait_for_side_poke"
1128416.0395	0.10990000003948808	states																																	"         state_name
id                 
4   announce_reward"
1128416.1494	0.08539999998174608	states																																	"   state_name
id           
8      reward"
1128416.2348	0.00010000006295740604	states																																	"    state_name
id            
7   stop_sound"
1128416.2722	4.8558000000193715	trials	1.0	2.0	80.0	1.0320224	0.0	0.15	True	250.0	False	False	26447.0	False	Mixed	True	False	0.025	0.0	1.637129821700878	1.5	9.0													
1128416.2722	4.8558000000193715	processed_trials			80.0	1.0320224					False				Mixed					1.637129821700878		9.0	40.0	40.0	True	False	False	1.6370999999999998	1.6370999999999998	20.373136501193883	1.3995	-0.20512311785215936	Left	0.38539999999999996	
1128416.2722	1.399500000057742	states																																	"       state_name
id               
3   wait_for_poke"
1128417.6717	1.031999999890104	states																																	"        state_name
id                
1   nose_in_center"
1128418.7037	0.0020000000949949026	states																																	"   state_name
id           
5      go_cue"
1128418.7057	1.637099999934435	states																																	"            state_name
id                    
6   wait_for_side_poke"
1128420.3428	0.24760000011883676	states																																	"         state_name
id                 
4   announce_reward"
1128420.5904	0.5374999998603016	states																																	"   state_name
id           
8      reward"
1128421.1279	0.00010000006295740604	states																																	"    state_name
id            
7   stop_sound"
1128421.1673	5.736099999863654	trials	1.0	2.0	20.0	1.0646334943256948	0.0	0.15	True	330.0	False	False	26448.0	False	Mixed	True	False	0.025	0.0	3.0395401083828673	1.5	9.0													
1128421.1673	5.736099999863654	processed_trials			20.0	1.0646334943256948					False				Mixed					3.0395401083828673		9.0	40.0	40.0	False	True	False			20.373136501193883	3.3493000000000004	-0.14652158150278666	Left	0.492	
1128421.1673	3.349299999885261	states																																	"       state_name
id               
3   wait_for_poke"
1128424.5166	0.38680000021122396	states																																	"        state_name
id                
1   nose_in_center"
1128424.9034000002	2.0	states																																	"          state_name
id                  
2   punish_violation"
1128426.9436	2.589899999788031	trials	1.0	2.0	20.0	1.155488436670608	0.0	0.15	True	330.0	True	False	26449.0	False	Mixed	True	True	0.025	0.0	100.0	1.5	9.0													
1128426.9436	2.589899999788031	processed_trials			20.0	1.155488436670608					True				Mixed					100.0		9.0	40.0	40.0	False	True	False			20.373136501193883	0.42719999999999997	-0.2343457426303392	Right	0.42719999999999997	
1128426.9436	0.4272000000346452	states																																	"       state_name
id               
3   wait_for_poke"
1128427.3708000001	0.16269999998621643	states																																	"        state_name
id                
1   nose_in_center"
1128427.5335000001	2.0	states																																	"          state_name
id                  
2   punish_violation"
1128429.5767	3.3585999999195337	trials	1.0	2.0	20.0	1.1554884	0.0	0.15	True	330.0	False	False	26450.0	False	Mixed	True	True	0.025	0.0	0.2190056833128229	1.5	9.0													
1128429.5767	3.3585999999195337	processed_trials			20.0	1.1554884					False				Mixed					0.2190056833128229		9.0	40.0	40.0	False	True	False			20.373136501193883	1.2915	-0.20836907432242927	Left	1.2915	
1128429.5767	1.2915000000502914	states																																	"       state_name
id               
3   wait_for_poke"
1128430.8682000001	0.06709999986924231	states																																	"        state_name
id                
1   nose_in_center"
1128430.9353	2.0	states																																	"          state_name
id                  
2   punish_violation"
1128432.9764	2.091899999883026	trials	1.0	2.0	20.0	0.9915362712093814	0.0	0.15	True	330.0	True	False	26451.0	False	Mixed	True	True	0.025	0.0	0.21900568	1.5	9.0													
1128432.9764	2.091899999883026	processed_trials			20.0	0.9915362712093814					False				Mixed					0.21900568		9.0	40.0	40.0	False	False	False	0.21899999999999986	0.21899999999999986	20.373136501193883	0.8794	-0.22075480266870912	Left	0.8794	
1128432.9764	0.8793999999761581	states																																	"       state_name
id               
3   wait_for_poke"
1128433.8558	0.9915000000037253	states																																	"        state_name
id                
1   nose_in_center"
1128434.8473	0.0020000000949949026	states																																	"   state_name
id           
5      go_cue"
1128434.8493000001	0.2190000000409782	states																																	"            state_name
id                    
6   wait_for_side_poke"
1128435.1097	8.358699999982491	trials	1.0	2.0	80.0	0.9841052616345374	0.0	0.15	True	330.0	True	False	26452.0	False	Mixed	True	False	0.025	0.0	100.0	1.5	9.0													
1128435.1097	8.358699999982491	processed_trials			80.0	0.9841052616345374					True				Mixed					100.0		9.0	40.0	40.0	False	True	False			20.373136501193883	6.2249	-0.060094984966600366	Right	6.2249	
1128435.1097	6.224900000030175	states																																	"       state_name
id               
3   wait_for_poke"
1128441.3346	0.13379999995231628	states																																	"        state_name
id                
1   nose_in_center"
1128441.4684	2.0	states																																	"          state_name
id                  
2   punish_violation"
1128443.5109	2.4245999997947365	trials	1.0	2.0	80.0	0.81247201520767	0.0	0.15	True	330.0	False	False	26453.0	False	Mixed	True	True	0.025	0.0	0.6521153687453378	1.5	9.0													
1128443.5109	2.4245999997947365	processed_trials			80.0	0.81247201520767					False				Mixed					0.6521153687453378		9.0	40.0	40.0	True	False	False	0.6521	0.6521	20.373136501193883	0.0053	-0.24702601147114356	Left	0.0053	
1128443.5109	0.005300000077113509	states																																	"       state_name
id               
3   wait_for_poke"
1128443.5162000002	0.8125	states																																	"        state_name
id                
1   nose_in_center"
1128444.3287000002	0.001999999862164259	states																																	"   state_name
id           
5      go_cue"
1128444.3307	0.65210000006482	states																																	"            state_name
id                    
6   wait_for_side_poke"
1128444.9828	0.4151000001002103	states																																	"         state_name
id                 
4   announce_reward"
1128445.3979000002	0.5374999998603016	states																																	"   state_name
id           
8      reward"
1128445.9354	0.00010000006295740604	states																																	"    state_name
id            
7   stop_sound"
1128445.9779	6.665499999886379	trials	1.0	2.0	10.0	0.81247202	0.0	0.15	True	410.0	False	False	26454.0	False	Mixed	True	False	0.025	0.0	2.7700574494832413	1.5	9.0													
1128445.9779	6.665499999886379	processed_trials			10.0	0.81247202					False				Mixed					2.7700574494832413		9.0	40.0	40.0	True	False	False	2.770099999999999	2.770099999999999	20.373136501193883	2.9588	-0.15825811855501257	Left	0.7424999999999997	
1128445.9779	2.95879999990575	states																																	"       state_name
id               
3   wait_for_poke"
1128448.9367	0.8125	states																																	"        state_name
id                
1   nose_in_center"
1128449.7492	0.0020000000949949026	states																																	"   state_name
id           
5      go_cue"
1128449.7512	2.770100000081584	states																																	"            state_name
id                    
6   wait_for_side_poke"
1128452.5213000001	0.03659999999217689	states																																	"         state_name
id                 
4   announce_reward"
1128452.5579000001	0.08539999998174608	states																																	"   state_name
id           
8      reward"
1128452.6433	9.999983012676239e-05	states																																	"    state_name
id            
7   stop_sound"
1128452.6874	3.3850000000093132	trials	1.0	2.0	5.0	0.9172834132464688	0.0	0.15	True	420.0	False	False	26455.0	False	Mixed	True	False	0.025	0.0	9.09951515584364	1.5	9.0													
1128452.6874	3.3850000000093132	processed_trials			5.0	0.9172834132464688					False				Mixed					9.09951515584364		9.0	40.0	40.0	False	True	False			20.373136501193883	1.0939	-0.21430797245692307	Left	0.5262	
1128452.6874	1.0938999999780208	states																																	"       state_name
id               
3   wait_for_poke"
1128453.7813	0.29110000003129244	states																																	"        state_name
id                
1   nose_in_center"
1128454.0724	2.0	states																																	"          state_name
id                  
2   punish_violation"
1128456.1132	2.489300000015646	trials	1.0	2.0	5.0	0.933329474785169	0.0	0.15	True	420.0	False	False	26456.0	False	Mixed	True	True	0.025	0.0	1.1172158139248984	1.5	9.0													
1128456.1132	2.489300000015646	processed_trials			5.0	0.933329474785169					False				Mixed					1.1172158139248984		9.0	40.0	40.0	False	True	False			20.373136501193883	0.2565	-0.2394761571625158	Left	0.2565	
1128456.1132	0.2564999999012798	states																																	"       state_name
id               
3   wait_for_poke"
1128456.3697	0.2328000001143664	states																																	"        state_name
id                
1   nose_in_center"
1128456.6025	2.0	states																																	"          state_name
id                  
2   punish_violation"
1128458.6496	2.142500000074506	trials	1.0	2.0	5.0	0.8461621621043725	0.0	0.15	True	420.0	True	False	26457.0	False	Mixed	True	True	0.025	0.0	1.1172158	1.5	9.0													
1128458.6496	2.142500000074506	processed_trials			5.0	0.8461621621043725					False				Mixed					1.1172158		9.0	40.0	40.0	False	False	False	1.1172000000000002	1.1172000000000002	20.373136501193883	0.1771	-0.24186253627121423	Left	0.1771	
1128458.6496	0.1770999999716878	states																																	"       state_name
id               
3   wait_for_poke"
1128458.8266999999	0.8462000000290573	states																																	"        state_name
id                
1   nose_in_center"
1128459.6729	0.0020000000949949026	states																																	"   state_name
id           
5      go_cue"
1128459.6749	1.1171999999787658	states																																	"            state_name
id                    
6   wait_for_side_poke"
1128460.8355	8.307499999878928	trials	1.0	2.0	20.0	1.0660702009554044	0.0	0.15	True	420.0	False	False	26458.0	False	Mixed	True	False	0.025	0.0	4.028302359515396	1.5	9.0													
1128460.8355	8.307499999878928	processed_trials			20.0	1.0660702009554044					False				Mixed					4.028302359515396		9.0	40.0	40.0	True	False	False	4.0283	4.0283	20.373136501193883	2.523	-0.17135615401560167	Right	2.523	
1128460.8355	2.5230000000447035	states																																	"       state_name
id               
3   wait_for_poke"
1128463.3585	1.0660999999381602	states																																	"        state_name
id                
1   nose_in_center"
1128464.4246	0.0020000000949949026	states																																	"   state_name
id           
5      go_cue"
1128464.4266000001	4.028299999888986	states																																	"            state_name
id                    
6   wait_for_side_poke"
1128468.4549	0.5294000001158565	states																																	"         state_name
id                 
4   announce_reward"
1128468.9843000001	0.15859999996609986	states																																	"   state_name
id           
8      reward"
1128469.1429	0.00010000006295740604	states																																	"    state_name
id            
7   stop_sound"
1128469.1921	3.411199999973178	trials	1.0	2.0	40.0	1.075450514510968	0.0	0.15	True	440.0	False	False	26459.0	False	Mixed	True	False	0.025	0.0	2.722377266217859	1.5	9.0													
1128469.1921	3.411199999973178	processed_trials			40.0	1.075450514510968					False				Mixed					2.722377266217859		9.0	40.0	40.0	False	True	False			20.373136501193883	1.3774000000000002	-0.2057873367224646	Right	0.5072000000000001	
1128469.1921	1.3774000001139939	states																																	"       state_name
id               
3   wait_for_poke"
1128470.5695000002	0.03379999985918403	states																																	"        state_name
id                
1   nose_in_center"
1128470.6033	2.0	states																																	"          state_name
id                  
2   punish_violation"
1128472.6498	2.854700000025332	trials	1.0	2.0	40.0	0.9995220013498765	0.0	0.15	True	440.0	False	False	26460.0	False	Mixed	True	True	0.025	0.0	1.3541597477329803	1.5	9.0													
1128472.6498	2.854700000025332	processed_trials			40.0	0.9995220013498765					False				Mixed					1.3541597477329803		9.0	40.0	40.0	True	False	False	1.3541999999999998	1.3541999999999998	20.373136501193883	0.087	-0.24457050551168938	Left	0.087	
1128472.6498	0.087000000057742	states																																	"       state_name
id               
3   wait_for_poke"
1128472.7368	0.9994999999180436	states																																	"        state_name
id                
1   nose_in_center"
1128473.7363	0.0020000000949949026	states																																	"   state_name
id           
5      go_cue"
1128473.7383	1.3541999999433756	states																																	"            state_name
id                    
6   wait_for_side_poke"
1128475.0925	0.13510000007227063	states																																	"         state_name
id                 
4   announce_reward"
1128475.2276	0.27679999987594783	states																																	"   state_name
id           
8      reward"
1128475.5044	0.00010000006295740604	states																																	"    state_name
id            
7   stop_sound"
1128475.5527	4.886900000041351	trials	1.0	2.0	40.0	0.999522	0.0	0.15	True	480.0	False	False	26461.0	False	Mixed	True	False	0.025	0.0	2.0203792097434996	1.5	9.0													
1128475.5527	4.886900000041351	processed_trials			40.0	0.999522					False				Mixed					2.0203792097434996		9.0	40.0	40.0	False	True	False			20.373136501193883	2.6692	-0.1669620907197363	Left	0.6241000000000003	
1128475.5527	2.6691999998874962	states																																	"       state_name
id               
3   wait_for_poke"
1128478.2218999998	0.2177000001538545	states																																	"        state_name
id                
1   nose_in_center"
1128478.4396	2.0	states																																	"          state_name
id                  
2   punish_violation"
1128480.4936	2.9733000001870096	trials	1.0	2.0	40.0	1.0827150259719256	0.0	0.15	True	480.0	False	False	26462.0	False	Mixed	True	True	0.025	0.0	1.262444569330286	1.5	9.0													
1128480.4936	2.9733000001870096	processed_trials			40.0	1.0827150259719256					False				Mixed					1.262444569330286		9.0	40.0	40.0	True	False	False	1.2624000000000002	1.2624000000000002	20.373136501193883	0.0577	-0.24545112148001258	Right	0.0577	
1128480.4936	0.05770000000484288	states																																	"       state_name
id               
3   wait_for_poke"
1128480.5513	1.0826999999117106	states																																	"        state_name
id                
1   nose_in_center"
1128481.6339999998	0.0020000000949949026	states																																	"   state_name
id           
5      go_cue"
1128481.636	1.2623999998904765	states																																	"            state_name
id                    
6   wait_for_side_poke"
1128482.8983999998	0.27430000016465783	states																																	"         state_name
id                 
4   announce_reward"
1128483.1727	0.2940999998245388	states																																	"   state_name
id           
8      reward"
1128483.4667999998	0.00010000006295740604	states																																	"    state_name
id            
7   stop_sound"
1128483.5197	4.9136999999172986	trials	1.0	2.0	10.0	1.103520492667836	0.0	0.15	True	520.0	False	False	26463.0	False	Mixed	True	False	0.025	0.0	1.8781832982464497	1.5	9.0													
1128483.5197	4.9136999999172986	processed_trials			10.0	1.103520492667836					False				Mixed					1.8781832982464497		9.0	40.0	40.0	False	True	False			20.373136501193883	2.8592	-0.16125161174426147	Left	0.36030000000000006	
1128483.5197	2.8592000000644475	states																																	"       state_name
id               
3   wait_for_poke"
1128486.3789000001	0.05449999985285103	states																																	"        state_name
id                
1   nose_in_center"
1128486.4334	2.0	states																																	"          state_name
id                  
2   punish_violation"
1128488.4812	5.693900000071153	trials	1.0	2.0	10.0	1.1725463586489908	0.0	0.15	True	520.0	False	False	26464.0	False	Mixed	True	True	0.025	0.0	3.51334476333321	1.5	9.0													
1128488.4812	5.693900000071153	processed_trials			10.0	1.1725463586489908					False				Mixed					3.51334476333321		9.0	40.0	40.0	True	False	False	3.5132999999999996	3.5132999999999996	20.373136501193883	0.5132000000000001	-0.23176099951512427	Left	0.5132000000000001	
1128488.4812	0.5131999999284744	states																																	"       state_name
id               
3   wait_for_poke"
1128488.9944	1.1725000001024455	states																																	"        state_name
id                
1   nose_in_center"
1128490.1669	0.001999999862164259	states																																	"   state_name
id           
5      go_cue"
1128490.1689	3.513299999991432	states																																	"            state_name
id                    
6   wait_for_side_poke"
1128493.6822	0.40740000014193356	states																																	"         state_name
id                 
4   announce_reward"
1128494.0896	0.08539999998174608	states																																	"   state_name
id           
8      reward"
1128494.175	0.00010000006295740604	states																																	"    state_name
id            
7   stop_sound"
1128494.2302	15.007799999788404	trials	1.0	2.0	20.0	1.0600947699378895	0.0	0.15	True	530.0	True	False	26465.0	False	Mixed	True	False	0.025	0.0	100.0	1.5	9.0													
1128494.2302	15.007799999788404	processed_trials			20.0	1.0600947699378895					True				Mixed					100.0		9.0	40.0	40.0	False	False	True	12.3625	12.3625	20.373136501193883	1.3831	-0.20561602235320034	Left	0.511	
1128494.2302	1.3830999999772757	states																																	"       state_name
id               
3   wait_for_poke"
1128495.6133	1.0601000001188368	states																																	"        state_name
id                
1   nose_in_center"
1128496.6734000002	0.001999999862164259	states																																	"   state_name
id           
5      go_cue"
1128496.6754	12.362500000046566	states																																	"            state_name
id                    
6   wait_for_side_poke"
1128509.0379	0.19999999995343387	states																																	"   state_name
id           
0     opt_out"
1128509.2379	0.00010000006295740604	states																																	"    state_name
id            
7   stop_sound"
1128509.29	3.0870999998878688	trials	1.0	2.0	40.0	1.0600948	0.0	0.15	True	530.0	False	False	26466.0	False	Mixed	True	False	0.025	0.0	1.0790224951121943	1.5	9.0													
1128509.29	3.0870999998878688	processed_trials			40.0	1.0600948					False				Mixed					1.0790224951121943		9.0	40.0	40.0	False	True	False			20.373136501193883	0.3389	-0.23699961259630986	Right	0.3389	
1128509.29	0.3389000000897795	states																																	"       state_name
id               
3   wait_for_poke"
1128509.6289000001	0.7481999997980893	states																																	"        state_name
id                
1   nose_in_center"
1128510.3771	2.0	states																																	"          state_name
id                  
2   punish_violation"
1128512.4343	6.211899999994785	trials	1.0	2.0	40.0	1.0114657755267604	0.0	0.15	True	530.0	False	False	26467.0	False	Mixed	True	True	0.025	0.0	4.645178405666538	1.5	9.0													
1128512.4343	6.211899999994785	processed_trials			40.0	1.0114657755267604					False				Mixed					4.645178405666538		9.0	40.0	40.0	True	False	False	4.6452	4.6452	20.373136501193883	0.0958	-0.24430602016966738	Left	0.0958	
1128512.4343	0.09580000001005828	states																																	"       state_name
id               
3   wait_for_poke"
1128512.5301	1.0115000000223517	states																																	"        state_name
id                
1   nose_in_center"
1128513.5416	0.001999999862164259	states																																	"   state_name
id           
5      go_cue"
1128513.5436	4.645200000144541	states																																	"            state_name
id                    
6   wait_for_side_poke"
1128518.1888000001	0.1805000000167638	states																																	"         state_name
id                 
4   announce_reward"
1128518.3693000001	0.27679999987594783	states																																	"   state_name
id           
8      reward"
1128518.6461	0.00010000006295740604	states																																	"    state_name
id            
7   stop_sound"
1128518.7003	5.17920000012964	trials	1.0	2.0	80.0	1.1874180963652332	0.0	0.15	True	570.0	False	False	26468.0	False	Mixed	True	False	0.025	0.0	1.3783287251702747	1.5	9.0													
1128518.7003	5.17920000012964	processed_trials			80.0	1.1874180963652332					False				Mixed					1.3783287251702747		9.0	40.0	40.0	False	True	False			20.373136501193883	2.3144	-0.17762565882762296	Left	0.2982	
1128518.7003	2.3144000000320375	states																																	"       state_name
id               
3   wait_for_poke"
1128521.0147	0.864799999864772	states																																	"        state_name
id                
1   nose_in_center"
1128521.8794999998	2.0	states																																	"          state_name
id                  
2   punish_violation"
1128523.9342	2.071199999889359	trials	1.0	2.0	80.0	0.841604466034228	0.0	0.15	True	570.0	False	False	26469.0	False	Mixed	True	True	0.025	0.0	6.705798848287956	1.5	9.0													
1128523.9342	2.071199999889359	processed_trials			80.0	0.841604466034228					False				Mixed					6.705798848287956		9.0	40.0	40.0	False	True	False			20.373136501193883	0.0060999999999999995	-0.24700196734914157	Right	0.0060999999999999995	
1128523.9342	0.00610000011511147	states																																	"       state_name
id               
3   wait_for_poke"
1128523.9403000001	0.06509999977424741	states																																	"        state_name
id                
1   nose_in_center"
1128524.0054	2.0	states																																	"          state_name
id                  
2   punish_violation"
1128526.0605	6.11670000012964	trials	1.0	2.0	80.0	0.9589600246043143	0.0	0.15	True	570.0	False	False	26470.0	False	Mixed	True	True	0.025	0.0	4.582802483329969	1.5	9.0													
1128526.0605	6.11670000012964	processed_trials			80.0	0.9589600246043143					False				Mixed					4.582802483329969		9.0	40.0	40.0	True	False	False	4.5828	4.5828	20.373136501193883	0.0004	-0.24717328171840577	Right	0.0004	
1128526.0605	0.0004000000189989805	states																																	"       state_name
id               
3   wait_for_poke"
1128526.0609	0.959000000031665	states																																	"        state_name
id                
1   nose_in_center"
1128527.0199	0.001999999862164259	states																																	"   state_name
id           
5      go_cue"
1128527.0218999998	4.582799999974668	states																																	"            state_name
id                    
6   wait_for_side_poke"
1128531.6046999998	0.0010000001639127731	states																																	"         state_name
id                 
4   announce_reward"
1128531.6057	0.5714000000152737	states																																	"   state_name
id           
8      reward"
1128532.1771	9.999983012676239e-05	states																																	"    state_name
id            
7   stop_sound"
1128532.2325	5.821800000034273	trials	1.0	2.0	10.0	0.9054696189481539	0.0	0.15	True	650.0	False	False	26471.0	False	Mixed	True	False	0.025	0.0	3.8759851385267208	1.5	9.0													
1128532.2325	5.821800000034273	processed_trials			10.0	0.9054696189481539					False				Mixed					3.8759851385267208		9.0	40.0	40.0	False	True	False			20.373136501193883	3.8125	-0.13260003486362912	Left	0.4941	
1128532.2325	3.8125	states																																	"       state_name
id               
3   wait_for_poke"
1128536.045	0.00930000003427267	states																																	"        state_name
id                
1   nose_in_center"
1128536.0543	2.0	states																																	"          state_name
id                  
2   punish_violation"
1128538.1105	6.5475000001024455	trials	1.0	2.0	10.0	0.8415601180532994	0.0	0.15	True	650.0	False	False	26472.0	False	Mixed	True	True	0.025	0.0	7.495796791674999	1.5	9.0													
1128538.1105	6.5475000001024455	processed_trials			10.0	0.8415601180532994					False				Mixed					7.495796791674999		9.0	40.0	40.0	False	False	True	5.4963	5.4963	20.373136501193883	0.0075	-0.24695989013563804	Right	0.0075	
1128538.1105	0.00750000006519258	states																																	"       state_name
id               
3   wait_for_poke"
1128538.118	0.8415999999269843	states																																	"        state_name
id                
1   nose_in_center"
1128538.9596	0.0020000000949949026	states																																	"   state_name
id           
5      go_cue"
1128538.9616	5.496299999998882	states																																	"            state_name
id                    
6   wait_for_side_poke"
1128544.4579	0.19999999995343387	states																																	"   state_name
id           
0     opt_out"
1128544.6579	0.00010000006295740604	states																																	"    state_name
id            
7   stop_sound"
1128544.7145	2.257400000002235	trials	1.0	2.0	10.0	1.16229145019934	0.0	0.15	True	650.0	False	False	26473.0	False	Mixed	True	False	0.025	0.0	0.6195403373105548	1.5	9.0													
1128544.7145	2.257400000002235	processed_trials			10.0	1.16229145019934					False				Mixed					0.6195403373105548		9.0	40.0	40.0	False	True	False			20.373136501193883	0.19090000000000001	-0.24144777516667976	Left	0.19090000000000001	
1128544.7145	0.190900000045076	states																																	"       state_name
id               
3   wait_for_poke"
1128544.9054	0.06649999995715916	states																																	"        state_name
id                
1   nose_in_center"
1128544.9719	2.0	states																																	"          state_name
id                  
2   punish_violation"
1128547.03	2.8841999999713153	trials	1.0	2.0	10.0	1.1622915	0.0	0.15	True	650.0	False	False	26474.0	False	Mixed	True	True	0.025	0.0	2.658570016198465	1.5	9.0													
1128547.03	2.8841999999713153	processed_trials			10.0	1.1622915					False				Mixed					2.658570016198465		9.0	40.0	40.0	False	True	False			20.373136501193883	0.0737	-0.2449702390399726	Right	0.0737	
1128547.03	0.07370000006631017	states																																	"       state_name
id               
3   wait_for_poke"
1128547.1037	0.8104999999050051	states																																	"        state_name
id                
1   nose_in_center"
1128547.9142	2.0	states																																	"          state_name
id                  
2   punish_violation"
1128549.9726	4.5226000000257045	trials	1.0	2.0	10.0	0.905863248555196	0.0	0.15	True	650.0	False	False	26475.0	False	Mixed	True	True	0.025	0.0	2.9300278899771004	1.5	9.0													
1128549.9726	4.5226000000257045	processed_trials			10.0	0.905863248555196					False				Mixed					2.9300278899771004		9.0	40.0	40.0	True	False	False	2.9299999999999997	2.9299999999999997	20.373136501193883	0.2014	-0.2411321960654035	Right	0.2014	
1128549.9726	0.20139999990351498	states																																	"       state_name
id               
3   wait_for_poke"
1128550.1739999999	0.905900000128895	states																																	"        state_name
id                
1   nose_in_center"
1128551.0799	0.001999999862164259	states																																	"   state_name
id           
5      go_cue"
1128551.0818999999	2.930000000167638	states																																	"            state_name
id                    
6   wait_for_side_poke"
1128554.0119	0.39149999991059303	states																																	"         state_name
id                 
4   announce_reward"
1128554.4034	0.09169999998994172	states																																	"   state_name
id           
8      reward"
1128554.4951	0.00010000006295740604	states																																	"    state_name
id            
7   stop_sound"
1128554.5579	3.152500000083819	trials	1.0	2.0	20.0	1.112061694841638	0.0	0.15	True	660.0	False	False	26476.0	False	Mixed	True	False	0.025	0.0	0.8874964533835227	1.5	9.0													
1128554.5579	3.152500000083819	processed_trials			20.0	1.112061694841638					False				Mixed					0.8874964533835227		9.0	40.0	40.0	False	True	False			20.373136501193883	1.1005999999999998	-0.21410660293515632	Right	0.5140999999999998	
1128554.5579	1.1006000000052154	states																																	"       state_name
id               
3   wait_for_poke"
1128555.6585	0.051900000078603625	states																																	"        state_name
id                
1   nose_in_center"
1128555.7104	2.0	states																																	"          state_name
id                  
2   punish_violation"
1128557.7683	13.968499999959022	trials	1.0	2.0	20.0	1.0971833289381487	0.0	0.15	True	660.0	True	False	26477.0	False	Mixed	True	True	0.025	0.0	100.0	1.5	9.0													
1128557.7683	13.968499999959022	processed_trials			20.0	1.0971833289381487					True				Mixed					100.0		9.0	40.0	40.0	False	False	True	9.3103	9.3103	20.373136501193883	3.3589	-0.1462330520387627	Left	3.3589	
1128557.7683	3.358900000108406	states																																	"       state_name
id               
3   wait_for_poke"
1128561.1272000002	1.0971999999601394	states																																	"        state_name
id                
1   nose_in_center"
1128562.2244000002	0.001999999862164259	states																																	"   state_name
id           
5      go_cue"
1128562.2264	9.310300000011921	states																																	"            state_name
id                    
6   wait_for_side_poke"
1128571.5367	0.19999999995343387	states																																	"   state_name
id           
0     opt_out"
1128571.7367	0.00010000006295740604	states																																	"    state_name
id            
7   stop_sound"
1128571.7989	2.7412999998778105	trials	1.0	2.0	20.0	1.1203882527228526	0.0	0.15	True	660.0	False	False	26478.0	False	High	True	False	0.025	0.0	0.040617863459390544	1.5	9.0													
1128571.7989	2.7412999998778105	processed_trials			20.0	1.1203882527228526					False				High					0.040617863459390544		9.0	40.0	40.0	False	True	False			20.373136501193883	0.6707000000000001	-0.22702731299598067	Right	0.6707000000000001	
1128571.7989	0.6706999999005347	states																																	"       state_name
id               
3   wait_for_poke"
1128572.4696	0.07060000021010637	states																																	"        state_name
id                
1   nose_in_center"
1128572.5402000002	2.0	states																																	"          state_name
id                  
2   punish_violation"
1128574.606	6.924000000115484	trials	1.0	2.0	20.0	1.1357060195958337	0.0	0.15	True	660.0	False	False	26479.0	False	High	True	True	0.025	0.0	5.172164148058926	1.5	9.0													
1128574.606	6.924000000115484	processed_trials			20.0	1.1357060195958337					False				High					5.172164148058926		9.0	40.0	40.0	True	False	False	5.1722	5.1722	20.373136501193883	0.12190000000000001	-0.24352158068935215	Left	0.12190000000000001	
1128574.606	0.12189999991096556	states																																	"       state_name
id               
3   wait_for_poke"
1128574.7278999998	1.1356999999843538	states																																	"        state_name
id                
1   nose_in_center"
1128575.8635999998	0.0020000000949949026	states																																	"   state_name
id           
5      go_cue"
1128575.8656	5.172199999913573	states																																	"            state_name
id                    
6   wait_for_side_poke"
1128581.0377999998	0.34320000000298023	states																																	"         state_name
id                 
4   announce_reward"
1128581.3809999998	0.14890000014565885	states																																	"   state_name
id           
8      reward"
1128581.5299	0.00010000006295740604	states																																	"    state_name
id            
7   stop_sound"
1128581.5949	3.8335000001825392	trials	1.0	2.0	40.0	1.135706	0.0	0.15	True	680.0	False	False	26480.0	False	High	True	False	0.025	0.0	2.792337346788857	1.5	9.0													
1128581.5949	3.8335000001825392	processed_trials			40.0	1.135706					False				High					2.792337346788857		9.0	40.0	40.0	False	True	False			20.373136501193883	1.2039000000000002	-0.21100190568164817	Right	0.4870000000000002	
1128581.5949	1.2039000000804663	states																																	"       state_name
id               
3   wait_for_poke"
1128582.7988	0.6295999998692423	states																																	"        state_name
id                
1   nose_in_center"
1128583.4283999999	2.0	states																																	"          state_name
id                  
2   punish_violation"
1128585.4896	2.2864999999292195	trials	1.0	2.0	40.0	1.0974103473523265	0.0	0.15	True	680.0	False	False	26481.0	False	High	True	True	0.025	0.0	0.4719584301265717	1.5	9.0													
1128585.4896	2.2864999999292195	processed_trials			40.0	1.0974103473523265					False				High					0.4719584301265717		9.0	40.0	40.0	True	False	False	0.472	0.472	20.373136501193883	0.0535	-0.24557735312052312	Right	0.0535	
1128585.4896	0.053499999921768904	states																																	"       state_name
id               
3   wait_for_poke"
1128585.5431	1.0974000000860542	states																																	"        state_name
id                
1   nose_in_center"
1128586.6405	0.0020000000949949026	states																																	"   state_name
id           
5      go_cue"
1128586.6425	0.4719999998342246	states																																	"            state_name
id                    
6   wait_for_side_poke"
1128587.1145	0.36740000010468066	states																																	"         state_name
id                 
4   announce_reward"
1128587.4819	0.29410000005736947	states																																	"   state_name
id           
8      reward"
1128587.776	9.999983012676239e-05	states																																	"    state_name
id            
7   stop_sound"
1128587.8395	4.066200000001118	trials	1.0	2.0	40.0	0.9781908254592685	0.0	0.15	True	720.0	False	False	26482.0	False	High	True	False	0.025	0.0	0.05038917350105248	1.5	9.0													
1128587.8395	4.066200000001118	processed_trials			40.0	0.9781908254592685					False				High					0.05038917350105248		9.0	40.0	40.0	False	True	False			20.373136501193883	2.0558	-0.18539792126476923	Left	1.1565	
1128587.8395	2.0557999999728054	states																																	"       state_name
id               
3   wait_for_poke"
1128589.8953	0.010400000028312206	states																																	"        state_name
id                
1   nose_in_center"
1128589.9057	2.0	states																																	"          state_name
id                  
2   punish_violation"
1128591.9713	2.065599999856204	trials	1.0	2.0	40.0	1.103388361254595	0.0	0.15	True	720.0	False	False	26483.0	False	High	True	True	0.025	0.0	10.101198509868734	1.5	9.0													
1128591.9713	2.065599999856204	processed_trials			40.0	1.103388361254595					False				High					10.101198509868734		9.0	40.0	40.0	False	True	False			20.373136501193883	0.002	-0.2471251934744018	Right	0.002	
1128591.9713	0.0020000000949949026	states																																	"       state_name
id               
3   wait_for_poke"
1128591.9733000002	0.06359999999403954	states																																	"        state_name
id                
1   nose_in_center"
1128592.0369000002	2.0	states																																	"          state_name
id                  
2   punish_violation"
1128594.1066	10.090099999913946	trials	1.0	2.0	40.0	1.1033884	0.0	0.15	True	720.0	False	False	26484.0	False	High	True	True	0.025	0.0	10.101199	1.5	9.0													
1128594.1066	10.090099999913946	processed_trials			40.0	1.1033884					False				High					10.101199		9.0	40.0	40.0	False	False	True	8.720500000000001	8.720500000000001	20.373136501193883	0.06409999999999999	-0.2452587685039966	Right	0.06409999999999999	
1128594.1066	0.06410000007599592	states																																	"       state_name
id               
3   wait_for_poke"
1128594.1707000001	1.1033999999053776	states																																	"        state_name
id                
1   nose_in_center"
1128595.2741	0.0020000000949949026	states																																	"   state_name
id           
5      go_cue"
1128595.2761000001	8.720499999821186	states																																	"            state_name
id                    
6   wait_for_side_poke"
1128603.9966	0.20000000018626451	states																																	"   state_name
id           
0     opt_out"
1128604.1966000001	9.999983012676239e-05	states																																	"    state_name
id            
7   stop_sound"
1128604.2645	2.303899999940768	trials	1.0	2.0	20.0	1.0169168754250641	0.0	0.15	True	720.0	True	False	26485.0	False	High	True	False	0.025	0.0	100.0	1.5	9.0													
1128604.2645	2.303899999940768	processed_trials			20.0	1.0169168754250641					True				High					100.0		9.0	40.0	40.0	False	True	False			20.373136501193883	0.188	-0.24153493510893695	Left	0.188	
1128604.2645	0.1880000000819564	states																																	"       state_name
id               
3   wait_for_poke"
1128604.4525000001	0.1158999998588115	states																																	"        state_name
id                
1   nose_in_center"
1128604.5684	2.0	states																																	"          state_name
id                  
2   punish_violation"
1128606.6345	2.7155000001657754	trials	1.0	2.0	20.0	0.8999784246261671	0.0	0.15	True	720.0	False	False	26486.0	False	High	True	True	0.025	0.0	0.6305443747669506	1.5	9.0													
1128606.6345	2.7155000001657754	processed_trials			20.0	0.8999784246261671					False				High					0.6305443747669506		9.0	40.0	40.0	False	True	False			20.373136501193883	0.6102000000000001	-0.22884564972238186	Right	0.6102000000000001	
1128606.6345	0.6101999999955297	states																																	"       state_name
id               
3   wait_for_poke"
1128607.2447	0.10529999993741512	states																																	"        state_name
id                
1   nose_in_center"
1128607.3499999999	2.0	states																																	"          state_name
id                  
2   punish_violation"
1128609.417	3.2092999999877065	trials	1.0	2.0	20.0	1.0804466676598343	0.0	0.15	True	720.0	False	False	26487.0	False	High	True	True	0.025	0.0	1.7388448913541796	1.5	9.0													
1128609.417	3.2092999999877065	processed_trials			20.0	1.0804466676598343					False				High					1.7388448913541796		9.0	40.0	40.0	True	False	False	1.7388000000000001	1.7388000000000001	20.373136501193883	0.22319999999999998	-0.240476993740849	Left	0.22319999999999998	
1128609.417	0.22319999989122152	states																																	"       state_name
id               
3   wait_for_poke"
1128609.6401999998	1.0804000000935048	states																																	"        state_name
id                
1   nose_in_center"
1128610.7206	0.0020000000949949026	states																																	"   state_name
id           
5      go_cue"
1128610.7226	1.7387999999336898	states																																	"            state_name
id                    
6   wait_for_side_poke"
1128612.4614	0.015899999998509884	states																																	"         state_name
id                 
4   announce_reward"
1128612.4773	0.1488999999128282	states																																	"   state_name
id           
8      reward"
1128612.6261999998	0.00010000006295740604	states																																	"    state_name
id            
7   stop_sound"
1128612.6948	6.145800000056624	trials	1.0	2.0	40.0	0.9834226056843752	0.0	0.15	True	740.0	False	False	26488.0	False	High	True	False	0.025	0.0	1.2397976212093156	1.5	9.0													
1128612.6948	6.145800000056624	processed_trials			40.0	0.9834226056843752					False				High					1.2397976212093156		9.0	40.0	40.0	False	True	False			20.373136501193883	3.955	-0.128317175632023	Left	0.3804000000000003	
1128612.6948	3.955000000074506	states																																	"       state_name
id               
3   wait_for_poke"
1128616.6498	0.1907999999821186	states																																	"        state_name
id                
1   nose_in_center"
1128616.8406	2.0	states																																	"          state_name
id                  
2   punish_violation"
1128618.9079	2.4610999999567866	trials	1.0	2.0	40.0	0.98342261	0.0	0.15	True	740.0	False	False	26489.0	False	High	True	True	0.025	0.0	1.1229305849702436	1.5	9.0													
1128618.9079	2.4610999999567866	processed_trials			40.0	0.98342261					False				High					1.1229305849702436		9.0	40.0	40.0	True	False	False	1.1228999999999998	1.1228999999999998	20.373136501193883	0.032799999999999996	-0.24619949477732483	Right	0.032799999999999996	
1128618.9079	0.0327999999281019	states																																	"       state_name
id               
3   wait_for_poke"
1128618.9407	0.9834000000264496	states																																	"        state_name
id                
1   nose_in_center"
1128619.9241	0.0020000000949949026	states																																	"   state_name
id           
5      go_cue"
1128619.9261	1.1228999998420477	states																																	"            state_name
id                    
6   wait_for_side_poke"
1128621.0489999999	0.025800000177696347	states																																	"         state_name
id                 
4   announce_reward"
1128621.0748	0.2940999998245388	states																																	"   state_name
id           
8      reward"
1128621.3689	0.00010000006295740604	states																																	"    state_name
id            
7   stop_sound"
1128621.4398	4.836799999931827	trials	1.0	2.0	20.0	0.8599898913324988	0.0	0.15	True	780.0	False	False	26490.0	False	High	True	False	0.025	0.0	1.1229306	1.5	9.0													
1128621.4398	4.836799999931827	processed_trials			20.0	0.8599898913324988					False				High					1.1229306		9.0	40.0	40.0	False	True	False			20.373136501193883	2.7191	-0.1654623386098616	Right	1.0094	
1128621.4398	2.7191000001039356	states																																	"       state_name
id               
3   wait_for_poke"
1128624.1589000002	0.11769999982789159	states																																	"        state_name
id                
1   nose_in_center"
1128624.2766	2.0	states																																	"          state_name
id                  
2   punish_violation"
1128626.3586	1.8257999999914318	trials	1.0	2.0	20.0	1.0466499499207487	0.0	0.15	True	780.0	False	False	26491.0	False	High	True	True	0.025	0.0	0.33682325118111445	1.5	9.0													
1128626.3586	1.8257999999914318	processed_trials			20.0	1.0466499499207487					False				High					0.33682325118111445		9.0	40.0	40.0	True	False	False	0.3368000000000002	0.3368000000000002	20.373136501193883	0.0025	-0.24711016589815057	Left	0.0025	
1128626.3586	0.0024999999441206455	states																																	"       state_name
id               
3   wait_for_poke"
1128626.3610999999	1.0466000000014901	states																																	"        state_name
id                
1   nose_in_center"
1128627.4076999999	0.0020000000949949026	states																																	"   state_name
id           
5      go_cue"
1128627.4097	0.3367999999318272	states																																	"            state_name
id                    
6   wait_for_side_poke"
1128627.7465	0.28890000004321337	states																																	"         state_name
id                 
4   announce_reward"
1128628.0354	0.1488999999128282	states																																	"   state_name
id           
8      reward"
1128628.1842999998	0.00010000006295740604	states																																	"    state_name
id            
7   stop_sound"
1128628.258	4.162100000074133	trials	1.0	2.0	20.0	0.8612264354683583	0.0	0.15	True	800.0	False	False	26492.0	False	High	True	False	0.025	0.0	2.5359415130254295	1.5	9.0													
1128628.258	4.162100000074133	processed_trials			20.0	0.8612264354683583					False				High					2.5359415130254295		9.0	40.0	40.0	False	True	False			20.373136501193883	1.9892999999999998	-0.1873965889061854	Left	0.3133999999999997	
1128628.258	1.9893000000156462	states																																	"       state_name
id               
3   wait_for_poke"
1128630.2473	0.17280000005848706	states																																	"        state_name
id                
1   nose_in_center"
1128630.4201	2.0	states																																	"          state_name
id                  
2   punish_violation"
1128632.4917	5.390000000130385	trials	1.0	2.0	20.0	0.8279258662431158	0.0	0.15	True	800.0	False	False	26493.0	False	High	True	True	0.025	0.0	4.100051018729378	1.5	9.0													
1128632.4917	5.390000000130385	processed_trials			20.0	0.8279258662431158					False				High					4.100051018729378		9.0	40.0	40.0	True	False	False	4.100099999999999	4.100099999999999	20.373136501193883	0.21980000000000002	-0.2405791812593575	Left	0.21980000000000002	
1128632.4917	0.21980000007897615	states																																	"       state_name
id               
3   wait_for_poke"
1128632.7115	0.8278999999165535	states																																	"        state_name
id                
1   nose_in_center"
1128633.5394	0.0020000000949949026	states																																	"   state_name
id           
5      go_cue"
1128633.5414	4.100099999923259	states																																	"            state_name
id                    
6   wait_for_side_poke"
1128637.6415	0.09119999990798533	states																																	"         state_name
id                 
4   announce_reward"
1128637.7326999998	0.14890000014565885	states																																	"   state_name
id           
8      reward"
1128637.8816	9.999983012676239e-05	states																																	"    state_name
id            
7   stop_sound"
1128637.956	3.540599999949336	trials	1.0	2.0	80.0	0.8883973548649848	0.0	0.15	True	820.0	False	False	26494.0	False	High	True	False	0.025	0.0	0.572655662657955	1.5	9.0													
1128637.956	3.540599999949336	processed_trials			80.0	0.8883973548649848					False				High					0.572655662657955		9.0	40.0	40.0	True	False	False	0.5727000000000002	0.5727000000000002	20.373136501193883	1.4963	-0.20221377908991744	Left	0.8836999999999999	
1128637.956	1.4962999999988824	states																																	"       state_name
id               
3   wait_for_poke"
1128639.4523	0.8884000000543892	states																																	"        state_name
id                
1   nose_in_center"
1128640.3407	0.001999999862164259	states																																	"   state_name
id           
5      go_cue"
1128640.3427	0.572700000135228	states																																	"            state_name
id                    
6   wait_for_side_poke"
1128640.9154	0.043599999975413084	states																																	"         state_name
id                 
4   announce_reward"
1128640.959	0.5374999998603016	states																																	"   state_name
id           
8      reward"
1128641.4965	0.00010000006295740604	states																																	"    state_name
id            
7   stop_sound"
1128641.574	7.194499999983236	trials	1.0	2.0	80.0	1.0806811161237073	0.0	0.15	True	900.0	False	False	26495.0	False	High	True	False	0.025	0.0	2.6670276288693384	1.5	9.0													
1128641.574	7.194499999983236	processed_trials			80.0	1.0806811161237073					False				High					2.6670276288693384		9.0	40.0	40.0	True	False	False	2.6670000000000007	2.6670000000000007	20.373136501193883	2.8144	-0.16259808257637343	Right	0.7472000000000003	
1128641.574	2.8144000000320375	states																																	"       state_name
id               
3   wait_for_poke"
1128644.3884	1.0807000000495464	states																																	"        state_name
id                
1   nose_in_center"
1128645.4691	0.001999999862164259	states																																	"   state_name
id           
5      go_cue"
1128645.4711	2.667000000132248	states																																	"            state_name
id                    
6   wait_for_side_poke"
1128648.1381	0.058899999829009175	states																																	"         state_name
id                 
4   announce_reward"
1128648.197	0.5714000000152737	states																																	"   state_name
id           
8      reward"
1128648.7684	0.00010000006295740604	states																																	"    state_name
id            
7   stop_sound"
1128648.8451	4.913200000068173	trials	1.0	2.0	40.0	0.8565802401334845	0.0	0.15	True	980.0	False	False	26496.0	False	High	True	False	0.025	0.0	0.49204084530469216	1.5	9.0													
1128648.8451	4.913200000068173	processed_trials			40.0	0.8565802401334845					False				High					0.49204084530469216		9.0	40.0	40.0	True	False	False	0.492	0.492	20.373136501193883	3.17	-0.15191047034648475	Right	0.7216999999999998	
1128648.8451	3.169999999925494	states																																	"       state_name
id               
3   wait_for_poke"
1128652.0151	0.8566000000573695	states																																	"        state_name
id                
1   nose_in_center"
1128652.8717	0.0020000000949949026	states																																	"   state_name
id           
5      go_cue"
1128652.8737	0.49199999985285103	states																																	"            state_name
id                    
6   wait_for_side_poke"
1128653.3657	0.09840000001713634	states																																	"         state_name
id                 
4   announce_reward"
1128653.4641	0.29410000005736947	states																																	"   state_name
id           
8      reward"
1128653.7582	0.00010000006295740604	states																																	"    state_name
id            
7   stop_sound"
1128653.8346	6.596400000154972	trials	1.0	2.0	80.0	1.175049167883841	0.0	0.15	True	1020.0	False	False	26497.0	False	High	True	False	0.025	0.0	2.321819559702	1.5	9.0													
1128653.8346	6.596400000154972	processed_trials			80.0	1.175049167883841					False				High					2.321819559702		9.0	40.0	40.0	True	False	False	2.3217999999999996	2.3217999999999996	20.373136501193883	2.4671	-0.17303623704049134	Right	0.4014000000000002	
1128653.8346	2.4671000000089407	states																																	"       state_name
id               
3   wait_for_poke"
1128656.3017	1.1750000000465661	states																																	"        state_name
id                
1   nose_in_center"
1128657.4767	0.001999999862164259	states																																	"   state_name
id           
5      go_cue"
1128657.4786999999	2.3218000000342727	states																																	"            state_name
id                    
6   wait_for_side_poke"
1128659.8005	0.059000000124797225	states																																	"         state_name
id                 
4   announce_reward"
1128659.8595	0.5714000000152737	states																																	"   state_name
id           
8      reward"
1128660.4309	9.999983012676239e-05	states																																	"    state_name
id            
7   stop_sound"
1128660.5092	4.6902000000700355	trials	1.0	2.0	80.0	1.1798429771287249	0.0	0.15	True	1100.0	False	False	26498.0	False	High	True	False	0.025	0.0	0.9807801013640826	1.5	9.0													
1128660.5092	4.6902000000700355	processed_trials			80.0	1.1798429771287249					False				High					0.9807801013640826		9.0	40.0	40.0	False	True	False			20.373136501193883	2.6511	-0.16750608898003153	Right	0.49219999999999997	
1128660.5092	2.6510999999009073	states																																	"       state_name
id               
3   wait_for_poke"
1128663.1602999999	0.03910000016912818	states																																	"        state_name
id                
1   nose_in_center"
1128663.1994	2.0	states																																	"          state_name
id                  
2   punish_violation"
1128665.277	2.9898000000976026	trials	1.0	2.0	80.0	0.8259538076064101	0.0	0.15	True	1100.0	False	False	26499.0	False	High	True	True	0.025	0.0	1.6044743565571125	1.5	9.0													
1128665.277	2.9898000000976026	processed_trials			80.0	0.8259538076064101					False				High					1.6044743565571125		9.0	40.0	40.0	True	False	False	1.6045	1.6045	20.373136501193883	0.0126	-0.24680660885787528	Left	0.0126	
1128665.277	0.012600000016391277	states																																	"       state_name
id               
3   wait_for_poke"
1128665.2896	0.825999999884516	states																																	"        state_name
id                
1   nose_in_center"
1128666.1156	0.0020000000949949026	states																																	"   state_name
id           
5      go_cue"
1128666.1176	1.6044999998994172	states																																	"            state_name
id                    
6   wait_for_side_poke"
1128667.7221	0.0071000000461936	states																																	"         state_name
id                 
4   announce_reward"
1128667.7292	0.5375000000931323	states																																	"   state_name
id           
8      reward"
1128668.2667	0.00010000006295740604	states																																	"    state_name
id            
7   stop_sound"
1128668.3445	6.00940000009723	trials	1.0	2.0	80.0	0.8727267178055184	0.0	0.15	True	1180.0	False	False	26500.0	False	High	True	False	0.025	0.0	1.6044744	1.5	9.0													
1128668.3445	6.00940000009723	processed_trials			80.0	0.8727267178055184					False				High					1.6044744		9.0	40.0	40.0	True	False	False	1.6044999999999998	1.6044999999999998	20.373136501193883	2.8207	-0.16240873511560766	Right	0.5300000000000002	
1128668.3445	2.820700000040233	states																																	"       state_name
id               
3   wait_for_poke"
1128671.1652	0.8726999999489635	states																																	"        state_name
id                
1   nose_in_center"
1128672.0378999999	0.0020000000949949026	states																																	"   state_name
id           
5      go_cue"
1128672.0399	1.6044999998994172	states																																	"            state_name
id                    
6   wait_for_side_poke"
1128673.6443999999	0.13800000003539026	states																																	"         state_name
id                 
4   announce_reward"
1128673.7824	0.5714000000152737	states																																	"   state_name
id           
8      reward"
1128674.3538	0.00010000006295740604	states																																	"    state_name
id            
7   stop_sound"
1128674.4333	6.26769999996759	trials	1.0	2.0	20.0	1.137185309086948	0.0	0.15	True	1260.0	False	False	26501.0	False	High	True	False	0.025	0.0	1.649804173933359	1.5	9.0													
1128674.4333	6.26769999996759	processed_trials			20.0	1.137185309086948					False				High					1.649804173933359		9.0	40.0	40.0	True	False	False	1.6498000000000008	1.6498000000000008	20.373136501193883	3.2505	-0.14949103057003357	Left	1.5379000000000003	
1128674.4333	3.2505000000819564	states																																	"       state_name
id               
3   wait_for_poke"
1128677.6838	1.1371999999973923	states																																	"        state_name
id                
1   nose_in_center"
1128678.821	0.001999999862164259	states																																	"   state_name
id           
5      go_cue"
1128678.8229999999	1.6498000000137836	states																																	"            state_name
id                    
6   wait_for_side_poke"
1128680.4727999999	0.07920000003650784	states																																	"         state_name
id                 
4   announce_reward"
1128680.552	0.1488999999128282	states																																	"   state_name
id           
8      reward"
1128680.7008999998	0.00010000006295740604	states																																	"    state_name
id            
7   stop_sound"
1128680.782	4.347700000042096	trials	1.0	2.0	40.0	0.9667503385218918	0.0	0.15	True	1280.0	True	False	26502.0	False	High	True	False	0.025	0.0	1.6498042	1.5	9.0													
1128680.782	4.347700000042096	processed_trials			40.0	0.9667503385218918					False				High					1.6498042		9.0	40.0	40.0	False	False	False	1.6497999999999995	1.6497999999999995	20.373136501193883	1.7290999999999999	-0.19521693958733566	Left	1.0411	
1128680.782	1.7291000001132488	states																																	"       state_name
id               
3   wait_for_poke"
1128682.5111	0.9667999998200685	states																																	"        state_name
id                
1   nose_in_center"
1128683.4778999998	0.0020000000949949026	states																																	"   state_name
id           
5      go_cue"
1128683.4799	1.6498000000137836	states																																	"            state_name
id                    
6   wait_for_side_poke"
1128685.2085	12.793400000082329	trials	1.0	2.0	80.0	0.9655079452867614	0.0	0.15	True	1280.0	False	False	26503.0	False	High	True	False	0.025	0.0	0.6779925901320869	1.5	9.0													
1128685.2085	12.793400000082329	processed_trials			80.0	0.9655079452867614					False				High					0.6779925901320869		9.0	40.0	40.0	True	False	False	0.677999999999999	0.677999999999999	20.373136501193883	10.577399999999999	0.07072006630052678	Left	10.577399999999999	
1128685.2085	10.577400000067428	states																																	"       state_name
id               
3   wait_for_poke"
1128695.7859	0.9654999999329448	states																																	"        state_name
id                
1   nose_in_center"
1128696.7514	0.0020000000949949026	states																																	"   state_name
id           
5      go_cue"
1128696.7534	0.6779999998398125	states																																	"            state_name
id                    
6   wait_for_side_poke"
1128697.4314	0.0328999999910593	states																																	"         state_name
id                 
4   announce_reward"
1128697.4642999999	0.5375000000931323	states																																	"   state_name
id           
8      reward"
1128698.0018	0.00010000006295740604	states																																	"    state_name
id            
7   stop_sound"
1128698.1	4.611799999838695	trials	1.0	2.0	80.0	0.8027238653059756	0.0	0.15	True	1360.0	False	False	26504.0	False	High	True	False	0.025	0.0	0.4322747399454843	1.5	9.0													
1128698.1	4.611799999838695	processed_trials			80.0	0.8027238653059756					False				High					0.4322747399454843		9.0	40.0	40.0	True	False	False	0.4322999999999997	0.4322999999999997	20.373136501193883	2.7121	-0.1656727246773791	Left	0.4596999999999998	
1128698.1	2.7120999998878688	states																																	"       state_name
id               
3   wait_for_poke"
1128700.8121	0.8027000001166016	states																																	"        state_name
id                
1   nose_in_center"
1128701.6148	0.0020000000949949026	states																																	"   state_name
id           
5      go_cue"
1128701.6168000002	0.4322999999858439	states																																	"            state_name
id                    
6   wait_for_side_poke"
1128702.0491000002	0.12509999983012676	states																																	"         state_name
id                 
4   announce_reward"
1128702.1742	0.5375000000931323	states																																	"   state_name
id           
8      reward"
1128702.7117	0.00010000006295740604	states																																	"    state_name
id            
7   stop_sound"
1128702.7951	9.222599999979138	trials	1.0	2.0	20.0	1.0442314131699821	0.0	0.15	True	1440.0	False	False	26505.0	False	High	True	False	0.025	0.0	4.888623613884704	1.5	9.0													
1128702.7951	9.222599999979138	processed_trials			20.0	1.0442314131699821					False				High					4.888623613884704		9.0	40.0	40.0	True	False	False	4.8885999999999985	4.8885999999999985	20.373136501193883	2.3590999999999998	-0.17628219351076127	Left	0.6287999999999998	
1128702.7951	2.35910000000149	states																																	"       state_name
id               
3   wait_for_poke"
1128705.1542	1.0441999998874962	states																																	"        state_name
id                
1   nose_in_center"
1128706.1983999999	0.0020000000949949026	states																																	"   state_name
id           
5      go_cue"
1128706.2004	4.888599999947473	states																																	"            state_name
id                    
6   wait_for_side_poke"
1128711.089	0.7797000000718981	states																																	"         state_name
id                 
4   announce_reward"
1128711.8687	0.1488999999128282	states																																	"   state_name
id           
8      reward"
1128712.0176	0.00010000006295740604	states																																	"    state_name
id            
7   stop_sound"
1128712.1023	5.140700000105426	trials	1.0	2.0	40.0	1.144588821314112	0.0	0.15	True	1460.0	False	False	26506.0	False	High	True	False	0.025	0.0	1.7499569033667761	1.5	9.0													
1128712.1023	5.140700000105426	processed_trials			40.0	1.144588821314112					False				High					1.7499569033667761		9.0	40.0	40.0	True	False	False	1.75	1.75	20.373136501193883	1.7397	-0.19489835497080918	Left	0.32220000000000004	
1128712.1023	1.7397000000346452	states																																	"       state_name
id               
3   wait_for_poke"
1128713.842	1.1445999999996275	states																																	"        state_name
id                
1   nose_in_center"
1128714.9866	0.001999999862164259	states																																	"   state_name
id           
5      go_cue"
1128714.9885999998	1.75	states																																	"            state_name
id                    
6   wait_for_side_poke"
1128716.7385999998	0.2275000000372529	states																																	"         state_name
id                 
4   announce_reward"
1128716.9660999998	0.2768000001087785	states																																	"   state_name
id           
8      reward"
1128717.2429	0.00010000006295740604	states																																	"    state_name
id            
7   stop_sound"
1128717.3276	4.763700000010431	trials	1.0	2.0	20.0	0.9273927151275493	0.0	0.15	True	1500.0	True	False	26507.0	False	High	True	False	0.025	0.0	100.0	1.5	9.0													
1128717.3276	4.763700000010431	processed_trials			20.0	0.9273927151275493					True				High					100.0		9.0	40.0	40.0	False	True	False			20.373136501193883	2.5475	-0.17061980277929045	Left	0.6555	
1128717.3276	2.5475000001024455	states																																	"       state_name
id               
3   wait_for_poke"
1128719.8751	0.21619999990798533	states																																	"        state_name
id                
1   nose_in_center"
1128720.0913	2.0	states																																	"          state_name
id                  
2   punish_violation"
1128722.1734	5.9114999999292195	trials	1.0	2.0	20.0	1.1142046602130613	0.0	0.15	True	1500.0	True	False	26508.0	False	High	True	True	0.025	0.0	100.0	1.5	9.0													
1128722.1734	5.9114999999292195	processed_trials			20.0	1.1142046602130613					True				High					100.0		9.0	40.0	40.0	False	False	True	4.4708	4.4708	20.373136501193883	0.12440000000000001	-0.24344644280809594	Right	0.12440000000000001	
1128722.1734	0.12440000008791685	states																																	"       state_name
id               
3   wait_for_poke"
1128722.2978	1.1141999999526888	states																																	"        state_name
id                
1   nose_in_center"
1128723.412	0.001999999862164259	states																																	"   state_name
id           
5      go_cue"
1128723.4139999999	4.470800000010058	states																																	"            state_name
id                    
6   wait_for_side_poke"
1128727.8847999999	0.20000000018626451	states																																	"   state_name
id           
0     opt_out"
1128728.0848	9.999983012676239e-05	states																																	"    state_name
id            
7   stop_sound"
1128728.1714	2.873399999924004	trials	1.0	2.0	80.0	0.8151351589035315	0.0	0.15	True	1500.0	False	False	26509.0	False	High	True	False	0.025	0.0	0.6960957803401547	1.5	9.0													
1128728.1714	2.873399999924004	processed_trials			80.0	0.8151351589035315					False				High					0.6960957803401547		9.0	40.0	40.0	True	False	False	0.6960999999999999	0.6960999999999999	20.373136501193883	0.44830000000000003	-0.23371157891253647	Left	0.44830000000000003	
1128728.1714	0.4483000000473112	states																																	"       state_name
id               
3   wait_for_poke"
1128728.6197000002	0.815100000007078	states																																	"        state_name
id                
1   nose_in_center"
1128729.4348000002	0.001999999862164259	states																																	"   state_name
id           
5      go_cue"
1128729.4368	0.6961000000592321	states																																	"            state_name
id                    
6   wait_for_side_poke"
1128730.1329	0.37430000002495944	states																																	"         state_name
id                 
4   announce_reward"
1128730.5072	0.5375000000931323	states																																	"   state_name
id           
8      reward"
1128731.0447000002	9.999983012676239e-05	states																																	"    state_name
id            
7   stop_sound"
1128731.1316	6.000999999931082	trials	1.0	2.0	40.0	1.0180799040503896	0.0	0.15	True	1580.0	False	False	26510.0	False	High	True	False	0.025	0.0	2.0955617943033658	1.5	9.0													
1128731.1316	6.000999999931082	processed_trials			40.0	1.0180799040503896					False				High					2.0955617943033658		9.0	40.0	40.0	True	False	False	2.0956	2.0956	20.373136501193883	2.4094	-0.17477041933988555	Left	0.3413000000000004	
1128731.1316	2.409400000004098	states																																	"       state_name
id               
3   wait_for_poke"
1128733.541	1.018099999986589	states																																	"        state_name
id                
1   nose_in_center"
1128734.5591	0.0020000000949949026	states																																	"   state_name
id           
5      go_cue"
1128734.5611	2.0955999998841435	states																																	"            state_name
id                    
6   wait_for_side_poke"
1128736.6567	0.19900000002235174	states																																	"         state_name
id                 
4   announce_reward"
1128736.8557	0.2768000001087785	states																																	"   state_name
id           
8      reward"
1128737.1325	9.999983012676239e-05	states																																	"    state_name
id            
7   stop_sound"
1128737.2188	4.346700000111014	trials	1.0	2.0	80.0	1.0104264508369896	0.0	0.15	True	1620.0	False	False	26511.0	False	High	True	False	0.025	0.0	0.2587816180681991	1.5	9.0													
1128737.2188	4.346700000111014	processed_trials			80.0	1.0104264508369896					False				High					0.2587816180681991		9.0	40.0	40.0	True	False	False	0.2587999999999999	0.2587999999999999	20.373136501193883	2.2723	-0.17889098074797818	Left	0.2945	
1128737.2188	2.272300000069663	states																																	"       state_name
id               
3   wait_for_poke"
1128739.4911	1.0104000000283122	states																																	"        state_name
id                
1   nose_in_center"
1128740.5015	0.001999999862164259	states																																	"   state_name
id           
5      go_cue"
1128740.5034999999	0.2587999999523163	states																																	"            state_name
id                    
6   wait_for_side_poke"
1128740.7622999998	0.2656000000424683	states																																	"         state_name
id                 
4   announce_reward"
1128741.0278999999	0.5375000000931323	states																																	"   state_name
id           
8      reward"
1128741.5654	0.00010000006295740604	states																																	"    state_name
id            
7   stop_sound"
1128741.653	8.535600000061095	trials	1.0	2.0	80.0	1.0104265	0.0	0.15	True	1700.0	False	False	26512.0	False	High	True	False	0.025	0.0	3.857112535919636	1.5	9.0													
1128741.653	8.535600000061095	processed_trials			80.0	1.0104265					False				High					3.857112535919636		9.0	40.0	40.0	True	False	False	3.8571	3.8571	20.373136501193883	3.0928	-0.15423072811967767	Left	0.6426000000000003	
1128741.653	3.0927999999839813	states																																	"       state_name
id               
3   wait_for_poke"
1128744.7458	1.0104000000283122	states																																	"        state_name
id                
1   nose_in_center"
1128745.7562	0.0020000000949949026	states																																	"   state_name
id           
5      go_cue"
1128745.7582	3.857099999906495	states																																	"            state_name
id                    
6   wait_for_side_poke"
1128749.6153	0.03569999989122152	states																																	"         state_name
id                 
4   announce_reward"
1128749.6509999998	0.5375000000931323	states																																	"   state_name
id           
8      reward"
1128750.1885	0.00010000006295740604	states																																	"    state_name
id            
7   stop_sound"
1128750.277	7.9613000000827014	trials	1.0	2.0	80.0	1.0158833376619918	0.0	0.15	True	1780.0	False	False	26513.0	False	High	True	False	0.025	0.0	3.8571125	1.5	9.0													
1128750.277	7.9613000000827014	processed_trials			80.0	1.0158833376619918					False				High					3.8571125		9.0	40.0	40.0	True	False	False	3.8571000000000004	3.8571000000000004	20.373136501193883	2.4135999999999997	-0.17464418769937506	Left	0.6225999999999998	
1128750.277	2.413600000087172	states																																	"       state_name
id               
3   wait_for_poke"
1128752.6906	1.0158999999985099	states																																	"        state_name
id                
1   nose_in_center"
1128753.7065	0.001999999862164259	states																																	"   state_name
id           
5      go_cue"
1128753.7085	3.857100000139326	states																																	"            state_name
id                    
6   wait_for_side_poke"
1128757.5656	0.13509999983944	states																																	"         state_name
id                 
4   announce_reward"
1128757.7007	0.5375000000931323	states																																	"   state_name
id           
8      reward"
1128758.2382	0.00010000006295740604	states																																	"    state_name
id            
7   stop_sound"
1128758.3295	5.093000000109896	trials	1.0	2.0	80.0	0.8033020064421224	0.0	0.15	True	1860.0	False	False	26514.0	False	High	True	False	0.025	0.0	1.204790587837103	1.5	9.0													
1128758.3295	5.093000000109896	processed_trials			80.0	0.8033020064421224					False				High					1.204790587837103		9.0	40.0	40.0	True	False	False	1.2047999999999996	1.2047999999999996	20.373136501193883	2.5213	-0.17140724777485591	Left	0.46640000000000015	
1128758.3295	2.52129999990575	states																																	"       state_name
id               
3   wait_for_poke"
1128760.8508	0.8033000000286847	states																																	"        state_name
id                
1   nose_in_center"
1128761.6541	0.0020000000949949026	states																																	"   state_name
id           
5      go_cue"
1128761.6561	1.204799999948591	states																																	"            state_name
id                    
6   wait_for_side_poke"
1128762.8609	0.023999999975785613	states																																	"         state_name
id                 
4   announce_reward"
1128762.8849	0.5375000000931323	states																																	"   state_name
id           
8      reward"
1128763.4224	0.00010000006295740604	states																																	"    state_name
id            
7   stop_sound"
1128763.5128	4.66440000012517	trials	1.0	2.0	40.0	1.0590759563695955	0.0	0.15	True	1940.0	False	False	26515.0	False	High	True	False	0.025	0.0	0.05056458162536902	1.5	9.0													
1128763.5128	4.66440000012517	processed_trials			40.0	1.0590759563695955					False				High					0.05056458162536902		9.0	40.0	40.0	True	False	False	0.050599999999999756	0.050599999999999756	20.373136501193883	2.7323000000000004	-0.1650656105968286	Right	0.6482000000000006	
1128763.5128	2.73230000003241	states																																	"       state_name
id               
3   wait_for_poke"
1128766.2451	1.059099999954924	states																																	"        state_name
id                
1   nose_in_center"
1128767.3042	0.0020000000949949026	states																																	"   state_name
id           
5      go_cue"
1128767.3062	0.05059999995864928	states																																	"            state_name
id                    
6   wait_for_side_poke"
1128767.3568	0.5261999999638647	states																																	"         state_name
id                 
4   announce_reward"
1128767.883	0.29410000005736947	states																																	"   state_name
id           
8      reward"
1128768.1771	9.999983012676239e-05	states																																	"    state_name
id            
7   stop_sound"
1128768.268	20.628400000045076	trials	1.0	2.0	40.0	1.096353388168486	0.0	0.15	True	1980.0	True	False	26516.0	False	High	True	False	0.025	0.0	100.0	1.5	9.0													
1128768.268	20.628400000045076	processed_trials			40.0	1.096353388168486					True				High					100.0		9.0	40.0	40.0	False	False	True	15.5868	15.5868	20.373136501193883	3.7431	-0.13468586244730255	Left	0.29879999999999995	
1128768.268	3.743100000079721	states																																	"       state_name
id               
3   wait_for_poke"
1128772.0111	1.0963999999221414	states																																	"        state_name
id                
1   nose_in_center"
1128773.1075	0.0020000000949949026	states																																	"   state_name
id           
5      go_cue"
1128773.1095	15.586799999931827	states																																	"            state_name
id                    
6   wait_for_side_poke"
1128788.6963	0.19999999995343387	states																																	"   state_name
id           
0     opt_out"
1128788.8963	0.00010000006295740604	states																																	"    state_name
id            
7   stop_sound"
1128788.9884	9.502500000176951	trials	1.0	2.0	40.0	1.0214257929762638	0.0	0.15	True	1980.0	True	False	26517.0	False	High	True	False	0.025	0.0	100.0	1.5	9.0													
1128788.9884	9.502500000176951	processed_trials			40.0	1.0214257929762638					True				High					100.0		9.0	40.0	40.0	False	False	True	7.9755	7.9755	20.373136501193883	0.3035	-0.23806356499489834	Left	0.3035	
1128788.9884	0.3034999999217689	states																																	"       state_name
id               
3   wait_for_poke"
1128789.2918999998	1.0213999999687076	states																																	"        state_name
id                
1   nose_in_center"
1128790.3132999998	0.0020000000949949026	states																																	"   state_name
id           
5      go_cue"
1128790.3153	7.975499999942258	states																																	"            state_name
id                    
6   wait_for_side_poke"
1128798.2907999998	0.20000000018626451	states																																	"   state_name
id           
0     opt_out"
1128798.4908	9.999983012676239e-05	states																																	"    state_name
id            
7   stop_sound"
1128798.6116	2.753999999957159	trials	1.0	2.0	80.0	1.0681626936141746	0.0	0.15	True	1980.0	False	False	26518.0	True	Mixed	True	False	0.025	0.0	0.8744349329809116	1.5	9.0													
1128798.6116	2.753999999957159	processed_trials			80.0	1.0681626936141746					False				Mixed					0.8744349329809116		9.0	40.0	40.0	True	False	False	0.8743999999999998	0.8743999999999998	20.373136501193883	0.18730000000000002	-0.2415559737156887	Right	0.18730000000000002	
1128798.6116	0.18730000010691583	states																																	"       state_name
id               
3   wait_for_poke"
1128798.7989	1.0681999998632818	states																																	"        state_name
id                
1   nose_in_center"
1128799.8671	0.0020000000949949026	states																																	"   state_name
id           
5      go_cue"
1128799.8691	0.8743999998550862	states																																	"            state_name
id                    
6   wait_for_side_poke"
1128800.7434999999	0.05060000019147992	states																																	"         state_name
id                 
4   announce_reward"
1128800.7941	0.571399999782443	states																																	"   state_name
id           
8      reward"
1128801.3654999998	0.00010000006295740604	states																																	"    state_name
id            
7   stop_sound"
1128801.4593	11.347099999897182	trials	1.0	2.0	20.0	0.8782839645989227	0.0	0.15	True	2060.0	False	False	26519.0	False	Mixed	True	False	0.025	0.0	7.136493235469601	1.5	9.0													
1128801.4593	11.347099999897182	processed_trials			20.0	0.8782839645989227					False				Mixed					7.136493235469601		9.0	40.0	40.0	False	False	True	5.3289	5.3289	20.373136501193883	4.9378	-0.0987789717525669	Right	3.1319	
1128801.4593	4.937799999956042	states																																	"       state_name
id               
3   wait_for_poke"
1128806.3971	0.8782999999821186	states																																	"        state_name
id                
1   nose_in_center"
1128807.2754	0.0020000000949949026	states																																	"   state_name
id           
5      go_cue"
1128807.2774	5.328900000080466	states																																	"            state_name
id                    
6   wait_for_side_poke"
1128812.6063	0.19999999995343387	states																																	"   state_name
id           
0     opt_out"
1128812.8063	9.999983012676239e-05	states																																	"    state_name
id            
7   stop_sound"
1128812.9	2.176800000015646	trials	1.0	2.0	80.0	1.0481114772335482	0.0	0.15	True	2060.0	False	False	26520.0	False	Mixed	True	False	0.025	0.0	3.447165092700486	1.5	9.0													
1128812.9	2.176800000015646	processed_trials			80.0	1.0481114772335482					False				Mixed					3.447165092700486		9.0	40.0	40.0	False	True	False			20.373136501193883	0.1444	-0.24284533975804595	Right	0.1444	
1128812.9	0.1444000001065433	states																																	"       state_name
id               
3   wait_for_poke"
1128813.0444	0.03239999990910292	states																																	"        state_name
id                
1   nose_in_center"
1128813.0768	2.0	states																																	"          state_name
id                  
2   punish_violation"
1128815.1725	2.3807999999262393	trials	1.0	2.0	80.0	1.0481115	0.0	0.15	True	2060.0	False	False	26521.0	False	Mixed	True	True	0.025	0.0	0.0876532860358604	1.5	9.0													
1128815.1725	2.3807999999262393	processed_trials			80.0	1.0481115					False				Mixed					0.0876532860358604		9.0	40.0	40.0	True	False	False	0.08770000000000011	0.08770000000000011	20.373136501193883	0.1216	-0.2435305972351029	Left	0.1216	
1128815.1725	0.12159999995492399	states																																	"       state_name
id               
3   wait_for_poke"
1128815.2941	1.0481000000145286	states																																	"        state_name
id                
1   nose_in_center"
1128816.3422	0.0020000000949949026	states																																	"   state_name
id           
5      go_cue"
1128816.3442000002	0.08770000003278255	states																																	"            state_name
id                    
6   wait_for_side_poke"
1128816.4319000002	0.5837999999057502	states																																	"         state_name
id                 
4   announce_reward"
1128817.0157	0.5375000000931323	states																																	"   state_name
id           
8      reward"
1128817.5532000002	9.999983012676239e-05	states																																	"    state_name
id            
7   stop_sound"
1128817.6501	11.979700000025332	trials	1.0	2.0	40.0	0.8925016650093013	0.0	0.15	True	2140.0	False	False	26522.0	False	Mixed	True	False	0.025	0.0	7.067337167866826	1.5	9.0													
1128817.6501	11.979700000025332	processed_trials			40.0	0.8925016650093013					False				Mixed					7.067337167866826		9.0	40.0	40.0	False	False	True	7.0672999999999995	7.0672999999999995	20.373136501193883	2.4421999999999997	-0.1737846103378036	Right	0.4816999999999998	
1128817.6501	2.4421999999321997	states																																	"       state_name
id               
3   wait_for_poke"
1128820.0923	0.8925000000745058	states																																	"        state_name
id                
1   nose_in_center"
1128820.9848	0.0020000000949949026	states																																	"   state_name
id           
5      go_cue"
1128820.9868	7.067299999995157	states																																	"            state_name
id                    
6   wait_for_side_poke"
1128828.0541	1.3755999999120831	states																																	"         state_name
id                 
4   announce_reward"
1128829.4297	0.19999999995343387	states																																	"   state_name
id           
0     opt_out"
1128829.6297	0.00010000006295740604	states																																	"    state_name
id            
7   stop_sound"
1128829.727	2.3500000000931323	trials	1.0	2.0	5.0	1.174500578525458	0.0	0.15	True	2140.0	False	False	26523.0	False	Mixed	True	False	0.025	0.0	1.119626003551393	1.5	9.0													
1128829.727	2.3500000000931323	processed_trials			5.0	1.174500578525458					False				Mixed					1.119626003551393		9.0	40.0	40.0	False	True	False			20.373136501193883	0.2276	-0.24034475106983802	Right	0.2276	
1128829.727	0.2276000001002103	states																																	"       state_name
id               
3   wait_for_poke"
1128829.9546	0.12239999999292195	states																																	"        state_name
id                
1   nose_in_center"
1128830.077	2.0	states																																	"          state_name
id                  
2   punish_violation"
1128832.1747	2.800899999914691	trials	1.0	2.0	5.0	0.8263415908600931	0.0	0.15	True	2140.0	False	False	26524.0	False	Mixed	True	True	0.025	0.0	8.112888814173033	1.5	9.0													
1128832.1747	2.800899999914691	processed_trials			5.0	0.8263415908600931					False				Mixed					8.112888814173033		9.0	40.0	40.0	False	True	False			20.373136501193883	0.5936	-0.22934456525392335	Left	0.5936	
1128832.1747	0.5936000000219792	states																																	"       state_name
id               
3   wait_for_poke"
1128832.7683	0.20729999989271164	states																																	"        state_name
id                
1   nose_in_center"
1128832.9756	2.0	states																																	"          state_name
id                  
2   punish_violation"
1128835.0713	5.218700000084937	trials	1.0	2.0	5.0	0.8023315932248083	0.0	0.15	True	2140.0	True	False	26525.0	False	Mixed	True	True	0.025	0.0	8.1128888	1.5	9.0													
1128835.0713	5.218700000084937	processed_trials			5.0	0.8023315932248083					False				Mixed					8.1128888		9.0	40.0	40.0	False	False	True	4.0406	4.0406	20.373136501193883	0.1737	-0.2419647237897227	Right	0.1737	
1128835.0713	0.17369999992661178	states																																	"       state_name
id               
3   wait_for_poke"
1128835.2449999999	0.8023000000976026	states																																	"        state_name
id                
1   nose_in_center"
1128836.0473	0.001999999862164259	states																																	"   state_name
id           
5      go_cue"
1128836.0492999998	4.040600000182167	states																																	"            state_name
id                    
6   wait_for_side_poke"
1128840.0899	0.19999999995343387	states																																	"   state_name
id           
0     opt_out"
1128840.2899	0.00010000006295740604	states																																	"    state_name
id            
7   stop_sound"
1128840.3936	2.1232999998610467	trials	1.0	2.0	5.0	0.9830935705040906	0.0	0.15	True	2140.0	False	False	26526.0	False	Mixed	True	False	0.025	0.0	5.549147649300669	1.5	9.0													
1128840.3936	2.1232999998610467	processed_trials			5.0	0.9830935705040906					False				Mixed					5.549147649300669		9.0	40.0	40.0	False	True	False			20.373136501193883	0.10790000000000001	-0.24394235282438712	Right	0.10790000000000001	
1128840.3936	0.10789999994449317	states																																	"       state_name
id               
3   wait_for_poke"
1128840.5015	0.015400000149384141	states																																	"        state_name
id                
1   nose_in_center"
1128840.5169000002	2.0	states																																	"          state_name
id                  
2   punish_violation"
1128842.6161	4.893500000005588	trials	1.0	2.0	5.0	1.0618865128798454	0.0	0.15	True	2140.0	False	False	26527.0	False	Mixed	True	True	0.025	0.0	1.4644940344976896	1.5	9.0													
1128842.6161	4.893500000005588	processed_trials			5.0	1.0618865128798454					False				Mixed					1.4644940344976896		9.0	40.0	40.0	False	True	False			20.373136501193883	2.4821	-0.17258540975295386	Right	2.4821	
1128842.6161	2.482099999906495	states																																	"       state_name
id               
3   wait_for_poke"
1128845.0982	0.4114000000990927	states																																	"        state_name
id                
1   nose_in_center"
1128845.5096	2.0	states																																	"          state_name
id                  
2   punish_violation"
1128847.6092	6.026799999875948	trials	1.0	2.0	5.0	0.9663751695046183	0.0	0.15	True	2140.0	False	False	26528.0	False	Mixed	True	True	0.025	0.0	5.011948158926572	1.5	9.0													
1128847.6092	6.026799999875948	processed_trials			5.0	0.9663751695046183					False				Mixed					5.011948158926572		9.0	40.0	40.0	False	False	True	4.6266	4.6266	20.373136501193883	0.2317	-0.24022152494457777	Right	0.2317	
1128847.6092	0.23169999988749623	states																																	"       state_name
id               
3   wait_for_poke"
1128847.8409	0.9664000000339001	states																																	"        state_name
id                
1   nose_in_center"
1128848.8073	0.0020000000949949026	states																																	"   state_name
id           
5      go_cue"
1128848.8093	4.626600000075996	states																																	"            state_name
id                    
6   wait_for_side_poke"
1128853.4359000002	0.19999999995343387	states																																	"   state_name
id           
0     opt_out"
1128853.6359	0.00010000006295740604	states																																	"    state_name
id            
7   stop_sound"
1128853.737	3.3756999999750406	trials	1.0	2.0	40.0	0.9091311451169994	0.0	0.15	True	2140.0	False	False	26529.0	False	Mixed	True	False	0.025	0.0	2.016956209637471	1.5	9.0													
1128853.737	3.3756999999750406	processed_trials			40.0	0.9091311451169994					False				Mixed					2.016956209637471		9.0	40.0	40.0	True	False	False	2.017	2.017	20.373136501193883	0.0874	-0.24455848345068837	Left	0.0874	
1128853.737	0.08740000007674098	states																																	"       state_name
id               
3   wait_for_poke"
1128853.8244	0.9090999998152256	states																																	"        state_name
id                
1   nose_in_center"
1128854.7334999999	0.0020000000949949026	states																																	"   state_name
id           
5      go_cue"
1128854.7355	2.0169999999925494	states																																	"            state_name
id                    
6   wait_for_side_poke"
1128856.7525	0.08330000005662441	states																																	"         state_name
id                 
4   announce_reward"
1128856.8358	0.27679999987594783	states																																	"   state_name
id           
8      reward"
1128857.1125999999	0.00010000006295740604	states																																	"    state_name
id            
7   stop_sound"
1128857.2166	5.426100000040606	trials	1.0	2.0	40.0	1.1952113708487158	0.0	0.15	True	2180.0	False	False	26530.0	False	Mixed	True	False	0.025	0.0	0.23236274081738814	1.5	9.0													
1128857.2166	5.426100000040606	processed_trials			40.0	1.1952113708487158					False				Mixed					0.23236274081738814		9.0	40.0	40.0	True	False	False	0.23239999999999927	0.23239999999999927	20.373136501193883	3.3573000000000004	-0.14628114028276668	Right	0.3229000000000002	
1128857.2166	3.35730000003241	states																																	"       state_name
id               
3   wait_for_poke"
1128860.5739	1.1951999999582767	states																																	"        state_name
id                
1   nose_in_center"
1128861.7691	0.0020000000949949026	states																																	"   state_name
id           
5      go_cue"
1128861.7711	0.2323999998625368	states																																	"            state_name
id                    
6   wait_for_side_poke"
1128862.0034999999	0.3449999999720603	states																																	"         state_name
id                 
4   announce_reward"
1128862.3484999998	0.29410000005736947	states																																	"   state_name
id           
8      reward"
1128862.6426	0.00010000006295740604	states																																	"    state_name
id            
7   stop_sound"
1128862.7441	4.328599999891594	trials	1.0	2.0	80.0	0.8862113980957718	0.0	0.15	True	2220.0	False	False	26531.0	False	Mixed	True	False	0.025	0.0	1.2233732191705724	1.5	9.0													
1128862.7441	4.328599999891594	processed_trials			80.0	0.8862113980957718					False				Mixed					1.2233732191705724		9.0	40.0	40.0	True	False	False	1.2233999999999998	1.2233999999999998	20.373136501193883	1.5957000000000001	-0.19922629693116906	Left	0.8355	
1128862.7441	1.5956999999471009	states																																	"       state_name
id               
3   wait_for_poke"
1128864.3398	0.8862000000663102	states																																	"        state_name
id                
1   nose_in_center"
1128865.226	0.0020000000949949026	states																																	"   state_name
id           
5      go_cue"
1128865.2280000001	1.2233999997843057	states																																	"            state_name
id                    
6   wait_for_side_poke"
1128866.4514	0.08370000007562339	states																																	"         state_name
id                 
4   announce_reward"
1128866.5351	0.5375000000931323	states																																	"   state_name
id           
8      reward"
1128867.0726	9.999983012676239e-05	states																																	"    state_name
id            
7   stop_sound"
1128867.1869	4.9566999999806285	trials	1.0	2.0	20.0	1.0769215236344234	0.0	0.15	True	2300.0	False	False	26532.0	False	Mixed	True	False	0.025	0.0	1.0473586178021281	1.5	9.0													
1128867.1869	4.9566999999806285	processed_trials			20.0	1.0769215236344234					False				Mixed					1.0473586178021281		9.0	40.0	40.0	True	False	False	1.0474000000000006	1.0474000000000006	20.373136501193883	2.5968	-0.1691380837609172	Right	0.6423000000000001	
1128867.1869	2.5967999999411404	states																																	"       state_name
id               
3   wait_for_poke"
1128869.7837	1.0768999999854714	states																																	"        state_name
id                
1   nose_in_center"
1128870.8606	0.0020000000949949026	states																																	"   state_name
id           
5      go_cue"
1128870.8626	1.047400000039488	states																																	"            state_name
id                    
6   wait_for_side_poke"
1128871.9100000001	0.07489999989047647	states																																	"         state_name
id                 
4   announce_reward"
1128871.9849	0.15859999996609986	states																																	"   state_name
id           
8      reward"
1128872.1435	0.00010000006295740604	states																																	"    state_name
id            
7   stop_sound"
1128872.2474	3.3996000001206994	trials	1.0	2.0	5.0	1.0769215	0.0	0.15	True	2320.0	False	False	26533.0	False	Mixed	True	False	0.025	0.0	0.07450776075116743	1.5	9.0													
1128872.2474	3.3996000001206994	processed_trials			5.0	1.0769215					False				Mixed					0.07450776075116743		9.0	40.0	40.0	False	True	False			20.373136501193883	1.2759	-0.20883793470146825	Right	0.3447	
1128872.2474	1.275900000007823	states																																	"       state_name
id               
3   wait_for_poke"
1128873.5233	0.12369999988004565	states																																	"        state_name
id                
1   nose_in_center"
1128873.6469999999	2.0	states																																	"          state_name
id                  
2   punish_violation"
1128875.7508	2.922400000039488	trials	1.0	2.0	5.0	0.9347666172808335	0.0	0.15	True	2320.0	False	False	26534.0	False	Mixed	True	True	0.025	0.0	2.6405297351998986	1.5	9.0													
1128875.7508	2.922400000039488	processed_trials			5.0	0.9347666172808335					False				Mixed					2.6405297351998986		9.0	40.0	40.0	False	True	False			20.373136501193883	0.8792000000000001	-0.2207608136992096	Left	0.8792000000000001	
1128875.7508	0.879200000083074	states																																	"       state_name
id               
3   wait_for_poke"
1128876.6300000001	0.043199999956414104	states																																	"        state_name
id                
1   nose_in_center"
1128876.6732	2.0	states																																	"          state_name
id                  
2   punish_violation"
1128878.7755	2.742199999978766	trials	1.0	2.0	5.0	1.0478139849755133	0.0	0.15	True	2320.0	False	False	26535.0	False	Mixed	True	True	0.025	0.0	1.5194130914513069	1.5	9.0													
1128878.7755	2.742199999978766	processed_trials			5.0	1.0478139849755133					False				Mixed					1.5194130914513069		9.0	40.0	40.0	True	False	False	1.5194	1.5194	20.373136501193883	0.09309999999999999	-0.24438716908142413	Right	0.09309999999999999	
1128878.7755	0.09309999994002283	states																																	"       state_name
id               
3   wait_for_poke"
1128878.8686	1.047800000058487	states																																	"        state_name
id                
1   nose_in_center"
1128879.9164	0.0020000000949949026	states																																	"   state_name
id           
5      go_cue"
1128879.9184	1.5193999998737127	states																																	"            state_name
id                    
6   wait_for_side_poke"
1128881.4378	0.02139999996870756	states																																	"         state_name
id                 
4   announce_reward"
1128881.4592	0.05839999997988343	states																																	"   state_name
id           
8      reward"
1128881.5176	0.00010000006295740604	states																																	"    state_name
id            
7   stop_sound"
1128881.6245	2.9651000001467764	trials	1.0	2.0	20.0	1.1194153949074879	0.0	0.15	True	2325.0	False	False	26536.0	False	Mixed	True	False	0.025	0.0	1.3573528142915596	1.5	9.0													
1128881.6245	2.9651000001467764	processed_trials			20.0	1.1194153949074879					False				Mixed					1.3573528142915596		9.0	40.0	40.0	False	True	False			20.373136501193883	0.9008999999999999	-0.22010861688990538	Left	0.35339999999999994	
1128881.6245	0.9009000000078231	states																																	"       state_name
id               
3   wait_for_poke"
1128882.5254	0.06419999990612268	states																																	"        state_name
id                
1   nose_in_center"
1128882.5895999998	2.0	states																																	"          state_name
id                  
2   punish_violation"
1128884.6943	4.897799999918789	trials	1.0	2.0	20.0	0.8129298111121341	0.0	0.15	True	2325.0	False	False	26537.0	False	Mixed	True	True	0.025	0.0	2.6663018615686482	1.5	9.0													
1128884.6943	4.897799999918789	processed_trials			20.0	0.8129298111121341					False				Mixed					2.6663018615686482		9.0	40.0	40.0	True	False	False	2.6663000000000006	2.6663000000000006	20.373136501193883	1.0924	-0.21435305518567682	Left	1.0924	
1128884.6943	1.0923999999649823	states																																	"       state_name
id               
3   wait_for_poke"
1128885.7867	0.812900000018999	states																																	"        state_name
id                
1   nose_in_center"
1128886.5996	0.0020000000949949026	states																																	"   state_name
id           
5      go_cue"
1128886.6016000002	2.6662999999243766	states																																	"            state_name
id                    
6   wait_for_side_poke"
1128889.2679	0.1751999999396503	states																																	"         state_name
id                 
4   announce_reward"
1128889.4431	0.14890000014565885	states																																	"   state_name
id           
8      reward"
1128889.5920000002	9.999983012676239e-05	states																																	"    state_name
id            
7   stop_sound"
1128889.6996	4.039000000106171	trials	1.0	2.0	10.0	0.9179740139452298	0.0	0.15	True	2345.0	False	False	26538.0	False	Mixed	True	False	0.025	0.0	2.6783969026802823	1.5	9.0													
1128889.6996	4.039000000106171	processed_trials			10.0	0.9179740139452298					False				Mixed					2.6783969026802823		9.0	40.0	40.0	False	True	False			20.373136501193883	1.7943	-0.19325734364417274	Left	0.8020999999999999	
1128889.6996	1.7942999999504536	states																																	"       state_name
id               
3   wait_for_poke"
1128891.4939	0.24470000015571713	states																																	"        state_name
id                
1   nose_in_center"
1128891.7386	2.0	states																																	"          state_name
id                  
2   punish_violation"
1128893.8482	2.0320000001229346	trials	1.0	2.0	10.0	1.1376943548432925	0.0	0.15	True	2345.0	False	False	26539.0	False	Mixed	True	True	0.025	0.0	0.34749325585054974	1.5	9.0													
1128893.8482	2.0320000001229346	processed_trials			10.0	1.1376943548432925					False				Mixed					0.34749325585054974		9.0	40.0	40.0	True	False	False	0.34750000000000014	0.34750000000000014	20.373136501193883	0.2749	-0.2389231423564698	Right	0.2749	
1128893.8482	0.274900000076741	states																																	"       state_name
id               
3   wait_for_poke"
1128894.1231	1.137699999846518	states																																	"        state_name
id                
1   nose_in_center"
1128895.2607999998	0.0020000000949949026	states																																	"   state_name
id           
5      go_cue"
1128895.2628	0.34749999991618097	states																																	"            state_name
id                    
6   wait_for_side_poke"
1128895.6102999998	0.17810000013560057	states																																	"         state_name
id                 
4   announce_reward"
1128895.7884	0.09169999998994172	states																																	"   state_name
id           
8      reward"
1128895.8801	9.999983012676239e-05	states																																	"    state_name
id            
7   stop_sound"
1128895.9882	5.5951999998651445	trials	1.0	2.0	20.0	0.96447062651478	0.0	0.15	True	2355.0	False	False	26540.0	False	Mixed	True	False	0.025	0.0	3.341133657309703	1.5	9.0													
1128895.9882	5.5951999998651445	processed_trials			20.0	0.96447062651478					False				Mixed					3.341133657309703		9.0	40.0	40.0	True	False	False	3.3411	3.3411	20.373136501193883	1.1292	-0.21324702557358485	Left	0.32019999999999993	
1128895.9882	1.129200000083074	states																																	"       state_name
id               
3   wait_for_poke"
1128897.1174	0.9645000000018626	states																																	"        state_name
id                
1   nose_in_center"
1128898.0819	0.001999999862164259	states																																	"   state_name
id           
5      go_cue"
1128898.0839	3.3411000000778586	states																																	"            state_name
id                    
6   wait_for_side_poke"
1128901.425	0.009399999864399433	states																																	"         state_name
id                 
4   announce_reward"
1128901.4344	0.14890000014565885	states																																	"   state_name
id           
8      reward"
1128901.5833	0.00010000006295740604	states																																	"    state_name
id            
7   stop_sound"
1128901.6925	3.4418000001460314	trials	1.0	2.0	10.0	1.0717085858692392	0.0	0.15	True	2375.0	False	False	26541.0	False	Mixed	True	False	0.025	0.0	2.5031063549801145	1.5	9.0													
1128901.6925	3.4418000001460314	processed_trials			10.0	1.0717085858692392					False				Mixed					2.5031063549801145		9.0	40.0	40.0	False	True	False			20.373136501193883	1.2328	-0.21013331177432595	Left	0.5666999999999999	
1128901.6925	1.2328000001143664	states																																	"       state_name
id               
3   wait_for_poke"
1128902.9253	0.20899999979883432	states																																	"        state_name
id                
1   nose_in_center"
1128903.1342999998	2.0	states																																	"          state_name
id                  
2   punish_violation"
1128905.2459	2.565100000007078	trials	1.0	2.0	10.0	1.125763264015631	0.0	0.15	True	2375.0	False	False	26542.0	False	Mixed	True	True	0.025	0.0	1.3327949610759617	1.5	9.0													
1128905.2459	2.565100000007078	processed_trials			10.0	1.125763264015631					False				Mixed					1.3327949610759617		9.0	40.0	40.0	False	True	False			20.373136501193883	0.45080000000000003	-0.23363644103128023	Left	0.45080000000000003	
1128905.2459	0.45079999999143183	states																																	"       state_name
id               
3   wait_for_poke"
1128905.6967	0.11430000001564622	states																																	"        state_name
id                
1   nose_in_center"
1128905.811	2.0	states																																	"          state_name
id                  
2   punish_violation"
1128907.9188	2.54660000000149	trials	1.0	2.0	10.0	1.181938342860508	0.0	0.15	True	2375.0	False	False	26543.0	False	Mixed	True	True	0.025	0.0	1.332795	1.5	9.0													
1128907.9188	2.54660000000149	processed_trials			10.0	1.181938342860508					False				Mixed					1.332795		9.0	40.0	40.0	False	True	False			20.373136501193883	0.4838	-0.23264462099869773	Right	0.4838	
1128907.9188	0.48380000004544854	states																																	"       state_name
id               
3   wait_for_poke"
1128908.4026000001	0.06279999995604157	states																																	"        state_name
id                
1   nose_in_center"
1128908.4654	2.0	states																																	"          state_name
id                  
2   punish_violation"
1128910.5763	6.63800000003539	trials	1.0	2.0	10.0	1.0606304148571024	0.0	0.15	True	2375.0	False	False	26544.0	False	Mixed	True	True	0.025	0.0	4.696017563834335	1.5	9.0													
1128910.5763	6.63800000003539	processed_trials			10.0	1.0606304148571024					False				Mixed					4.696017563834335		9.0	40.0	40.0	True	False	False	4.696000000000001	4.696000000000001	20.373136501193883	0.705	-0.22599642126514496	Left	0.705	
1128910.5763	0.7050000000745058	states																																	"       state_name
id               
3   wait_for_poke"
1128911.2813000001	1.0605999999679625	states																																	"        state_name
id                
1   nose_in_center"
1128912.3419	0.001999999862164259	states																																	"   state_name
id           
5      go_cue"
1128912.3439	4.695999999996275	states																																	"            state_name
id                    
6   wait_for_side_poke"
1128917.0399	0.0889000000897795	states																																	"         state_name
id                 
4   announce_reward"
1128917.1288	0.08539999998174608	states																																	"   state_name
id           
8      reward"
1128917.2142	0.00010000006295740604	states																																	"    state_name
id            
7   stop_sound"
1128917.3279	3.3678000001236796	trials	1.0	2.0	5.0	0.9394614787919201	0.0	0.15	True	2385.0	True	False	26545.0	False	Mixed	True	False	0.025	0.0	100.0	1.5	9.0													
1128917.3279	3.3678000001236796	processed_trials			5.0	0.9394614787919201					True				Mixed					100.0		9.0	40.0	40.0	False	True	False			20.373136501193883	1.2602	-0.20930980059575746	Right	0.32519999999999993	
1128917.3279	1.2601999999023974	states																																	"       state_name
id               
3   wait_for_poke"
1128918.5880999998	0.1075999999884516	states																																	"        state_name
id                
1   nose_in_center"
1128918.6956999998	2.0	states																																	"          state_name
id                  
2   punish_violation"
1128920.82	11.21860000002198	trials	1.0	2.0	5.0	1.1842128816230673	0.0	0.15	True	2385.0	True	False	26546.0	False	Mixed	True	True	0.025	0.0	100.0	1.5	9.0													
1128920.82	11.21860000002198	processed_trials			5.0	1.1842128816230673					True				Mixed					100.0		9.0	40.0	40.0	False	False	True	8.776599999999998	8.776599999999998	20.373136501193883	1.0557	-0.21545607928251853	Left	1.0557	
1128920.82	1.055699999909848	states																																	"       state_name
id               
3   wait_for_poke"
1128921.8757	1.1842000000178814	states																																	"        state_name
id                
1   nose_in_center"
1128923.0599	0.0020000000949949026	states																																	"   state_name
id           
5      go_cue"
1128923.0619	8.776599999982864	states																																	"            state_name
id                    
6   wait_for_side_poke"
1128931.8385	0.19999999995343387	states																																	"   state_name
id           
0     opt_out"
1128932.0385	0.00010000006295740604	states																																	"    state_name
id            
7   stop_sound"
1128932.1549	2.220200000097975	trials	1.0	2.0	5.0	1.072530060368138	0.0	0.15	True	2385.0	False	False	26547.0	False	Mixed	True	False	0.025	0.0	2.893686172732525	1.5	9.0													
1128932.1549	2.220200000097975	processed_trials			5.0	1.072530060368138					False				Mixed					2.893686172732525		9.0	40.0	40.0	False	True	False			20.373136501193883	0.18159999999999998	-0.24172728808495297	Right	0.18159999999999998	
1128932.1549	0.18160000001080334	states																																	"       state_name
id               
3   wait_for_poke"
1128932.3365	0.03860000008717179	states																																	"        state_name
id                
1   nose_in_center"
1128932.3751	2.0	states																																	"          state_name
id                  
2   punish_violation"
1128934.4901	4.836399999912828	trials	1.0	2.0	5.0	1.0725301	0.0	0.15	True	2385.0	False	False	26548.0	False	Mixed	True	True	0.025	0.0	2.8936862	1.5	9.0													
1128934.4901	4.836399999912828	processed_trials			5.0	1.0725301					False				Mixed					2.8936862		9.0	40.0	40.0	True	False	False	2.8936999999999995	2.8936999999999995	20.373136501193883	0.7805	-0.2237272572512063	Left	0.7805	
1128934.4901	0.7805000001098961	states																																	"       state_name
id               
3   wait_for_poke"
1128935.2706000002	1.0724999997764826	states																																	"        state_name
id                
1   nose_in_center"
1128936.3431	0.0020000000949949026	states																																	"   state_name
id           
5      go_cue"
1128936.3451	2.8937000001315027	states																																	"            state_name
id                    
6   wait_for_side_poke"
1128939.2388000002	0.03369999979622662	states																																	"         state_name
id                 
4   announce_reward"
1128939.2725	0.05390000017359853	states																																	"   state_name
id           
8      reward"
1128939.3264000001	9.999983012676239e-05	states																																	"    state_name
id            
7   stop_sound"
1128939.4447	4.653699999907985	trials	1.0	2.0	20.0	0.8847581210628823	0.0	0.15	True	2390.0	False	False	26549.0	False	Mixed	True	False	0.025	0.0	1.3957960568686891	1.5	9.0													
1128939.4447	4.653699999907985	processed_trials			20.0	0.8847581210628823					False				Mixed					1.3957960568686891		9.0	40.0	40.0	False	True	False			20.373136501193883	2.5115	-0.1717017882693804	Right	1.4388999999999998	
1128939.4447	2.5115000000223517	states																																	"       state_name
id               
3   wait_for_poke"
1128941.9562000001	0.1421999998856336	states																																	"        state_name
id                
1   nose_in_center"
1128942.0984	2.0	states																																	"          state_name
id                  
2   punish_violation"
1128944.2162	1.7871000000741333	trials	1.0	2.0	20.0	0.9118225143087555	0.0	0.15	True	2390.0	False	False	26550.0	False	Mixed	True	True	0.025	0.0	0.38552807802722655	1.5	9.0													
1128944.2162	1.7871000000741333	processed_trials			20.0	0.9118225143087555					False				Mixed					0.38552807802722655		9.0	40.0	40.0	True	False	False	0.3855000000000002	0.3855000000000002	20.373136501193883	0.2576	-0.23944309649476303	Left	0.2576	
1128944.2162	0.25759999989531934	states																																	"       state_name
id               
3   wait_for_poke"
1128944.4737999998	0.9118000001180917	states																																	"        state_name
id                
1   nose_in_center"
1128945.3856	0.0020000000949949026	states																																	"   state_name
id           
5      go_cue"
1128945.3876	0.38549999985843897	states																																	"            state_name
id                    
6   wait_for_side_poke"
1128945.7730999999	0.08120000013150275	states																																	"         state_name
id                 
4   announce_reward"
1128945.8543	0.1488999999128282	states																																	"   state_name
id           
8      reward"
1128946.0032	0.00010000006295740604	states																																	"    state_name
id            
7   stop_sound"
1128946.1215	3.4057000000029802	trials	1.0	2.0	40.0	0.8673442812541758	0.0	0.15	True	2410.0	False	False	26551.0	False	Mixed	True	False	0.025	0.0	0.3826493076329196	1.5	9.0													
1128946.1215	3.4057000000029802	processed_trials			40.0	0.8673442812541758					False				Mixed					0.3826493076329196		9.0	40.0	40.0	True	False	False	0.38260000000000005	0.38260000000000005	20.373136501193883	1.7575	-0.19436337325626468	Left	0.6189000000000002	
1128946.1215	1.7575000000651926	states																																	"       state_name
id               
3   wait_for_poke"
1128947.879	0.8673000000417233	states																																	"        state_name
id                
1   nose_in_center"
1128948.7463	0.001999999862164259	states																																	"   state_name
id           
5      go_cue"
1128948.7482999999	0.38260000012815	states																																	"            state_name
id                    
6   wait_for_side_poke"
1128949.1309	0.11939999996684492	states																																	"         state_name
id                 
4   announce_reward"
1128949.2503	0.27679999987594783	states																																	"   state_name
id           
8      reward"
1128949.5270999998	0.00010000006295740604	states																																	"    state_name
id            
7   stop_sound"
1128949.6432	4.405599999940023	trials	1.0	2.0	5.0	0.8696512329915651	0.0	0.15	True	2450.0	False	False	26552.0	False	Mixed	True	False	0.025	0.0	5.997985727759895	1.5	9.0													
1128949.6432	4.405599999940023	processed_trials			5.0	0.8696512329915651					False				Mixed					5.997985727759895		9.0	40.0	40.0	False	True	False			20.373136501193883	2.2201999999999997	-0.18045685419335836	Right	0.33999999999999964	
1128949.6432	2.220200000097975	states																																	"       state_name
id               
3   wait_for_poke"
1128951.8634000001	0.1853999998420477	states																																	"        state_name
id                
1   nose_in_center"
1128952.0488	2.0	states																																	"          state_name
id                  
2   punish_violation"
1128954.1673	2.8969999998807907	trials	1.0	2.0	5.0	1.0556282081220199	0.0	0.15	True	2450.0	False	False	26553.0	False	Mixed	True	True	0.025	0.0	1.643766711123207	1.5	9.0													
1128954.1673	2.8969999998807907	processed_trials			5.0	1.0556282081220199					False				Mixed					1.643766711123207		9.0	40.0	40.0	True	False	False	1.6437999999999995	1.6437999999999995	20.373136501193883	0.1248	-0.2434344207470949	Right	0.1248	
1128954.1673	0.12480000010691583	states																																	"       state_name
id               
3   wait_for_poke"
1128954.2921000002	1.0555999998468906	states																																	"        state_name
id                
1   nose_in_center"
1128955.3477	0.0020000000949949026	states																																	"   state_name
id           
5      go_cue"
1128955.3497000001	1.6437999999616295	states																																	"            state_name
id                    
6   wait_for_side_poke"
1128956.9935	0.012300000060349703	states																																	"         state_name
id                 
4   announce_reward"
1128957.0058000002	0.05839999997988343	states																																	"   state_name
id           
8      reward"
1128957.0642000001	0.00010000006295740604	states																																	"    state_name
id            
7   stop_sound"
1128957.2054	5.306899999966845	trials	1.0	2.0	80.0	0.9142877859065128	0.0	0.15	True	2455.0	False	False	26554.0	False	Mixed	True	False	0.025	0.0	1.6437667	1.5	9.0													
1128957.2054	5.306899999966845	processed_trials			80.0	0.9142877859065128					False				Mixed					1.6437667		9.0	40.0	40.0	True	False	False	1.6438000000000001	1.6438000000000001	20.373136501193883	0.6832	-0.22665162358969942	Left	0.43810000000000004	
1128957.2054	0.6832000000867993	states																																	"       state_name
id               
3   wait_for_poke"
1128957.8886000002	0.9142999998293817	states																																	"        state_name
id                
1   nose_in_center"
1128958.8029	0.0020000000949949026	states																																	"   state_name
id           
5      go_cue"
1128958.8049	1.6437999999616295	states																																	"            state_name
id                    
6   wait_for_side_poke"
1128960.4487	1.5260000000707805	states																																	"         state_name
id                 
4   announce_reward"
1128961.9747000001	0.5374999998603016	states																																	"   state_name
id           
8      reward"
1128962.5122	0.00010000006295740604	states																																	"    state_name
id            
7   stop_sound"
1128962.6338	9.100000000093132	trials	1.0	2.0	20.0	1.166302392779935	0.0	0.15	True	2535.0	False	False	26555.0	False	Mixed	True	False	0.025	0.0	4.314387746534744	1.5	9.0													
1128962.6338	9.100000000093132	processed_trials			20.0	1.166302392779935					False				Mixed					4.314387746534744		9.0	40.0	40.0	False	False	True	4.314400000000001	4.314400000000001	20.373136501193883	2.9535	-0.15841741086327582	Right	0.7466999999999997	
1128962.6338	2.9535000000614673	states																																	"       state_name
id               
3   wait_for_poke"
1128965.5873	1.1662999999243766	states																																	"        state_name
id                
1   nose_in_center"
1128966.7536	0.0020000000949949026	states																																	"   state_name
id           
5      go_cue"
1128966.7556	4.3144000000320375	states																																	"            state_name
id                    
6   wait_for_side_poke"
1128971.07	0.4636999999638647	states																																	"         state_name
id                 
4   announce_reward"
1128971.5337	0.19999999995343387	states																																	"   state_name
id           
0     opt_out"
1128971.7337	0.00010000006295740604	states																																	"    state_name
id            
7   stop_sound"
1128971.8573	2.7221999999601394	trials	1.0	2.0	20.0	1.0032783369074838	0.0	0.15	True	2535.0	False	False	26556.0	False	Mixed	True	False	0.025	0.0	0.9942863469808667	1.5	9.0													
1128971.8573	2.7221999999601394	processed_trials			20.0	1.0032783369074838					False				Mixed					0.9942863469808667		9.0	40.0	40.0	False	True	False			20.373136501193883	0.5838	-0.22963910574844784	Right	0.5838	
1128971.8573	0.5837999999057502	states																																	"       state_name
id               
3   wait_for_poke"
1128972.4411	0.13840000005438924	states																																	"        state_name
id                
1   nose_in_center"
1128972.5795	2.0	states																																	"          state_name
id                  
2   punish_violation"
1128974.7016	4.925899999914691	trials	1.0	2.0	20.0	1.0032783	0.0	0.15	True	2535.0	False	False	26557.0	False	Mixed	True	True	0.025	0.0	3.2300001757168477	1.5	9.0													
1128974.7016	4.925899999914691	processed_trials			20.0	1.0032783					False				Mixed					3.2300001757168477		9.0	40.0	40.0	True	False	False	3.2300000000000004	3.2300000000000004	20.373136501193883	0.1487	-0.24271610260228518	Right	0.1487	
1128974.7016	0.14870000001974404	states																																	"       state_name
id               
3   wait_for_poke"
1128974.8503	1.0032999999821186	states																																	"        state_name
id                
1   nose_in_center"
1128975.8536	0.0020000000949949026	states																																	"   state_name
id           
5      go_cue"
1128975.8556000001	3.2299999999813735	states																																	"            state_name
id                    
6   wait_for_side_poke"
1128979.0856	0.3831999998074025	states																																	"         state_name
id                 
4   announce_reward"
1128979.4688	0.1586000001989305	states																																	"   state_name
id           
8      reward"
1128979.6274	9.999983012676239e-05	states																																	"    state_name
id            
7   stop_sound"
1128979.7499	3.319900000002235	trials	1.0	2.0	80.0	0.9603201963161667	0.0	0.15	True	2555.0	True	False	26558.0	False	High	True	False	0.025	0.0	100.0	1.5	9.0													
1128979.7499	3.319900000002235	processed_trials			80.0	0.9603201963161667					True				High					100.0		9.0	40.0	40.0	False	True	False			20.373136501193883	1.2508	-0.20959231902928097	Right	0.4898999999999999	
1128979.7499	1.250800000037998	states																																	"       state_name
id               
3   wait_for_poke"
1128981.0007	0.06909999996423721	states																																	"        state_name
id                
1   nose_in_center"
1128981.0698	2.0	states																																	"          state_name
id                  
2   punish_violation"
1128983.1976	3.5408999999053776	trials	1.0	2.0	80.0	1.083305338017733	0.0	0.15	True	2555.0	False	False	26559.0	False	High	True	True	0.025	0.0	1.7932830333686107	1.5	9.0													
1128983.1976	3.5408999999053776	processed_trials			80.0	1.083305338017733					False				High					1.7932830333686107		9.0	40.0	40.0	True	False	False	1.7932999999999997	1.7932999999999997	20.373136501193883	0.0521	-0.2456194303340266	Right	0.0521	
1128983.1976	0.052099999971687794	states																																	"       state_name
id               
3   wait_for_poke"
1128983.2497	1.0833000000566244	states																																	"        state_name
id                
1   nose_in_center"
1128984.333	0.001999999862164259	states																																	"   state_name
id           
5      go_cue"
1128984.335	1.7933000000193715	states																																	"            state_name
id                    
6   wait_for_side_poke"
1128986.1283	0.0387000001501292	states																																	"         state_name
id                 
4   announce_reward"
1128986.1670000001	0.5714000000152737	states																																	"   state_name
id           
8      reward"
1128986.7384000001	9.999983012676239e-05	states																																	"    state_name
id            
7   stop_sound"
1128986.865	5.524600000120699	trials	1.0	2.0	40.0	1.0137318185231394	0.0	0.15	True	2635.0	False	False	26560.0	False	High	True	False	0.025	0.0	2.094286456842878	1.5	9.0													
1128986.865	5.524600000120699	processed_trials			40.0	1.0137318185231394					False				High					2.094286456842878		9.0	40.0	40.0	False	True	False			20.373136501193883	3.1614	-0.15216894465800623	Left	1.2839	
1128986.865	3.1614000000990927	states																																	"       state_name
id               
3   wait_for_poke"
1128990.0264	0.36319999978877604	states																																	"        state_name
id                
1   nose_in_center"
1128990.3895999999	2.0	states																																	"          state_name
id                  
2   punish_violation"
1128992.5315	1.7930999998934567	trials	1.0	2.0	40.0	0.8566292624078581	0.0	0.15	True	2635.0	False	False	26561.0	False	High	True	True	0.025	0.0	0.21474596718138872	1.5	9.0													
1128992.5315	1.7930999998934567	processed_trials			40.0	0.8566292624078581					False				High					0.21474596718138872		9.0	40.0	40.0	True	False	False	0.2147000000000001	0.2147000000000001	20.373136501193883	0.15	-0.24267703090403192	Left	0.15	
1128992.5315	0.14999999990686774	states																																	"       state_name
id               
3   wait_for_poke"
1128992.6815	0.8566000000573695	states																																	"        state_name
id                
1   nose_in_center"
1128993.5381	0.0020000000949949026	states																																	"   state_name
id           
5      go_cue"
1128993.5401	0.2146999998949468	states																																	"            state_name
id                    
6   wait_for_side_poke"
1128993.7548	0.29290000000037253	states																																	"         state_name
id                 
4   announce_reward"
1128994.0477	0.2768000001087785	states																																	"   state_name
id           
8      reward"
1128994.3245	9.999983012676239e-05	states																																	"    state_name
id            
7   stop_sound"
1128994.4506	5.195599999977276	trials	1.0	2.0	40.0	1.1447058371267322	0.0	0.15	True	2675.0	False	False	26562.0	False	High	True	False	0.025	0.0	1.384729185010488	1.5	9.0													
1128994.4506	5.195599999977276	processed_trials			40.0	1.1447058371267322					False				High					1.384729185010488		9.0	40.0	40.0	True	False	False	1.3846999999999996	1.3846999999999996	20.373136501193883	2.2651	-0.17910737784599615	Left	0.5356999999999998	
1128994.4506	2.265099999960512	states																																	"       state_name
id               
3   wait_for_poke"
1128996.7157	1.1447000000625849	states																																	"        state_name
id                
1   nose_in_center"
1128997.8604000001	0.001999999862164259	states																																	"   state_name
id           
5      go_cue"
1128997.8624	1.3847000000532717	states																																	"            state_name
id                    
6   wait_for_side_poke"
1128999.2471	0.12220000009983778	states																																	"         state_name
id                 
4   announce_reward"
1128999.3693000001	0.27679999987594783	states																																	"   state_name
id           
8      reward"
1128999.6461	0.00010000006295740604	states																																	"    state_name
id            
7   stop_sound"
1128999.7729	9.481099999975413	trials	1.0	2.0	20.0	1.1447058	0.0	0.15	True	2715.0	True	False	26563.0	False	High	True	False	0.025	0.0	100.0	1.5	9.0													
1128999.7729	9.481099999975413	processed_trials			20.0	1.1447058					True				High					100.0		9.0	40.0	40.0	False	False	True	5.9434000000000005	5.9434000000000005	20.373136501193883	2.1909	-0.18133747016168159	Right	0.35220000000000007	
1128999.7729	2.190900000045076	states																																	"       state_name
id               
3   wait_for_poke"
1129001.9638	1.1447000000625849	states																																	"        state_name
id                
1   nose_in_center"
1129003.1085	0.001999999862164259	states																																	"   state_name
id           
5      go_cue"
1129003.1105	5.943399999989197	states																																	"            state_name
id                    
6   wait_for_side_poke"
1129009.0539	0.19999999995343387	states																																	"   state_name
id           
0     opt_out"
1129009.2539	0.00010000006295740604	states																																	"    state_name
id            
7   stop_sound"
1129009.3828	2.2070999999996275	trials	1.0	2.0	20.0	0.9255159413017066	0.0	0.15	True	2715.0	True	False	26564.0	False	High	True	False	0.025	0.0	100.0	1.5	9.0													
1129009.3828	2.2070999999996275	processed_trials			20.0	0.9255159413017066					True				High					100.0		9.0	40.0	40.0	False	True	False			20.373136501193883	0.071	-0.24505138795172937	Right	0.071	
1129009.3828	0.07099999999627471	states																																	"       state_name
id               
3   wait_for_poke"
1129009.4538	0.13610000000335276	states																																	"        state_name
id                
1   nose_in_center"
1129009.5899	2.0	states																																	"          state_name
id                  
2   punish_violation"
1129011.7164	2.6292999999132007	trials	1.0	2.0	20.0	0.8211656790747155	0.0	0.15	True	2715.0	False	False	26565.0	False	High	True	True	0.025	0.0	0.15437545235988903	1.5	9.0													
1129011.7164	2.6292999999132007	processed_trials			20.0	0.8211656790747155					False				High					0.15437545235988903		9.0	40.0	40.0	False	True	False			20.373136501193883	0.10540000000000001	-0.2440174907056434	Right	0.10540000000000001	
1129011.7164	0.10540000000037253	states																																	"       state_name
id               
3   wait_for_poke"
1129011.8218	0.5238999999128282	states																																	"        state_name
id                
1   nose_in_center"
1129012.3457	2.0	states																																	"          state_name
id                  
2   punish_violation"
1129014.4769	2.020699999993667	trials	1.0	2.0	20.0	1.1777768452496826	0.0	0.15	True	2715.0	False	False	26566.0	False	High	True	True	0.025	0.0	0.40483199922871094	1.5	9.0													
1129014.4769	2.020699999993667	processed_trials			20.0	1.1777768452496826					False				High					0.40483199922871094		9.0	40.0	40.0	False	False	True	0.40480000000000005	0.40480000000000005	20.373136501193883	0.1335	-0.24317294092032318	Right	0.1335	
1129014.4769	0.1334999999962747	states																																	"       state_name
id               
3   wait_for_poke"
1129014.6104	1.1777999999467283	states																																	"        state_name
id                
1   nose_in_center"
1129015.7881999998	0.0020000000949949026	states																																	"   state_name
id           
5      go_cue"
1129015.7902	0.40479999990202487	states																																	"            state_name
id                    
6   wait_for_side_poke"
1129016.1949999998	0.1025000000372529	states																																	"         state_name
id                 
4   announce_reward"
1129016.2974999999	0.19999999995343387	states																																	"   state_name
id           
0     opt_out"
1129016.4974999998	0.00010000006295740604	states																																	"    state_name
id            
7   stop_sound"
1129016.6262	2.3773000000510365	trials	1.0	2.0	20.0	0.9105806735672038	0.0	0.15	True	2715.0	False	False	26567.0	False	High	True	False	0.025	0.0	0.03032568921656254	1.5	9.0													
1129016.6262	2.3773000000510365	processed_trials			20.0	0.9105806735672038					False				High					0.03032568921656254		9.0	40.0	40.0	False	False	True	0.030299999999999994	0.030299999999999994	20.373136501193883	0.6139	-0.22873444565812262	Right	0.6139	
1129016.6262	0.6138999999966472	states																																	"       state_name
id               
3   wait_for_poke"
1129017.2401	0.9106000000610948	states																																	"        state_name
id                
1   nose_in_center"
1129018.1507	0.001999999862164259	states																																	"   state_name
id           
5      go_cue"
1129018.1527	0.03029999998398125	states																																	"            state_name
id                    
6   wait_for_side_poke"
1129018.183	0.6204000001307577	states																																	"         state_name
id                 
4   announce_reward"
1129018.8034	0.19999999995343387	states																																	"   state_name
id           
0     opt_out"
1129019.0034	0.00010000006295740604	states																																	"    state_name
id            
7   stop_sound"
1129019.134	4.2894999999552965	trials	1.0	2.0	80.0	0.8451027251908317	0.0	0.15	True	2715.0	False	False	26568.0	False	High	True	False	0.025	0.0	2.3908655270986072	1.5	9.0													
1129019.134	4.2894999999552965	processed_trials			80.0	0.8451027251908317					False				High					2.3908655270986072		9.0	40.0	40.0	True	False	False	2.3909	2.3909	20.373136501193883	0.44439999999999996	-0.23382879400729623	Left	0.44439999999999996	
1129019.134	0.4443999999202788	states																																	"       state_name
id               
3   wait_for_poke"
1129019.5784	0.8451000000350177	states																																	"        state_name
id                
1   nose_in_center"
1129020.4235	0.0020000000949949026	states																																	"   state_name
id           
5      go_cue"
1129020.4255000001	2.39089999999851	states																																	"            state_name
id                    
6   wait_for_side_poke"
1129022.8164000001	0.0694999999832362	states																																	"         state_name
id                 
4   announce_reward"
1129022.8859	0.5374999998603016	states																																	"   state_name
id           
8      reward"
1129023.4234	0.00010000006295740604	states																																	"    state_name
id            
7   stop_sound"
1129023.5563	5.615699999965727	trials	1.0	2.0	40.0	0.8911844592650143	0.0	0.15	True	2795.0	False	False	26569.0	False	High	True	False	0.025	0.0	0.3454751730187499	1.5	9.0													
1129023.5563	5.615699999965727	processed_trials			40.0	0.8911844592650143					False				High					0.3454751730187499		9.0	40.0	40.0	False	True	False			20.373136501193883	3.0427	-0.1557364912600529	Right	0.6286999999999998	
1129023.5563	3.0427000001072884	states																																	"       state_name
id               
3   wait_for_poke"
1129026.5990000002	0.572999999858439	states																																	"        state_name
id                
1   nose_in_center"
1129027.172	2.0	states																																	"          state_name
id                  
2   punish_violation"
1129029.3045	2.4739999999292195	trials	1.0	2.0	40.0	0.8686780152797713	0.0	0.15	True	2795.0	True	False	26570.0	False	High	True	True	0.025	0.0	100.0	1.5	9.0													
1129029.3045	2.4739999999292195	processed_trials			40.0	0.8686780152797713					True				High					100.0		9.0	40.0	40.0	False	True	False			20.373136501193883	0.14709999999999998	-0.2427641908462892	Left	0.14709999999999998	
1129029.3045	0.14709999994374812	states																																	"       state_name
id               
3   wait_for_poke"
1129029.4516	0.32689999998547137	states																																	"        state_name
id                
1   nose_in_center"
1129029.7785	2.0	states																																	"          state_name
id                  
2   punish_violation"
1129031.9135	9.874499999918044	trials	1.0	2.0	40.0	0.9073506637117863	0.0	0.15	True	2795.0	True	False	26571.0	False	High	True	True	0.025	0.0	100.0	1.5	9.0													
1129031.9135	9.874499999918044	processed_trials			40.0	0.9073506637117863					True				High					100.0		9.0	40.0	40.0	False	False	True	8.6251	8.6251	20.373136501193883	0.1399	-0.24298058794430716	Right	0.1399	
1129031.9135	0.13990000006742775	states																																	"       state_name
id               
3   wait_for_poke"
1129032.0534	0.9073999999091029	states																																	"        state_name
id                
1   nose_in_center"
1129032.9608	0.0020000000949949026	states																																	"   state_name
id           
5      go_cue"
1129032.9628	8.625099999830127	states																																	"            state_name
id                    
6   wait_for_side_poke"
1129041.5879	0.20000000018626451	states																																	"   state_name
id           
0     opt_out"
1129041.7879	9.999983012676239e-05	states																																	"    state_name
id            
7   stop_sound"
1129041.9209	2.9014000000897795	trials	1.0	2.0	80.0	0.9096393705765385	0.0	0.15	True	2795.0	False	False	26572.0	False	High	True	False	0.025	0.0	1.172145901123233	1.5	9.0													
1129041.9209	2.9014000000897795	processed_trials			80.0	0.9096393705765385					False				High					1.172145901123233		9.0	40.0	40.0	False	True	False			20.373136501193883	0.0795	-0.24479591915545815	Right	0.0795	
1129041.9209	0.07949999999254942	states																																	"       state_name
id               
3   wait_for_poke"
1129042.0004	0.8219000000972301	states																																	"        state_name
id                
1   nose_in_center"
1129042.8223	2.0	states																																	"          state_name
id                  
2   punish_violation"
1129044.9633	4.314699999988079	trials	1.0	2.0	80.0	0.8775524518534602	0.0	0.15	True	2795.0	False	False	26573.0	False	High	True	True	0.025	0.0	2.8707609604583983	1.5	9.0													
1129044.9633	4.314699999988079	processed_trials			80.0	0.8775524518534602					False				High					2.8707609604583983		9.0	40.0	40.0	True	False	False	2.8708	2.8708	20.373136501193883	0.0207	-0.24656316212260507	Left	0.0207	
1129044.9633	0.020699999993667006	states																																	"       state_name
id               
3   wait_for_poke"
1129044.984	0.877600000007078	states																																	"        state_name
id                
1   nose_in_center"
1129045.8616	0.0020000000949949026	states																																	"   state_name
id           
5      go_cue"
1129045.8636	2.870799999916926	states																																	"            state_name
id                    
6   wait_for_side_poke"
1129048.7344	0.006000000052154064	states																																	"         state_name
id                 
4   announce_reward"
1129048.7404	0.5374999998603016	states																																	"   state_name
id           
8      reward"
1129049.2778999999	0.00010000006295740604	states																																	"    state_name
id            
7   stop_sound"
1129049.4145	5.402400000020862	trials	1.0	2.0	20.0	1.1052974230486818	0.0	0.15	True	2875.0	False	False	26574.0	False	High	True	False	0.025	0.0	1.2368028335617849	1.5	9.0													
1129049.4145	5.402400000020862	processed_trials			20.0	1.1052974230486818					False				High					1.2368028335617849		9.0	40.0	40.0	False	True	False			20.373136501193883	3.2636	-0.14909730807225083	Left	0.6804999999999999	
1129049.4145	3.2635999999474734	states																																	"       state_name
id               
3   wait_for_poke"
1129052.6781	0.13880000007338822	states																																	"        state_name
id                
1   nose_in_center"
1129052.8169	2.0	states																																	"          state_name
id                  
2   punish_violation"
1129054.9505	6.1783999998588115	trials	1.0	2.0	20.0	1.027208108173379	0.0	0.15	True	2875.0	False	False	26575.0	False	High	True	True	0.025	0.0	3.942738052598513	1.5	9.0													
1129054.9505	6.1783999998588115	processed_trials			20.0	1.027208108173379					False				High					3.942738052598513		9.0	40.0	40.0	True	False	False	3.9427000000000003	3.9427000000000003	20.373136501193883	0.9177000000000001	-0.2196036903278634	Right	0.9177000000000001	
1129054.9505	0.9177000001072884	states																																	"       state_name
id               
3   wait_for_poke"
1129055.8682000001	1.0271999998949468	states																																	"        state_name
id                
1   nose_in_center"
1129056.8954	0.0020000000949949026	states																																	"   state_name
id           
5      go_cue"
1129056.8974000001	3.942700000014156	states																																	"            state_name
id                    
6   wait_for_side_poke"
1129060.8401000001	0.1300999999511987	states																																	"         state_name
id                 
4   announce_reward"
1129060.9702	0.15859999996609986	states																																	"   state_name
id           
8      reward"
1129061.1288	0.00010000006295740604	states																																	"    state_name
id            
7   stop_sound"
1129061.2672	3.6074000000953674	trials	1.0	2.0	20.0	0.8454119140508332	0.0	0.15	True	2895.0	True	False	26576.0	False	High	True	False	0.025	0.0	100.0	1.5	9.0													
1129061.2672	3.6074000000953674	processed_trials			20.0	0.8454119140508332					True				High					100.0		9.0	40.0	40.0	False	True	False			20.373136501193883	1.5360999999999998	-0.201017584020318	Right	0.7856999999999998	
1129061.2672	1.5360999999102205	states																																	"       state_name
id               
3   wait_for_poke"
1129062.8032999998	0.07130000018514693	states																																	"        state_name
id                
1   nose_in_center"
1129062.8746	2.0	states																																	"          state_name
id                  
2   punish_violation"
1129065.0088	2.650099999969825	trials	1.0	2.0	20.0	0.9459543203101026	0.0	0.15	True	2895.0	False	False	26577.0	False	High	True	True	0.025	0.0	1.2904077406204084	1.5	9.0													
1129065.0088	2.650099999969825	processed_trials			20.0	0.9459543203101026					False				High					1.2904077406204084		9.0	40.0	40.0	True	False	False	1.2903999999999998	1.2903999999999998	20.373136501193883	0.2457	-0.23980075280954277	Left	0.2457	
1129065.0088	0.24570000008679926	states																																	"       state_name
id               
3   wait_for_poke"
1129065.2545	0.9459999999962747	states																																	"        state_name
id                
1   nose_in_center"
1129066.2005	0.001999999862164259	states																																	"   state_name
id           
5      go_cue"
1129066.2025	1.2904000000562519	states																																	"            state_name
id                    
6   wait_for_side_poke"
1129067.4929	0.01699999999254942	states																																	"         state_name
id                 
4   announce_reward"
1129067.5099	0.1488999999128282	states																																	"   state_name
id           
8      reward"
1129067.6587999999	0.00010000006295740604	states																																	"    state_name
id            
7   stop_sound"
1129067.7975	3.978599999798462	trials	1.0	2.0	40.0	1.0521574377480434	0.0	0.15	True	2915.0	False	False	26578.0	False	High	True	False	0.025	0.0	1.2904077	1.5	9.0													
1129067.7975	3.978599999798462	processed_trials			40.0	1.0521574377480434					False				High					1.2904077		9.0	40.0	40.0	True	False	False	1.2904	1.2904	20.373136501193883	1.1975	-0.21119425865766417	Left	0.6844	
1129067.7975	1.1975000000093132	states																																	"       state_name
id               
3   wait_for_poke"
1129068.995	1.0522000000346452	states																																	"        state_name
id                
1   nose_in_center"
1129070.0472000001	0.001999999862164259	states																																	"   state_name
id           
5      go_cue"
1129070.0492	1.2904000000562519	states																																	"            state_name
id                    
6   wait_for_side_poke"
1129071.3396	0.15960000013001263	states																																	"         state_name
id                 
4   announce_reward"
1129071.4992000002	0.27679999987594783	states																																	"   state_name
id           
8      reward"
1129071.776	0.00010000006295740604	states																																	"    state_name
id            
7   stop_sound"
1129071.9144	8.983500000089407	trials	1.0	2.0	80.0	0.8204966731913762	0.0	0.15	True	2955.0	False	False	26579.0	False	High	True	False	0.025	0.0	4.709742423941458	1.5	9.0													
1129071.9144	8.983500000089407	processed_trials			80.0	0.8204966731913762					False				High					4.709742423941458		9.0	40.0	40.0	True	False	False	4.7097	4.7097	20.373136501193883	2.8353	-0.1619699298890712	Left	0.45210000000000017	
1129071.9144	2.8352999999187887	states																																	"       state_name
id               
3   wait_for_poke"
1129074.7496999998	0.820500000147149	states																																	"        state_name
id                
1   nose_in_center"
1129075.5702	0.001999999862164259	states																																	"   state_name
id           
5      go_cue"
1129075.5721999998	4.7097000000067055	states																																	"            state_name
id                    
6   wait_for_side_poke"
1129080.2818999998	0.07839999999850988	states																																	"         state_name
id                 
4   announce_reward"
1129080.3602999998	0.5375000000931323	states																																	"   state_name
id           
8      reward"
1129080.8978	0.00010000006295740604	states																																	"    state_name
id            
7   stop_sound"
1129081.0384	8.051200000103563	trials	1.0	2.0	40.0	1.0653311825864058	0.0	0.15	True	3035.0	False	False	26580.0	False	High	True	False	0.025	0.0	3.235426038476917	1.5	9.0													
1129081.0384	8.051200000103563	processed_trials			40.0	1.0653311825864058					False				High					3.235426038476917		9.0	40.0	40.0	True	False	False	3.2353999999999994	3.2353999999999994	20.373136501193883	3.3493000000000004	-0.14652158150278666	Left	0.5583000000000005	
1129081.0384	3.349299999885261	states																																	"       state_name
id               
3   wait_for_poke"
1129084.3876999998	1.0653000001329929	states																																	"        state_name
id                
1   nose_in_center"
1129085.453	0.0020000000949949026	states																																	"   state_name
id           
5      go_cue"
1129085.455	3.235399999888614	states																																	"            state_name
id                    
6   wait_for_side_poke"
1129088.6904	0.12229999992996454	states																																	"         state_name
id                 
4   announce_reward"
1129088.8127	0.2768000001087785	states																																	"   state_name
id           
8      reward"
1129089.0895	0.00010000006295740604	states																																	"    state_name
id            
7   stop_sound"
1129089.2315	9.997600000118837	trials	1.0	2.0	80.0	0.8434902503876068	0.0	0.15	True	3075.0	False	False	26581.0	False	High	True	False	0.025	0.0	5.314575860030423	1.5	9.0													
1129089.2315	9.997600000118837	processed_trials			80.0	0.8434902503876068					False				High					5.314575860030423		9.0	40.0	40.0	True	False	False	5.3146	5.3146	20.373136501193883	2.8338	-0.16201501261782494	Left	0.8994	
1129089.2315	2.83379999990575	states																																	"       state_name
id               
3   wait_for_poke"
1129092.0653	0.8435000001918525	states																																	"        state_name
id                
1   nose_in_center"
1129092.9088	0.001999999862164259	states																																	"   state_name
id           
5      go_cue"
1129092.9108	5.314599999925122	states																																	"            state_name
id                    
6   wait_for_side_poke"
1129098.2253999999	0.46610000007785857	states																																	"         state_name
id                 
4   announce_reward"
1129098.6915	0.5375000000931323	states																																	"   state_name
id           
8      reward"
1129099.229	9.999983012676239e-05	states																																	"    state_name
id            
7   stop_sound"
1129099.3697	5.435100000118837	trials	1.0	2.0	80.0	0.8630010199122896	0.0	0.15	True	3155.0	False	False	26582.0	False	High	True	False	0.025	0.0	0.8190021720296775	1.5	9.0													
1129099.3697	5.435100000118837	processed_trials			80.0	0.8630010199122896					False				High					0.8190021720296775		9.0	40.0	40.0	True	False	False	0.8190000000000004	0.8190000000000004	20.373136501193883	2.8886999999999996	-0.16036498474543776	Left	0.6151999999999997	
1129099.3697	2.888700000010431	states																																	"       state_name
id               
3   wait_for_poke"
1129102.2584	0.8629999998956919	states																																	"        state_name
id                
1   nose_in_center"
1129103.1213999998	0.0020000000949949026	states																																	"   state_name
id           
5      go_cue"
1129103.1234	0.8189999999012798	states																																	"            state_name
id                    
6   wait_for_side_poke"
1129103.9423999998	0.3248000000603497	states																																	"         state_name
id                 
4   announce_reward"
1129104.2672	0.5375000000931323	states																																	"   state_name
id           
8      reward"
1129104.8047	9.999983012676239e-05	states																																	"    state_name
id            
7   stop_sound"
1129104.9536	6.803700000047684	trials	1.0	2.0	80.0	1.0346740045931153	0.0	0.15	True	3235.0	False	False	26583.0	False	High	True	False	0.025	0.0	2.444234110579207	1.5	9.0													
1129104.9536	6.803700000047684	processed_trials			80.0	1.0346740045931153					False				High					2.444234110579207		9.0	40.0	40.0	True	False	False	2.4442	2.4442	20.373136501193883	2.7379000000000002	-0.1648973017428146	Left	0.7480000000000002	
1129104.9536	2.737900000065565	states																																	"       state_name
id               
3   wait_for_poke"
1129107.6915	1.0346999999601394	states																																	"        state_name
id                
1   nose_in_center"
1129108.7262	0.001999999862164259	states																																	"   state_name
id           
5      go_cue"
1129108.7281999998	2.4442000000271946	states																																	"            state_name
id                    
6   wait_for_side_poke"
1129111.1723999998	0.04729999997653067	states																																	"         state_name
id                 
4   announce_reward"
1129111.2196999998	0.5375000000931323	states																																	"   state_name
id           
8      reward"
1129111.7571999999	0.00010000006295740604	states																																	"    state_name
id            
7   stop_sound"
1129111.9	7.804699999978766	trials	1.0	2.0	40.0	1.1940317742019342	0.0	0.15	True	3315.0	False	False	26584.0	False	High	True	False	0.025	0.0	3.2966826384399854	1.5	9.0													
1129111.9	7.804699999978766	processed_trials			40.0	1.1940317742019342					False				High					3.2966826384399854		9.0	40.0	40.0	True	False	False	3.2966999999999995	3.2966999999999995	20.373136501193883	3.0283	-0.15616928545608888	Left	0.7636000000000003	
1129111.9	3.0282999998889863	states																																	"       state_name
id               
3   wait_for_poke"
1129114.9282999998	1.1940000001341105	states																																	"        state_name
id                
1   nose_in_center"
1129116.1223	0.001999999862164259	states																																	"   state_name
id           
5      go_cue"
1129116.1242999998	3.2967000000644475	states																																	"            state_name
id                    
6   wait_for_side_poke"
1129119.4209999999	0.006800000090152025	states																																	"         state_name
id                 
4   announce_reward"
1129119.4278	0.27679999987594783	states																																	"   state_name
id           
8      reward"
1129119.7045999998	0.00010000006295740604	states																																	"    state_name
id            
7   stop_sound"
1129119.85	5.848699999973178	trials	1.0	2.0	40.0	1.1940318	0.0	0.15	True	3355.0	False	False	26585.0	False	High	True	False	0.025	0.0	1.2150755907363484	1.5	9.0													
1129119.85	5.848699999973178	processed_trials			40.0	1.1940318					False				High					1.2150755907363484		9.0	40.0	40.0	True	False	False	1.2150999999999996	1.2150999999999996	20.373136501193883	3.1249000000000002	-0.15326595772434745	Left	0.7437000000000005	
1129119.85	3.1248999999370426	states																																	"       state_name
id               
3   wait_for_poke"
1129122.9749	1.1940000001341105	states																																	"        state_name
id                
1   nose_in_center"
1129124.1689000002	0.001999999862164259	states																																	"   state_name
id           
5      go_cue"
1129124.1709	1.2151000001467764	states																																	"            state_name
id                    
6   wait_for_side_poke"
1129125.3860000002	0.03579999995417893	states																																	"         state_name
id                 
4   announce_reward"
1129125.4218000001	0.27679999987594783	states																																	"   state_name
id           
8      reward"
1129125.6986	0.00010000006295740604	states																																	"    state_name
id            
7   stop_sound"
1129125.8503	4.012099999934435	trials	1.0	2.0	20.0	0.8820612025047149	0.0	0.15	True	3395.0	False	False	26586.0	False	High	True	False	0.025	0.0	0.22859962528840508	1.5	9.0													
1129125.8503	4.012099999934435	processed_trials			20.0	0.8820612025047149					False				High					0.22859962528840508		9.0	40.0	40.0	True	False	False	0.22860000000000014	0.22860000000000014	20.373136501193883	2.4574000000000003	-0.1733277720197656	Right	0.36280000000000046	
1129125.8503	2.457399999955669	states																																	"       state_name
id               
3   wait_for_poke"
1129128.3077	0.8821000000461936	states																																	"        state_name
id                
1   nose_in_center"
1129129.1898	0.0020000000949949026	states																																	"   state_name
id           
5      go_cue"
1129129.1918000001	0.2285999997984618	states																																	"            state_name
id                    
6   wait_for_side_poke"
1129129.4204	0.2833000000100583	states																																	"         state_name
id                 
4   announce_reward"
1129129.7037	0.1586000001989305	states																																	"   state_name
id           
8      reward"
1129129.8623000002	9.999983012676239e-05	states																																	"    state_name
id            
7   stop_sound"
1129130.0073	3.88910000002943	trials	1.0	2.0	40.0	0.9309474503063025	0.0	0.15	True	3415.0	False	False	26587.0	False	High	True	False	0.025	0.0	0.09123449024255055	1.5	9.0													
1129130.0073	3.88910000002943	processed_trials			40.0	0.9309474503063025					False				High					0.09123449024255055		9.0	40.0	40.0	False	False	True	0.09120000000000017	0.09120000000000017	20.373136501193883	1.9317	-0.18912776569032935	Right	0.8691	
1129130.0073	1.9317000000737607	states																																	"       state_name
id               
3   wait_for_poke"
1129131.939	0.9309000000357628	states																																	"        state_name
id                
1   nose_in_center"
1129132.8699	0.001999999862164259	states																																	"   state_name
id           
5      go_cue"
1129132.8719	0.09120000014081597	states																																	"            state_name
id                    
6   wait_for_side_poke"
1129132.9631	0.7331999999005347	states																																	"         state_name
id                 
4   announce_reward"
1129133.6963	0.19999999995343387	states																																	"   state_name
id           
0     opt_out"
1129133.8963	0.00010000006295740604	states																																	"    state_name
id            
7   stop_sound"
1129134.0429	6.631800000090152	trials	1.0	2.0	80.0	0.8601643849390237	0.0	0.15	True	3415.0	False	False	26588.0	False	High	True	False	0.025	0.0	3.964708273150528	1.5	9.0													
1129134.0429	6.631800000090152	processed_trials			80.0	0.8601643849390237					False				High					3.964708273150528		9.0	40.0	40.0	True	False	False	3.9646999999999997	3.9646999999999997	20.373136501193883	1.0375	-0.21600308305806404	Right	1.0375	
1129134.0429	1.0375000000931323	states																																	"       state_name
id               
3   wait_for_poke"
1129135.0804	0.8601999999955297	states																																	"        state_name
id                
1   nose_in_center"
1129135.9406	0.001999999862164259	states																																	"   state_name
id           
5      go_cue"
1129135.9426	3.9647000001277775	states																																	"            state_name
id                    
6   wait_for_side_poke"
1129139.9073	0.1958999999333173	states																																	"         state_name
id                 
4   announce_reward"
1129140.1032	0.5714000000152737	states																																	"   state_name
id           
8      reward"
1129140.6746	0.00010000006295740604	states																																	"    state_name
id            
7   stop_sound"
1129140.8265	8.842300000134856	trials	1.0	2.0	40.0	1.1701693214575641	0.0	0.15	True	3495.0	False	False	26589.0	False	High	True	False	0.025	0.0	3.8132843230103255	1.5	9.0													
1129140.8265	8.842300000134856	processed_trials			40.0	1.1701693214575641					False				High					3.8132843230103255		9.0	40.0	40.0	True	False	False	3.813300000000001	3.813300000000001	20.373136501193883	3.0986	-0.1540564082351632	Left	1.3587999999999998	
1129140.8265	3.0985999999102205	states																																	"       state_name
id               
3   wait_for_poke"
1129143.9250999999	1.170200000051409	states																																	"        state_name
id                
1   nose_in_center"
1129145.0953	0.0020000000949949026	states																																	"   state_name
id           
5      go_cue"
1129145.0973	3.813300000037998	states																																	"            state_name
id                    
6   wait_for_side_poke"
1129148.9106	0.48129999986849725	states																																	"         state_name
id                 
4   announce_reward"
1129149.3919	0.2768000001087785	states																																	"   state_name
id           
8      reward"
1129149.6687	9.999983012676239e-05	states																																	"    state_name
id            
7   stop_sound"
1129149.8195	5.850199999986216	trials	1.0	2.0	80.0	1.064839392502819	0.0	0.15	True	3535.0	False	False	26590.0	False	High	True	False	0.025	0.0	2.2797801289087913	1.5	9.0													
1129149.8195	5.850199999986216	processed_trials			80.0	1.064839392502819					False				High					2.2797801289087913		9.0	40.0	40.0	True	False	False	2.2798000000000003	2.2798000000000003	20.373136501193883	1.923	-0.1893892455171011	Right	0.6525999999999998	
1129149.8195	1.9229999999515712	states																																	"       state_name
id               
3   wait_for_poke"
1129151.7425	1.0648000000510365	states																																	"        state_name
id                
1   nose_in_center"
1129152.8073	0.0020000000949949026	states																																	"   state_name
id           
5      go_cue"
1129152.8093	2.279799999902025	states																																	"            state_name
id                    
6   wait_for_side_poke"
1129155.0891	0.009099999908357859	states																																	"         state_name
id                 
4   announce_reward"
1129155.0982	0.5714000000152737	states																																	"   state_name
id           
8      reward"
1129155.6696	0.00010000006295740604	states																																	"    state_name
id            
7   stop_sound"
1129155.8135	5.220399999991059	trials	1.0	2.0	20.0	1.1991109666998785	0.0	0.15	True	3615.0	False	False	26591.0	False	High	True	False	0.025	0.0	1.1694256402113012	1.5	9.0													
1129155.8135	5.220399999991059	processed_trials			20.0	1.1991109666998785					False				High					1.1694256402113012		9.0	40.0	40.0	False	True	False			20.373136501193883	3.0404	-0.15580561811080865	Right	0.8794	
1129155.8135	3.040400000056252	states																																	"       state_name
id               
3   wait_for_poke"
1129158.8539	0.17999999993480742	states																																	"        state_name
id                
1   nose_in_center"
1129159.0339	2.0	states																																	"          state_name
id                  
2   punish_violation"
1129161.1838	5.607400000095367	trials	1.0	2.0	20.0	1.1390938578080316	0.0	0.15	True	3615.0	False	False	26592.0	False	High	True	True	0.025	0.0	3.8574892964438767	1.5	9.0													
1129161.1838	5.607400000095367	processed_trials			20.0	1.1390938578080316					False				High					3.8574892964438767		9.0	40.0	40.0	True	False	False	3.857499999999999	3.857499999999999	20.373136501193883	0.0996	-0.24419181059015788	Right	0.0996	
1129161.1838	0.09960000007413328	states																																	"       state_name
id               
3   wait_for_poke"
1129161.2834	1.1391000000294298	states																																	"        state_name
id                
1   nose_in_center"
1129162.4225	0.001999999862164259	states																																	"   state_name
id           
5      go_cue"
1129162.4245	3.857499999925494	states																																	"            state_name
id                    
6   wait_for_side_poke"
1129166.282	0.35050000017508864	states																																	"         state_name
id                 
4   announce_reward"
1129166.6325	0.15859999996609986	states																																	"   state_name
id           
8      reward"
1129166.7911	0.00010000006295740604	states																																	"    state_name
id            
7   stop_sound"
1129166.9404	3.569900000002235	trials	1.0	2.0	80.0	0.9596788488628046	0.0	0.15	True	3635.0	True	False	26593.0	False	High	True	False	0.025	0.0	100.0	1.5	9.0													
1129166.9404	3.569900000002235	processed_trials			80.0	0.9596788488628046					True				High					100.0		9.0	40.0	40.0	False	True	False			20.373136501193883	1.5254	-0.2013391741520947	Right	0.6243000000000001	
1129166.9404	1.5253999999258667	states																																	"       state_name
id               
3   wait_for_poke"
1129168.4658	0.04450000007636845	states																																	"        state_name
id                
1   nose_in_center"
1129168.5103	2.0	states																																	"          state_name
id                  
2   punish_violation"
1129170.6578	3.287000000011176	trials	1.0	2.0	80.0	1.0418708161122683	0.0	0.15	True	3635.0	False	False	26594.0	False	High	True	True	0.025	0.0	1.4554486600953054	1.5	9.0													
1129170.6578	3.287000000011176	processed_trials			80.0	1.0418708161122683					False				High					1.4554486600953054		9.0	40.0	40.0	True	False	False	1.4553999999999998	1.4553999999999998	20.373136501193883	0.1393	-0.24299862103580866	Right	0.1393	
1129170.6578	0.13929999992251396	states																																	"       state_name
id               
3   wait_for_poke"
1129170.7970999999	1.0419000000692904	states																																	"        state_name
id                
1   nose_in_center"
1129171.839	0.0020000000949949026	states																																	"   state_name
id           
5      go_cue"
1129171.841	1.4553999998606741	states																																	"            state_name
id                    
6   wait_for_side_poke"
1129173.2963999999	0.07689999998547137	states																																	"         state_name
id                 
4   announce_reward"
1129173.3732999999	0.5714000000152737	states																																	"   state_name
id           
8      reward"
1129173.9446999999	0.00010000006295740604	states																																	"    state_name
id            
7   stop_sound"
1129174.0965	6.444900000002235	trials	1.0	2.0	80.0	1.1787191087939455	0.0	0.15	True	3715.0	False	False	26595.0	False	High	True	False	0.025	0.0	1.4554487	1.5	9.0													
1129174.0965	6.444900000002235	processed_trials			80.0	1.1787191087939455					False				High					1.4554487		9.0	40.0	40.0	False	True	False			20.373136501193883	3.2959	-0.14812652664642015	Right	1.1787	
1129174.0965	3.2959000000264496	states																																	"       state_name
id               
3   wait_for_poke"
1129177.3924	1.1489999999757856	states																																	"        state_name
id                
1   nose_in_center"
1129178.5414	2.0	states																																	"          state_name
id                  
2   punish_violation"
1129180.6924	7.643999999854714	trials	1.0	2.0	80.0	1.1787191	0.0	0.15	True	3715.0	False	False	26596.0	False	High	True	True	0.025	0.0	5.735480991067281	1.5	9.0													
1129180.6924	7.643999999854714	processed_trials			80.0	1.1787191					False				High					5.735480991067281		9.0	40.0	40.0	True	False	False	5.7355	5.7355	20.373136501193883	0.0835	-0.2446756985454481	Right	0.0835	
1129180.6924	0.08349999994970858	states																																	"       state_name
id               
3   wait_for_poke"
1129180.7759	1.1787000000476837	states																																	"        state_name
id                
1   nose_in_center"
1129181.9546	0.0020000000949949026	states																																	"   state_name
id           
5      go_cue"
1129181.9566000002	5.735499999951571	states																																	"            state_name
id                    
6   wait_for_side_poke"
1129187.6921	0.0727999999653548	states																																	"         state_name
id                 
4   announce_reward"
1129187.7649	0.5714000000152737	states																																	"   state_name
id           
8      reward"
1129188.3363	0.00010000006295740604	states																																	"    state_name
id            
7   stop_sound"
1129188.5084	5.802000000141561	trials	1.0	2.0	80.0	1.0516065632895215	0.0	0.15	True	3795.0	False	False	26597.0	False	High	True	False	0.025	0.0	1.4081395488667563	1.5	9.0													
1129188.5084	5.802000000141561	processed_trials			80.0	1.0516065632895215					False				High					1.4081395488667563		9.0	40.0	40.0	False	True	False			20.373136501193883	3.3358000000000003	-0.14692732606157038	Right	1.5169000000000001	
1129188.5084	3.335800000000745	states																																	"       state_name
id               
3   wait_for_poke"
1129191.8442	0.46619999990798533	states																																	"        state_name
id                
1   nose_in_center"
1129192.3103999998	2.0	states																																	"          state_name
id                  
2   punish_violation"
1129194.4625	3.2505000000819564	trials	1.0	2.0	80.0	1.0516066	0.0	0.15	True	3795.0	False	False	26598.0	False	High	True	True	0.025	0.0	1.4081395	1.5	9.0													
1129194.4625	3.2505000000819564	processed_trials			80.0	1.0516066					False				High					1.4081395		9.0	40.0	40.0	True	False	False	1.4081	1.4081	20.373136501193883	0.1113	-0.24384016530587865	Left	0.1113	
1129194.4625	0.11129999998956919	states																																	"       state_name
id               
3   wait_for_poke"
1129194.5738	1.051600000122562	states																																	"        state_name
id                
1   nose_in_center"
1129195.6254	0.001999999862164259	states																																	"   state_name
id           
5      go_cue"
1129195.6273999999	1.4081000001169741	states																																	"            state_name
id                    
6   wait_for_side_poke"
1129197.0355	0.1398999998345971	states																																	"         state_name
id                 
4   announce_reward"
1129197.1753999998	0.5375000000931323	states																																	"   state_name
id           
8      reward"
1129197.7129	0.00010000006295740604	states																																	"    state_name
id            
7   stop_sound"
1129197.872	5.430900000035763	trials	1.0	2.0	20.0	1.1650587713913056	0.0	0.15	True	3875.0	False	False	26599.0	False	High	True	False	0.025	0.0	1.2625567073894168	1.5	9.0													
1129197.872	5.430900000035763	processed_trials			20.0	1.1650587713913056					False				High					1.2625567073894168		9.0	40.0	40.0	True	False	False	1.2626000000000004	1.2626000000000004	20.373136501193883	2.7841	-0.16350875369719914	Right	0.5211000000000001	
1129197.872	2.7841000000480562	states																																	"       state_name
id               
3   wait_for_poke"
1129200.6561	1.1650999998673797	states																																	"        state_name
id                
1   nose_in_center"
1129201.8212	0.0020000000949949026	states																																	"   state_name
id           
5      go_cue"
1129201.8232	1.2626000000163913	states																																	"            state_name
id                    
6   wait_for_side_poke"
1129203.0858	0.05839999997988343	states																																	"         state_name
id                 
4   announce_reward"
1129203.1442	0.15859999996609986	states																																	"   state_name
id           
8      reward"
1129203.3028	0.00010000006295740604	states																																	"    state_name
id            
7   stop_sound"
1129203.4595	3.2894999999552965	trials	1.0	2.0	20.0	1.1650588	0.0	0.15	True	3895.0	True	False	26600.0	False	High	True	False	0.025	0.0	100.0	1.5	9.0													
1129203.4595	3.2894999999552965	processed_trials			20.0	1.1650588					True				High					100.0		9.0	40.0	40.0	False	True	False			20.373136501193883	1.1557	-0.21245056403226864	Right	0.5028	
1129203.4595	1.1557000000029802	states																																	"       state_name
id               
3   wait_for_poke"
1129204.6152000001	0.13379999995231628	states																																	"        state_name
id                
1   nose_in_center"
1129204.749	2.0	states																																	"          state_name
id                  
2   punish_violation"
1129206.9063	4.25470000016503	trials	1.0	2.0	20.0	1.0434523163179161	0.0	0.15	True	3895.0	False	False	26601.0	False	High	True	True	0.025	0.0	2.8011950013211964	1.5	9.0													
1129206.9063	4.25470000016503	processed_trials			20.0	1.0434523163179161					False				High					2.8011950013211964		9.0	40.0	40.0	True	False	False	2.8012	2.8012	20.373136501193883	0.2348	-0.24012835397182003	Right	0.2348	
1129206.9063	0.23479999997653067	states																																	"       state_name
id               
3   wait_for_poke"
1129207.1411	1.0434999999124557	states																																	"        state_name
id                
1   nose_in_center"
1129208.1845999998	0.0020000000949949026	states																																	"   state_name
id           
5      go_cue"
1129208.1866	2.801200000103563	states																																	"            state_name
id                    
6   wait_for_side_poke"
1129210.9878	0.01449999981559813	states																																	"         state_name
id                 
4   announce_reward"
1129211.0022999998	0.1586000001989305	states																																	"   state_name
id           
8      reward"
1129211.1609	9.999983012676239e-05	states																																	"    state_name
id            
7   stop_sound"
1129211.321	3.8079999999608845	trials	1.0	2.0	20.0	1.0565218437735737	0.0	0.15	True	3915.0	False	False	26602.0	False	High	True	False	0.025	0.0	5.890488497970308	1.5	9.0													
1129211.321	3.8079999999608845	processed_trials			20.0	1.0565218437735737					False				High					5.890488497970308		9.0	40.0	40.0	False	True	False			20.373136501193883	1.7834	-0.19358494480644994	Right	0.8672000000000001	
1129211.321	1.7834000000730157	states																																	"       state_name
id               
3   wait_for_poke"
1129213.1044	0.024599999887868762	states																																	"        state_name
id                
1   nose_in_center"
1129213.129	2.0	states																																	"          state_name
id                  
2   punish_violation"
1129215.2848	2.5778999999165535	trials	1.0	2.0	20.0	1.0565218	0.0	0.15	True	3915.0	False	False	26603.0	False	High	True	True	0.025	0.0	1.2237621070334566	1.5	9.0													
1129215.2848	2.5778999999165535	processed_trials			20.0	1.0565218					False				High					1.2237621070334566		9.0	40.0	40.0	False	True	False			20.373136501193883	0.22640000000000002	-0.24038081725284102	Left	0.22640000000000002	
1129215.2848	0.22640000004321337	states																																	"       state_name
id               
3   wait_for_poke"
1129215.5112	0.35149999987334013	states																																	"        state_name
id                
1   nose_in_center"
1129215.8627	2.0	states																																	"          state_name
id                  
2   punish_violation"
1129218.0236	2.356300000101328	trials	1.0	2.0	20.0	0.8087479650860352	0.0	0.15	True	3915.0	False	False	26604.0	False	High	True	True	0.025	0.0	1.1726104231649654	1.5	9.0													
1129218.0236	2.356300000101328	processed_trials			20.0	0.8087479650860352					False				High					1.1726104231649654		9.0	40.0	40.0	True	False	False	1.1726000000000003	1.1726000000000003	20.373136501193883	0.209	-0.2409037769063845	Left	0.209	
1129218.0236	0.20900000003166497	states																																	"       state_name
id               
3   wait_for_poke"
1129218.2326	0.808699999935925	states																																	"        state_name
id                
1   nose_in_center"
1129219.0413	0.0020000000949949026	states																																	"   state_name
id           
5      go_cue"
1129219.0433	1.1725999999325722	states																																	"            state_name
id                    
6   wait_for_side_poke"
1129220.2159	0.014999999897554517	states																																	"         state_name
id                 
4   announce_reward"
1129220.2308999998	0.14890000014565885	states																																	"   state_name
id           
8      reward"
1129220.3798	0.00010000006295740604	states																																	"    state_name
id            
7   stop_sound"
1129220.539	5.745699999853969	trials	1.0	2.0	40.0	0.910428505285677	0.0	0.15	True	3935.0	False	False	26605.0	False	High	True	False	0.025	0.0	1.190793294323084	1.5	9.0													
1129220.539	5.745699999853969	processed_trials			40.0	0.910428505285677					False				High					1.190793294323084		9.0	40.0	40.0	True	False	False	1.1908000000000003	1.1908000000000003	20.373136501193883	3.2565	-0.14931069965501859	Right	0.6446999999999998	
1129220.539	3.25649999990128	states																																	"       state_name
id               
3   wait_for_poke"
1129223.7955	0.9104000001680106	states																																	"        state_name
id                
1   nose_in_center"
1129224.7059000002	0.001999999862164259	states																																	"   state_name
id           
5      go_cue"
1129224.7079	1.1907999999821186	states																																	"            state_name
id                    
6   wait_for_side_poke"
1129225.8987	0.09180000005289912	states																																	"         state_name
id                 
4   announce_reward"
1129225.9905	0.29410000005736947	states																																	"   state_name
id           
8      reward"
1129226.2846000001	0.00010000006295740604	states																																	"    state_name
id            
7   stop_sound"
1129226.4446	3.9683999998960644	trials	1.0	2.0	40.0	1.0908387231857999	0.0	0.15	True	3975.0	False	False	26606.0	False	High	True	False	0.025	0.0	0.2402011555232547	1.5	9.0													
1129226.4446	3.9683999998960644	processed_trials			40.0	1.0908387231857999					False				High					0.2402011555232547		9.0	40.0	40.0	True	False	False	0.2402000000000002	0.2402000000000002	20.373136501193883	1.988	-0.18743566060443867	Right	1.5339	
1129226.4446	1.9879999998956919	states																																	"       state_name
id               
3   wait_for_poke"
1129228.4326	1.090800000121817	states																																	"        state_name
id                
1   nose_in_center"
1129229.5234	0.0020000000949949026	states																																	"   state_name
id           
5      go_cue"
1129229.5254000002	0.24019999988377094	states																																	"            state_name
id                    
6   wait_for_side_poke"
1129229.7656	0.35320000001229346	states																																	"         state_name
id                 
4   announce_reward"
1129230.1188	0.29410000005736947	states																																	"   state_name
id           
8      reward"
1129230.4129	9.999983012676239e-05	states																																	"    state_name
id            
7   stop_sound"
1129230.5738	4.478500000201166	trials	1.0	2.0	20.0	0.9362339746833308	0.0	0.15	True	4015.0	False	False	26607.0	False	High	True	False	0.025	0.0	1.227857574025233	1.5	9.0													
1129230.5738	4.478500000201166	processed_trials			20.0	0.9362339746833308					False				High					1.227857574025233		9.0	40.0	40.0	False	True	False			20.373136501193883	2.4145	-0.17461713806212278	Left	0.6100999999999999	
1129230.5738	2.4144999999552965	states																																	"       state_name
id               
3   wait_for_poke"
1129232.9882999999	0.06400000001303852	states																																	"        state_name
id                
1   nose_in_center"
1129233.0522999999	2.0	states																																	"          state_name
id                  
2   punish_violation"
1129235.2132	3.038199999835342	trials	1.0	2.0	20.0	1.0825285402484872	0.0	0.15	True	4015.0	False	False	26608.0	False	High	True	True	0.025	0.0	5.691428413515801	1.5	9.0													
1129235.2132	3.038199999835342	processed_trials			20.0	1.0825285402484872					False				High					5.691428413515801		9.0	40.0	40.0	False	True	False			20.373136501193883	0.973	-0.21794164039447522	Left	0.973	
1129235.2132	0.9729999999981374	states																																	"       state_name
id               
3   wait_for_poke"
1129236.1862	0.06520000007003546	states																																	"        state_name
id                
1   nose_in_center"
1129236.2514000002	2.0	states																																	"          state_name
id                  
2   punish_violation"
1129238.4139	1.8996999999508262	trials	1.0	2.0	20.0	1.0825285	0.0	0.15	True	4015.0	False	False	26609.0	False	High	True	True	0.025	0.0	0.5471984085339047	1.5	9.0													
1129238.4139	1.8996999999508262	processed_trials			20.0	1.0825285					False				High					0.5471984085339047		9.0	40.0	40.0	True	False	False	0.5472000000000001	0.5472000000000001	20.373136501193883	0.1016	-0.2441317002851529	Left	0.1016	
1129238.4139	0.10159999993629754	states																																	"       state_name
id               
3   wait_for_poke"
1129238.5155	1.0825000000186265	states																																	"        state_name
id                
1   nose_in_center"
1129239.598	0.0020000000949949026	states																																	"   state_name
id           
5      go_cue"
1129239.6	0.5471999999135733	states																																	"            state_name
id                    
6   wait_for_side_poke"
1129240.1472	0.0174000000115484	states																																	"         state_name
id                 
4   announce_reward"
1129240.1646	0.1488999999128282	states																																	"   state_name
id           
8      reward"
1129240.3135	0.00010000006295740604	states																																	"    state_name
id            
7   stop_sound"
1129240.48	3.6779000000096858	trials	1.0	2.0	80.0	1.1932239600512633	0.0	0.15	True	4035.0	False	False	26610.0	False	High	True	False	0.025	0.0	0.08927106294243581	1.5	9.0													
1129240.48	3.6779000000096858	processed_trials			80.0	1.1932239600512633					False				High					0.08927106294243581		9.0	40.0	40.0	True	False	False	0.08930000000000016	0.08930000000000016	20.373136501193883	1.4148	-0.20466327401887113	Left	0.5440000000000002	
1129240.48	1.414799999911338	states																																	"       state_name
id               
3   wait_for_poke"
1129241.8948	1.1932000000961125	states																																	"        state_name
id                
1   nose_in_center"
1129243.088	0.0020000000949949026	states																																	"   state_name
id           
5      go_cue"
1129243.09	0.08929999987594783	states																																	"            state_name
id                    
6   wait_for_side_poke"
1129243.1793	0.4410000001080334	states																																	"         state_name
id                 
4   announce_reward"
1129243.6203	0.5374999998603016	states																																	"   state_name
id           
8      reward"
1129244.1578	0.00010000006295740604	states																																	"    state_name
id            
7   stop_sound"
1129244.3241	6.143500000005588	trials	1.0	2.0	80.0	0.8870344963248482	0.0	0.15	True	4115.0	False	False	26611.0	False	High	True	False	0.025	0.0	1.2807062102099762	1.5	9.0													
1129244.3241	6.143500000005588	processed_trials			80.0	0.8870344963248482					False				High					1.2807062102099762		9.0	40.0	40.0	True	False	False	1.2806999999999995	1.2806999999999995	20.373136501193883	3.1147	-0.15357252027987295	Right	0.6676000000000002	
1129244.3241	3.114700000034645	states																																	"       state_name
id               
3   wait_for_poke"
1129247.4388000001	0.8869999998714775	states																																	"        state_name
id                
1   nose_in_center"
1129248.3258	0.0020000000949949026	states																																	"   state_name
id           
5      go_cue"
1129248.3278	1.2807000000029802	states																																	"            state_name
id                    
6   wait_for_side_poke"
1129249.6085	0.287599999923259	states																																	"         state_name
id                 
4   announce_reward"
1129249.8961	0.5714000000152737	states																																	"   state_name
id           
8      reward"
1129250.4675	0.00010000006295740604	states																																	"    state_name
id            
7   stop_sound"
1129250.6327	7.733000000007451	trials	1.0	2.0	40.0	1.1771501063965457	0.0	0.15	True	4195.0	False	False	26612.0	False	High	True	False	0.025	0.0	2.5830648589965204	1.5	9.0													
1129250.6327	7.733000000007451	processed_trials			40.0	1.1771501063965457					False				High					2.5830648589965204		9.0	40.0	40.0	False	True	False			20.373136501193883	4.601100000000001	-0.10889854160015833	Right	1.278000000000001	
1129250.6327	4.601100000087172	states																																	"       state_name
id               
3   wait_for_poke"
1129255.2338	1.1318999999202788	states																																	"        state_name
id                
1   nose_in_center"
1129256.3657	2.0	states																																	"          state_name
id                  
2   punish_violation"
1129258.5303	12.153699999907985	trials	1.0	2.0	40.0	0.9427681150151266	0.0	0.15	True	4195.0	True	False	26613.0	False	High	True	True	0.025	0.0	100.0	1.5	9.0													
1129258.5303	12.153699999907985	processed_trials			40.0	0.9427681150151266					True				High					100.0		9.0	40.0	40.0	False	False	True	10.9535	10.9535	20.373136501193883	0.055299999999999995	-0.24552325384601859	Right	0.055299999999999995	
1129258.5303	0.055299999890848994	states																																	"       state_name
id               
3   wait_for_poke"
1129258.5855999999	0.9428000000771135	states																																	"        state_name
id                
1   nose_in_center"
1129259.5284	0.0020000000949949026	states																																	"   state_name
id           
5      go_cue"
1129259.5304	10.953499999828637	states																																	"            state_name
id                    
6   wait_for_side_poke"
1129270.4838999999	0.20000000018626451	states																																	"   state_name
id           
0     opt_out"
1129270.6839	9.999983012676239e-05	states																																	"    state_name
id            
7   stop_sound"
1129270.8725	3.05129999993369	trials	1.0	2.0	80.0	0.8314110360383187	0.0	0.15	True	4195.0	False	False	26614.0	False	High	True	False	0.025	0.0	1.059331653091348	1.5	9.0													
1129270.8725	3.05129999993369	processed_trials			80.0	0.8314110360383187					False				High					1.059331653091348		9.0	40.0	40.0	True	False	False	1.0593000000000001	1.0593000000000001	20.373136501193883	0.12440000000000001	-0.24344644280809594	Right	0.12440000000000001	
1129270.8725	0.12440000008791685	states																																	"       state_name
id               
3   wait_for_poke"
1129270.9969000001	0.8314000000245869	states																																	"        state_name
id                
1   nose_in_center"
1129271.8283000002	0.001999999862164259	states																																	"   state_name
id           
5      go_cue"
1129271.8303	1.0593000000808388	states																																	"            state_name
id                    
6   wait_for_side_poke"
1129272.8896	0.46270000003278255	states																																	"         state_name
id                 
4   announce_reward"
1129273.3523000001	0.5714000000152737	states																																	"   state_name
id           
8      reward"
1129273.9237000002	9.999983012676239e-05	states																																	"    state_name
id            
7   stop_sound"
1129274.0944	4.731599999824539	trials	1.0	2.0	40.0	1.121606555993642	0.0	0.15	True	4275.0	False	False	26615.0	False	High	True	False	0.025	0.0	0.6534974692831739	1.5	9.0													
1129274.0944	4.731599999824539	processed_trials			40.0	1.121606555993642					False				High					0.6534974692831739		9.0	40.0	40.0	True	False	False	0.6535000000000002	0.6535000000000002	20.373136501193883	2.6679	-0.16700116241798957	Left	1.3683	
1129274.0944	2.6679000000003725	states																																	"       state_name
id               
3   wait_for_poke"
1129276.7623	1.121599999954924	states																																	"        state_name
id                
1   nose_in_center"
1129277.8839	0.0020000000949949026	states																																	"   state_name
id           
5      go_cue"
1129277.8859	0.6535000000149012	states																																	"            state_name
id                    
6   wait_for_side_poke"
1129278.5394000001	0.009699999820441008	states																																	"         state_name
id                 
4   announce_reward"
1129278.5491	0.2768000001087785	states																																	"   state_name
id           
8      reward"
1129278.8259	0.00010000006295740604	states																																	"    state_name
id            
7   stop_sound"
1129278.9988	4.5513000001665205	trials	1.0	2.0	80.0	1.0922867730851546	0.0	0.15	True	4315.0	False	False	26616.0	False	High	True	False	0.025	0.0	1.2179512430393724	1.5	9.0													
1129278.9988	4.5513000001665205	processed_trials			80.0	1.0922867730851546					False				High					1.2179512430393724		9.0	40.0	40.0	True	False	False	1.218	1.218	20.373136501193883	1.6356	-0.19802709634631932	Right	0.9013999999999999	
1129278.9988	1.6355999999213964	states																																	"       state_name
id               
3   wait_for_poke"
1129280.6343999999	1.0923000001348555	states																																	"        state_name
id                
1   nose_in_center"
1129281.7267	0.001999999862164259	states																																	"   state_name
id           
5      go_cue"
1129281.7286999999	1.218000000109896	states																																	"            state_name
id                    
6   wait_for_side_poke"
1129282.9467	0.031900000059977174	states																																	"         state_name
id                 
4   announce_reward"
1129282.9786	0.5714000000152737	states																																	"   state_name
id           
8      reward"
1129283.55	9.999983012676239e-05	states																																	"    state_name
id            
7   stop_sound"
1129283.7214	5.7722000000067055	trials	1.0	2.0	40.0	1.0165213911543676	0.0	0.15	True	4395.0	False	False	26617.0	False	High	True	False	0.025	0.0	1.2179512	1.5	9.0													
1129283.7214	5.7722000000067055	processed_trials			40.0	1.0165213911543676					False				High					1.2179512		9.0	40.0	40.0	True	False	False	1.2179999999999995	1.2179999999999995	20.373136501193883	2.833	-0.16203905673982694	Right	1.5597000000000003	
1129283.7214	2.833000000100583	states																																	"       state_name
id               
3   wait_for_poke"
1129286.5544	1.016499999910593	states																																	"        state_name
id                
1   nose_in_center"
1129287.5709	0.0020000000949949026	states																																	"   state_name
id           
5      go_cue"
1129287.5729	1.2179999998770654	states																																	"            state_name
id                    
6   wait_for_side_poke"
1129288.7909	0.40849999990314245	states																																	"         state_name
id                 
4   announce_reward"
1129289.1993999998	0.29410000005736947	states																																	"   state_name
id           
8      reward"
1129289.4934999999	0.00010000006295740604	states																																	"    state_name
id            
7   stop_sound"
1129289.6636	5.927699999883771	trials	1.0	2.0	40.0	1.0165214	0.0	0.15	True	4435.0	False	False	26618.0	False	High	True	False	0.025	0.0	2.455149611537749	1.5	9.0													
1129289.6636	5.927699999883771	processed_trials			40.0	1.0165214					False				High					2.455149611537749		9.0	40.0	40.0	True	False	False	2.4551	2.4551	20.373136501193883	1.9345999999999999	-0.1890406057480721	Left	1.3491	
1129289.6636	1.9346000000368804	states																																	"       state_name
id               
3   wait_for_poke"
1129291.5982000001	1.016499999910593	states																																	"        state_name
id                
1   nose_in_center"
1129292.6147	0.0020000000949949026	states																																	"   state_name
id           
5      go_cue"
1129292.6167000001	2.4550999999046326	states																																	"            state_name
id                    
6   wait_for_side_poke"
1129295.0718	0.24259999999776483	states																																	"         state_name
id                 
4   announce_reward"
1129295.3144	0.2768000001087785	states																																	"   state_name
id           
8      reward"
1129295.5912000001	9.999983012676239e-05	states																																	"    state_name
id            
7   stop_sound"
1129295.7651	14.789199999999255	trials	1.0	2.0	40.0	1.0509861501768203	0.0	0.15	True	4475.0	True	False	26619.0	False	High	True	False	0.025	0.0	100.0	1.5	9.0													
1129295.7651	14.789199999999255	processed_trials			40.0	1.0509861501768203					True				High					100.0		9.0	40.0	40.0	False	False	True	11.2083	11.2083	20.373136501193883	2.3278000000000003	-0.17722291978408947	Right	0.34230000000000027	
1129295.7651	2.3278000000864267	states																																	"       state_name
id               
3   wait_for_poke"
1129298.0929	1.0509999999776483	states																																	"        state_name
id                
1   nose_in_center"
1129299.1439	0.001999999862164259	states																																	"   state_name
id           
5      go_cue"
1129299.1459	11.208300000056624	states																																	"            state_name
id                    
6   wait_for_side_poke"
1129310.3542	0.19999999995343387	states																																	"   state_name
id           
0     opt_out"
1129310.5542	0.00010000006295740604	states																																	"    state_name
id            
7   stop_sound"
1129310.7282	3.328599999891594	trials	1.0	2.0	80.0	0.9497764709290378	0.0	0.15	True	4475.0	False	False	26620.0	False	High	True	False	0.025	0.0	1.0251922135912248	1.5	9.0													
1129310.7282	3.328599999891594	processed_trials			80.0	0.9497764709290378					False				High					1.0251922135912248		9.0	40.0	40.0	True	False	False	1.0252000000000003	1.0252000000000003	20.373136501193883	0.6088	-0.22888772693588536	Left	0.6088	
1129310.7282	0.6088000000454485	states																																	"       state_name
id               
3   wait_for_poke"
1129311.337	0.9498000000603497	states																																	"        state_name
id                
1   nose_in_center"
1129312.2868000001	0.001999999862164259	states																																	"   state_name
id           
5      go_cue"
1129312.2888	1.0252000000327826	states																																	"            state_name
id                    
6   wait_for_side_poke"
1129313.314	0.20519999996758997	states																																	"         state_name
id                 
4   announce_reward"
1129313.5192	0.5375000000931323	states																																	"   state_name
id           
8      reward"
1129314.0567	9.999983012676239e-05	states																																	"    state_name
id            
7   stop_sound"
1129314.2321	5.307200000155717	trials	1.0	2.0	80.0	0.9698391604493046	0.0	0.15	True	4555.0	False	False	26621.0	False	High	True	False	0.025	0.0	1.0251922	1.5	9.0													
1129314.2321	5.307200000155717	processed_trials			80.0	0.9698391604493046					False				High					1.0251922		9.0	40.0	40.0	True	False	False	1.0252000000000003	1.0252000000000003	20.373136501193883	2.5033000000000003	-0.17194824051990087	Right	0.6301000000000003	
1129314.2321	2.5032999999821186	states																																	"       state_name
id               
3   wait_for_poke"
1129316.7354	0.9698000000789762	states																																	"        state_name
id                
1   nose_in_center"
1129317.7052	0.001999999862164259	states																																	"   state_name
id           
5      go_cue"
1129317.7071999998	1.0252000000327826	states																																	"            state_name
id                    
6   wait_for_side_poke"
1129318.7323999999	0.23540000012144446	states																																	"         state_name
id                 
4   announce_reward"
1129318.9678	0.5714000000152737	states																																	"   state_name
id           
8      reward"
1129319.5392	9.999983012676239e-05	states																																	"    state_name
id            
7   stop_sound"
1129319.7131	4.89089999999851	trials	1.0	2.0	80.0	1.0328955239782363	0.0	0.15	True	4635.0	True	False	26622.0	False	High	True	False	0.025	0.0	100.0	1.5	9.0													
1129319.7131	4.89089999999851	processed_trials			80.0	1.0328955239782363					True				High					100.0		9.0	40.0	40.0	False	True	False			20.373136501193883	2.8432	-0.16173249418430147	Left	0.5775000000000001	
1129319.7131	2.8432000000029802	states																																	"       state_name
id               
3   wait_for_poke"
1129322.5563	0.04769999999552965	states																																	"        state_name
id                
1   nose_in_center"
1129322.604	2.0	states																																	"          state_name
id                  
2   punish_violation"
1129324.7759	2.089200000045821	trials	1.0	2.0	80.0	1.0328955	0.0	0.15	True	4635.0	False	False	26623.0	False	High	True	True	0.025	0.0	6.91020938230309	1.5	9.0													
1129324.7759	2.089200000045821	processed_trials			80.0	1.0328955					False				High					6.91020938230309		9.0	40.0	40.0	False	True	False			20.373136501193883	0.027	-0.24637381466183936	Right	0.027	
1129324.7759	0.027000000001862645	states																																	"       state_name
id               
3   wait_for_poke"
1129324.8029	0.062200000043958426	states																																	"        state_name
id                
1   nose_in_center"
1129324.8651	2.0	states																																	"          state_name
id                  
2   punish_violation"
1129327.0426	8.8839999998454	trials	1.0	2.0	80.0	1.0390649409199906	0.0	0.15	True	4635.0	False	False	26624.0	False	High	True	True	0.025	0.0	7.023611433600473	1.5	9.0													
1129327.0426	8.8839999998454	processed_trials			80.0	1.0390649409199906					False				High					7.023611433600473		9.0	40.0	40.0	True	False	False	7.023599999999999	7.023599999999999	20.373136501193883	0.1383	-0.2430286761883112	Left	0.1383	
1129327.0426	0.13829999999143183	states																																	"       state_name
id               
3   wait_for_poke"
1129327.1809	1.0390999999362975	states																																	"        state_name
id                
1   nose_in_center"
1129328.22	0.0020000000949949026	states																																	"   state_name
id           
5      go_cue"
1129328.222	7.023599999956787	states																																	"            state_name
id                    
6   wait_for_side_poke"
1129335.2456	0.14339999994263053	states																																	"         state_name
id                 
4   announce_reward"
1129335.389	0.5375000000931323	states																																	"   state_name
id           
8      reward"
1129335.9265	0.00010000006295740604	states																																	"    state_name
id            
7   stop_sound"
1129336.1044	6.177099999971688	trials	1.0	2.0	40.0	1.1975292854515813	0.0	0.15	True	4715.0	False	False	26625.0	False	High	True	False	0.025	0.0	2.151985929501414	1.5	9.0													
1129336.1044	6.177099999971688	processed_trials			40.0	1.1975292854515813					False				High					2.151985929501414		9.0	40.0	40.0	True	False	False	2.152	2.152	20.373136501193883	2.4275	-0.1742264210795903	Left	0.5986	
1129336.1044	2.4274999999906868	states																																	"       state_name
id               
3   wait_for_poke"
1129338.5319	1.1975000000093132	states																																	"        state_name
id                
1   nose_in_center"
1129339.7294	0.0020000000949949026	states																																	"   state_name
id           
5      go_cue"
1129339.7314000002	2.1520000000018626	states																																	"            state_name
id                    
6   wait_for_side_poke"
1129341.8834000002	0.121199999935925	states																																	"         state_name
id                 
4   announce_reward"
1129342.0046	0.27679999987594783	states																																	"   state_name
id           
8      reward"
1129342.2814	0.00010000006295740604	states																																	"    state_name
id            
7   stop_sound"
1129342.4574	5.147300000069663	trials	1.0	2.0	80.0	1.0185702503441627	0.0	0.15	True	4755.0	False	False	26626.0	False	High	True	False	0.025	0.0	0.7046640959888639	1.5	9.0													
1129342.4574	5.147300000069663	processed_trials			80.0	1.0185702503441627					False				High					0.7046640959888639		9.0	40.0	40.0	False	False	True	0.7046999999999999	0.7046999999999999	20.373136501193883	2.5689	-0.16997662251573695	Right	0.5218000000000003	
1129342.4574	2.568900000071153	states																																	"       state_name
id               
3   wait_for_poke"
1129345.0263	1.0185999998357147	states																																	"        state_name
id                
1   nose_in_center"
1129346.0448999999	0.0020000000949949026	states																																	"   state_name
id           
5      go_cue"
1129346.0469	0.7046999998856336	states																																	"            state_name
id                    
6   wait_for_side_poke"
1129346.7515999998	0.6530000001657754	states																																	"         state_name
id                 
4   announce_reward"
1129347.4046	0.19999999995343387	states																																	"   state_name
id           
0     opt_out"
1129347.6046	0.00010000006295740604	states																																	"    state_name
id            
7   stop_sound"
1129347.7822	2.307700000004843	trials	1.0	2.0	20.0	0.9873544891258379	0.0	0.15	True	4755.0	False	False	26627.0	False	High	True	False	0.025	0.0	2.384357530315641	1.5	9.0													
1129347.7822	2.307700000004843	processed_trials			20.0	0.9873544891258379					False				High					2.384357530315641		9.0	40.0	40.0	False	True	False			20.373136501193883	0.2374	-0.2400502105753135	Right	0.2374	
1129347.7822	0.23739999998360872	states																																	"       state_name
id               
3   wait_for_poke"
1129348.0196	0.07030000002123415	states																																	"        state_name
id                
1   nose_in_center"
1129348.0899	2.0	states																																	"          state_name
id                  
2   punish_violation"
1129350.2653	2.4152999999932945	trials	1.0	2.0	20.0	1.0695639864634587	0.0	0.15	True	4755.0	False	False	26628.0	False	High	True	True	0.025	0.0	9.12876204967734	1.5	9.0													
1129350.2653	2.4152999999932945	processed_trials			20.0	1.0695639864634587					False				High					9.12876204967734		9.0	40.0	40.0	False	True	False			20.373136501193883	0.1408	-0.2429535383070549	Right	0.1408	
1129350.2653	0.14079999993555248	states																																	"       state_name
id               
3   wait_for_poke"
1129350.4061	0.274500000057742	states																																	"        state_name
id                
1   nose_in_center"
1129350.6806	2.0	states																																	"          state_name
id                  
2   punish_violation"
1129352.8593	14.012800000142306	trials	1.0	2.0	20.0	1.1597404735146968	0.0	0.15	True	4755.0	False	False	26629.0	False	High	True	True	0.025	0.0	4.1483762859297935	1.5	9.0													
1129352.8593	14.012800000142306	processed_trials			20.0	1.1597404735146968					False				High					4.1483762859297935		9.0	40.0	40.0	False	True	False			20.373136501193883	11.9573	0.11219317123872528	Right	11.9573	
1129352.8593	11.957299999892712	states																																	"       state_name
id               
3   wait_for_poke"
1129364.8165999998	0.055500000016763806	states																																	"        state_name
id                
1   nose_in_center"
1129364.8720999998	2.0	states																																	"          state_name
id                  
2   punish_violation"
1129367.0513	30.395100000081584	trials	1.0	2.0	20.0	1.0064791450435207	0.0	0.15	True	4755.0	False	False	26630.0	False	High	True	True	0.025	0.0	2.695682399756194	1.5	9.0													
1129367.0513	30.395100000081584	processed_trials			20.0	1.0064791450435207					False				High					2.695682399756194		9.0	40.0	40.0	False	True	False			20.373136501193883	28.354400000000002	0.6050105123374527	Right	28.354400000000002	
1129367.0513	28.35440000006929	states																																	"       state_name
id               
3   wait_for_poke"
1129395.4057	0.04070000001229346	states																																	"        state_name
id                
1   nose_in_center"
1129395.4464	2.0	states																																	"          state_name
id                  
2   punish_violation"
1129397.6256	71.47259999997914	trials	1.0	2.0	20.0	0.8041617142410799	0.0	0.15	True	4755.0	False	False	26631.0	False	High	True	True	0.025	0.0	4.472178200129645	1.5	9.0													
1129397.6256	71.47259999997914	processed_trials			20.0	0.8041617142410799					False				High					4.472178200129645		9.0	40.0	40.0	True	False	False	4.472200000000001	4.472200000000001	20.373136501193883	65.8863	1.7330374905459975	Right	65.8863	
1129397.6256	65.88629999989644	states																																	"       state_name
id               
3   wait_for_poke"
1129463.5118999998	0.8042000001296401	states																																	"        state_name
id                
1   nose_in_center"
1129464.3161	0.001999999862164259	states																																	"   state_name
id           
5      go_cue"
1129464.3180999998	4.47220000019297	states																																	"            state_name
id                    
6   wait_for_side_poke"
1129468.7903	0.14919999986886978	states																																	"         state_name
id                 
4   announce_reward"
1129468.9394999999	0.15859999996609986	states																																	"   state_name
id           
8      reward"
1129469.0980999998	0.00010000006295740604	states																																	"    state_name
id            
7   stop_sound"
1129469.2804	7.262199999997392	trials	1.0	2.0	80.0	0.8352928724163367	0.0	0.15	True	4775.0	False	False	26632.0	False	High	True	False	0.025	0.0	4.231038471254054	1.5	9.0													
1129469.2804	7.262199999997392	processed_trials			80.0	0.8352928724163367					False				High					4.231038471254054		9.0	40.0	40.0	True	False	False	4.231	4.231	20.373136501193883	1.6478	-0.19766042348578883	Left	0.6832999999999999	
1129469.2804	1.6477999999187887	states																																	"       state_name
id               
3   wait_for_poke"
1129470.9282	0.8353000001516193	states																																	"        state_name
id                
1   nose_in_center"
1129471.7635000001	0.001999999862164259	states																																	"   state_name
id           
5      go_cue"
1129471.7655	4.231000000145286	states																																	"            state_name
id                    
6   wait_for_side_poke"
1129475.9965000001	0.00849999999627471	states																																	"         state_name
id                 
4   announce_reward"
1129476.0050000001	0.5374999998603016	states																																	"   state_name
id           
8      reward"
1129476.5425	0.00010000006295740604	states																																	"    state_name
id            
7   stop_sound"
1129476.7256	5.444700000109151	trials	1.0	2.0	40.0	0.9875191991693713	0.0	0.15	True	4855.0	False	False	26633.0	False	High	True	False	0.025	0.0	0.2809994621128781	1.5	9.0													
1129476.7256	5.444700000109151	processed_trials			40.0	0.9875191991693713					False				High					0.2809994621128781		9.0	40.0	40.0	True	False	False	0.2810000000000006	0.2810000000000006	20.373136501193883	3.4876	-0.14236495391169104	Right	0.4041000000000001	
1129476.7256	3.4876000001095235	states																																	"       state_name
id               
3   wait_for_poke"
1129480.2132	0.9874999998137355	states																																	"        state_name
id                
1   nose_in_center"
1129481.2007	0.0020000000949949026	states																																	"   state_name
id           
5      go_cue"
1129481.2027	0.2809999999590218	states																																	"            state_name
id                    
6   wait_for_side_poke"
1129481.4837	0.3924000000115484	states																																	"         state_name
id                 
4   announce_reward"
1129481.8761	0.29410000005736947	states																																	"   state_name
id           
8      reward"
1129482.1702	0.00010000006295740604	states																																	"    state_name
id            
7   stop_sound"
1129482.3509	5.4440000001341105	trials	1.0	2.0	40.0	0.8028560903137254	0.0	0.15	True	4895.0	False	False	26634.0	False	High	True	False	0.025	0.0	2.4888019385361555	1.5	9.0													
1129482.3509	5.4440000001341105	processed_trials			40.0	0.8028560903137254					False				High					2.4888019385361555		9.0	40.0	40.0	True	False	False	2.4888000000000003	2.4888000000000003	20.373136501193883	1.6759000000000002	-0.1968158737004686	Right	0.8644000000000002	
1129482.3509	1.6758999999146909	states																																	"       state_name
id               
3   wait_for_poke"
1129484.0267999999	0.8029000000096858	states																																	"        state_name
id                
1   nose_in_center"
1129484.8297	0.0020000000949949026	states																																	"   state_name
id           
5      go_cue"
1129484.8317	2.48879999993369	states																																	"            state_name
id                    
6   wait_for_side_poke"
1129487.3205	0.18020000006072223	states																																	"         state_name
id                 
4   announce_reward"
1129487.5007	0.29410000005736947	states																																	"   state_name
id           
8      reward"
1129487.7948	9.999983012676239e-05	states																																	"    state_name
id            
7   stop_sound"
1129487.9812	4.122599999886006	trials	1.0	2.0	80.0	1.0106794018543848	0.0	0.15	True	4935.0	False	False	26635.0	False	High	True	False	0.025	0.0	3.1980130884442595	1.5	9.0													
1129487.9812	4.122599999886006	processed_trials			80.0	1.0106794018543848					False				High					3.1980130884442595		9.0	40.0	40.0	False	True	False			20.373136501193883	2.1114	-0.18372685478563028	Left	1.2001000000000002	
1129487.9812	2.1114000000525266	states																																	"       state_name
id               
3   wait_for_poke"
1129490.0926	0.011199999833479524	states																																	"        state_name
id                
1   nose_in_center"
1129490.1038	2.0	states																																	"          state_name
id                  
2   punish_violation"
1129492.2876	29.207799999974668	trials	1.0	2.0	80.0	0.9658414961621011	0.0	0.15	True	4935.0	True	False	26636.0	False	High	True	True	0.025	0.0	100.0	1.5	9.0													
1129492.2876	29.207799999974668	processed_trials			80.0	0.9658414961621011					True				High					100.0		9.0	40.0	40.0	False	False	True	18.017699999999998	18.017699999999998	20.373136501193883	10.022200000000002	0.05403344563113938	Left	10.022200000000002	
1129492.2876	10.022200000006706	states																																	"       state_name
id               
3   wait_for_poke"
1129502.3098	0.9657999998889863	states																																	"        state_name
id                
1   nose_in_center"
1129503.2755999998	0.0020000000949949026	states																																	"   state_name
id           
5      go_cue"
1129503.2776	18.01769999996759	states																																	"            state_name
id                    
6   wait_for_side_poke"
1129521.2952999999	0.19999999995343387	states																																	"   state_name
id           
0     opt_out"
1129521.4952999998	0.00010000006295740604	states																																	"    state_name
id            
7   stop_sound"
1129521.6763	2.4263000001665205	trials	1.0	2.0	20.0	0.8494956112692681	0.0	0.15	True	4935.0	True	False	26637.0	False	High	True	False	0.025	0.0	100.0	1.5	9.0													
1129521.6763	2.4263000001665205	processed_trials			20.0	0.8494956112692681					True				High					100.0		9.0	40.0	40.0	False	True	False			20.373136501193883	0.36510000000000004	-0.2362121676007444	Right	0.36510000000000004	
1129521.6763	0.3651000000536442	states																																	"       state_name
id               
3   wait_for_poke"
1129522.0414	0.06119999988004565	states																																	"        state_name
id                
1   nose_in_center"
1129522.1025999999	2.0	states																																	"          state_name
id                  
2   punish_violation"
1129524.2891	4.01769999996759	trials	1.0	2.0	20.0	0.9030204503846497	0.0	0.15	True	4935.0	False	False	26638.0	False	High	True	True	0.025	0.0	1.2606798972607565	1.5	9.0													
1129524.2891	4.01769999996759	processed_trials			20.0	0.9030204503846497					False				High					1.2606798972607565		9.0	40.0	40.0	False	True	False			20.373136501193883	1.9436	-0.1887701093755496	Right	1.9436	
1129524.2891	1.9436000001151115	states																																	"       state_name
id               
3   wait_for_poke"
1129526.2327	0.0740999998524785	states																																	"        state_name
id                
1   nose_in_center"
1129526.3068	2.0	states																																	"          state_name
id                  
2   punish_violation"
1129528.4888	11.056100000161678	trials	1.0	2.0	20.0	1.16313905266224	0.0	0.15	True	4935.0	False	False	26639.0	False	High	True	True	0.025	0.0	0.824867255952598	1.5	9.0													
1129528.4888	11.056100000161678	processed_trials			20.0	1.16313905266224					False				High					0.824867255952598		9.0	40.0	40.0	False	True	False			20.373136501193883	9.0457	0.024684589212449	Right	9.0457	
1129528.4888	9.045699999900535	states																																	"       state_name
id               
3   wait_for_poke"
1129537.5344999998	0.010400000028312206	states																																	"        state_name
id                
1   nose_in_center"
1129537.5448999999	2.0	states																																	"          state_name
id                  
2   punish_violation"
1129539.7325	2.6635000000242144	trials	1.0	2.0	20.0	0.9686375518511835	0.0	0.15	True	4935.0	False	False	26640.0	False	High	True	True	0.025	0.0	0.4566096208574226	1.5	9.0													
1129539.7325	2.6635000000242144	processed_trials			20.0	0.9686375518511835					False				High					0.4566096208574226		9.0	40.0	40.0	False	True	False			20.373136501193883	0.5142	-0.2317309443626218	Right	0.5142	
1129539.7325	0.5142000000923872	states																																	"       state_name
id               
3   wait_for_poke"
1129540.2467	0.1492999999318272	states																																	"        state_name
id                
1   nose_in_center"
1129540.396	2.0	states																																	"          state_name
id                  
2   punish_violation"
1129542.5831	14.809200000017881	trials	1.0	2.0	20.0	1.0915016910884248	0.0	0.15	True	4935.0	False	False	26641.0	False	High	True	True	0.025	0.0	2.7392793109367264	1.5	9.0													
1129542.5831	14.809200000017881	processed_trials			20.0	1.0915016910884248					False				High					2.7392793109367264		9.0	40.0	40.0	True	False	False	2.7392999999999983	2.7392999999999983	20.373136501193883	10.6181	0.07194331100737854	Left	10.6181	
1129542.5831	10.618100000079721	states																																	"       state_name
id               
3   wait_for_poke"
1129553.2012	1.091499999864027	states																																	"        state_name
id                
1   nose_in_center"
1129554.2926999999	0.0020000000949949026	states																																	"   state_name
id           
5      go_cue"
1129554.2947	2.739300000015646	states																																	"            state_name
id                    
6   wait_for_side_poke"
1129557.034	0.20929999998770654	states																																	"         state_name
id                 
4   announce_reward"
1129557.2433	0.1488999999128282	states																																	"   state_name
id           
8      reward"
1129557.3922	0.00010000006295740604	states																																	"    state_name
id            
7   stop_sound"
1129557.5811	3.9460999998264015	trials	1.0	2.0	80.0	0.9055633424325917	0.0	0.15	True	4955.0	False	False	26642.0	False	High	True	False	0.025	0.0	0.5733147901201318	1.5	9.0													
1129557.5811	3.9460999998264015	processed_trials			80.0	0.9055633424325917					False				High					0.5733147901201318		9.0	40.0	40.0	False	True	False			20.373136501193883	1.7854	-0.19352483450144498	Right	0.7106000000000001	
1129557.5811	1.78539999993518	states																																	"       state_name
id               
3   wait_for_poke"
1129559.3665	0.16070000012405217	states																																	"        state_name
id                
1   nose_in_center"
1129559.5272000001	2.0	states																																	"          state_name
id                  
2   punish_violation"
1129561.7198	2.0732999998144805	trials	1.0	2.0	80.0	1.0214646195861363	0.0	0.15	True	4955.0	False	False	26643.0	False	High	True	True	0.025	0.0	10.735823844690158	1.5	9.0													
1129561.7198	2.0732999998144805	processed_trials			80.0	1.0214646195861363					False				High					10.735823844690158		9.0	40.0	40.0	False	True	False			20.373136501193883	0.0297	-0.24629266575008257	Right	0.0297	
1129561.7198	0.029700000071898103	states																																	"       state_name
id               
3   wait_for_poke"
1129561.7495000002	0.043599999975413084	states																																	"        state_name
id                
1   nose_in_center"
1129561.7931000001	2.0	states																																	"          state_name
id                  
2   punish_violation"
1129563.9845	19.625	trials	1.0	2.0	80.0	1.0498033124772432	0.0	0.15	True	4955.0	True	False	26644.0	False	High	True	True	0.025	0.0	100.0	1.5	9.0													
1129563.9845	19.625	processed_trials			80.0	1.0498033124772432					True				High					100.0		9.0	40.0	40.0	False	False	True	18.342100000000002	18.342100000000002	20.373136501193883	0.031	-0.2462535940518293	Left	0.031	
1129563.9845	0.030999999959021807	states																																	"       state_name
id               
3   wait_for_poke"
1129564.0155	1.049800000153482	states																																	"        state_name
id                
1   nose_in_center"
1129565.0653000001	0.001999999862164259	states																																	"   state_name
id           
5      go_cue"
1129565.0673	18.34210000000894	states																																	"            state_name
id                    
6   wait_for_side_poke"
1129583.4094	0.19999999995343387	states																																	"   state_name
id           
0     opt_out"
1129583.6094	0.00010000006295740604	states																																	"    state_name
id            
7   stop_sound"
1129583.8019	2.8214999998454005	trials	1.0	2.0	40.0	1.062987986070137	0.0	0.15	True	4955.0	False	False	26645.0	False	High	True	False	0.025	0.0	2.3946128647739746	1.5	9.0													
1129583.8019	2.8214999998454005	processed_trials			40.0	1.062987986070137					False				High					2.3946128647739746		9.0	40.0	40.0	False	True	False			20.373136501193883	0.774	-0.22392261574247252	Left	0.774	
1129583.8019	0.7739999999757856	states																																	"       state_name
id               
3   wait_for_poke"
1129584.5759	0.04750000010244548	states																																	"        state_name
id                
1   nose_in_center"
1129584.6234000002	2.0	states																																	"          state_name
id                  
2   punish_violation"
1129586.8153	2.577100000111386	trials	1.0	2.0	40.0	1.0317797225813021	0.0	0.15	True	4955.0	False	False	26646.0	False	High	True	True	0.025	0.0	0.3904537836174102	1.5	9.0													
1129586.8153	2.577100000111386	processed_trials			40.0	1.0317797225813021					False				High					0.3904537836174102		9.0	40.0	40.0	True	False	False	0.39050000000000007	0.39050000000000007	20.373136501193883	0.5805	-0.2297382877517061	Left	0.5805	
1129586.8153	0.5804999999236315	states																																	"       state_name
id               
3   wait_for_poke"
1129587.3957999998	1.0317999999970198	states																																	"        state_name
id                
1   nose_in_center"
1129588.4275999998	0.0020000000949949026	states																																	"   state_name
id           
5      go_cue"
1129588.4296	0.3904999999795109	states																																	"            state_name
id                    
6   wait_for_side_poke"
1129588.8201	0.2953999999444932	states																																	"         state_name
id                 
4   announce_reward"
1129589.1154999998	0.2768000001087785	states																																	"   state_name
id           
8      reward"
1129589.3923	0.00010000006295740604	states																																	"    state_name
id            
7   stop_sound"
1129589.5872	4.0027000000700355	trials	1.0	2.0	80.0	1.0317797	0.0	0.15	True	4995.0	False	False	26647.0	False	High	True	False	0.025	0.0	0.4465918778662645	1.5	9.0													
1129589.5872	4.0027000000700355	processed_trials			80.0	1.0317797					False				High					0.4465918778662645		9.0	40.0	40.0	True	False	False	0.4466000000000001	0.4466000000000001	20.373136501193883	1.9329	-0.18909169950732635	Left	0.44589999999999996	
1129589.5872	1.932899999897927	states																																	"       state_name
id               
3   wait_for_poke"
1129591.5200999998	1.0317999999970198	states																																	"        state_name
id                
1   nose_in_center"
1129592.5518999998	0.0020000000949949026	states																																	"   state_name
id           
5      go_cue"
1129592.5539	0.44659999990835786	states																																	"            state_name
id                    
6   wait_for_side_poke"
1129593.0004999998	0.05180000001564622	states																																	"         state_name
id                 
4   announce_reward"
1129593.0522999999	0.5375000000931323	states																																	"   state_name
id           
8      reward"
1129593.5898	0.00010000006295740604	states																																	"    state_name
id            
7   stop_sound"
1129593.787	5.600600000005215	trials	1.0	2.0	20.0	0.8617232400473063	0.0	0.15	True	5075.0	False	False	26648.0	False	High	True	False	0.025	0.0	0.07281494149801353	1.5	9.0													
1129593.787	5.600600000005215	processed_trials			20.0	0.8617232400473063					False				High					0.07281494149801353		9.0	40.0	40.0	False	True	False			20.373136501193883	3.0065999999999997	-0.1568214822653931	Left	0.6135999999999999	
1129593.787	3.006599999964237	states																																	"       state_name
id               
3   wait_for_poke"
1129596.7936	0.5940000000409782	states																																	"        state_name
id                
1   nose_in_center"
1129597.3876	2.0	states																																	"          state_name
id                  
2   punish_violation"
1129599.5875	1.9768000000622123	trials	1.0	2.0	20.0	0.9293047289538837	0.0	0.15	True	5075.0	False	False	26649.0	False	High	True	True	0.025	0.0	0.14008326103086324	1.5	9.0													
1129599.5875	1.9768000000622123	processed_trials			20.0	0.9293047289538837					False				High					0.14008326103086324		9.0	40.0	40.0	True	False	False	0.14010000000000034	0.14010000000000034	20.373136501193883	0.4173	-0.23464328864011394	Left	0.4173	
1129599.5875	0.4173000000882894	states																																	"       state_name
id               
3   wait_for_poke"
1129600.0048	0.9292999999597669	states																																	"        state_name
id                
1   nose_in_center"
1129600.9341	0.001999999862164259	states																																	"   state_name
id           
5      go_cue"
1129600.9360999998	0.14010000019334257	states																																	"            state_name
id                    
6   wait_for_side_poke"
1129601.0762	0.33909999998286366	states																																	"         state_name
id                 
4   announce_reward"
1129601.4153	0.1488999999128282	states																																	"   state_name
id           
8      reward"
1129601.5642	0.00010000006295740604	states																																	"    state_name
id            
7   stop_sound"
1129601.7646	4.238099999958649	trials	1.0	2.0	20.0	1.132817791890661	0.0	0.15	True	5095.0	False	False	26650.0	False	High	True	False	0.025	0.0	0.14008326	1.5	9.0													
1129601.7646	4.238099999958649	processed_trials			20.0	1.132817791890661					False				High					0.14008326		9.0	40.0	40.0	True	False	False	0.1400999999999999	0.1400999999999999	20.373136501193883	2.3367	-0.17695542892681723	Right	0.8539999999999999	
1129601.7646	2.3367000001017004	states																																	"       state_name
id               
3   wait_for_poke"
1129604.1013000002	1.1327999997884035	states																																	"        state_name
id                
1   nose_in_center"
1129605.2341	0.0020000000949949026	states																																	"   state_name
id           
5      go_cue"
1129605.2361	0.14009999996051192	states																																	"            state_name
id                    
6   wait_for_side_poke"
1129605.3762	0.46779999998398125	states																																	"         state_name
id                 
4   announce_reward"
1129605.844	0.15859999996609986	states																																	"   state_name
id           
8      reward"
1129606.0026	0.00010000006295740604	states																																	"    state_name
id            
7   stop_sound"
1129606.1972	3.4721999999601394	trials	1.0	2.0	20.0	1.1080998239366204	0.0	0.15	True	5115.0	False	False	26651.0	False	High	True	False	0.025	0.0	0.3093126529976964	1.5	9.0													
1129606.1972	3.4721999999601394	processed_trials			20.0	1.1080998239366204					False				High					0.3093126529976964		9.0	40.0	40.0	False	True	False			20.373136501193883	1.4161	-0.20462420232061787	Left	0.8583999999999998	
1129606.1972	1.4161000000312924	states																																	"       state_name
id               
3   wait_for_poke"
1129607.6133	0.056099999928846955	states																																	"        state_name
id                
1   nose_in_center"
1129607.6694	2.0	states																																	"          state_name
id                  
2   punish_violation"
1129609.8649	4.382699999958277	trials	1.0	2.0	20.0	1.1112408393787638	0.0	0.15	True	5115.0	False	False	26652.0	False	High	True	True	0.025	0.0	2.7787061244364852	1.5	9.0													
1129609.8649	4.382699999958277	processed_trials			20.0	1.1112408393787638					False				High					2.7787061244364852		9.0	40.0	40.0	True	False	False	2.7787	2.7787	20.373136501193883	0.16169999999999998	-0.2423253856197527	Right	0.16169999999999998	
1129609.8649	0.1617000000551343	states																																	"       state_name
id               
3   wait_for_poke"
1129610.0266	1.1111999999266118	states																																	"        state_name
id                
1   nose_in_center"
1129611.1378	0.0020000000949949026	states																																	"   state_name
id           
5      go_cue"
1129611.1398	2.7786999999079853	states																																	"            state_name
id                    
6   wait_for_side_poke"
1129613.9185	0.17039999994449317	states																																	"         state_name
id                 
4   announce_reward"
1129614.0888999999	0.15859999996609986	states																																	"   state_name
id           
8      reward"
1129614.2474999998	0.00010000006295740604	states																																	"    state_name
id            
7   stop_sound"
1129614.4463	3.7302000001072884	trials	1.0	2.0	20.0	1.1112408	0.0	0.15	True	5135.0	False	False	26653.0	False	High	True	False	0.025	0.0	0.2499253442073054	1.5	9.0													
1129614.4463	3.7302000001072884	processed_trials			20.0	1.1112408					False				High					0.2499253442073054		9.0	40.0	40.0	False	True	False			20.373136501193883	1.6267	-0.19829458720359158	Left	0.9653	
1129614.4463	1.6266999999061227	states																																	"       state_name
id               
3   wait_for_poke"
1129616.0729999999	0.10350000020116568	states																																	"        state_name
id                
1   nose_in_center"
1129616.1765	2.0	states																																	"          state_name
id                  
2   punish_violation"
1129618.375	8.566300000064075	trials	1.0	2.0	20.0	1.0772415527658485	0.0	0.15	True	5135.0	False	False	26654.0	False	High	True	True	0.025	0.0	4.457599489766034	1.5	9.0													
1129618.375	8.566300000064075	processed_trials			20.0	1.0772415527658485					False				High					4.457599489766034		9.0	40.0	40.0	True	False	False	4.457600000000001	4.457600000000001	20.373136501193883	2.4858000000000002	-0.17247420568869462	Right	2.4858000000000002	
1129618.375	2.485799999907613	states																																	"       state_name
id               
3   wait_for_poke"
1129620.8608	1.0772000001743436	states																																	"        state_name
id                
1   nose_in_center"
1129621.938	0.001999999862164259	states																																	"   state_name
id           
5      go_cue"
1129621.94	4.457600000081584	states																																	"            state_name
id                    
6   wait_for_side_poke"
1129626.3976	0.3850000000093132	states																																	"         state_name
id                 
4   announce_reward"
1129626.7826	0.15859999996609986	states																																	"   state_name
id           
8      reward"
1129626.9412	0.00010000006295740604	states																																	"    state_name
id            
7   stop_sound"
1129627.1451	3.492799999890849	trials	1.0	2.0	40.0	1.0772416	0.0	0.15	True	5155.0	False	False	26655.0	False	High	True	False	0.025	0.0	2.622922228151214	1.5	9.0													
1129627.1451	3.492799999890849	processed_trials			40.0	1.0772416					False				High					2.622922228151214		9.0	40.0	40.0	False	True	False			20.373136501193883	1.4781	-0.20276078286546295	Right	0.7739999999999999	
1129627.1451	1.478099999949336	states																																	"       state_name
id               
3   wait_for_poke"
1129628.6232	0.014699999941512942	states																																	"        state_name
id                
1   nose_in_center"
1129628.6379	2.0	states																																	"          state_name
id                  
2   punish_violation"
1129630.8341	14.563799999887124	trials	1.0	2.0	40.0	1.1416697299569734	0.0	0.15	True	5155.0	True	False	26656.0	False	High	True	True	0.025	0.0	100.0	1.5	9.0													
1129630.8341	14.563799999887124	processed_trials			40.0	1.1416697299569734					True				High					100.0		9.0	40.0	40.0	False	False	True	13.0713	13.0713	20.373136501193883	0.1487	-0.24271610260228518	Left	0.1487	
1129630.8341	0.14870000001974404	states																																	"       state_name
id               
3   wait_for_poke"
1129630.9828	1.1417000000365078	states																																	"        state_name
id                
1   nose_in_center"
1129632.1245000002	0.001999999862164259	states																																	"   state_name
id           
5      go_cue"
1129632.1265	13.071300000185147	states																																	"            state_name
id                    
6   wait_for_side_poke"
1129645.1978000002	0.19999999995343387	states																																	"   state_name
id           
0     opt_out"
1129645.3978000002	9.999983012676239e-05	states																																	"    state_name
id            
7   stop_sound"
1129645.6005	2.2356000000145286	trials	1.0	2.0	40.0	0.8914710947114167	0.0	0.15	True	5155.0	False	False	26657.0	False	High	True	False	0.025	0.0	0.620409882381666	1.5	9.0													
1129645.6005	2.2356000000145286	processed_trials			40.0	0.8914710947114167					False				High					0.620409882381666		9.0	40.0	40.0	True	False	False	0.6203999999999998	0.6203999999999998	20.373136501193883	0.36219999999999997	-0.23629932754300165	Right	0.36219999999999997	
1129645.6005	0.36220000009052455	states																																	"       state_name
id               
3   wait_for_poke"
1129645.9627	0.891499999910593	states																																	"        state_name
id                
1   nose_in_center"
1129646.8542	0.0020000000949949026	states																																	"   state_name
id           
5      go_cue"
1129646.8562	0.620399999897927	states																																	"            state_name
id                    
6   wait_for_side_poke"
1129647.4766	0.06529999990016222	states																																	"         state_name
id                 
4   announce_reward"
1129647.5418999998	0.29410000005736947	states																																	"   state_name
id           
8      reward"
1129647.836	0.00010000006295740604	states																																	"    state_name
id            
7   stop_sound"
1129648.039	4.426399999996647	trials	1.0	2.0	80.0	1.094480001591885	0.0	0.15	True	5195.0	False	False	26658.0	False	High	True	False	0.025	0.0	0.7164125305853287	1.5	9.0													
1129648.039	4.426399999996647	processed_trials			80.0	1.094480001591885					False				High					0.7164125305853287		9.0	40.0	40.0	False	True	False			20.373136501193883	2.3668	-0.176050768836492	Right	0.5913999999999999	
1129648.039	2.366799999959767	states																																	"       state_name
id               
3   wait_for_poke"
1129650.4058	0.059600000036880374	states																																	"        state_name
id                
1   nose_in_center"
1129650.4654	2.0	states																																	"          state_name
id                  
2   punish_violation"
1129652.6695	10.414899999974295	trials	1.0	2.0	80.0	1.0481992825516528	0.0	0.15	True	5195.0	False	False	26659.0	False	High	True	True	0.025	0.0	13.465864711972738	1.5	9.0													
1129652.6695	10.414899999974295	processed_trials			80.0	1.0481992825516528					False				High					13.465864711972738		9.0	40.0	40.0	False	False	True	9.024099999999999	9.024099999999999	20.373136501193883	0.1405	-0.24296255485280568	Right	0.1405	
1129652.6695	0.1404999999795109	states																																	"       state_name
id               
3   wait_for_poke"
1129652.81	1.048200000077486	states																																	"        state_name
id                
1   nose_in_center"
1129653.8582000001	0.001999999862164259	states																																	"   state_name
id           
5      go_cue"
1129653.8602	9.024100000038743	states																																	"            state_name
id                    
6   wait_for_side_poke"
1129662.8843	0.19999999995343387	states																																	"   state_name
id           
0     opt_out"
1129663.0843	0.00010000006295740604	states																																	"    state_name
id            
7   stop_sound"
1129663.2916	3.2159999997820705	trials	1.0	2.0	80.0	1.045631795588238	0.0	0.15	True	5195.0	False	False	26660.0	False	High	True	False	0.025	0.0	1.3895155124810854	1.5	9.0													
1129663.2916	3.2159999997820705	processed_trials			80.0	1.045631795588238					False				High					1.3895155124810854		9.0	40.0	40.0	True	False	False	1.3895	1.3895	20.373136501193883	0.2344	-0.240140376032821	Left	0.2344	
1129663.2916	0.2343999999575317	states																																	"       state_name
id               
3   wait_for_poke"
1129663.526	1.045600000070408	states																																	"        state_name
id                
1   nose_in_center"
1129664.5716000001	0.001999999862164259	states																																	"   state_name
id           
5      go_cue"
1129664.5736	1.3895000000484288	states																																	"            state_name
id                    
6   wait_for_side_poke"
1129665.9631	0.006900000153109431	states																																	"         state_name
id                 
4   announce_reward"
1129665.9700000002	0.5374999998603016	states																																	"   state_name
id           
8      reward"
1129666.5075	0.00010000006295740604	states																																	"    state_name
id            
7   stop_sound"
1129666.7081	8.43140000011772	trials	1.0	2.0	40.0	0.8638291104620914	0.0	0.15	True	5275.0	False	False	26661.0	False	High	True	False	0.025	0.0	0.6902290424399732	1.5	9.0													
1129666.7081	8.43140000011772	processed_trials			40.0	0.8638291104620914					False				High					0.6902290424399732		9.0	40.0	40.0	True	False	False	0.690199999999999	0.690199999999999	20.373136501193883	6.4924	-0.052055231672181866	Left	1.2997999999999994	
1129666.7081	6.492400000104681	states																																	"       state_name
id               
3   wait_for_poke"
1129673.2005	0.8637999999336898	states																																	"        state_name
id                
1   nose_in_center"
1129674.0643	0.001999999862164259	states																																	"   state_name
id           
5      go_cue"
1129674.0662999998	0.6902000000700355	states																																	"            state_name
id                    
6   wait_for_side_poke"
1129674.7565	0.10609999997541308	states																																	"         state_name
id                 
4   announce_reward"
1129674.8625999999	0.2768000001087785	states																																	"   state_name
id           
8      reward"
1129675.1394	9.999983012676239e-05	states																																	"    state_name
id            
7   stop_sound"
1129675.35	14.757299999939278	trials	1.0	2.0	40.0	0.8181036787752252	0.0	0.15	True	5315.0	True	False	26662.0	False	High	True	False	0.025	0.0	100.0	1.5	9.0													
1129675.35	14.757299999939278	processed_trials			40.0	0.8181036787752252					True				High					100.0		9.0	40.0	40.0	False	False	True	10.8161	10.8161	20.373136501193883	2.921	-0.15939420331960705	Left	0.5740999999999996	
1129675.35	2.921000000089407	states																																	"       state_name
id               
3   wait_for_poke"
1129678.2710000002	0.8180999998003244	states																																	"        state_name
id                
1   nose_in_center"
1129679.0891	0.0020000000949949026	states																																	"   state_name
id           
5      go_cue"
1129679.0911	10.81609999993816	states																																	"            state_name
id                    
6   wait_for_side_poke"
1129689.9072	0.20000000018626451	states																																	"   state_name
id           
0     opt_out"
1129690.1072000002	9.999983012676239e-05	states																																	"    state_name
id            
7   stop_sound"
1129690.3143	2.7963000000454485	trials	1.0	2.0	40.0	0.9930259701181627	0.0	0.15	True	5315.0	False	False	26663.0	False	High	True	False	0.025	0.0	0.49928462089008485	1.5	9.0													
1129690.3143	2.7963000000454485	processed_trials			40.0	0.9930259701181627					False				High					0.49928462089008485		9.0	40.0	40.0	True	False	False	0.49929999999999986	0.49929999999999986	20.373136501193883	0.9033	-0.2200364845238994	Left	0.9033	
1129690.3143	0.9032999998889863	states																																	"       state_name
id               
3   wait_for_poke"
1129691.2175999999	0.9930000000167638	states																																	"        state_name
id                
1   nose_in_center"
1129692.2105999999	0.0020000000949949026	states																																	"   state_name
id           
5      go_cue"
1129692.2126	0.49930000002495944	states																																	"            state_name
id                    
6   wait_for_side_poke"
1129692.7119	0.1218000000808388	states																																	"         state_name
id                 
4   announce_reward"
1129692.8337	0.27679999987594783	states																																	"   state_name
id           
8      reward"
1129693.1105	0.00010000006295740604	states																																	"    state_name
id            
7   stop_sound"
1129693.3193	5.38039999990724	trials	1.0	2.0	80.0	0.9676668783598694	0.0	0.15	True	5355.0	False	False	26664.0	False	High	True	False	0.025	0.0	2.0465903382176505	1.5	9.0													
1129693.3193	5.38039999990724	processed_trials			80.0	0.9676668783598694					False				High					2.0465903382176505		9.0	40.0	40.0	True	False	False	2.0466	2.0466	20.373136501193883	1.8052000000000001	-0.19292974248189548	Left	0.8494000000000002	
1129693.3193	1.8052000000607222	states																																	"       state_name
id               
3   wait_for_poke"
1129695.1245000002	0.9676999999210238	states																																	"        state_name
id                
1   nose_in_center"
1129696.0922	0.0020000000949949026	states																																	"   state_name
id           
5      go_cue"
1129696.0942000002	2.04660000000149	states																																	"            state_name
id                    
6   wait_for_side_poke"
1129698.1408000002	0.021299999905750155	states																																	"         state_name
id                 
4   announce_reward"
1129698.1621	0.5375000000931323	states																																	"   state_name
id           
8      reward"
1129698.6996000002	9.999983012676239e-05	states																																	"    state_name
id            
7   stop_sound"
1129698.9066	7.965799999888986	trials	1.0	2.0	20.0	1.190874638848479	0.0	0.15	True	5435.0	False	False	26665.0	False	High	True	False	0.025	0.0	1.5142016910434333	1.5	9.0													
1129698.9066	7.965799999888986	processed_trials			20.0	1.190874638848479					False				High					1.5142016910434333		9.0	40.0	40.0	True	False	False	1.5141999999999998	1.5141999999999998	20.373136501193883	4.9621	-0.09804863154675618	Right	0.6185	
1129698.9066	4.962099999887869	states																																	"       state_name
id               
3   wait_for_poke"
1129703.8687	1.190900000045076	states																																	"        state_name
id                
1   nose_in_center"
1129705.0596	0.0020000000949949026	states																																	"   state_name
id           
5      go_cue"
1129705.0616000001	1.5141999998595566	states																																	"            state_name
id                    
6   wait_for_side_poke"
1129706.5758	0.1379000002052635	states																																	"         state_name
id                 
4   announce_reward"
1129706.7137000002	0.15859999996609986	states																																	"   state_name
id           
8      reward"
1129706.8723000002	9.999983012676239e-05	states																																	"    state_name
id            
7   stop_sound"
1129707.0798	4.090199999976903	trials	1.0	2.0	80.0	1.1908746	0.0	0.15	True	5455.0	False	False	26666.0	False	High	True	False	0.025	0.0	0.2882781612767721	1.5	9.0													
1129707.0798	4.090199999976903	processed_trials			80.0	1.1908746					False				High					0.2882781612767721		9.0	40.0	40.0	True	False	False	0.2883	0.2883	20.373136501193883	1.7595	-0.1943032629512597	Right	1.3449	
1129707.0798	1.7594999999273568	states																																	"       state_name
id               
3   wait_for_poke"
1129708.8392999999	1.190900000045076	states																																	"        state_name
id                
1   nose_in_center"
1129710.0302	0.0020000000949949026	states																																	"   state_name
id           
5      go_cue"
1129710.0322	0.2882999998982996	states																																	"            state_name
id                    
6   wait_for_side_poke"
1129710.3205	0.2779999999329448	states																																	"         state_name
id                 
4   announce_reward"
1129710.5984999998	0.5714000000152737	states																																	"   state_name
id           
8      reward"
1129711.1698999999	0.00010000006295740604	states																																	"    state_name
id            
7   stop_sound"
1129711.3811	7.209799999836832	trials	1.0	2.0	80.0	0.8207670724785144	0.0	0.15	True	5535.0	False	False	26667.0	False	High	True	False	0.025	0.0	3.2021148958172754	1.5	9.0													
1129711.3811	7.209799999836832	processed_trials			80.0	0.8207670724785144					False				High					3.2021148958172754		9.0	40.0	40.0	True	False	False	3.2020999999999997	3.2020999999999997	20.373136501193883	2.5828	-0.16955885589595218	Left	1.5221000000000002	
1129711.3811	2.582799999974668	states																																	"       state_name
id               
3   wait_for_poke"
1129713.9639	0.8208000001031905	states																																	"        state_name
id                
1   nose_in_center"
1129714.7847000002	0.001999999862164259	states																																	"   state_name
id           
5      go_cue"
1129714.7867	3.202100000111386	states																																	"            state_name
id                    
6   wait_for_side_poke"
1129717.9888000002	0.06449999986216426	states																																	"         state_name
id                 
4   announce_reward"
1129718.0533	0.5375000000931323	states																																	"   state_name
id           
8      reward"
1129718.5908000001	0.00010000006295740604	states																																	"    state_name
id            
7   stop_sound"
1129718.8198	7.848699999973178	trials	1.0	2.0	80.0	0.8760738141990841	0.0	0.15	True	5615.0	False	False	26668.0	False	High	True	False	0.025	0.0	2.804343043986534	1.5	9.0													
1129718.8198	7.848699999973178	processed_trials			80.0	0.8760738141990841					False				High					2.804343043986534		9.0	40.0	40.0	True	False	False	2.8042999999999996	2.8042999999999996	20.373136501193883	3.5425999999999997	-0.1407119205240536	Right	0.4817999999999998	
1129718.8198	3.542600000044331	states																																	"       state_name
id               
3   wait_for_poke"
1129722.3624	0.8760999999940395	states																																	"        state_name
id                
1   nose_in_center"
1129723.2385	0.001999999862164259	states																																	"   state_name
id           
5      go_cue"
1129723.2404999998	2.8043000001925975	states																																	"            state_name
id                    
6   wait_for_side_poke"
1129726.0448	0.052199999801814556	states																																	"         state_name
id                 
4   announce_reward"
1129726.0969999998	0.5714000000152737	states																																	"   state_name
id           
8      reward"
1129726.6683999998	0.00010000006295740604	states																																	"    state_name
id            
7   stop_sound"
1129726.8784	4.606999999843538	trials	1.0	2.0	40.0	0.9981753074088819	0.0	0.15	True	5695.0	False	False	26669.0	False	High	True	False	0.025	0.0	0.9585089495473241	1.5	9.0													
1129726.8784	4.606999999843538	processed_trials			40.0	0.9981753074088819					False				High					0.9585089495473241		9.0	40.0	40.0	False	True	False			20.373136501193883	2.5594	-0.17026214646451068	Right	1.2939	
1129726.8784	2.5593999999109656	states																																	"       state_name
id               
3   wait_for_poke"
1129729.4378	0.04760000016540289	states																																	"        state_name
id                
1   nose_in_center"
1129729.4854000001	2.0	states																																	"          state_name
id                  
2   punish_violation"
1129731.6974	2.9364000000059605	trials	1.0	2.0	40.0	1.1446004216602381	0.0	0.15	True	5695.0	False	False	26670.0	False	High	True	True	0.025	0.0	0.9860687514444701	1.5	9.0													
1129731.6974	2.9364000000059605	processed_trials			40.0	1.1446004216602381					False				High					0.9860687514444701		9.0	40.0	40.0	True	False	False	0.9861	0.9861	20.373136501193883	0.15869999999999998	-0.2424155510772602	Left	0.15869999999999998	
1129731.6974	0.15870000002905726	states																																	"       state_name
id               
3   wait_for_poke"
1129731.8561	1.1445999999996275	states																																	"        state_name
id                
1   nose_in_center"
1129733.0007	0.001999999862164259	states																																	"   state_name
id           
5      go_cue"
1129733.0026999998	0.986100000096485	states																																	"            state_name
id                    
6   wait_for_side_poke"
1129733.9888	0.3681000000797212	states																																	"         state_name
id                 
4   announce_reward"
1129734.3569	0.27679999987594783	states																																	"   state_name
id           
8      reward"
1129734.6337	0.00010000006295740604	states																																	"    state_name
id            
7   stop_sound"
1129734.8469	4.249599999981001	trials	1.0	2.0	80.0	0.890145077220397	0.0	0.15	True	5735.0	False	False	26671.0	False	High	True	False	0.025	0.0	0.8960129645975751	1.5	9.0													
1129734.8469	4.249599999981001	processed_trials			80.0	0.890145077220397					False				High					0.8960129645975751		9.0	40.0	40.0	True	False	False	0.8960000000000004	0.8960000000000004	20.373136501193883	1.8728	-0.19089801417272656	Left	0.3598000000000001	
1129734.8469	1.872800000011921	states																																	"       state_name
id               
3   wait_for_poke"
1129736.7197	0.8900999999605119	states																																	"        state_name
id                
1   nose_in_center"
1129737.6098	0.0020000000949949026	states																																	"   state_name
id           
5      go_cue"
1129737.6118	0.8959999999497086	states																																	"            state_name
id                    
6   wait_for_side_poke"
1129738.5078	0.051100000040605664	states																																	"         state_name
id                 
4   announce_reward"
1129738.5589	0.5374999998603016	states																																	"   state_name
id           
8      reward"
1129739.0964	0.00010000006295740604	states																																	"    state_name
id            
7   stop_sound"
1129739.309	12.455400000093505	trials	1.0	2.0	40.0	1.0657372809245986	0.0	0.15	True	5815.0	False	False	26672.0	False	High	True	False	0.025	0.0	7.485846663695734	1.5	9.0													
1129739.309	12.455400000093505	processed_trials			40.0	1.0657372809245986					False				High					7.485846663695734		9.0	40.0	40.0	True	False	False	7.485800000000001	7.485800000000001	20.373136501193883	3.1985	-0.15105389850016354	Left	0.6762000000000001	
1129739.309	3.1984999999403954	states																																	"       state_name
id               
3   wait_for_poke"
1129742.5074999998	1.0657000001519918	states																																	"        state_name
id                
1   nose_in_center"
1129743.5732	0.001999999862164259	states																																	"   state_name
id           
5      go_cue"
1129743.5751999998	7.4858000001404434	states																																	"            state_name
id                    
6   wait_for_side_poke"
1129751.061	0.426499999826774	states																																	"         state_name
id                 
4   announce_reward"
1129751.4874999998	0.2768000001087785	states																																	"   state_name
id           
8      reward"
1129751.7643	0.00010000006295740604	states																																	"    state_name
id            
7   stop_sound"
1129751.9788	5.855300000170246	trials	1.0	2.0	40.0	1.1718807592303326	0.0	0.15	True	5855.0	True	False	26673.0	False	High	True	False	0.025	0.0	100.0	1.5	9.0													
1129751.9788	5.855300000170246	processed_trials			40.0	1.1718807592303326					True				High					100.0		9.0	40.0	40.0	False	True	False			20.373136501193883	2.6854	-0.16647519724919582	Left	0.8938999999999999	
1129751.9788	2.6854000000748783	states																																	"       state_name
id               
3   wait_for_poke"
1129754.6642	1.1698999998625368	states																																	"        state_name
id                
1   nose_in_center"
1129755.8340999999	2.0	states																																	"          state_name
id                  
2   punish_violation"
1129758.0462	7.760900000110269	trials	1.0	2.0	40.0	1.1718808	0.0	0.15	True	5855.0	True	False	26674.0	False	High	True	True	0.025	0.0	100.0	1.5	9.0													
1129758.0462	7.760900000110269	processed_trials			40.0	1.1718808					True				High					100.0		9.0	40.0	40.0	False	False	True	5.812600000000001	5.812600000000001	20.373136501193883	0.5742999999999999	-0.22992462969722158	Right	0.5742999999999999	
1129758.0462	0.5742999999783933	states																																	"       state_name
id               
3   wait_for_poke"
1129758.6205	1.1718999999575317	states																																	"        state_name
id                
1   nose_in_center"
1129759.7924	0.0020000000949949026	states																																	"   state_name
id           
5      go_cue"
1129759.7944	5.812600000062957	states																																	"            state_name
id                    
6   wait_for_side_poke"
1129765.607	0.19999999995343387	states																																	"   state_name
id           
0     opt_out"
1129765.807	0.00010000006295740604	states																																	"    state_name
id            
7   stop_sound"
1129766.0351	2.3996000001206994	trials	1.0	2.0	40.0	1.087671106168631	0.0	0.15	True	5855.0	False	False	26675.0	False	High	True	False	0.025	0.0	3.130563158484528	1.5	9.0													
1129766.0351	2.3996000001206994	processed_trials			40.0	1.087671106168631					False				High					3.130563158484528		9.0	40.0	40.0	False	True	False			20.373136501193883	0.37010000000000004	-0.2360618918382319	Left	0.37010000000000004	
1129766.0351	0.37009999994188547	states																																	"       state_name
id               
3   wait_for_poke"
1129766.4052	0.02949999994598329	states																																	"        state_name
id                
1   nose_in_center"
1129766.4346999999	2.0	states																																	"          state_name
id                  
2   punish_violation"
1129768.6541	2.1629000001121312	trials	1.0	2.0	40.0	1.0876711	0.0	0.15	True	5855.0	False	False	26676.0	False	High	True	True	0.025	0.0	0.6370441624342316	1.5	9.0													
1129768.6541	2.1629000001121312	processed_trials			40.0	1.0876711					False				High					0.6370441624342316		9.0	40.0	40.0	True	False	False	0.6369999999999998	0.6369999999999998	20.373136501193883	0.1279	-0.24334124977433716	Left	0.1279	
1129768.6541	0.12789999996311963	states																																	"       state_name
id               
3   wait_for_poke"
1129768.782	1.0877000000327826	states																																	"        state_name
id                
1   nose_in_center"
1129769.8697	0.0020000000949949026	states																																	"   state_name
id           
5      go_cue"
1129769.8717	0.6369999998714775	states																																	"            state_name
id                    
6   wait_for_side_poke"
1129770.5087	0.03139999997802079	states																																	"         state_name
id                 
4   announce_reward"
1129770.5400999999	0.2768000001087785	states																																	"   state_name
id           
8      reward"
1129770.8169	0.00010000006295740604	states																																	"    state_name
id            
7   stop_sound"
1129771.035	4.813300000037998	trials	1.0	2.0	40.0	0.9281430518006757	0.0	0.15	True	5895.0	False	False	26677.0	False	High	True	False	0.025	0.0	0.63704416	1.5	9.0													
1129771.035	4.813300000037998	processed_trials			40.0	0.9281430518006757					False				High					0.63704416		9.0	40.0	40.0	True	False	False	0.637	0.637	20.373136501193883	2.7896	-0.1633434503584354	Right	0.38870000000000005	
1129771.035	2.789600000018254	states																																	"       state_name
id               
3   wait_for_poke"
1129773.8246	0.9280999999027699	states																																	"        state_name
id                
1   nose_in_center"
1129774.7526999998	0.0020000000949949026	states																																	"   state_name
id           
5      go_cue"
1129774.7547	0.6369999998714775	states																																	"            state_name
id                    
6   wait_for_side_poke"
1129775.3916999998	0.16240000003017485	states																																	"         state_name
id                 
4   announce_reward"
1129775.5540999998	0.29410000005736947	states																																	"   state_name
id           
8      reward"
1129775.8482	0.00010000006295740604	states																																	"    state_name
id            
7   stop_sound"
1129776.0664	3.745200000004843	trials	1.0	2.0	20.0	0.8097537451763777	0.0	0.15	True	5935.0	False	False	26678.0	True	Mixed	True	False	0.025	0.0	3.796741302000039	1.5	9.0													
1129776.0664	3.745200000004843	processed_trials			20.0	0.8097537451763777					False				Mixed					3.796741302000039		9.0	40.0	40.0	False	True	False			20.373136501193883	1.729	-0.19521994510258592	Left	1.729	
1129776.0664	1.7290000000502914	states																																	"       state_name
id               
3   wait_for_poke"
1129777.7954	0.01619999995455146	states																																	"        state_name
id                
1   nose_in_center"
1129777.8116	2.0	states																																	"          state_name
id                  
2   punish_violation"
1129780.0232	4.017200000118464	trials	1.0	2.0	20.0	0.80975375	0.0	0.15	True	5935.0	False	False	26679.0	True	Mixed	True	True	0.025	0.0	0.9618831689654044	1.5	9.0													
1129780.0232	4.017200000118464	processed_trials			20.0	0.80975375					False				Mixed					0.9618831689654044		9.0	40.0	40.0	True	False	False	0.9619000000000004	0.9619000000000004	20.373136501193883	1.8764	-0.19078981562371755	Left	1.8764	
1129780.0232	1.876399999950081	states																																	"       state_name
id               
3   wait_for_poke"
1129781.8996	0.8098000001627952	states																																	"        state_name
id                
1   nose_in_center"
1129782.7094	0.001999999862164259	states																																	"   state_name
id           
5      go_cue"
1129782.7114	0.9618999999947846	states																																	"            state_name
id                    
6   wait_for_side_poke"
1129783.6733	0.21809999994002283	states																																	"         state_name
id                 
4   announce_reward"
1129783.8913999998	0.14890000014565885	states																																	"   state_name
id           
8      reward"
1129784.0403	9.999983012676239e-05	states																																	"    state_name
id            
7   stop_sound"
1129784.2596	4.101000000024214	trials	1.0	2.0	5.0	1.096244779449513	0.0	0.15	True	5955.0	False	False	26680.0	False	Mixed	True	False	0.025	0.0	0.6937983382439274	1.5	9.0													
1129784.2596	4.101000000024214	processed_trials			5.0	1.096244779449513					False				Mixed					0.6937983382439274		9.0	40.0	40.0	False	True	False			20.373136501193883	1.6607	-0.1972727120185066	Right	0.7666000000000001	
1129784.2596	1.6606999998912215	states																																	"       state_name
id               
3   wait_for_poke"
1129785.9202999999	0.44030000013299286	states																																	"        state_name
id                
1   nose_in_center"
1129786.3606	2.0	states																																	"          state_name
id                  
2   punish_violation"
1129788.5811	110.35289999982342	trials	1.0	2.0	5.0	0.9753738905561642	0.0	0.15	True	5955.0	False	False	26681.0	False	Mixed	True	True	0.025	0.0	13.004034550936922	1.5	9.0													
1129788.5811	110.35289999982342	processed_trials			5.0	0.9753738905561642					False				Mixed					13.004034550936922		9.0	40.0	40.0	False	True	False			20.373136501193883	107.9874	2.9983924715689603	Right	107.9874	
1129788.5811	107.98739999998361	states																																	"       state_name
id               
3   wait_for_poke"
1129896.5685	0.36550000007264316	states																																	"        state_name
id                
1   nose_in_center"
1129896.9340000001	2.0	states																																	"          state_name
id                  
2   punish_violation"
1129899.1538	8.07300000009127	trials	1.0	2.0	5.0	0.9189057078433378	0.0	0.15	True	5955.0	False	False	26682.0	False	Mixed	True	True	0.025	0.0	1.957306952711906	1.5	9.0													
1129899.1538	8.07300000009127	processed_trials			5.0	0.9189057078433378					False				Mixed					1.957306952711906		9.0	40.0	40.0	False	True	False			20.373136501193883	5.964600000000001	-0.06791834116300084	Right	5.964600000000001	
1129899.1538	5.96460000006482	states																																	"       state_name
id               
3   wait_for_poke"
1129905.1184	0.10840000002644956	states																																	"        state_name
id                
1   nose_in_center"
1129905.2268	2.0	states																																	"          state_name
id                  
2   punish_violation"
1129907.45	123.25069999997504	trials	1.0	2.0	5.0	0.9742632029293059	0.0	0.15	True	5955.0	False	False	26683.0	False	Mixed	True	True	0.025	0.0	4.785423204972071	1.5	9.0													
1129907.45	123.25069999997504	processed_trials			5.0	0.9742632029293059					False				Mixed					4.785423204972071		9.0	40.0	40.0	True	False	False	4.785399999999996	4.785399999999996	20.373136501193883	116.8437	3.264569918676843	Left	116.8437	
1129907.45	116.84370000008494	states																																	"       state_name
id               
3   wait_for_poke"
1130024.2937	0.9742999998852611	states																																	"        state_name
id                
1   nose_in_center"
1130025.268	0.0020000000949949026	states																																	"   state_name
id           
5      go_cue"
1130025.27	4.78539999993518	states																																	"            state_name
id                    
6   wait_for_side_poke"
1130030.0554	0.5912999999709427	states																																	"         state_name
id                 
4   announce_reward"
1130030.6467	0.053899999940767884	states																																	"   state_name
id           
8      reward"
1130030.7005999999	0.00010000006295740604	states																																	"    state_name
id            
7   stop_sound"
1130030.9222	3.5824000001884997	trials	1.0	2.0	10.0	0.9473877745044267	0.0	0.15	True	5960.0	False	False	26684.0	False	Mixed	True	False	0.025	0.0	1.8680789409427312	1.5	9.0													
1130030.9222	3.5824000001884997	processed_trials			10.0	0.9473877745044267					False				Mixed					1.8680789409427312		9.0	40.0	40.0	False	True	False			20.373136501193883	0.7845	-0.2236070366411963	Left	0.6434	
1130030.9222	0.7845000000670552	states																																	"       state_name
id               
3   wait_for_poke"
1130031.7067	0.7978999998886138	states																																	"        state_name
id                
1   nose_in_center"
1130032.5045999999	2.0	states																																	"          state_name
id                  
2   punish_violation"
1130034.7316	31.61629999987781	trials	1.0	2.0	10.0	0.8695018955242649	0.0	0.15	True	5960.0	False	False	26685.0	False	Mixed	True	True	0.025	0.0	0.7524655828788467	1.5	9.0													
1130034.7316	31.61629999987781	processed_trials			10.0	0.8695018955242649					False				Mixed					0.7524655828788467		9.0	40.0	40.0	False	True	False			20.373136501193883	29.601	0.6424772654470681	Left	29.601	
1130034.7316	29.601000000024214	states																																	"       state_name
id               
3   wait_for_poke"
1130064.3326	0.015300000086426735	states																																	"        state_name
id                
1   nose_in_center"
1130064.3479000002	2.0	states																																	"          state_name
id                  
2   punish_violation"
1130066.5716	123.22409999999218	trials	1.0	2.0	10.0	0.8956445387229014	0.0	0.15	True	5960.0	False	False	26686.0	False	Mixed	True	True	0.025	0.0	0.9480177386554989	1.5	9.0													
1130066.5716	123.22409999999218	processed_trials			10.0	0.8956445387229014					False				Mixed					0.9480177386554989		9.0	40.0	40.0	True	False	False	0.9480000000000075	0.9480000000000075	20.373136501193883	121.1303	3.393404335394056	Right	121.1303	
1130066.5716	121.13030000007711	states																																	"       state_name
id               
3   wait_for_poke"
1130187.7019	0.8955999999307096	states																																	"        state_name
id                
1   nose_in_center"
1130188.5975	0.0020000000949949026	states																																	"   state_name
id           
5      go_cue"
1130188.5995	0.947999999858439	states																																	"            state_name
id                    
6   wait_for_side_poke"
1130189.5474999999	0.1563999999780208	states																																	"         state_name
id                 
4   announce_reward"
1130189.7038999998	0.09169999998994172	states																																	"   state_name
id           
8      reward"
1130189.7955999998	0.00010000006295740604	states																																	"    state_name
id            
7   stop_sound"
1130190.0201	7.109999999869615	trials	1.0	2.0	80.0	0.8980295446311352	0.0	0.15	True	5970.0	False	False	26687.0	False	Mixed	True	False	0.025	0.0	3.5105240041209953	1.5	9.0													
1130190.0201	7.109999999869615	processed_trials			80.0	0.8980295446311352					False				Mixed					3.5105240041209953		9.0	40.0	40.0	True	False	False	3.5105000000000004	3.5105000000000004	20.373136501193883	2.102	-0.18400937321915375	Left	0.7560999999999998	
1130190.0201	2.1019999999552965	states																																	"       state_name
id               
3   wait_for_poke"
1130192.1221	0.8980000000447035	states																																	"        state_name
id                
1   nose_in_center"
1130193.0201	0.0020000000949949026	states																																	"   state_name
id           
5      go_cue"
1130193.0221000002	3.510499999858439	states																																	"            state_name
id                    
6   wait_for_side_poke"
1130196.5326	0.05989999999292195	states																																	"         state_name
id                 
4   announce_reward"
1130196.5925	0.5375000000931323	states																																	"   state_name
id           
8      reward"
1130197.1300000001	0.00010000006295740604	states																																	"    state_name
id            
7   stop_sound"
1130197.3576	7.222400000086054	trials	1.0	2.0	10.0	1.047446284378238	0.0	0.15	True	6050.0	False	False	26688.0	False	Mixed	True	False	0.025	0.0	0.8020086513821255	1.5	9.0													
1130197.3576	7.222400000086054	processed_trials			10.0	1.047446284378238					False				Mixed					0.8020086513821255		9.0	40.0	40.0	False	True	False			20.373136501193883	4.8819	-0.10045905477745662	Left	0.4220000000000006	
1130197.3576	4.881899999920279	states																																	"       state_name
id               
3   wait_for_poke"
1130202.2395	0.340400000102818	states																																	"        state_name
id                
1   nose_in_center"
1130202.5799	2.0	states																																	"          state_name
id                  
2   punish_violation"
1130204.8062	8.66580000007525	trials	1.0	2.0	10.0	1.0011249791945704	0.0	0.15	True	6050.0	False	False	26689.0	False	Mixed	True	True	0.025	0.0	7.615157371772449	1.5	9.0													
1130204.8062	8.66580000007525	processed_trials			10.0	1.0011249791945704					False				Mixed					7.615157371772449		9.0	40.0	40.0	False	False	True	6.9642	6.9642	20.373136501193883	0.49839999999999995	-0.23220581577216126	Left	0.49839999999999995	
1130204.8062	0.4983999999240041	states																																	"       state_name
id               
3   wait_for_poke"
1130205.3046	1.0010999999940395	states																																	"        state_name
id                
1   nose_in_center"
1130206.3057	0.0020000000949949026	states																																	"   state_name
id           
5      go_cue"
1130206.3077	6.964200000045821	states																																	"            state_name
id                    
6   wait_for_side_poke"
1130213.2719	0.19999999995343387	states																																	"   state_name
id           
0     opt_out"
1130213.4719	0.00010000006295740604	states																																	"    state_name
id            
7   stop_sound"
1130213.7	4.614500000141561	trials	1.0	2.0	40.0	1.0647749479893294	0.0	0.15	True	6050.0	False	False	26690.0	False	Mixed	True	False	0.025	0.0	2.5975551531644765	1.5	9.0													
1130213.7	4.614500000141561	processed_trials			40.0	1.0647749479893294					False				Mixed					2.5975551531644765		9.0	40.0	40.0	True	False	False	2.5976	2.5976	20.373136501193883	0.6098	-0.22885767178338287	Right	0.6098	
1130213.7	0.6097999999765307	states																																	"       state_name
id               
3   wait_for_poke"
1130214.3098	1.0648000000510365	states																																	"        state_name
id                
1   nose_in_center"
1130215.3746	0.001999999862164259	states																																	"   state_name
id           
5      go_cue"
1130215.3765999998	2.597600000211969	states																																	"            state_name
id                    
6   wait_for_side_poke"
1130217.9742	0.04609999991953373	states																																	"         state_name
id                 
4   announce_reward"
1130218.0203	0.29410000005736947	states																																	"   state_name
id           
8      reward"
1130218.3144	9.999983012676239e-05	states																																	"    state_name
id            
7   stop_sound"
1130218.5421	4.803499999921769	trials	1.0	2.0	5.0	1.0647749	0.0	0.15	True	6090.0	False	False	26691.0	False	Mixed	True	False	0.025	0.0	2.7851414779942765	1.5	9.0													
1130218.5421	4.803499999921769	processed_trials			5.0	1.0647749					False				Mixed					2.7851414779942765		9.0	40.0	40.0	False	True	False			20.373136501193883	2.7601999999999998	-0.1642270718420089	Right	1.2571999999999999	
1130218.5421	2.7601999999023974	states																																	"       state_name
id               
3   wait_for_poke"
1130221.3022999999	0.04330000001937151	states																																	"        state_name
id                
1   nose_in_center"
1130221.3456	2.0	states																																	"          state_name
id                  
2   punish_violation"
1130223.5723	2.8630999999586493	trials	1.0	2.0	5.0	1.1113047889556644	0.0	0.15	True	6090.0	False	False	26692.0	False	Mixed	True	True	0.025	0.0	5.183751791653397	1.5	9.0													
1130223.5723	2.8630999999586493	processed_trials			5.0	1.1113047889556644					False				Mixed					5.183751791653397		9.0	40.0	40.0	False	True	False			20.373136501193883	0.5808	-0.22972927120595535	Right	0.5808	
1130223.5723	0.5808000001125038	states																																	"       state_name
id               
3   wait_for_poke"
1130224.1531000002	0.2822999998461455	states																																	"        state_name
id                
1   nose_in_center"
1130224.4354	2.0	states																																	"          state_name
id                  
2   punish_violation"
1130226.6664	17.604899999918416	trials	1.0	2.0	5.0	1.014296738076003	0.0	0.15	True	6090.0	False	False	26693.0	False	Mixed	True	True	0.025	0.0	4.217042263712109	1.5	9.0													
1130226.6664	17.604899999918416	processed_trials			5.0	1.014296738076003					False				Mixed					4.217042263712109		9.0	40.0	40.0	True	False	False	4.216999999999999	4.216999999999999	20.373136501193883	12.299299999999999	0.12247203339457992	Right	12.299299999999999	
1130226.6664	12.299300000071526	states																																	"       state_name
id               
3   wait_for_poke"
1130238.9657	1.014299999922514	states																																	"        state_name
id                
1   nose_in_center"
1130239.98	0.0020000000949949026	states																																	"   state_name
id           
5      go_cue"
1130239.982	4.216999999945983	states																																	"            state_name
id                    
6   wait_for_side_poke"
1130244.199	0.013700000010430813	states																																	"         state_name
id                 
4   announce_reward"
1130244.2127	0.05839999997988343	states																																	"   state_name
id           
8      reward"
1130244.2711	0.00010000006295740604	states																																	"    state_name
id            
7   stop_sound"
1130244.5007	3.686900000087917	trials	1.0	2.0	10.0	1.0142967	0.0	0.15	True	6095.0	False	False	26694.0	False	Mixed	True	False	0.025	0.0	2.081883645967329	1.5	9.0													
1130244.5007	3.686900000087917	processed_trials			10.0	1.0142967					False				Mixed					2.081883645967329		9.0	40.0	40.0	False	True	False			20.373136501193883	1.6702000000000001	-0.19698718806973284	Left	1.3556000000000001	
1130244.5007	1.670200000051409	states																																	"       state_name
id               
3   wait_for_poke"
1130246.1709	0.016700000036507845	states																																	"        state_name
id                
1   nose_in_center"
1130246.1876	2.0	states																																	"          state_name
id                  
2   punish_violation"
1130248.4157	5.042399999918416	trials	1.0	2.0	10.0	1.169902129656913	0.0	0.15	True	6095.0	True	False	26695.0	False	Mixed	True	True	0.025	0.0	100.0	1.5	9.0													
1130248.4157	5.042399999918416	processed_trials			10.0	1.169902129656913					True				Mixed					100.0		9.0	40.0	40.0	False	True	False			20.373136501193883	1.88	-0.19068161707470857	Left	1.88	
1130248.4157	1.8799999998882413	states																																	"       state_name
id               
3   wait_for_poke"
1130250.2957	1.1624000000301749	states																																	"        state_name
id                
1   nose_in_center"
1130251.4581	2.0	states																																	"          state_name
id                  
2   punish_violation"
1130253.6886	3.4122999999672174	trials	1.0	2.0	10.0	0.9660505083904433	0.0	0.15	True	6095.0	False	False	26696.0	False	Mixed	True	True	0.025	0.0	0.1266470318801575	1.5	9.0													
1130253.6886	3.4122999999672174	processed_trials			10.0	0.9660505083904433					False				Mixed					0.1266470318801575		9.0	40.0	40.0	True	False	False	0.12660000000000027	0.12660000000000027	20.373136501193883	1.8320999999999998	-0.19212125887957826	Left	1.8320999999999998	
1130253.6886	1.8320999999996275	states																																	"       state_name
id               
3   wait_for_poke"
1130255.5207	0.9661000000778586	states																																	"        state_name
id                
1   nose_in_center"
1130256.4868	0.001999999862164259	states																																	"   state_name
id           
5      go_cue"
1130256.4888	0.12660000007599592	states																																	"            state_name
id                    
6   wait_for_side_poke"
1130256.6154	0.39999999990686774	states																																	"         state_name
id                 
4   announce_reward"
1130257.0154	0.08539999998174608	states																																	"   state_name
id           
8      reward"
1130257.1008	0.00010000006295740604	states																																	"    state_name
id            
7   stop_sound"
1130257.336	3.543400000082329	trials	1.0	2.0	20.0	1.0416860598332724	0.0	0.15	True	6105.0	False	False	26697.0	False	Mixed	True	False	0.025	0.0	4.358540407846044	1.5	9.0													
1130257.336	3.543400000082329	processed_trials			20.0	1.0416860598332724					False				Mixed					4.358540407846044		9.0	40.0	40.0	False	True	False			20.373136501193883	1.2185	-0.2105631004551117	Left	0.5059999999999999	
1130257.336	1.2184999999590218	states																																	"       state_name
id               
3   wait_for_poke"
1130258.5544999999	0.3249000001233071	states																																	"        state_name
id                
1   nose_in_center"
1130258.8794	2.0	states																																	"          state_name
id                  
2   punish_violation"
1130261.112	4.851500000106171	trials	1.0	2.0	20.0	1.0468605796857529	0.0	0.15	True	6105.0	False	False	26698.0	False	Mixed	True	True	0.025	0.0	1.32097025467541	1.5	9.0													
1130261.112	4.851500000106171	processed_trials			20.0	1.0468605796857529					False				Mixed					1.32097025467541		9.0	40.0	40.0	True	False	False	1.3210000000000002	1.3210000000000002	20.373136501193883	2.2904	-0.17834698248768294	Right	2.2904	
1130261.112	2.290400000056252	states																																	"       state_name
id               
3   wait_for_poke"
1130263.4024	1.0468999999575317	states																																	"        state_name
id                
1   nose_in_center"
1130264.4493	0.0020000000949949026	states																																	"   state_name
id           
5      go_cue"
1130264.4513	1.3209999999962747	states																																	"            state_name
id                    
6   wait_for_side_poke"
1130265.7723	0.03249999997206032	states																																	"         state_name
id                 
4   announce_reward"
1130265.8048	0.15859999996609986	states																																	"   state_name
id           
8      reward"
1130265.9634	0.00010000006295740604	states																																	"    state_name
id            
7   stop_sound"
1130266.197	4.110300000058487	trials	1.0	2.0	5.0	0.9546517514737491	0.0	0.15	True	6125.0	False	False	26699.0	False	Mixed	True	False	0.025	0.0	2.357300181640608	1.5	9.0													
1130266.197	4.110300000058487	processed_trials			5.0	0.9546517514737491					False				Mixed					2.357300181640608		9.0	40.0	40.0	False	True	False			20.373136501193883	2.0	-0.18707499877440867	Left	0.7364000000000002	
1130266.197	2.0	states																																	"       state_name
id               
3   wait_for_poke"
1130268.197	0.11030000005848706	states																																	"        state_name
id                
1   nose_in_center"
1130268.3073	2.0	states																																	"          state_name
id                  
2   punish_violation"
1130270.5427	29.186299999943003	trials	1.0	2.0	5.0	1.1571966161845704	0.0	0.15	True	6125.0	False	False	26700.0	False	Mixed	True	True	0.025	0.0	0.059566091625230876	1.5	9.0													
1130270.5427	29.186299999943003	processed_trials			5.0	1.1571966161845704					False				Mixed					0.059566091625230876		9.0	40.0	40.0	True	False	False	0.059600000000003206	0.059600000000003206	20.373136501193883	26.702599999999997	0.5553654114338247	Right	26.702599999999997	
1130270.5427	26.702599999960512	states																																	"       state_name
id               
3   wait_for_poke"
1130297.2453	1.1572000000160187	states																																	"        state_name
id                
1   nose_in_center"
1130298.4025	0.0020000000949949026	states																																	"   state_name
id           
5      go_cue"
1130298.4045000002	0.059600000036880374	states																																	"            state_name
id                    
6   wait_for_side_poke"
1130298.4641000002	1.2063999997917563	states																																	"         state_name
id                 
4   announce_reward"
1130299.6705	0.058400000212714076	states																																	"   state_name
id           
8      reward"
1130299.7289000002	9.999983012676239e-05	states																																	"    state_name
id            
7   stop_sound"
1130299.9662	3.570300000021234	trials	1.0	2.0	80.0	0.8180133326731355	0.0	0.15	True	6130.0	False	False	26701.0	False	Mixed	True	False	0.025	0.0	0.7216394147949624	1.5	9.0													
1130299.9662	3.570300000021234	processed_trials			80.0	0.8180133326731355					False				Mixed					0.7216394147949624		9.0	40.0	40.0	False	True	False			20.373136501193883	1.5484	-0.20064790564453724	Right	0.7973	
1130299.9662	1.5483999999705702	states																																	"       state_name
id               
3   wait_for_poke"
1130301.5145999999	0.021900000050663948	states																																	"        state_name
id                
1   nose_in_center"
1130301.5365	2.0	states																																	"          state_name
id                  
2   punish_violation"
1130303.7722	2.2535000001080334	trials	1.0	2.0	80.0	0.8870959976467961	0.0	0.15	True	6130.0	False	False	26702.0	False	Mixed	True	True	0.025	0.0	0.41652592426917323	1.5	9.0													
1130303.7722	2.2535000001080334	processed_trials			80.0	0.8870959976467961					False				Mixed					0.41652592426917323		9.0	40.0	40.0	True	False	False	0.4165000000000001	0.4165000000000001	20.373136501193883	0.1716	-0.24202783960997798	Right	0.1716	
1130303.7722	0.17160000000149012	states																																	"       state_name
id               
3   wait_for_poke"
1130303.9438	0.8870999999344349	states																																	"        state_name
id                
1   nose_in_center"
1130304.8309	0.0020000000949949026	states																																	"   state_name
id           
5      go_cue"
1130304.8329	0.4165000000502914	states																																	"            state_name
id                    
6   wait_for_side_poke"
1130305.2494	0.204799999948591	states																																	"         state_name
id                 
4   announce_reward"
1130305.4542	0.5714000000152737	states																																	"   state_name
id           
8      reward"
1130306.0256	0.00010000006295740604	states																																	"    state_name
id            
7   stop_sound"
1130306.2627	5.7201999998651445	trials	1.0	2.0	5.0	0.9150325326389174	0.0	0.15	True	6210.0	False	False	26703.0	False	Mixed	True	False	0.025	0.0	2.7771748618621506	1.5	9.0													
1130306.2627	5.7201999998651445	processed_trials			5.0	0.9150325326389174					False				Mixed					2.7771748618621506		9.0	40.0	40.0	False	True	False			20.373136501193883	3.6705	-0.13686786651898397	Right	1.6822000000000001	
1130306.2627	3.6705000000074506	states																																	"       state_name
id               
3   wait_for_poke"
1130309.9332	0.049700000090524554	states																																	"        state_name
id                
1   nose_in_center"
1130309.9829000002	2.0	states																																	"          state_name
id                  
2   punish_violation"
1130312.2217	2.6401999997906387	trials	1.0	2.0	5.0	1.1423803251612281	0.0	0.15	True	6210.0	False	False	26704.0	False	Mixed	True	True	0.025	0.0	4.396380355561682	1.5	9.0													
1130312.2217	2.6401999997906387	processed_trials			5.0	1.1423803251612281					False				Mixed					4.396380355561682		9.0	40.0	40.0	False	True	False			20.373136501193883	0.4385	-0.23400611940706095	Right	0.4385	
1130312.2217	0.43849999993108213	states																																	"       state_name
id               
3   wait_for_poke"
1130312.6602	0.2017000000923872	states																																	"        state_name
id                
1   nose_in_center"
1130312.8619000001	2.0	states																																	"          state_name
id                  
2   punish_violation"
1130315.1001	13.780800000065938	trials	1.0	2.0	5.0	1.1405277547605788	0.0	0.15	True	6210.0	True	False	26705.0	False	Mixed	True	True	0.025	0.0	100.0	1.5	9.0													
1130315.1001	13.780800000065938	processed_trials			5.0	1.1405277547605788					True				Mixed					100.0		9.0	40.0	40.0	False	False	True	8.131	8.131	20.373136501193883	4.3072	-0.11773175092064282	Left	4.3072	
1130315.1001	4.3071999999228865	states																																	"       state_name
id               
3   wait_for_poke"
1130319.4072999998	1.140499999979511	states																																	"        state_name
id                
1   nose_in_center"
1130320.5477999998	0.0020000000949949026	states																																	"   state_name
id           
5      go_cue"
1130320.5498	8.131000000052154	states																																	"            state_name
id                    
6   wait_for_side_poke"
1130328.6808	0.19999999995343387	states																																	"   state_name
id           
0     opt_out"
1130328.8808	0.00010000006295740604	states																																	"    state_name
id            
7   stop_sound"
1130329.116	2.8634000001475215	trials	1.0	2.0	10.0	1.1405278	0.0	0.15	True	6210.0	False	False	26706.0	False	Mixed	True	False	0.025	0.0	2.0676114504275462	1.5	9.0													
1130329.116	2.8634000001475215	processed_trials			10.0	1.1405278					False				Mixed					2.0676114504275462		9.0	40.0	40.0	False	True	False			20.373136501193883	0.7573	-0.22442453678926427	Right	0.7573	
1130329.116	0.7572999999392778	states																																	"       state_name
id               
3   wait_for_poke"
1130329.8732999999	0.10609999997541308	states																																	"        state_name
id                
1   nose_in_center"
1130329.9793999998	2.0	states																																	"          state_name
id                  
2   punish_violation"
1130332.2155	2.0997999999672174	trials	1.0	2.0	10.0	0.9712793413773261	0.0	0.15	True	6210.0	False	False	26707.0	False	Mixed	True	True	0.025	0.0	10.053076802484203	1.5	9.0													
1130332.2155	2.0997999999672174	processed_trials			10.0	0.9712793413773261					False				Mixed					10.053076802484203		9.0	40.0	40.0	False	True	False			20.373136501193883	0.0362	-0.24609730725881637	Right	0.0362	
1130332.2155	0.03619999997317791	states																																	"       state_name
id               
3   wait_for_poke"
1130332.2517	0.06359999999403954	states																																	"        state_name
id                
1   nose_in_center"
1130332.3153	2.0	states																																	"          state_name
id                  
2   punish_violation"
1130334.5741	2.352299999911338	trials	1.0	2.0	10.0	0.8763750344810903	0.0	0.15	True	6210.0	False	False	26708.0	False	Mixed	True	True	0.025	0.0	5.397849493058118	1.5	9.0													
1130334.5741	2.352299999911338	processed_trials			10.0	0.8763750344810903					False				Mixed					5.397849493058118		9.0	40.0	40.0	False	True	False			20.373136501193883	0.0518	-0.24562844687977733	Left	0.0518	
1130334.5741	0.05180000001564622	states																																	"       state_name
id               
3   wait_for_poke"
1130334.6259	0.30049999989569187	states																																	"        state_name
id                
1   nose_in_center"
1130334.9264	2.0	states																																	"          state_name
id                  
2   punish_violation"
1130337.1635	8.594599999953061	trials	1.0	2.0	10.0	1.145027508316973	0.0	0.15	True	6210.0	False	False	26709.0	False	Mixed	True	True	0.025	0.0	6.223204663953272	1.5	9.0													
1130337.1635	8.594599999953061	processed_trials			10.0	1.145027508316973					False				Mixed					6.223204663953272		9.0	40.0	40.0	True	False	False	6.2232	6.2232	20.373136501193883	0.2289	-0.24030567937158476	Right	0.2289	
1130337.1635	0.228899999987334	states																																	"       state_name
id               
3   wait_for_poke"
1130337.3924	1.1450000000186265	states																																	"        state_name
id                
1   nose_in_center"
1130338.5374	0.0020000000949949026	states																																	"   state_name
id           
5      go_cue"
1130338.5394000001	6.2231999998912215	states																																	"            state_name
id                    
6   wait_for_side_poke"
1130344.7626	0.9036999999079853	states																																	"         state_name
id                 
4   announce_reward"
1130345.6663	0.09169999998994172	states																																	"   state_name
id           
8      reward"
1130345.758	0.00010000006295740604	states																																	"    state_name
id            
7   stop_sound"
1130345.9991	3.19330000015907	trials	1.0	2.0	80.0	0.9649747067155027	0.0	0.15	True	6220.0	False	False	26710.0	False	Mixed	True	False	0.025	0.0	1.9203927163964218	1.5	9.0													
1130345.9991	3.19330000015907	processed_trials			80.0	0.9649747067155027					False				Mixed					1.9203927163964218		9.0	40.0	40.0	False	True	False			20.373136501193883	1.1789	-0.21175328449421063	Left	0.6776000000000001	
1130345.9991	1.1788999999407679	states																																	"       state_name
id               
3   wait_for_poke"
1130347.1779999998	0.014399999985471368	states																																	"        state_name
id                
1   nose_in_center"
1130347.1923999998	2.0	states																																	"          state_name
id                  
2   punish_violation"
1130349.4356	6.521100000012666	trials	1.0	2.0	80.0	1.1477247184600614	0.0	0.15	True	6220.0	False	False	26711.0	False	Mixed	True	True	0.025	0.0	4.630728322256967	1.5	9.0													
1130349.4356	6.521100000012666	processed_trials			80.0	1.1477247184600614					False				Mixed					4.630728322256967		9.0	40.0	40.0	True	False	False	4.6307	4.6307	20.373136501193883	0.037700000000000004	-0.24605222453006262	Right	0.037700000000000004	
1130349.4356	0.037699999986216426	states																																	"       state_name
id               
3   wait_for_poke"
1130349.4733	1.147700000088662	states																																	"        state_name
id                
1   nose_in_center"
1130350.621	0.001999999862164259	states																																	"   state_name
id           
5      go_cue"
1130350.623	4.6307000000961125	states																																	"            state_name
id                    
6   wait_for_side_poke"
1130355.2537	0.1314999999012798	states																																	"         state_name
id                 
4   announce_reward"
1130355.3852	0.5714000000152737	states																																	"   state_name
id           
8      reward"
1130355.9566	0.00010000006295740604	states																																	"    state_name
id            
7   stop_sound"
1130356.1999	5.641600000206381	trials	1.0	2.0	20.0	0.8581952784931421	0.0	0.15	True	6300.0	False	False	26712.0	False	Mixed	True	False	0.025	0.0	3.865299135245308	1.5	9.0													
1130356.1999	5.641600000206381	processed_trials			20.0	0.8581952784931421					False				Mixed					3.865299135245308		9.0	40.0	40.0	False	True	False			20.373136501193883	3.6203000000000003	-0.13837663517460944	Right	1.2393000000000005	
1130356.1999	3.6203000000678003	states																																	"       state_name
id               
3   wait_for_poke"
1130359.8202	0.021299999905750155	states																																	"        state_name
id                
1   nose_in_center"
1130359.8414999999	2.0	states																																	"          state_name
id                  
2   punish_violation"
1130362.0828	2.2554999999701977	trials	1.0	2.0	20.0	0.8781947435060924	0.0	0.15	True	6300.0	False	False	26713.0	False	Mixed	True	True	0.025	0.0	3.8652991	1.5	9.0													
1130362.0828	2.2554999999701977	processed_trials			20.0	0.8781947435060924					False				Mixed					3.8652991		9.0	40.0	40.0	False	True	False			20.373136501193883	0.1881	-0.24153192959368672	Left	0.1881	
1130362.0828	0.18809999991208315	states																																	"       state_name
id               
3   wait_for_poke"
1130362.2709	0.06729999999515712	states																																	"        state_name
id                
1   nose_in_center"
1130362.3381999999	2.0	states																																	"          state_name
id                  
2   punish_violation"
1130364.5816	2.985500000184402	trials	1.0	2.0	20.0	1.0267364563854047	0.0	0.15	True	6300.0	False	False	26714.0	False	Mixed	True	True	0.025	0.0	1.4532185335170231	1.5	9.0													
1130364.5816	2.985500000184402	processed_trials			20.0	1.0267364563854047					False				Mixed					1.4532185335170231		9.0	40.0	40.0	True	False	False	1.4532	1.4532	20.373136501193883	0.29760000000000003	-0.23824089039466306	Left	0.29760000000000003	
1130364.5816	0.29759999993257225	states																																	"       state_name
id               
3   wait_for_poke"
1130364.8791999999	1.026700000045821	states																																	"        state_name
id                
1   nose_in_center"
1130365.9059	0.0020000000949949026	states																																	"   state_name
id           
5      go_cue"
1130365.9079	1.453199999872595	states																																	"            state_name
id                    
6   wait_for_side_poke"
1130367.3610999999	0.05700000002980232	states																																	"         state_name
id                 
4   announce_reward"
1130367.4181	0.1488999999128282	states																																	"   state_name
id           
8      reward"
1130367.5669999998	0.00010000006295740604	states																																	"    state_name
id            
7   stop_sound"
1130367.8166	4.883799999952316	trials	1.0	2.0	20.0	1.096109590305742	0.0	0.15	True	6320.0	False	False	26715.0	False	Mixed	True	False	0.025	0.0	1.4532185	1.5	9.0													
1130367.8166	4.883799999952316	processed_trials			20.0	1.096109590305742					False				Mixed					1.4532185		9.0	40.0	40.0	False	True	False			20.373136501193883	2.4825	-0.17257338769195288	Right	0.8039000000000001	
1130367.8166	2.482499999925494	states																																	"       state_name
id               
3   wait_for_poke"
1130370.2991	0.4013000000268221	states																																	"        state_name
id                
1   nose_in_center"
1130370.7004	2.0	states																																	"          state_name
id                  
2   punish_violation"
1130372.943	1.8748999999370426	trials	1.0	2.0	20.0	1.0025626847840763	0.0	0.15	True	6320.0	False	False	26716.0	False	Mixed	True	True	0.025	0.0	0.10839954630958874	1.5	9.0													
1130372.943	1.8748999999370426	processed_trials			20.0	1.0025626847840763					False				Mixed					0.10839954630958874		9.0	40.0	40.0	True	False	False	0.10840000000000005	0.10840000000000005	20.373136501193883	0.1809	-0.24174832669170473	Left	0.1809	
1130372.943	0.1809000000357628	states																																	"       state_name
id               
3   wait_for_poke"
1130373.1239	1.002600000007078	states																																	"        state_name
id                
1   nose_in_center"
1130374.1265	0.001999999862164259	states																																	"   state_name
id           
5      go_cue"
1130374.1284999999	0.10840000002644956	states																																	"            state_name
id                    
6   wait_for_side_poke"
1130374.2369	0.4318999999668449	states																																	"         state_name
id                 
4   announce_reward"
1130374.6687999999	0.14890000014565885	states																																	"   state_name
id           
8      reward"
1130374.8177	0.00010000006295740604	states																																	"    state_name
id            
7   stop_sound"
1130375.068	4.284900000086054	trials	1.0	2.0	10.0	1.1955562643187223	0.0	0.15	True	6340.0	False	False	26717.0	False	Mixed	True	False	0.025	0.0	0.598014135021664	1.5	9.0													
1130375.068	4.284900000086054	processed_trials			10.0	1.1955562643187223					False				Mixed					0.598014135021664		9.0	40.0	40.0	True	False	False	0.5980000000000003	0.5980000000000003	20.373136501193883	2.3079	-0.1778210173188892	Left	0.7743000000000002	
1130375.068	2.307899999897927	states																																	"       state_name
id               
3   wait_for_poke"
1130377.3758999999	1.1956000002101064	states																																	"        state_name
id                
1   nose_in_center"
1130378.5715	0.001999999862164259	states																																	"   state_name
id           
5      go_cue"
1130378.5735	0.5979999999981374	states																																	"            state_name
id                    
6   wait_for_side_poke"
1130379.1715	0.09580000001005828	states																																	"         state_name
id                 
4   announce_reward"
1130379.2673	0.08539999998174608	states																																	"   state_name
id           
8      reward"
1130379.3527	0.00010000006295740604	states																																	"    state_name
id            
7   stop_sound"
1130379.602	3.486500000115484	trials	1.0	2.0	10.0	1.0241596091491418	0.0	0.15	True	6350.0	False	False	26718.0	False	Low	True	False	0.025	0.0	3.3146635974256613	1.5	9.0													
1130379.602	3.486500000115484	processed_trials			10.0	1.0241596091491418					False				Low					3.3146635974256613		9.0	40.0	40.0	False	True	False			20.373136501193883	1.2832999999999999	-0.20861552657294977	Right	0.4573999999999999	
1130379.602	1.2833000000100583	states																																	"       state_name
id               
3   wait_for_poke"
1130380.8853	0.20320000010542572	states																																	"        state_name
id                
1   nose_in_center"
1130381.0885	2.0	states																																	"          state_name
id                  
2   punish_violation"
1130383.3362	5.205400000093505	trials	1.0	2.0	10.0	0.9129559156648408	0.0	0.15	True	6350.0	False	False	26719.0	False	Low	True	True	0.025	0.0	3.3390084315769677	1.5	9.0													
1130383.3362	5.205400000093505	processed_trials			10.0	0.9129559156648408					False				Low					3.3390084315769677		9.0	40.0	40.0	True	False	False	3.339	3.339	20.373136501193883	0.6115	-0.2288065780241286	Left	0.6115	
1130383.3362	0.611500000115484	states																																	"       state_name
id               
3   wait_for_poke"
1130383.9477000001	0.912999999942258	states																																	"        state_name
id                
1   nose_in_center"
1130384.8607	0.001999999862164259	states																																	"   state_name
id           
5      go_cue"
1130384.8627	3.339000000152737	states																																	"            state_name
id                    
6   wait_for_side_poke"
1130388.2017	0.25439999997615814	states																																	"         state_name
id                 
4   announce_reward"
1130388.4561	0.08539999998174608	states																																	"   state_name
id           
8      reward"
1130388.5415	0.00010000006295740604	states																																	"    state_name
id            
7   stop_sound"
1130388.7945	8.653799999970943	trials	1.0	2.0	10.0	1.1308468532822094	0.0	0.15	True	6360.0	True	False	26720.0	False	Low	True	False	0.025	0.0	100.0	1.5	9.0													
1130388.7945	8.653799999970943	processed_trials			10.0	1.1308468532822094					True				Low					100.0		9.0	40.0	40.0	False	False	True	5.896400000000002	5.896400000000002	20.373136501193883	1.4245	-0.20437173903959688	Right	0.8236000000000001	
1130388.7945	1.4244999999646097	states																																	"       state_name
id               
3   wait_for_poke"
1130390.219	1.1307999999262393	states																																	"        state_name
id                
1   nose_in_center"
1130391.3498	0.0020000000949949026	states																																	"   state_name
id           
5      go_cue"
1130391.3518	5.896399999968708	states																																	"            state_name
id                    
6   wait_for_side_poke"
1130397.2482	0.19999999995343387	states																																	"   state_name
id           
0     opt_out"
1130397.4482	0.00010000006295740604	states																																	"    state_name
id            
7   stop_sound"
1130397.6958	2.650499999988824	trials	1.0	2.0	10.0	1.1601421630764737	0.0	0.15	True	6360.0	True	False	26721.0	False	Low	True	False	0.025	0.0	100.0	1.5	9.0													
1130397.6958	2.650499999988824	processed_trials			10.0	1.1601421630764737					True				Low					100.0		9.0	40.0	40.0	False	True	False			20.373136501193883	0.362	-0.23630533857350214	Left	0.362	
1130397.6958	0.36199999996460974	states																																	"       state_name
id               
3   wait_for_poke"
1130398.0578	0.2885000000242144	states																																	"        state_name
id                
1   nose_in_center"
1130398.3463	2.0	states																																	"          state_name
id                  
2   punish_violation"
1130400.5976	2.453800000017509	trials	1.0	2.0	10.0	1.180858354125246	0.0	0.15	True	6360.0	False	False	26722.0	False	Low	True	True	0.025	0.0	1.4076754580873196	1.5	9.0													
1130400.5976	2.453800000017509	processed_trials			10.0	1.180858354125246					False				Low					1.4076754580873196		9.0	40.0	40.0	False	True	False			20.373136501193883	0.149	-0.24270708605653446	Right	0.149	
1130400.5976	0.1489999999757856	states																																	"       state_name
id               
3   wait_for_poke"
1130400.7466	0.30480000004172325	states																																	"        state_name
id                
1   nose_in_center"
1130401.0514	2.0	states																																	"          state_name
id                  
2   punish_violation"
1130403.3026	2.433299999916926	trials	1.0	2.0	10.0	1.1218617527427905	0.0	0.15	True	6360.0	False	False	26723.0	False	Low	True	True	0.025	0.0	0.6608476242118445	1.5	9.0													
1130403.3026	2.433299999916926	processed_trials			10.0	1.1218617527427905					False				Low					0.6608476242118445		9.0	40.0	40.0	True	False	False	0.6607999999999996	0.6607999999999996	20.373136501193883	0.465	-0.23320965786574474	Left	0.465	
1130403.3026	0.46500000008381903	states																																	"       state_name
id               
3   wait_for_poke"
1130403.7676000001	1.1218999999109656	states																																	"        state_name
id                
1   nose_in_center"
1130404.8895	0.0020000000949949026	states																																	"   state_name
id           
5      go_cue"
1130404.8915000001	0.6607999999541789	states																																	"            state_name
id                    
6   wait_for_side_poke"
1130405.5523	0.09810000006109476	states																																	"         state_name
id                 
4   announce_reward"
1130405.6504000002	0.08539999998174608	states																																	"   state_name
id           
8      reward"
1130405.7358000001	9.999983012676239e-05	states																																	"    state_name
id            
7   stop_sound"
1130405.991	4.005899999989197	trials	1.0	2.0	10.0	1.1218618	0.0	0.15	True	6370.0	False	False	26724.0	False	Low	True	False	0.025	0.0	1.6962689201991625	1.5	9.0													
1130405.991	4.005899999989197	processed_trials			10.0	1.1218618					False				Low					1.6962689201991625		9.0	40.0	40.0	False	True	False			20.373136501193883	1.0163	-0.216640252291117	Right	0.5094	
1130405.991	1.0163000000175089	states																																	"       state_name
id               
3   wait_for_poke"
1130407.0073	0.9895999999716878	states																																	"        state_name
id                
1   nose_in_center"
1130407.9969	2.0	states																																	"          state_name
id                  
2   punish_violation"
1130410.2522	4.534400000004098	trials	1.0	2.0	10.0	1.1442116067520767	0.0	0.15	True	6370.0	False	False	26725.0	False	Low	True	True	0.025	0.0	2.532427763191665	1.5	9.0													
1130410.2522	4.534400000004098	processed_trials			10.0	1.1442116067520767					False				Low					2.532427763191665		9.0	40.0	40.0	True	False	False	2.5324	2.5324	20.373136501193883	0.3028	-0.23808460360165007	Left	0.3028	
1130410.2522	0.30279999994672835	states																																	"       state_name
id               
3   wait_for_poke"
1130410.555	1.1441999999806285	states																																	"        state_name
id                
1   nose_in_center"
1130411.6992	0.0020000000949949026	states																																	"   state_name
id           
5      go_cue"
1130411.7012	2.532399999909103	states																																	"            state_name
id                    
6   wait_for_side_poke"
1130414.2336	0.4675000000279397	states																																	"         state_name
id                 
4   announce_reward"
1130414.7011	0.08539999998174608	states																																	"   state_name
id           
8      reward"
1130414.7865	0.00010000006295740604	states																																	"    state_name
id            
7   stop_sound"
1130415.045	3.9713000000920147	trials	1.0	2.0	20.0	0.9956658031682045	0.0	0.15	True	6380.0	True	False	26726.0	False	Low	True	False	0.025	0.0	100.0	1.5	9.0													
1130415.045	3.9713000000920147	processed_trials			20.0	0.9956658031682045					True				Low					100.0		9.0	40.0	40.0	False	True	False			20.373136501193883	1.6215	-0.19845087399660455	Right	0.6892999999999999	
1130415.045	1.6214999998919666	states																																	"       state_name
id               
3   wait_for_poke"
1130416.6664999998	0.3498000002000481	states																																	"        state_name
id                
1   nose_in_center"
1130417.0163	2.0	states																																	"          state_name
id                  
2   punish_violation"
1130419.2698	4.856800000183284	trials	1.0	2.0	20.0	1.069277458473426	0.0	0.15	True	6380.0	False	False	26727.0	False	Low	True	True	0.025	0.0	2.685181883039906	1.5	9.0													
1130419.2698	4.856800000183284	processed_trials			20.0	1.069277458473426					False				Low					2.685181883039906		9.0	40.0	40.0	True	False	False	2.6852	2.6852	20.373136501193883	0.8674	-0.22111546449873912	Left	0.8674	
1130419.2698	0.8674000001046807	states																																	"       state_name
id               
3   wait_for_poke"
1130420.1372	1.0692999998573214	states																																	"        state_name
id                
1   nose_in_center"
1130421.2064999999	0.0020000000949949026	states																																	"   state_name
id           
5      go_cue"
1130421.2085	2.6851999999489635	states																																	"            state_name
id                    
6   wait_for_side_poke"
1130423.8937	0.08389999996870756	states																																	"         state_name
id                 
4   announce_reward"
1130423.9775999999	0.1488999999128282	states																																	"   state_name
id           
8      reward"
1130424.1264999998	0.00010000006295740604	states																																	"    state_name
id            
7   stop_sound"
1130424.3851	6.195499999914318	trials	1.0	2.0	20.0	1.0692775	0.0	0.15	True	6400.0	False	False	26728.0	False	Low	True	False	0.025	0.0	4.085343491203555	1.5	9.0													
1130424.3851	6.195499999914318	processed_trials			20.0	1.0692775					False				Low					4.085343491203555		9.0	40.0	40.0	False	True	False			20.373136501193883	3.8508	-0.13144892252278342	Right	1.4118999999999997	
1130424.3851	3.8507999998982996	states																																	"       state_name
id               
3   wait_for_poke"
1130428.2359	0.34470000001601875	states																																	"        state_name
id                
1   nose_in_center"
1130428.5806	2.0	states																																	"          state_name
id                  
2   punish_violation"
1130430.8367	8.910999999847263	trials	1.0	2.0	20.0	1.087889177809752	0.0	0.15	True	6400.0	True	False	26729.0	False	Low	True	True	0.025	0.0	100.0	1.5	9.0													
1130430.8367	8.910999999847263	processed_trials			20.0	1.087889177809752					True				Low					100.0		9.0	40.0	40.0	False	False	True	6.302399999999999	6.302399999999999	20.373136501193883	1.3186	-0.20755457968961152	Right	1.3186	
1130430.8367	1.3186000001151115	states																																	"       state_name
id               
3   wait_for_poke"
1130432.1553000002	1.0878999999258667	states																																	"        state_name
id                
1   nose_in_center"
1130433.2432000001	0.001999999862164259	states																																	"   state_name
id           
5      go_cue"
1130433.2452	6.30240000016056	states																																	"            state_name
id                    
6   wait_for_side_poke"
1130439.5476000002	0.19999999995343387	states																																	"   state_name
id           
0     opt_out"
1130439.7476000001	0.00010000006295740604	states																																	"    state_name
id            
7   stop_sound"
1130440.0089	2.8186999999452382	trials	1.0	2.0	20.0	1.138517307055682	0.0	0.15	True	6400.0	False	False	26730.0	False	Low	True	False	0.025	0.0	0.977228185282276	1.5	9.0													
1130440.0089	2.8186999999452382	processed_trials			20.0	1.138517307055682					False				Low					0.977228185282276		9.0	40.0	40.0	False	True	False			20.373136501193883	0.6608999999999999	-0.22732185349050518	Right	0.6608999999999999	
1130440.0089	0.6609000000171363	states																																	"       state_name
id               
3   wait_for_poke"
1130440.6698	0.1577999999281019	states																																	"        state_name
id                
1   nose_in_center"
1130440.8276	2.0	states																																	"          state_name
id                  
2   punish_violation"
1130443.0821	5.977699999930337	trials	1.0	2.0	20.0	1.1194094040233498	0.0	0.15	True	6400.0	False	False	26731.0	False	Low	True	True	0.025	0.0	4.518328823083656	1.5	9.0													
1130443.0821	5.977699999930337	processed_trials			20.0	1.1194094040233498					False				Low					4.518328823083656		9.0	40.0	40.0	True	False	False	4.5183	4.5183	20.373136501193883	0.11320000000000001	-0.2437830605161239	Right	0.11320000000000001	
1130443.0821	0.11320000002160668	states																																	"       state_name
id               
3   wait_for_poke"
1130443.1953	1.119399999966845	states																																	"        state_name
id                
1   nose_in_center"
1130444.3147	0.0020000000949949026	states																																	"   state_name
id           
5      go_cue"
1130444.3167	4.518299999879673	states																																	"            state_name
id                    
6   wait_for_side_poke"
1130448.835	0.06609999993816018	states																																	"         state_name
id                 
4   announce_reward"
1130448.9011	0.1586000001989305	states																																	"   state_name
id           
8      reward"
1130449.0597	9.999983012676239e-05	states																																	"    state_name
id            
7   stop_sound"
1130449.3157	3.8048000000417233	trials	1.0	2.0	5.0	0.9014154421496646	0.0	0.15	True	6420.0	False	False	26732.0	False	Low	True	False	0.025	0.0	6.739597932222895	1.5	9.0													
1130449.3157	3.8048000000417233	processed_trials			5.0	0.9014154421496646					False				Low					6.739597932222895		9.0	40.0	40.0	False	True	False			20.373136501193883	1.7631	-0.1941950644022507	Left	1.0698999999999999	
1130449.3157	1.7631000000983477	states																																	"       state_name
id               
3   wait_for_poke"
1130451.0788	0.04169999994337559	states																																	"        state_name
id                
1   nose_in_center"
1130451.1205	2.0	states																																	"          state_name
id                  
2   punish_violation"
1130453.3763	4.061700000194833	trials	1.0	2.0	5.0	0.8096285354029	0.0	0.15	True	6420.0	False	False	26733.0	False	Low	True	True	0.025	0.0	2.483764407276823	1.5	9.0													
1130453.3763	4.061700000194833	processed_trials			5.0	0.8096285354029					False				Low					2.483764407276823		9.0	40.0	40.0	True	False	False	2.4838000000000005	2.4838000000000005	20.373136501193883	0.5967	-0.2292513942811656	Left	0.5967	
1130453.3763	0.5967000001110137	states																																	"       state_name
id               
3   wait_for_poke"
1130453.973	0.8095999998040497	states																																	"        state_name
id                
1   nose_in_center"
1130454.7825999998	0.0020000000949949026	states																																	"   state_name
id           
5      go_cue"
1130454.7846	2.4838000000454485	states																																	"            state_name
id                    
6   wait_for_side_poke"
1130457.2684	0.11559999990276992	states																																	"         state_name
id                 
4   announce_reward"
1130457.3839999998	0.053899999940767884	states																																	"   state_name
id           
8      reward"
1130457.4378999998	0.00010000006295740604	states																																	"    state_name
id            
7   stop_sound"
1130457.708	6.131899999920279	trials	1.0	2.0	5.0	0.9862279999958231	0.0	0.15	True	6425.0	False	False	26734.0	False	Low	True	False	0.025	0.0	3.4800478337815095	1.5	9.0													
1130457.708	6.131899999920279	processed_trials			5.0	0.9862279999958231					False				Low					3.4800478337815095		9.0	40.0	40.0	True	False	False	3.48	3.48	20.373136501193883	1.3543	-0.2064816107452723	Right	0.6710000000000002	
1130457.708	1.354300000006333	states																																	"       state_name
id               
3   wait_for_poke"
1130459.0623	0.9861999999266118	states																																	"        state_name
id                
1   nose_in_center"
1130460.0485	0.0020000000949949026	states																																	"   state_name
id           
5      go_cue"
1130460.0505000001	3.4799999999813735	states																																	"            state_name
id                    
6   wait_for_side_poke"
1130463.5305	0.25090000010095537	states																																	"         state_name
id                 
4   announce_reward"
1130463.7814000002	0.05839999997988343	states																																	"   state_name
id           
8      reward"
1130463.8398000002	9.999983012676239e-05	states																																	"    state_name
id            
7   stop_sound"
1130464.0986	4.184300000080839	trials	1.0	2.0	20.0	1.1770550789610636	0.0	0.15	True	6430.0	False	False	26735.0	False	Low	True	False	0.025	0.0	3.4800478	1.5	9.0													
1130464.0986	4.184300000080839	processed_trials			20.0	1.1770550789610636					False				Low					3.4800478		9.0	40.0	40.0	False	True	False			20.373136501193883	1.9479000000000002	-0.18864087221978884	Right	1.5754000000000001	
1130464.0986	1.9479000000283122	states																																	"       state_name
id               
3   wait_for_poke"
1130466.0465	0.2364000000525266	states																																	"        state_name
id                
1   nose_in_center"
1130466.2829	2.0	states																																	"          state_name
id                  
2   punish_violation"
1130468.5483	4.693100000033155	trials	1.0	2.0	20.0	1.0612444484626864	0.0	0.15	True	6430.0	False	False	26736.0	False	Low	True	True	0.025	0.0	2.485097087674974	1.5	9.0													
1130468.5483	4.693100000033155	processed_trials			20.0	1.0612444484626864					False				Low					2.485097087674974		9.0	40.0	40.0	True	False	False	2.4850999999999996	2.4850999999999996	20.373136501193883	0.6596000000000001	-0.22736092518875842	Right	0.6596000000000001	
1130468.5483	0.659599999897182	states																																	"       state_name
id               
3   wait_for_poke"
1130469.2078999998	1.0612000001128763	states																																	"        state_name
id                
1   nose_in_center"
1130470.2691	0.0020000000949949026	states																																	"   state_name
id           
5      go_cue"
1130470.2711	2.4850999999325722	states																																	"            state_name
id                    
6   wait_for_side_poke"
1130472.7562	0.3264999999664724	states																																	"         state_name
id                 
4   announce_reward"
1130473.0827	0.15859999996609986	states																																	"   state_name
id           
8      reward"
1130473.2412999999	0.00010000006295740604	states																																	"    state_name
id            
7   stop_sound"
1130473.5072	4.413399999961257	trials	1.0	2.0	5.0	1.0612444	0.0	0.15	True	6450.0	False	False	26737.0	False	Low	True	False	0.025	0.0	3.783116128452888	1.5	9.0													
1130473.5072	4.413399999961257	processed_trials			5.0	1.0612444					False				Low					3.783116128452888		9.0	40.0	40.0	False	True	False			20.373136501193883	2.3863000000000003	-0.17546469336269327	Right	0.8782000000000003	
1130473.5072	2.386299999896437	states																																	"       state_name
id               
3   wait_for_poke"
1130475.8935	0.02710000006482005	states																																	"        state_name
id                
1   nose_in_center"
1130475.9206	2.0	states																																	"          state_name
id                  
2   punish_violation"
1130478.1895	2.7502999999560416	trials	1.0	2.0	5.0	1.0083540432277713	0.0	0.15	True	6450.0	False	False	26738.0	False	Low	True	True	0.025	0.0	0.5059805051321833	1.5	9.0													
1130478.1895	2.7502999999560416	processed_trials			5.0	1.0083540432277713					False				Low					0.5059805051321833		9.0	40.0	40.0	False	True	False			20.373136501193883	0.7359	-0.22506771705281772	Left	0.7359	
1130478.1895	0.7358999999705702	states																																	"       state_name
id               
3   wait_for_poke"
1130478.9254	0.014399999985471368	states																																	"        state_name
id                
1   nose_in_center"
1130478.9398	2.0	states																																	"          state_name
id                  
2   punish_violation"
1130481.2021	19.211599999805912	trials	1.0	2.0	5.0	1.008354	0.0	0.15	True	6450.0	True	False	26739.0	False	Low	True	True	0.025	0.0	100.0	1.5	9.0													
1130481.2021	19.211599999805912	processed_trials			5.0	1.008354					True				Low					100.0		9.0	40.0	40.0	False	False	True	10.241100000000001	10.241100000000001	20.373136501193883	7.76	-0.013957320360014057	Right	7.76	
1130481.2021	7.760000000009313	states																																	"       state_name
id               
3   wait_for_poke"
1130488.9621000001	1.0083999999333173	states																																	"        state_name
id                
1   nose_in_center"
1130489.9705	0.0020000000949949026	states																																	"   state_name
id           
5      go_cue"
1130489.9725000001	10.241099999984726	states																																	"            state_name
id                    
6   wait_for_side_poke"
1130500.2136000001	0.19999999995343387	states																																	"   state_name
id           
0     opt_out"
1130500.4136	0.00010000006295740604	states																																	"    state_name
id            
7   stop_sound"
1130500.68	2.129200000083074	trials	1.0	2.0	20.0	0.8351153157070947	0.0	0.15	True	6450.0	True	False	26740.0	False	Low	True	False	0.025	0.0	100.0	1.5	9.0													
1130500.68	2.129200000083074	processed_trials			20.0	0.8351153157070947					True				Low					100.0		9.0	40.0	40.0	False	True	False			20.373136501193883	0.08940000000000001	-0.2444983731456834	Left	0.08940000000000001	
1130500.68	0.08939999993890524	states																																	"       state_name
id               
3   wait_for_poke"
1130500.7693999999	0.039800000144168735	states																																	"        state_name
id                
1   nose_in_center"
1130500.8092	2.0	states																																	"          state_name
id                  
2   punish_violation"
1130503.0747	6.374899999937043	trials	1.0	2.0	20.0	0.9717688136331415	0.0	0.15	True	6450.0	False	False	26741.0	False	Low	True	True	0.025	0.0	0.746559301650675	1.5	9.0													
1130503.0747	6.374899999937043	processed_trials			20.0	0.9717688136331415					False				Low					0.746559301650675		9.0	40.0	40.0	True	False	False	0.7466000000000008	0.7466000000000008	20.373136501193883	4.3436	-0.11663774336955185	Left	4.3436	
1130503.0747	4.343600000021979	states																																	"       state_name
id               
3   wait_for_poke"
1130507.4183	0.9717999999411404	states																																	"        state_name
id                
1   nose_in_center"
1130508.3901	0.0020000000949949026	states																																	"   state_name
id           
5      go_cue"
1130508.3921	0.746599999954924	states																																	"            state_name
id                    
6   wait_for_side_poke"
1130509.1387	0.16189999994821846	states																																	"         state_name
id                 
4   announce_reward"
1130509.3006	0.14890000014565885	states																																	"   state_name
id           
8      reward"
1130509.4495	9.999983012676239e-05	states																																	"    state_name
id            
7   stop_sound"
1130509.7198	5.73949999990873	trials	1.0	2.0	20.0	1.1381107080723722	0.0	0.15	True	6470.0	False	False	26742.0	False	Low	True	False	0.025	0.0	1.248117448398839	1.5	9.0													
1130509.7198	5.73949999990873	processed_trials			20.0	1.1381107080723722					False				Low					1.248117448398839		9.0	40.0	40.0	True	False	False	1.2481	1.2481	20.373136501193883	2.9305	-0.15910867937083328	Right	0.6244999999999998	
1130509.7198	2.930500000016764	states																																	"       state_name
id               
3   wait_for_poke"
1130512.6503	1.1381000000983477	states																																	"        state_name
id                
1   nose_in_center"
1130513.7884000002	0.001999999862164259	states																																	"   state_name
id           
5      go_cue"
1130513.7904	1.2480999999679625	states																																	"            state_name
id                    
6   wait_for_side_poke"
1130515.0385	0.26210000016726553	states																																	"         state_name
id                 
4   announce_reward"
1130515.3006000002	0.15859999996609986	states																																	"   state_name
id           
8      reward"
1130515.4592000002	9.999983012676239e-05	states																																	"    state_name
id            
7   stop_sound"
1130515.7311	4.079200000036508	trials	1.0	2.0	5.0	1.1983641595592383	0.0	0.15	True	6490.0	False	False	26743.0	False	Low	True	False	0.025	0.0	0.6584534334506686	1.5	9.0													
1130515.7311	4.079200000036508	processed_trials			5.0	1.1983641595592383					False				Low					0.6584534334506686		9.0	40.0	40.0	False	True	False			20.373136501193883	2.0656	-0.18510338077024474	Right	0.74	
1130515.7311	2.0656000000890344	states																																	"       state_name
id               
3   wait_for_poke"
1130517.7967	0.013599999947473407	states																																	"        state_name
id                
1   nose_in_center"
1130517.8103	2.0	states																																	"          state_name
id                  
2   punish_violation"
1130520.0776	3.7169000001158565	trials	1.0	2.0	5.0	1.1983642	0.0	0.15	True	6490.0	False	False	26744.0	False	Low	True	True	0.025	0.0	1.775879000651647	1.5	9.0													
1130520.0776	3.7169000001158565	processed_trials			5.0	1.1983642					False				Low					1.775879000651647		9.0	40.0	40.0	True	False	False	1.7759000000000003	1.7759000000000003	20.373136501193883	0.6745	-0.22691310341647117	Left	0.6745	
1130520.0776	0.6744999999646097	states																																	"       state_name
id               
3   wait_for_poke"
1130520.7521	1.1984000001102686	states																																	"        state_name
id                
1   nose_in_center"
1130521.9505	0.001999999862164259	states																																	"   state_name
id           
5      go_cue"
1130521.9525	1.775900000007823	states																																	"            state_name
id                    
6   wait_for_side_poke"
1130523.7284	0.012100000167265534	states																																	"         state_name
id                 
4   announce_reward"
1130523.7405	0.053899999940767884	states																																	"   state_name
id           
8      reward"
1130523.7944	0.00010000006295740604	states																																	"    state_name
id            
7   stop_sound"
1130524.0645	3.975299999816343	trials	1.0	2.0	20.0	1.0486159295292858	0.0	0.15	True	6495.0	True	False	26745.0	False	Low	True	False	0.025	0.0	100.0	1.5	9.0													
1130524.0645	3.975299999816343	processed_trials			20.0	1.0486159295292858					True				Low					100.0		9.0	40.0	40.0	False	True	False			20.373136501193883	1.6345	-0.19806015701407206	Left	0.48909999999999987	
1130524.0645	1.6344999999273568	states																																	"       state_name
id               
3   wait_for_poke"
1130525.699	0.340800000121817	states																																	"        state_name
id                
1   nose_in_center"
1130526.0398000001	2.0	states																																	"          state_name
id                  
2   punish_violation"
1130528.3067	89.22849999996834	trials	1.0	2.0	20.0	1.0660670324861612	0.0	0.15	True	6495.0	True	False	26746.0	False	Low	True	True	0.025	0.0	100.0	1.5	9.0													
1130528.3067	89.22849999996834	processed_trials			20.0	1.0660670324861612					True				Low					100.0		9.0	40.0	40.0	False	True	False			20.373136501193883	86.8472	2.36302053663563	Right	86.8472	
1130528.3067	86.84719999996014	states																																	"       state_name
id               
3   wait_for_poke"
1130615.1539	0.38130000000819564	states																																	"        state_name
id                
1   nose_in_center"
1130615.5352	2.0	states																																	"          state_name
id                  
2   punish_violation"
1130617.803	62.70409999997355	trials	1.0	2.0	20.0	0.9034206815511094	0.0	0.15	True	6495.0	False	False	26747.0	False	Low	True	True	0.025	0.0	6.465403395597514	1.5	9.0													
1130617.803	62.70409999997355	processed_trials			20.0	0.9034206815511094					False				Low					6.465403395597514		9.0	40.0	40.0	True	False	False	6.465399999999995	6.465399999999995	20.373136501193883	54.7554	1.3984965935559306	Left	54.7554	
1130617.803	54.75539999990724	states																																	"       state_name
id               
3   wait_for_poke"
1130672.5584	0.9034000001847744	states																																	"        state_name
id                
1   nose_in_center"
1130673.4618000002	0.001999999862164259	states																																	"   state_name
id           
5      go_cue"
1130673.4638	6.465400000102818	states																																	"            state_name
id                    
6   wait_for_side_poke"
1130679.9292000001	0.4288999999407679	states																																	"         state_name
id                 
4   announce_reward"
1130680.3581	0.1488999999128282	states																																	"   state_name
id           
8      reward"
1130680.507	0.00010000006295740604	states																																	"    state_name
id            
7   stop_sound"
1130680.7803	11.202199999941513	trials	1.0	2.0	5.0	1.1148825744265114	0.0	0.15	True	6515.0	False	False	26748.0	False	Low	True	False	0.025	0.0	2.3301176686196623	1.5	9.0													
1130680.7803	11.202199999941513	processed_trials			5.0	1.1148825744265114					False				Low					2.3301176686196623		9.0	40.0	40.0	False	True	False			20.373136501193883	8.9745	0.022544662354271088	Right	0.5292000000000012	
1130680.7803	8.974500000011176	states																																	"       state_name
id               
3   wait_for_poke"
1130689.7548	0.2276000001002103	states																																	"        state_name
id                
1   nose_in_center"
1130689.9824	2.0	states																																	"          state_name
id                  
2   punish_violation"
1130692.2533	108.11049999995157	trials	1.0	2.0	5.0	1.1221495852947607	0.0	0.15	True	6515.0	True	False	26749.0	False	Low	True	True	0.025	0.0	100.0	1.5	9.0													
1130692.2533	108.11049999995157	processed_trials			5.0	1.1221495852947607					True				Low					100.0		9.0	40.0	40.0	False	True	False			20.373136501193883	105.8579	2.934390024314889	Left	105.8579	
1130692.2533	105.8578999999445	states																																	"       state_name
id               
3   wait_for_poke"
1130798.1112	0.25249999994412065	states																																	"        state_name
id                
1   nose_in_center"
1130798.3636999999	2.0	states																																	"          state_name
id                  
2   punish_violation"
1130800.6346	48.040599999949336	trials	1.0	2.0	5.0	0.9181662432739883	0.0	0.15	True	6515.0	False	False	26750.0	False	Low	True	True	0.025	0.0	0.6032319876928564	1.5	9.0													
1130800.6346	48.040599999949336	processed_trials			5.0	0.9181662432739883					False				Low					0.6032319876928564		9.0	40.0	40.0	True	False	False	0.603199999999994	0.603199999999994	20.373136501193883	46.380199999999995	1.1467786803170004	Right	46.380199999999995	
1130800.6346	46.380200000014156	states																																	"       state_name
id               
3   wait_for_poke"
1130847.0148	0.9181999999564141	states																																	"        state_name
id                
1   nose_in_center"
1130847.933	0.0020000000949949026	states																																	"   state_name
id           
5      go_cue"
1130847.935	0.6032000000122935	states																																	"            state_name
id                    
6   wait_for_side_poke"
1130848.5382	0.07849999982863665	states																																	"         state_name
id                 
4   announce_reward"
1130848.6167	0.05839999997988343	states																																	"   state_name
id           
8      reward"
1130848.6750999999	0.00010000006295740604	states																																	"    state_name
id            
7   stop_sound"
1130848.9479	3.5481000000145286	trials	1.0	2.0	20.0	0.927856629184032	0.0	0.15	True	6520.0	False	False	26751.0	False	Low	True	False	0.025	0.0	0.13675130794875312	1.5	9.0													
1130848.9479	3.5481000000145286	processed_trials			20.0	0.927856629184032					False				Low					0.13675130794875312		9.0	40.0	40.0	False	True	False			20.373136501193883	1.4338	-0.20409222612132363	Left	0.6364	
1130848.9479	1.4337999999988824	states																																	"       state_name
id               
3   wait_for_poke"
1130850.3817	0.11430000001564622	states																																	"        state_name
id                
1   nose_in_center"
1130850.496	2.0	states																																	"          state_name
id                  
2   punish_violation"
1130852.7695	6.657400000141934	trials	1.0	2.0	20.0	1.0070056007072596	0.0	0.15	True	6520.0	False	False	26752.0	False	Low	True	True	0.025	0.0	5.132679586037172	1.5	9.0													
1130852.7695	6.657400000141934	processed_trials			20.0	1.0070056007072596					False				Low					5.132679586037172		9.0	40.0	40.0	True	False	False	5.1327	5.1327	20.373136501193883	0.1995	-0.24118930085515822	Left	0.1995	
1130852.7695	0.19950000010430813	states																																	"       state_name
id               
3   wait_for_poke"
1130852.969	1.0069999999832362	states																																	"        state_name
id                
1   nose_in_center"
1130853.976	0.001999999862164259	states																																	"   state_name
id           
5      go_cue"
1130853.978	5.132699999958277	states																																	"            state_name
id                    
6   wait_for_side_poke"
1130859.1106999998	0.16720000002533197	states																																	"         state_name
id                 
4   announce_reward"
1130859.2778999999	0.14890000014565885	states																																	"   state_name
id           
8      reward"
1130859.4268	9.999983012676239e-05	states																																	"    state_name
id            
7   stop_sound"
1130859.7087	9.102500000037253	trials	1.0	2.0	20.0	1.14623390239269	0.0	0.15	True	6540.0	False	False	26753.0	False	Low	True	False	0.025	0.0	5.034307109433197	1.5	9.0													
1130859.7087	9.102500000037253	processed_trials			20.0	1.14623390239269					False				Low					5.034307109433197		9.0	40.0	40.0	True	False	False	5.0343	5.0343	20.373136501193883	2.6711	-0.16690498592998154	Left	0.9793000000000001	
1130859.7087	2.6710999999195337	states																																	"       state_name
id               
3   wait_for_poke"
1130862.3798	1.1462000000756234	states																																	"        state_name
id                
1   nose_in_center"
1130863.526	0.0020000000949949026	states																																	"   state_name
id           
5      go_cue"
1130863.5280000002	5.03429999994114	states																																	"            state_name
id                    
6   wait_for_side_poke"
1130868.5623	0.09990000003017485	states																																	"         state_name
id                 
4   announce_reward"
1130868.6622000001	0.1488999999128282	states																																	"   state_name
id           
8      reward"
1130868.8111	0.00010000006295740604	states																																	"    state_name
id            
7   stop_sound"
1130869.0926	4.853999999817461	trials	1.0	2.0	5.0	1.1771195089853372	0.0	0.15	True	6560.0	False	False	26754.0	False	Low	True	False	0.025	0.0	1.6429094781304465	1.5	9.0													
1130869.0926	4.853999999817461	processed_trials			5.0	1.1771195089853372					False				Low					1.6429094781304465		9.0	40.0	40.0	False	True	False			20.373136501193883	2.331	-0.1771267432960815	Left	1.1413	
1130869.0926	2.331000000005588	states																																	"       state_name
id               
3   wait_for_poke"
1130871.4236	0.5230000000447035	states																																	"        state_name
id                
1   nose_in_center"
1130871.9466000001	2.0	states																																	"          state_name
id                  
2   punish_violation"
1130874.2213	114.34039999986999	trials	1.0	2.0	5.0	0.975097336713373	0.0	0.15	True	6560.0	False	False	26755.0	False	Low	True	True	0.025	0.0	6.29741285789033	1.5	9.0													
1130874.2213	114.34039999986999	processed_trials			5.0	0.975097336713373					False				Low					6.29741285789033		9.0	40.0	40.0	True	False	False	6.297399999999996	6.297399999999996	20.373136501193883	106.5304	2.9546021143728196	Right	106.5304	
1130874.2213	106.53040000004694	states																																	"       state_name
id               
3   wait_for_poke"
1130980.7517000001	0.975099999923259	states																																	"        state_name
id                
1   nose_in_center"
1130981.7268	0.0020000000949949026	states																																	"   state_name
id           
5      go_cue"
1130981.7288000002	6.297400000039488	states																																	"            state_name
id                    
6   wait_for_side_poke"
1130988.0262000002	0.4769999999552965	states																																	"         state_name
id                 
4   announce_reward"
1130988.5032000002	0.05839999997988343	states																																	"   state_name
id           
8      reward"
1130988.5616000001	0.00010000006295740604	states																																	"    state_name
id            
7   stop_sound"
1130988.8391	3.3308000001125038	trials	1.0	2.0	5.0	1.0316497731440797	0.0	0.15	True	6565.0	False	False	26756.0	False	Low	True	False	0.025	0.0	1.934704093115338	1.5	9.0													
1130988.8391	3.3308000001125038	processed_trials			5.0	1.0316497731440797					False				Low					1.934704093115338		9.0	40.0	40.0	False	True	False			20.373136501193883	1.2999	-0.20811661104140827	Left	0.933	
1130988.8391	1.2998999999836087	states																																	"       state_name
id               
3   wait_for_poke"
1130990.139	0.03080000006593764	states																																	"        state_name
id                
1   nose_in_center"
1130990.1698	2.0	states																																	"          state_name
id                  
2   punish_violation"
1130992.4608	3.4540999999735504	trials	1.0	2.0	5.0	1.1369246967914484	0.0	0.15	True	6565.0	False	False	26757.0	False	Low	True	True	0.025	0.0	10.297596765157449	1.5	9.0													
1130992.4608	3.4540999999735504	processed_trials			5.0	1.1369246967914484					False				Low					10.297596765157449		9.0	40.0	40.0	False	True	False			20.373136501193883	0.5283	-0.23130716671233656	Left	0.5283	
1130992.4608	0.5282999998889863	states																																	"       state_name
id               
3   wait_for_poke"
1130992.9891	0.9258000000845641	states																																	"        state_name
id                
1   nose_in_center"
1130993.9149	2.0	states																																	"          state_name
id                  
2   punish_violation"
1130996.1934	54.32909999997355	trials	1.0	2.0	5.0	1.0352206106114672	0.0	0.15	True	6565.0	False	False	26758.0	False	Low	True	True	0.025	0.0	3.5772040002129932	1.5	9.0													
1130996.1934	54.32909999997355	processed_trials			5.0	1.0352206106114672					False				Low					3.5772040002129932		9.0	40.0	40.0	False	True	False			20.373136501193883	51.3137	1.2950557751880796	Left	51.3137	
1130996.1934	51.313700000057	states																																	"       state_name
id               
3   wait_for_poke"
1131047.5071	1.015299999853596	states																																	"        state_name
id                
1   nose_in_center"
1131048.5224	2.0	states																																	"          state_name
id                  
2   punish_violation"
1131050.8012	4.796399999875575	trials	1.0	2.0	5.0	1.0680217961848644	0.0	0.15	True	6565.0	False	False	26759.0	False	Low	True	True	0.025	0.0	5.905481742541508	1.5	9.0													
1131050.8012	4.796399999875575	processed_trials			5.0	1.0680217961848644					False				Low					5.905481742541508		9.0	40.0	40.0	False	True	False			20.373136501193883	2.3051	-0.1779051717458962	Left	2.3051	
1131050.8012	2.305099999997765	states																																	"       state_name
id               
3   wait_for_poke"
1131053.1063	0.4913000001106411	states																																	"        state_name
id                
1   nose_in_center"
1131053.5976000002	2.0	states																																	"          state_name
id                  
2   punish_violation"
1131055.8754	44.44439999992028	trials	1.0	2.0	5.0	1.0681465626227915	0.0	0.15	True	6565.0	True	False	26760.0	False	Low	True	True	0.025	0.0	100.0	1.5	9.0													
1131055.8754	44.44439999992028	processed_trials			5.0	1.0681465626227915					True				Low					100.0		9.0	40.0	40.0	False	False	True	10.365600000000008	10.365600000000008	20.373136501193883	32.8086	0.7388821726140841	Left	32.8086	
1131055.8754	32.8086000001058	states																																	"       state_name
id               
3   wait_for_poke"
1131088.6840000001	1.0680999998003244	states																																	"        state_name
id                
1   nose_in_center"
1131089.7521	0.0020000000949949026	states																																	"   state_name
id           
5      go_cue"
1131089.7541	10.36559999990277	states																																	"            state_name
id                    
6   wait_for_side_poke"
1131100.1197	0.20000000018626451	states																																	"   state_name
id           
0     opt_out"
1131100.3197	9.999983012676239e-05	states																																	"    state_name
id            
7   stop_sound"
1131100.6198	2.771699999924749	trials	1.0	2.0	5.0	1.0867814064960337	0.0	0.15	True	6565.0	True	False	26761.0	False	Low	True	False	0.025	0.0	100.0	1.5	9.0													
1131100.6198	2.771699999924749	processed_trials			5.0	1.0867814064960337					True				Low					100.0		9.0	40.0	40.0	False	True	False			20.373136501193883	0.7286	-0.22528711966608597	Right	0.7286	
1131100.6198	0.7286000000312924	states																																	"       state_name
id               
3   wait_for_poke"
1131101.3484	0.043000000063329935	states																																	"        state_name
id                
1   nose_in_center"
1131101.3914	2.0	states																																	"          state_name
id                  
2   punish_violation"
1131103.6736	13.935999999986961	trials	1.0	2.0	5.0	1.1454619698023405	0.0	0.15	True	6565.0	False	False	26762.0	False	Low	True	True	0.025	0.0	6.463598950398552	1.5	9.0													
1131103.6736	13.935999999986961	processed_trials			5.0	1.1454619698023405					False				Low					6.463598950398552		9.0	40.0	40.0	True	False	False	6.4636000000000005	6.4636000000000005	20.373136501193883	5.6388	-0.07771030984831508	Left	5.6388	
1131103.6736	5.638800000073388	states																																	"       state_name
id               
3   wait_for_poke"
1131109.3124000002	1.1454999998677522	states																																	"        state_name
id                
1   nose_in_center"
1131110.4579	0.0020000000949949026	states																																	"   state_name
id           
5      go_cue"
1131110.4599000001	6.463599999900907	states																																	"            state_name
id                    
6   wait_for_side_poke"
1131116.9235	0.6321000000461936	states																																	"         state_name
id                 
4   announce_reward"
1131117.5556	0.053899999940767884	states																																	"   state_name
id           
8      reward"
1131117.6095	0.00010000006295740604	states																																	"    state_name
id            
7   stop_sound"
1131117.8919	3.700700000161305	trials	1.0	2.0	20.0	1.145462	0.0	0.15	True	6570.0	False	False	26763.0	False	Low	True	False	0.025	0.0	6.463599	1.5	9.0													
1131117.8919	3.700700000161305	processed_trials			20.0	1.145462					False				Low					6.463599		9.0	40.0	40.0	False	True	False			20.373136501193883	1.3243	-0.2073832653203473	Left	0.8214	
1131117.8919	1.3242999999783933	states																																	"       state_name
id               
3   wait_for_poke"
1131119.2162	0.3763999999500811	states																																	"        state_name
id                
1   nose_in_center"
1131119.5925999999	2.0	states																																	"          state_name
id                  
2   punish_violation"
1131121.8727	53.919299999950454	trials	1.0	2.0	20.0	1.0791727520455678	0.0	0.15	True	6570.0	False	False	26764.0	False	Low	True	True	0.025	0.0	1.5449370723598277	1.5	9.0													
1131121.8727	53.919299999950454	processed_trials			20.0	1.0791727520455678					False				Low					1.5449370723598277		9.0	40.0	40.0	True	False	False	1.5449000000000055	1.5449000000000055	20.373136501193883	50.9967	1.2855282918447872	Right	50.9967	
1131121.8727	50.99670000001788	states																																	"       state_name
id               
3   wait_for_poke"
1131172.8694	1.0792000000365078	states																																	"        state_name
id                
1   nose_in_center"
1131173.9486	0.001999999862164259	states																																	"   state_name
id           
5      go_cue"
1131173.9505999999	1.5449000000953674	states																																	"            state_name
id                    
6   wait_for_side_poke"
1131175.4955	0.13779999990947545	states																																	"         state_name
id                 
4   announce_reward"
1131175.6332999999	0.15859999996609986	states																																	"   state_name
id           
8      reward"
1131175.7918999998	0.00010000006295740604	states																																	"    state_name
id            
7   stop_sound"
1131176.0761	5.506300000008196	trials	1.0	2.0	20.0	1.0791728	0.0	0.15	True	6590.0	False	False	26765.0	False	Low	True	False	0.025	0.0	1.5449371	1.5	9.0													
1131176.0761	5.506300000008196	processed_trials			20.0	1.0791728					False				Low					1.5449371		9.0	40.0	40.0	False	True	False			20.373136501193883	3.3924000000000003	-0.14522620442992895	Right	0.8469000000000002	
1131176.0761	3.3924000000115484	states																																	"       state_name
id               
3   wait_for_poke"
1131179.4685	0.11389999999664724	states																																	"        state_name
id                
1   nose_in_center"
1131179.5824	2.0	states																																	"          state_name
id                  
2   punish_violation"
1131181.8862	1.9460999998264015	trials	1.0	2.0	20.0	1.076710950286761	0.0	0.15	True	6590.0	False	False	26766.0	False	Low	True	True	0.025	0.0	0.5943612367962939	1.5	9.0													
1131181.8862	1.9460999998264015	processed_trials			20.0	1.076710950286761					False				Low					0.5943612367962939		9.0	40.0	40.0	True	False	False	0.5944	0.5944	20.373136501193883	0.09090000000000001	-0.24445329041692965	Left	0.09090000000000001	
1131181.8862	0.09089999995194376	states																																	"       state_name
id               
3   wait_for_poke"
1131181.9771	1.0767000000923872	states																																	"        state_name
id                
1   nose_in_center"
1131183.0538	0.001999999862164259	states																																	"   state_name
id           
5      go_cue"
1131183.0558	0.5944000000599772	states																																	"            state_name
id                    
6   wait_for_side_poke"
1131183.6502	0.033100000116974115	states																																	"         state_name
id                 
4   announce_reward"
1131183.6833000001	0.1488999999128282	states																																	"   state_name
id           
8      reward"
1131183.8322	0.00010000006295740604	states																																	"    state_name
id            
7   stop_sound"
1131184.1156	10.566700000083074	trials	1.0	2.0	20.0	1.076711	0.0	0.15	True	6610.0	True	False	26767.0	False	Low	True	False	0.025	0.0	100.0	1.5	9.0													
1131184.1156	10.566700000083074	processed_trials			20.0	1.076711					True				Low					100.0		9.0	40.0	40.0	False	False	True	7.2486999999999995	7.2486999999999995	20.373136501193883	2.0392	-0.1858968367963107	Right	0.45020000000000016	
1131184.1156	2.039199999999255	states																																	"       state_name
id               
3   wait_for_poke"
1131186.1548	1.0767000000923872	states																																	"        state_name
id                
1   nose_in_center"
1131187.2315	0.001999999862164259	states																																	"   state_name
id           
5      go_cue"
1131187.2334999999	7.248700000112876	states																																	"            state_name
id                    
6   wait_for_side_poke"
1131194.4822	0.19999999995343387	states																																	"   state_name
id           
0     opt_out"
1131194.6822	0.00010000006295740604	states																																	"    state_name
id            
7   stop_sound"
1131194.9656	2.0996000000741333	trials	1.0	2.0	20.0	1.1963621406485418	0.0	0.15	True	6610.0	True	False	26768.0	False	Low	True	False	0.025	0.0	100.0	1.5	9.0													
1131194.9656	2.0996000000741333	processed_trials			20.0	1.1963621406485418					True				Low					100.0		9.0	40.0	40.0	False	True	False			20.373136501193883	0.0852	-0.24462460478619386	Right	0.0852	
1131194.9656	0.08520000008866191	states																																	"       state_name
id               
3   wait_for_poke"
1131195.0508	0.014399999985471368	states																																	"        state_name
id                
1   nose_in_center"
1131195.0652	2.0	states																																	"          state_name
id                  
2   punish_violation"
1131197.3556	4.419900000095367	trials	1.0	2.0	20.0	0.9920706383283974	0.0	0.15	True	6610.0	False	False	26769.0	False	Low	True	True	0.025	0.0	2.7681062900154756	1.5	9.0													
1131197.3556	4.419900000095367	processed_trials			20.0	0.9920706383283974					False				Low					2.7681062900154756		9.0	40.0	40.0	True	False	False	2.7681000000000004	2.7681000000000004	20.373136501193883	0.2716	-0.23902232435972803	Right	0.2716	
1131197.3556	0.2716000000946224	states																																	"       state_name
id               
3   wait_for_poke"
1131197.6272	0.9920999999158084	states																																	"        state_name
id                
1   nose_in_center"
1131198.6193	0.0020000000949949026	states																																	"   state_name
id           
5      go_cue"
1131198.6213	2.768099999986589	states																																	"            state_name
id                    
6   wait_for_side_poke"
1131201.3894	0.2273999999742955	states																																	"         state_name
id                 
4   announce_reward"
1131201.6168	0.15859999996609986	states																																	"   state_name
id           
8      reward"
1131201.7754	0.00010000006295740604	states																																	"    state_name
id            
7   stop_sound"
1131202.0726	4.693899999838322	trials	1.0	2.0	20.0	1.1300929640841069	0.0	0.15	True	6630.0	True	False	26770.0	False	Low	True	False	0.025	0.0	100.0	1.5	9.0													
1131202.0726	4.693899999838322	processed_trials			20.0	1.1300929640841069					True				Low					100.0		9.0	40.0	40.0	False	True	False			20.373136501193883	2.6142	-0.16861512410737373	Left	0.9867999999999997	
1131202.0726	2.614199999952689	states																																	"       state_name
id               
3   wait_for_poke"
1131204.6868	0.07970000011846423	states																																	"        state_name
id                
1   nose_in_center"
1131204.7665000001	2.0	states																																	"          state_name
id                  
2   punish_violation"
1131207.0567	4.393199999816716	trials	1.0	2.0	20.0	0.8839172906419208	0.0	0.15	True	6630.0	False	False	26771.0	False	Low	True	True	0.025	0.0	2.7835556979065275	1.5	9.0													
1131207.0567	4.393199999816716	processed_trials			20.0	0.8839172906419208					False				Low					2.7835556979065275		9.0	40.0	40.0	True	False	False	2.7836	2.7836	20.373136501193883	0.1489	-0.24271009157178472	Right	0.1489	
1131207.0567	0.1488999999128282	states																																	"       state_name
id               
3   wait_for_poke"
1131207.2056	0.8839000000152737	states																																	"        state_name
id                
1   nose_in_center"
1131208.0895	0.0020000000949949026	states																																	"   state_name
id           
5      go_cue"
1131208.0915	2.7835999999661	states																																	"            state_name
id                    
6   wait_for_side_poke"
1131210.8751	0.41610000003129244	states																																	"         state_name
id                 
4   announce_reward"
1131211.2912	0.15859999996609986	states																																	"   state_name
id           
8      reward"
1131211.4498	0.00010000006295740604	states																																	"    state_name
id            
7   stop_sound"
1131211.7369	4.8381000000517815	trials	1.0	2.0	5.0	1.1540486194797952	0.0	0.15	True	6650.0	False	False	26772.0	False	Low	True	False	0.025	0.0	2.687895862520466	1.5	9.0													
1131211.7369	4.8381000000517815	processed_trials			5.0	1.1540486194797952					False				Low					2.687895862520466		9.0	40.0	40.0	False	True	False			20.373136501193883	2.8258	-0.16225545383784493	Right	1.4233	
1131211.7369	2.825799999991432	states																																	"       state_name
id               
3   wait_for_poke"
1131214.5627	0.012300000060349703	states																																	"        state_name
id                
1   nose_in_center"
1131214.575	2.0	states																																	"          state_name
id                  
2   punish_violation"
1131216.864	3.95519999996759	trials	1.0	2.0	5.0	1.0644192156771386	0.0	0.15	True	6650.0	True	False	26773.0	False	Low	True	True	0.025	0.0	2.6878959	1.5	9.0													
1131216.864	3.95519999996759	processed_trials			5.0	1.0644192156771386					False				Low					2.6878959		9.0	40.0	40.0	False	False	False	2.6879	2.6879	20.373136501193883	0.2009	-0.24114722364165472	Left	0.2009	
1131216.864	0.20090000005438924	states																																	"       state_name
id               
3   wait_for_poke"
1131217.0649	1.0644000000320375	states																																	"        state_name
id                
1   nose_in_center"
1131218.1293000001	0.001999999862164259	states																																	"   state_name
id           
5      go_cue"
1131218.1313	2.687900000018999	states																																	"            state_name
id                    
6   wait_for_side_poke"
1131221.1108	11.647300000069663	trials	1.0	2.0	20.0	1.0644192	0.0	0.15	True	6650.0	False	False	26774.0	False	Low	True	False	0.025	0.0	0.5357570368404572	1.5	9.0													
1131221.1108	11.647300000069663	processed_trials			20.0	1.0644192					False				Low					0.5357570368404572		9.0	40.0	40.0	True	False	False	0.5357999999999983	0.5357999999999983	20.373136501193883	9.700700000000001	0.04437071410158592	Left	9.700700000000001	
1131221.1108	9.700699999928474	states																																	"       state_name
id               
3   wait_for_poke"
1131230.8114999998	1.0644000000320375	states																																	"        state_name
id                
1   nose_in_center"
1131231.8758999999	0.0020000000949949026	states																																	"   state_name
id           
5      go_cue"
1131231.8779	0.5357999999541789	states																																	"            state_name
id                    
6   wait_for_side_poke"
1131232.4137	0.19540000008419156	states																																	"         state_name
id                 
4   announce_reward"
1131232.6091	0.1488999999128282	states																																	"   state_name
id           
8      reward"
1131232.758	0.00010000006295740604	states																																	"    state_name
id            
7   stop_sound"
1131233.0604	10.726999999955297	trials	1.0	2.0	10.0	0.972605062061153	0.0	0.15	True	6670.0	False	False	26775.0	False	Low	True	False	0.025	0.0	4.0905891650195425	1.5	9.0													
1131233.0604	10.726999999955297	processed_trials			10.0	0.972605062061153					False				Low					4.0905891650195425		9.0	40.0	40.0	True	False	False	4.090600000000001	4.090600000000001	20.373136501193883	5.547899999999999	-0.08044232321079225	Right	1.0729999999999995	
1131233.0604	5.547899999888614	states																																	"       state_name
id               
3   wait_for_poke"
1131238.6083	0.972600000211969	states																																	"        state_name
id                
1   nose_in_center"
1131239.5809000002	0.001999999862164259	states																																	"   state_name
id           
5      go_cue"
1131239.5829	4.090599999995902	states																																	"            state_name
id                    
6   wait_for_side_poke"
1131243.6735	0.022099999943748116	states																																	"         state_name
id                 
4   announce_reward"
1131243.6956	0.09169999998994172	states																																	"   state_name
id           
8      reward"
1131243.7873	0.00010000006295740604	states																																	"    state_name
id            
7   stop_sound"
1131244.0817	7.39089999999851	trials	1.0	2.0	10.0	0.8307849596022122	0.0	0.15	True	6680.0	False	False	26776.0	False	Low	True	False	0.025	0.0	4.001757420625541	1.5	9.0													
1131244.0817	7.39089999999851	processed_trials			10.0	0.8307849596022122					False				Low					4.001757420625541		9.0	40.0	40.0	True	False	False	4.001799999999999	4.001799999999999	20.373136501193883	2.189	-0.18139457495143635	Right	1.7882	
1131244.0817	2.1890000000130385	states																																	"       state_name
id               
3   wait_for_poke"
1131246.2707	0.8307999998796731	states																																	"        state_name
id                
1   nose_in_center"
1131247.1014999999	0.0020000000949949026	states																																	"   state_name
id           
5      go_cue"
1131247.1035	4.00179999996908	states																																	"            state_name
id                    
6   wait_for_side_poke"
1131251.1053	0.27549999998882413	states																																	"         state_name
id                 
4   announce_reward"
1131251.3808	0.09169999998994172	states																																	"   state_name
id           
8      reward"
1131251.4725	0.00010000006295740604	states																																	"    state_name
id            
7   stop_sound"
1131251.7674	3.956000000005588	trials	1.0	2.0	5.0	1.0634081760179057	0.0	0.15	True	6690.0	False	False	26777.0	False	Low	True	False	0.025	0.0	0.7972127803751661	1.5	9.0													
1131251.7674	3.956000000005588	processed_trials			5.0	1.0634081760179057					False				Low					0.7972127803751661		9.0	40.0	40.0	False	True	False			20.373136501193883	1.7879	-0.1934496966201887	Right	1.1725	
1131251.7674	1.7879000001121312	states																																	"       state_name
id               
3   wait_for_poke"
1131253.5553000001	0.1680999998934567	states																																	"        state_name
id                
1   nose_in_center"
1131253.7234	2.0	states																																	"          state_name
id                  
2   punish_violation"
1131256.0163	2.788799999980256	trials	1.0	2.0	5.0	1.0634082	0.0	0.15	True	6690.0	False	False	26778.0	False	Low	True	True	0.025	0.0	0.7928438921951398	1.5	9.0													
1131256.0163	2.788799999980256	processed_trials			5.0	1.0634082					False				Low					0.7928438921951398		9.0	40.0	40.0	False	True	False			20.373136501193883	0.4127	-0.23478154234162543	Left	0.4127	
1131256.0163	0.4126999999862164	states																																	"       state_name
id               
3   wait_for_poke"
1131256.429	0.37609999999403954	states																																	"        state_name
id                
1   nose_in_center"
1131256.8051	2.0	states																																	"          state_name
id                  
2   punish_violation"
1131259.1002	8.509099999908358	trials	1.0	2.0	5.0	0.9416988054835941	0.0	0.15	True	6690.0	False	False	26779.0	False	Low	True	True	0.025	0.0	13.384919199242635	1.5	9.0													
1131259.1002	8.509099999908358	processed_trials			5.0	0.9416988054835941					False				Low					13.384919199242635		9.0	40.0	40.0	False	False	True	7.317799999999999	7.317799999999999	20.373136501193883	0.0475	-0.2457576840355381	Right	0.0475	
1131259.1002	0.04750000010244548	states																																	"       state_name
id               
3   wait_for_poke"
1131259.1477	0.9416999998502433	states																																	"        state_name
id                
1   nose_in_center"
1131260.0894	0.0020000000949949026	states																																	"   state_name
id           
5      go_cue"
1131260.0914	7.317799999844283	states																																	"            state_name
id                    
6   wait_for_side_poke"
1131267.4091999999	0.20000000018626451	states																																	"   state_name
id           
0     opt_out"
1131267.6092	9.999983012676239e-05	states																																	"    state_name
id            
7   stop_sound"
1131267.9109	2.4816999998874962	trials	1.0	2.0	20.0	0.8447238712537531	0.0	0.15	True	6690.0	False	False	26780.0	False	Low	True	False	0.025	0.0	2.625054727740899	1.5	9.0													
1131267.9109	2.4816999998874962	processed_trials			20.0	0.8447238712537531					False				Low					2.625054727740899		9.0	40.0	40.0	False	True	False			20.373136501193883	0.32330000000000003	-0.23746847297534887	Right	0.32330000000000003	
1131267.9109	0.3233000000473112	states																																	"       state_name
id               
3   wait_for_poke"
1131268.2342	0.15839999984018505	states																																	"        state_name
id                
1   nose_in_center"
1131268.3926	2.0	states																																	"          state_name
id                  
2   punish_violation"
1131270.6867	2.8898000000044703	trials	1.0	2.0	20.0	1.1853247919648011	0.0	0.15	True	6690.0	False	False	26781.0	False	Low	True	True	0.025	0.0	2.6250547	1.5	9.0													
1131270.6867	2.8898000000044703	processed_trials			20.0	1.1853247919648011					False				Low					2.6250547		9.0	40.0	40.0	False	True	False			20.373136501193883	0.6062000000000001	-0.22896587033239185	Right	0.6062000000000001	
1131270.6867	0.6062000000383705	states																																	"       state_name
id               
3   wait_for_poke"
1131271.2929	0.28359999996609986	states																																	"        state_name
id                
1   nose_in_center"
1131271.5765	2.0	states																																	"          state_name
id                  
2   punish_violation"
1131273.8835	1.9576000000815839	trials	1.0	2.0	20.0	1.043442884911646	0.0	0.15	True	6690.0	False	False	26782.0	False	Low	True	True	0.025	0.0	0.3521294817537206	1.5	9.0													
1131273.8835	1.9576000000815839	processed_trials			20.0	1.043442884911646					False				Low					0.3521294817537206		9.0	40.0	40.0	True	False	False	0.3521000000000003	0.3521000000000003	20.373136501193883	0.08120000000000001	-0.24474482539620385	Left	0.08120000000000001	
1131273.8835	0.0811999998986721	states																																	"       state_name
id               
3   wait_for_poke"
1131273.9647	1.043400000082329	states																																	"        state_name
id                
1   nose_in_center"
1131275.0081	0.0020000000949949026	states																																	"   state_name
id           
5      go_cue"
1131275.0101	0.3521000000182539	states																																	"            state_name
id                    
6   wait_for_side_poke"
1131275.3622	0.3299000000115484	states																																	"         state_name
id                 
4   announce_reward"
1131275.6921	0.1488999999128282	states																																	"   state_name
id           
8      reward"
1131275.841	0.00010000006295740604	states																																	"    state_name
id            
7   stop_sound"
1131276.1394	14.348100000061095	trials	1.0	2.0	10.0	0.8059634310967261	0.0	0.15	True	6710.0	False	False	26783.0	False	Low	True	False	0.025	0.0	10.482138973434282	1.5	9.0													
1131276.1394	14.348100000061095	processed_trials			10.0	0.8059634310967261					False				Low					10.482138973434282		9.0	40.0	40.0	True	False	False	10.482099999999999	10.482099999999999	20.373136501193883	2.4118000000000004	-0.17469828697387954	Left	1.0273000000000003	
1131276.1394	2.411799999885261	states																																	"       state_name
id               
3   wait_for_poke"
1131278.5511999999	0.8060000000987202	states																																	"        state_name
id                
1   nose_in_center"
1131279.3572	0.0020000000949949026	states																																	"   state_name
id           
5      go_cue"
1131279.3592	10.482099999906495	states																																	"            state_name
id                    
6   wait_for_side_poke"
1131289.8413	0.5607000000309199	states																																	"         state_name
id                 
4   announce_reward"
1131290.402	0.08539999998174608	states																																	"   state_name
id           
8      reward"
1131290.4874	0.00010000006295740604	states																																	"    state_name
id            
7   stop_sound"
1131290.7894	4.722000000067055	trials	1.0	2.0	20.0	1.176714284698837	0.0	0.15	True	6720.0	False	False	26784.0	False	Low	True	False	0.025	0.0	1.537049740608896	1.5	9.0													
1131290.7894	4.722000000067055	processed_trials			20.0	1.176714284698837					False				Low					1.537049740608896		9.0	40.0	40.0	True	False	False	1.5370000000000004	1.5370000000000004	20.373136501193883	1.3192000000000002	-0.20753654659811002	Right	0.8464000000000002	
1131290.7894	1.3192000000271946	states																																	"       state_name
id               
3   wait_for_poke"
1131292.1086	1.1766999999526888	states																																	"        state_name
id                
1   nose_in_center"
1131293.2852999999	0.0020000000949949026	states																																	"   state_name
id           
5      go_cue"
1131293.2873	1.5370000000111759	states																																	"            state_name
id                    
6   wait_for_side_poke"
1131294.8243	0.5283999999519438	states																																	"         state_name
id                 
4   announce_reward"
1131295.3527	0.15859999996609986	states																																	"   state_name
id           
8      reward"
1131295.5113	0.00010000006295740604	states																																	"    state_name
id            
7   stop_sound"
1131295.8136	4.166299999924377	trials	1.0	2.0	5.0	1.1772010876850671	0.0	0.15	True	6740.0	False	False	26785.0	False	Low	True	False	0.025	0.0	1.5370497	1.5	9.0													
1131295.8136	4.166299999924377	processed_trials			5.0	1.1772010876850671					False				Low					1.5370497		9.0	40.0	40.0	False	True	False			20.373136501193883	2.0438	-0.1857585830947992	Left	1.2489000000000001	
1131295.8136	2.043800000101328	states																																	"       state_name
id               
3   wait_for_poke"
1131297.8574	0.12249999982304871	states																																	"        state_name
id                
1   nose_in_center"
1131297.9799	2.0	states																																	"          state_name
id                  
2   punish_violation"
1131300.2814	3.952199999941513	trials	1.0	2.0	5.0	1.1772011	0.0	0.15	True	6740.0	False	False	26786.0	False	Low	True	True	0.025	0.0	0.8311246420853033	1.5	9.0													
1131300.2814	3.952199999941513	processed_trials			5.0	1.1772011					False				Low					0.8311246420853033		9.0	40.0	40.0	False	True	False			20.373136501193883	1.7235	-0.19538524844134966	Right	1.7235	
1131300.2814	1.7235000000800937	states																																	"       state_name
id               
3   wait_for_poke"
1131302.0049	0.2286999998614192	states																																	"        state_name
id                
1   nose_in_center"
1131302.2336	2.0	states																																	"          state_name
id                  
2   punish_violation"
1131304.5367	2.7617999999783933	trials	1.0	2.0	5.0	1.1946748112074599	0.0	0.15	True	6740.0	False	False	26787.0	False	Low	True	True	0.025	0.0	1.303902157400902	1.5	9.0													
1131304.5367	2.7617999999783933	processed_trials			5.0	1.1946748112074599					False				Low					1.303902157400902		9.0	40.0	40.0	False	True	False			20.373136501193883	0.5397000000000001	-0.23096453797380806	Right	0.5397000000000001	
1131304.5367	0.5397000000812113	states																																	"       state_name
id               
3   wait_for_poke"
1131305.0764000001	0.222099999897182	states																																	"        state_name
id                
1   nose_in_center"
1131305.2985	2.0	states																																	"          state_name
id                  
2   punish_violation"
1131307.5998	3.9649000000208616	trials	1.0	2.0	5.0	1.113031569225654	0.0	0.15	True	6740.0	False	False	26788.0	False	Low	True	True	0.025	0.0	1.3584550134424505	1.5	9.0													
1131307.5998	3.9649000000208616	processed_trials			5.0	1.113031569225654					False				Low					1.3584550134424505		9.0	40.0	40.0	True	False	False	1.3585000000000003	1.3585000000000003	20.373136501193883	1.2960999999999998	-0.20823082062091777	Right	1.2960999999999998	
1131307.5998	1.2960999999195337	states																																	"       state_name
id               
3   wait_for_poke"
1131308.8959	1.1130000001285225	states																																	"        state_name
id                
1   nose_in_center"
1131310.0089	0.001999999862164259	states																																	"   state_name
id           
5      go_cue"
1131310.0108999999	1.358500000089407	states																																	"            state_name
id                    
6   wait_for_side_poke"
1131311.3694	0.13679999997839332	states																																	"         state_name
id                 
4   announce_reward"
1131311.5062	0.05839999997988343	states																																	"   state_name
id           
8      reward"
1131311.5646	0.00010000006295740604	states																																	"    state_name
id            
7   stop_sound"
1131311.8661	3.648100000107661	trials	1.0	2.0	5.0	0.8999824767213642	0.0	0.15	True	6745.0	False	False	26789.0	False	Low	True	False	0.025	0.0	1.358455	1.5	9.0													
1131311.8661	3.648100000107661	processed_trials			5.0	0.8999824767213642					False				Low					1.358455		9.0	40.0	40.0	False	True	False			20.373136501193883	1.534	-0.20108069984057325	Left	0.7190000000000001	
1131311.8661	1.5339999999850988	states																																	"       state_name
id               
3   wait_for_poke"
1131313.4001	0.11410000012256205	states																																	"        state_name
id                
1   nose_in_center"
1131313.5142	2.0	states																																	"          state_name
id                  
2   punish_violation"
1131315.8195	3.1817999999038875	trials	1.0	2.0	5.0	0.9273771053343753	0.0	0.15	True	6745.0	False	False	26790.0	False	Low	True	True	0.025	0.0	1.8433663396735624	1.5	9.0													
1131315.8195	3.1817999999038875	processed_trials			5.0	0.9273771053343753					False				Low					1.8433663396735624		9.0	40.0	40.0	True	False	False	1.8434	1.8434	20.373136501193883	0.1794	-0.2417934094204585	Right	0.1794	
1131315.8195	0.17940000002272427	states																																	"       state_name
id               
3   wait_for_poke"
1131315.9989	0.9273999999277294	states																																	"        state_name
id                
1   nose_in_center"
1131316.9263	0.0020000000949949026	states																																	"   state_name
id           
5      go_cue"
1131316.9283	1.8433999998960644	states																																	"            state_name
id                    
6   wait_for_side_poke"
1131318.7717	0.17110000015236437	states																																	"         state_name
id                 
4   announce_reward"
1131318.9428	0.05839999997988343	states																																	"   state_name
id           
8      reward"
1131319.0012	9.999983012676239e-05	states																																	"    state_name
id            
7   stop_sound"
1131319.3049	3.887299999827519	trials	1.0	2.0	10.0	1.0194737240242946	0.0	0.15	True	6750.0	False	False	26791.0	False	Low	True	False	0.025	0.0	1.8433663	1.5	9.0													
1131319.3049	3.887299999827519	processed_trials			10.0	1.0194737240242946					False				Low					1.8433663		9.0	40.0	40.0	False	True	False			20.373136501193883	1.8457000000000001	-0.19171250880554427	Right	0.9042000000000001	
1131319.3049	1.8456999999471009	states																																	"       state_name
id               
3   wait_for_poke"
1131321.1506	0.041600000113248825	states																																	"        state_name
id                
1   nose_in_center"
1131321.1922000002	2.0	states																																	"          state_name
id                  
2   punish_violation"
1131323.5007	2.6655000001192093	trials	1.0	2.0	10.0	0.8676154855926006	0.0	0.15	True	6750.0	False	False	26792.0	False	Low	True	True	0.025	0.0	2.164970396013205	1.5	9.0													
1131323.5007	2.6655000001192093	processed_trials			10.0	0.8676154855926006					False				Low					2.164970396013205		9.0	40.0	40.0	False	True	False			20.373136501193883	0.4895	-0.23247330662943352	Left	0.4895	
1131323.5007	0.4894999999087304	states																																	"       state_name
id               
3   wait_for_poke"
1131323.9902	0.17599999997764826	states																																	"        state_name
id                
1   nose_in_center"
1131324.1661999999	2.0	states																																	"          state_name
id                  
2   punish_violation"
1131326.4713	2.5004999998491257	trials	1.0	2.0	10.0	0.9164560258940082	0.0	0.15	True	6750.0	False	False	26793.0	False	Low	True	True	0.025	0.0	1.3772336043539775	1.5	9.0													
1131326.4713	2.5004999998491257	processed_trials			10.0	0.9164560258940082					False				Low					1.3772336043539775		9.0	40.0	40.0	True	False	False	1.3772	1.3772	20.373136501193883	0.0631	-0.2452888236564991	Left	0.0631	
1131326.4713	0.06309999991208315	states																																	"       state_name
id               
3   wait_for_poke"
1131326.5344	0.9165000000502914	states																																	"        state_name
id                
1   nose_in_center"
1131327.4509	0.0020000000949949026	states																																	"   state_name
id           
5      go_cue"
1131327.4529000001	1.377199999988079	states																																	"            state_name
id                    
6   wait_for_side_poke"
1131328.8301000001	0.05619999999180436	states																																	"         state_name
id                 
4   announce_reward"
1131328.8863000001	0.08539999998174608	states																																	"   state_name
id           
8      reward"
1131328.9717	0.00010000006295740604	states																																	"    state_name
id            
7   stop_sound"
1131329.2801	4.597399999853224	trials	1.0	2.0	5.0	1.0818857031235556	0.0	0.15	True	6760.0	False	False	26794.0	False	Low	True	False	0.025	0.0	1.0197499975793622	1.5	9.0													
1131329.2801	4.597399999853224	processed_trials			5.0	1.0818857031235556					False				Low					1.0197499975793622		9.0	40.0	40.0	True	False	False	1.0197000000000003	1.0197000000000003	20.373136501193883	2.3559	-0.17637836999876924	Right	0.6127	
1131329.2801	2.355900000082329	states																																	"       state_name
id               
3   wait_for_poke"
1131331.6360000002	1.0818999998737127	states																																	"        state_name
id                
1   nose_in_center"
1131332.7179	0.0020000000949949026	states																																	"   state_name
id           
5      go_cue"
1131332.7199000001	1.0197000000625849	states																																	"            state_name
id                    
6   wait_for_side_poke"
1131333.7396000002	0.07939999992959201	states																																	"         state_name
id                 
4   announce_reward"
1131333.8190000001	0.05839999997988343	states																																	"   state_name
id           
8      reward"
1131333.8774	0.00010000006295740604	states																																	"    state_name
id            
7   stop_sound"
1131334.1874	3.763299999991432	trials	1.0	2.0	20.0	1.0883853173700253	0.0	0.15	True	6765.0	False	False	26795.0	False	Low	True	False	0.025	0.0	1.3804585222357306	1.5	9.0													
1131334.1874	3.763299999991432	processed_trials			20.0	1.0883853173700253					False				Low					1.3804585222357306		9.0	40.0	40.0	False	True	False			20.373136501193883	1.3474000000000002	-0.20668899129753954	Right	0.5586000000000002	
1131334.1874	1.3474000000860542	states																																	"       state_name
id               
3   wait_for_poke"
1131335.5348	0.4158999999053776	states																																	"        state_name
id                
1   nose_in_center"
1131335.9507	2.0	states																																	"          state_name
id                  
2   punish_violation"
1131338.2565	26.320999999996275	trials	1.0	2.0	20.0	1.0690078735230504	0.0	0.15	True	6765.0	False	False	26796.0	False	Low	True	True	0.025	0.0	4.6566720013050436	1.5	9.0													
1131338.2565	26.320999999996275	processed_trials			20.0	1.0690078735230504					False				Low					4.6566720013050436		9.0	40.0	40.0	True	False	False	4.656700000000001	4.656700000000001	20.373136501193883	20.1878	0.35956210391054383	Left	20.1878	
1131338.2565	20.18779999995604	states																																	"       state_name
id               
3   wait_for_poke"
1131358.4442999999	1.0690000001341105	states																																	"        state_name
id                
1   nose_in_center"
1131359.5133	0.001999999862164259	states																																	"   state_name
id           
5      go_cue"
1131359.5152999999	4.656699999934062	states																																	"            state_name
id                    
6   wait_for_side_poke"
1131364.1719999998	0.25650000013411045	states																																	"         state_name
id                 
4   announce_reward"
1131364.4285	0.1488999999128282	states																																	"   state_name
id           
8      reward"
1131364.5773999998	0.00010000006295740604	states																																	"    state_name
id            
7   stop_sound"
1131364.8854	9.205300000030547	trials	1.0	2.0	20.0	1.1998424938916104	0.0	0.15	True	6785.0	False	False	26797.0	False	Low	True	False	0.025	0.0	1.8966349562247715	1.5	9.0													
1131364.8854	9.205300000030547	processed_trials			20.0	1.1998424938916104					False				Low					1.8966349562247715		9.0	40.0	40.0	True	False	False	1.8966000000000003	1.8966000000000003	20.373136501193883	5.9203	-0.06924978441886158	Right	0.7735000000000003	
1131364.8854	5.920300000114366	states																																	"       state_name
id               
3   wait_for_poke"
1131370.8057000001	1.199799999827519	states																																	"        state_name
id                
1   nose_in_center"
1131372.0055	0.0020000000949949026	states																																	"   state_name
id           
5      go_cue"
1131372.0075	1.8965999998617917	states																																	"            state_name
id                    
6   wait_for_side_poke"
1131373.9041	0.027900000102818012	states																																	"         state_name
id                 
4   announce_reward"
1131373.932	0.15859999996609986	states																																	"   state_name
id           
8      reward"
1131374.0906	0.00010000006295740604	states																																	"    state_name
id            
7   stop_sound"
1131374.4064	4.093899999978021	trials	1.0	2.0	5.0	0.9809703119089107	0.0	0.15	True	6805.0	False	False	26798.0	True	Mixed	True	False	0.025	0.0	1.896635	1.5	9.0													
1131374.4064	4.093899999978021	processed_trials			5.0	0.9809703119089107					False				Mixed					1.896635		9.0	40.0	40.0	False	True	False			20.373136501193883	2.0284	-0.18622143244333772	Left	1.0416	
1131374.4064	2.0283999999519438	states																																	"       state_name
id               
3   wait_for_poke"
1131376.4348	0.06539999996311963	states																																	"        state_name
id                
1   nose_in_center"
1131376.5002	2.0	states																																	"          state_name
id                  
2   punish_violation"
1131378.8086	6.035199999809265	trials	1.0	2.0	5.0	0.855601472969736	0.0	0.15	True	6805.0	False	False	26799.0	True	Mixed	True	True	0.025	0.0	3.661742314287573	1.5	9.0													
1131378.8086	6.035199999809265	processed_trials			5.0	0.855601472969736					False				Mixed					3.661742314287573		9.0	40.0	40.0	True	False	False	3.6617	3.6617	20.373136501193883	1.1434000000000002	-0.21282024240804936	Right	1.1434000000000002	
1131378.8086	1.1433999999426305	states																																	"       state_name
id               
3   wait_for_poke"
1131379.952	0.8556000001262873	states																																	"        state_name
id                
1   nose_in_center"
1131380.8076000002	0.001999999862164259	states																																	"   state_name
id           
5      go_cue"
1131380.8096	3.6617000000551343	states																																	"            state_name
id                    
6   wait_for_side_poke"
1131384.4713	0.3140000000130385	states																																	"         state_name
id                 
4   announce_reward"
1131384.7853	0.05839999997988343	states																																	"   state_name
id           
8      reward"
1131384.8437	0.00010000006295740604	states																																	"    state_name
id            
7   stop_sound"
1131385.1518	12.607199999969453	trials	1.0	2.0	10.0	0.9619332526226261	0.0	0.15	True	6810.0	True	False	26800.0	False	Mixed	True	False	0.025	0.0	100.0	1.5	9.0													
1131385.1518	12.607199999969453	processed_trials			10.0	0.9619332526226261					True				Mixed					100.0		9.0	40.0	40.0	False	False	True	9.9397	9.9397	20.373136501193883	1.5035	-0.20199738199189946	Right	1.1642000000000001	
1131385.1518	1.5035000001080334	states																																	"       state_name
id               
3   wait_for_poke"
1131386.6553000002	0.9618999999947846	states																																	"        state_name
id                
1   nose_in_center"
1131387.6172000002	0.001999999862164259	states																																	"   state_name
id           
5      go_cue"
1131387.6192	9.939699999988079	states																																	"            state_name
id                    
6   wait_for_side_poke"
1131397.5589	0.19999999995343387	states																																	"   state_name
id           
0     opt_out"
1131397.7589	0.00010000006295740604	states																																	"    state_name
id            
7   stop_sound"
1131398.0706	15.930699999909848	trials	1.0	2.0	20.0	0.9161061947255632	0.0	0.15	True	6810.0	False	False	26801.0	False	Mixed	True	False	0.025	0.0	17.884258786164214	1.5	9.0													
1131398.0706	15.930699999909848	processed_trials			20.0	0.9161061947255632					False				Mixed					17.884258786164214		9.0	40.0	40.0	False	False	True	14.501800000000001	14.501800000000001	20.373136501193883	0.3107	-0.23784716789688035	Left	0.3107	
1131398.0706	0.3107000000309199	states																																	"       state_name
id               
3   wait_for_poke"
1131398.3813	0.9161000000312924	states																																	"        state_name
id                
1   nose_in_center"
1131399.2974	0.001999999862164259	states																																	"   state_name
id           
5      go_cue"
1131399.2994	14.50179999996908	states																																	"            state_name
id                    
6   wait_for_side_poke"
1131413.8011999999	0.20000000018626451	states																																	"   state_name
id           
0     opt_out"
1131414.0012	9.999983012676239e-05	states																																	"    state_name
id            
7   stop_sound"
1131414.3157	2.5423000000882894	trials	1.0	2.0	5.0	0.91610619	0.0	0.15	True	6810.0	True	False	26802.0	False	Mixed	True	False	0.025	0.0	100.0	1.5	9.0													
1131414.3157	2.5423000000882894	processed_trials			5.0	0.91610619					True				Mixed					100.0		9.0	40.0	40.0	False	True	False			20.373136501193883	0.5121	-0.23179406018287702	Right	0.5121	
1131414.3157	0.5120999999344349	states																																	"       state_name
id               
3   wait_for_poke"
1131414.8277999999	0.03020000015385449	states																																	"        state_name
id                
1   nose_in_center"
1131414.858	2.0	states																																	"          state_name
id                  
2   punish_violation"
1131417.1668	5.892599999904633	trials	1.0	2.0	5.0	1.0430859435087272	0.0	0.15	True	6810.0	False	False	26803.0	False	Mixed	True	True	0.025	0.0	3.7614754448124965	1.5	9.0													
1131417.1668	5.892599999904633	processed_trials			5.0	1.0430859435087272					False				Mixed					3.7614754448124965		9.0	40.0	40.0	True	False	False	3.7615	3.7615	20.373136501193883	0.8304	-0.22222750514133158	Right	0.8304	
1131417.1668	0.8304000000935048	states																																	"       state_name
id               
3   wait_for_poke"
1131417.9972	1.0430999998934567	states																																	"        state_name
id                
1   nose_in_center"
1131419.0403	0.0020000000949949026	states																																	"   state_name
id           
5      go_cue"
1131419.0423	3.7615000000223517	states																																	"            state_name
id                    
6   wait_for_side_poke"
1131422.8038	0.19709999999031425	states																																	"         state_name
id                 
4   announce_reward"
1131423.0009	0.05839999997988343	states																																	"   state_name
id           
8      reward"
1131423.0593	9.999983012676239e-05	states																																	"    state_name
id            
7   stop_sound"
1131423.3793	6.994900000048801	trials	1.0	2.0	80.0	0.9750553344830729	0.0	0.15	True	6815.0	False	False	26804.0	False	Mixed	True	False	0.025	0.0	3.7614754	1.5	9.0													
1131423.3793	6.994900000048801	processed_trials			80.0	0.9750553344830729					False				Mixed					3.7614754		9.0	40.0	40.0	True	False	False	3.7615	3.7615	20.373136501193883	1.6078	-0.1988626295858888	Right	1.2724	
1131423.3793	1.6078000001143664	states																																	"       state_name
id               
3   wait_for_poke"
1131424.9871	0.975099999923259	states																																	"        state_name
id                
1   nose_in_center"
1131425.9622	0.001999999862164259	states																																	"   state_name
id           
5      go_cue"
1131425.9641999998	3.7615000000223517	states																																	"            state_name
id                    
6   wait_for_side_poke"
1131429.7256999998	0.07700000004842877	states																																	"         state_name
id                 
4   announce_reward"
1131429.8027	0.5714000000152737	states																																	"   state_name
id           
8      reward"
1131430.3741	0.00010000006295740604	states																																	"    state_name
id            
7   stop_sound"
1131430.6926	7.79120000009425	trials	1.0	2.0	80.0	0.9873137032937228	0.0	0.15	True	6895.0	False	False	26805.0	False	Mixed	True	False	0.025	0.0	1.752339210203486	1.5	9.0													
1131430.6926	7.79120000009425	processed_trials			80.0	0.9873137032937228					False				Mixed					1.752339210203486		9.0	40.0	40.0	True	False	False	1.7523	1.7523	20.373136501193883	4.0972	-0.12404333294616762	Left	2.5679999999999996	
1131430.6926	4.097199999960139	states																																	"       state_name
id               
3   wait_for_poke"
1131434.7898	0.987300000153482	states																																	"        state_name
id                
1   nose_in_center"
1131435.7771	0.001999999862164259	states																																	"   state_name
id           
5      go_cue"
1131435.7791	1.7523000000510365	states																																	"            state_name
id                    
6   wait_for_side_poke"
1131437.5314	0.4147999999113381	states																																	"         state_name
id                 
4   announce_reward"
1131437.9462	0.5375000000931323	states																																	"   state_name
id           
8      reward"
1131438.4837	0.00010000006295740604	states																																	"    state_name
id            
7   stop_sound"
1131438.8028	7.600199999986216	trials	1.0	2.0	80.0	0.9748040927202888	0.0	0.15	True	6975.0	False	False	26806.0	False	Mixed	True	False	0.025	0.0	1.4879527051980557	1.5	9.0													
1131438.8028	7.600199999986216	processed_trials			80.0	0.9748040927202888					False				Mixed					1.4879527051980557		9.0	40.0	40.0	True	False	False	1.4879999999999995	1.4879999999999995	20.373136501193883	4.493	-0.11214750358567849	Right	0.9357000000000002	
1131438.8028	4.493000000016764	states																																	"       state_name
id               
3   wait_for_poke"
1131443.2958	0.9747999999672174	states																																	"        state_name
id                
1   nose_in_center"
1131444.2706	0.0020000000949949026	states																																	"   state_name
id           
5      go_cue"
1131444.2726	1.4879999998956919	states																																	"            state_name
id                    
6   wait_for_side_poke"
1131445.7606	0.0708999999333173	states																																	"         state_name
id                 
4   announce_reward"
1131445.8314999999	0.5714000000152737	states																																	"   state_name
id           
8      reward"
1131446.4028999999	0.00010000006295740604	states																																	"    state_name
id            
7   stop_sound"
1131446.7192	5.421000000089407	trials	1.0	2.0	10.0	0.9303097483141723	0.0	0.15	True	7055.0	True	False	26807.0	False	Mixed	True	False	0.025	0.0	100.0	1.5	9.0													
1131446.7192	5.421000000089407	processed_trials			10.0	0.9303097483141723					True				Mixed					100.0		9.0	40.0	40.0	False	True	False			20.373136501193883	3.4008000000000003	-0.14497374114890796	Right	0.9375	
1131446.7192	3.4007999999448657	states																																	"       state_name
id               
3   wait_for_poke"
1131450.1199999999	0.020200000144541264	states																																	"        state_name
id                
1   nose_in_center"
1131450.1402	2.0	states																																	"          state_name
id                  
2   punish_violation"
1131452.4574	2.258000000147149	trials	1.0	2.0	10.0	1.0896594179890362	0.0	0.15	True	7055.0	False	False	26808.0	False	Mixed	True	True	0.025	0.0	3.2116661957513264	1.5	9.0													
1131452.4574	2.258000000147149	processed_trials			10.0	1.0896594179890362					False				Mixed					3.2116661957513264		9.0	40.0	40.0	False	True	False			20.373136501193883	0.2367	-0.24007124918206527	Right	0.2367	
1131452.4574	0.23670000000856817	states																																	"       state_name
id               
3   wait_for_poke"
1131452.6941	0.021299999905750155	states																																	"        state_name
id                
1   nose_in_center"
1131452.7153999999	2.0	states																																	"          state_name
id                  
2   punish_violation"
1131455.0372	2.287300000200048	trials	1.0	2.0	10.0	1.1329387419815302	0.0	0.15	True	7055.0	False	False	26809.0	False	Mixed	True	True	0.025	0.0	0.6968861828083771	1.5	9.0													
1131455.0372	2.287300000200048	processed_trials			10.0	1.1329387419815302					False				Mixed					0.6968861828083771		9.0	40.0	40.0	False	True	False			20.373136501193883	0.0424	-0.2459109653133008	Left	0.0424	
1131455.0372	0.04239999991841614	states																																	"       state_name
id               
3   wait_for_poke"
1131455.0795999998	0.2449000000488013	states																																	"        state_name
id                
1   nose_in_center"
1131455.3244999999	2.0	states																																	"          state_name
id                  
2   punish_violation"
1131457.6412	2.5190000000875443	trials	1.0	2.0	10.0	1.0257958963319307	0.0	0.15	True	7055.0	False	False	26810.0	False	Mixed	True	True	0.025	0.0	0.3124483798897698	1.5	9.0													
1131457.6412	2.5190000000875443	processed_trials			10.0	1.0257958963319307					False				Mixed					0.3124483798897698		9.0	40.0	40.0	False	True	False			20.373136501193883	0.1822	-0.24170925499345147	Left	0.1822	
1131457.6412	0.1821999999228865	states																																	"       state_name
id               
3   wait_for_poke"
1131457.8233999999	0.33680000016465783	states																																	"        state_name
id                
1   nose_in_center"
1131458.1602	2.0	states																																	"          state_name
id                  
2   punish_violation"
1131460.4814	8.095800000010058	trials	1.0	2.0	10.0	1.003976842639578	0.0	0.15	True	7055.0	False	False	26811.0	False	Mixed	True	True	0.025	0.0	6.237451103583238	1.5	9.0													
1131460.4814	8.095800000010058	processed_trials			10.0	1.003976842639578					False				Mixed					6.237451103583238		9.0	40.0	40.0	True	False	False	6.2375	6.2375	20.373136501193883	0.08120000000000001	-0.24474482539620385	Left	0.08120000000000001	
1131460.4814	0.0811999998986721	states																																	"       state_name
id               
3   wait_for_poke"
1131460.5625999998	1.0040000001899898	states																																	"        state_name
id                
1   nose_in_center"
1131461.5666	0.001999999862164259	states																																	"   state_name
id           
5      go_cue"
1131461.5685999999	6.237500000046566	states																																	"            state_name
id                    
6   wait_for_side_poke"
1131467.8061	0.6855999999679625	states																																	"         state_name
id                 
4   announce_reward"
1131468.4917	0.08539999998174608	states																																	"   state_name
id           
8      reward"
1131468.5770999999	0.00010000006295740604	states																																	"    state_name
id            
7   stop_sound"
1131468.8992	3.802099999971688	trials	1.0	2.0	80.0	1.0921704209578542	0.0	0.15	True	7065.0	False	False	26812.0	False	Mixed	True	False	0.025	0.0	0.6155097232020742	1.5	9.0													
1131468.8992	3.802099999971688	processed_trials			80.0	1.0921704209578542					False				Mixed					0.6155097232020742		9.0	40.0	40.0	True	False	False	0.6154999999999999	0.6154999999999999	20.373136501193883	1.5480999999999998	-0.200656922190288	Left	0.8164999999999998	
1131468.8992	1.5481000000145286	states																																	"       state_name
id               
3   wait_for_poke"
1131470.4473	1.092200000071898	states																																	"        state_name
id                
1   nose_in_center"
1131471.5395000002	0.001999999862164259	states																																	"   state_name
id           
5      go_cue"
1131471.5415	0.6155000000726432	states																																	"            state_name
id                    
6   wait_for_side_poke"
1131472.1570000001	0.006700000027194619	states																																	"         state_name
id                 
4   announce_reward"
1131472.1637000002	0.5374999998603016	states																																	"   state_name
id           
8      reward"
1131472.7012	0.00010000006295740604	states																																	"    state_name
id            
7   stop_sound"
1131473.0207	19.33560000010766	trials	1.0	2.0	40.0	1.0921704	0.0	0.15	True	7145.0	True	False	26813.0	False	Mixed	True	False	0.025	0.0	100.0	1.5	9.0													
1131473.0207	19.33560000010766	processed_trials			40.0	1.0921704					True				Mixed					100.0		9.0	40.0	40.0	False	False	True	11.5001	11.5001	20.373136501193883	6.5412	-0.05058854023005992	Right	0.4299999999999997	
1131473.0207	6.54120000009425	states																																	"       state_name
id               
3   wait_for_poke"
1131479.5619	1.0921999998390675	states																																	"        state_name
id                
1   nose_in_center"
1131480.6541	0.0020000000949949026	states																																	"   state_name
id           
5      go_cue"
1131480.6561	11.500100000062957	states																																	"            state_name
id                    
6   wait_for_side_poke"
1131492.1562	0.19999999995343387	states																																	"   state_name
id           
0     opt_out"
1131492.3562	0.00010000006295740604	states																																	"    state_name
id            
7   stop_sound"
1131492.6863	2.2402000001166016	trials	1.0	2.0	10.0	1.0941837195289184	0.0	0.15	True	7145.0	False	False	26814.0	False	Mixed	True	False	0.025	0.0	1.1340123652235587	1.5	9.0													
1131492.6863	2.2402000001166016	processed_trials			10.0	1.0941837195289184					False				Mixed					1.1340123652235587		9.0	40.0	40.0	False	True	False			20.373136501193883	0.0729	-0.2449942831619746	Left	0.0729	
1131492.6863	0.0729000000283122	states																																	"       state_name
id               
3   wait_for_poke"
1131492.7592	0.16729999985545874	states																																	"        state_name
id                
1   nose_in_center"
1131492.9264999998	2.0	states																																	"          state_name
id                  
2   punish_violation"
1131495.2518	3.105100000044331	trials	1.0	2.0	10.0	0.9642526061571544	0.0	0.15	True	7145.0	False	False	26815.0	False	Mixed	True	True	0.025	0.0	1.3069814136531412	1.5	9.0													
1131495.2518	3.105100000044331	processed_trials			10.0	0.9642526061571544					False				Mixed					1.3069814136531412		9.0	40.0	40.0	True	False	False	1.3069999999999997	1.3069999999999997	20.373136501193883	0.6982	-0.22620079630216194	Left	0.6982	
1131495.2518	0.6981999999843538	states																																	"       state_name
id               
3   wait_for_poke"
1131495.95	0.9643000001087785	states																																	"        state_name
id                
1   nose_in_center"
1131496.9143	0.001999999862164259	states																																	"   state_name
id           
5      go_cue"
1131496.9163	1.3070000000298023	states																																	"            state_name
id                    
6   wait_for_side_poke"
1131498.2233	0.047999999951571226	states																																	"         state_name
id                 
4   announce_reward"
1131498.2713	0.08539999998174608	states																																	"   state_name
id           
8      reward"
1131498.3567	0.00010000006295740604	states																																	"    state_name
id            
7   stop_sound"
1131498.6849	3.1510000000707805	trials	1.0	2.0	20.0	1.1136620560172388	0.0	0.15	True	7155.0	True	False	26816.0	False	Mixed	True	False	0.025	0.0	100.0	1.5	9.0													
1131498.6849	3.1510000000707805	processed_trials			20.0	1.1136620560172388					True				Mixed					100.0		9.0	40.0	40.0	False	True	False			20.373136501193883	0.9587	-0.21837142907526094	Left	0.4602	
1131498.6849	0.9587000000756234	states																																	"       state_name
id               
3   wait_for_poke"
1131499.6436	0.19229999999515712	states																																	"        state_name
id                
1   nose_in_center"
1131499.8359	2.0	states																																	"          state_name
id                  
2   punish_violation"
1131502.1633	2.6212999999988824	trials	1.0	2.0	20.0	1.1136621	0.0	0.15	True	7155.0	False	False	26817.0	False	Mixed	True	True	0.025	0.0	2.4197008396407336	1.5	9.0													
1131502.1633	2.6212999999988824	processed_trials			20.0	1.1136621					False				Mixed					2.4197008396407336		9.0	40.0	40.0	False	True	False			20.373136501193883	0.6129	-0.22876450081062513	Left	0.6129	
1131502.1633	0.6129000000655651	states																																	"       state_name
id               
3   wait_for_poke"
1131502.7762	0.008399999933317304	states																																	"        state_name
id                
1   nose_in_center"
1131502.7846	2.0	states																																	"          state_name
id                  
2   punish_violation"
1131505.1117	7.533899999922141	trials	1.0	2.0	20.0	1.1916663455102166	0.0	0.15	True	7155.0	False	False	26818.0	False	Mixed	True	True	0.025	0.0	3.063068981439301	1.5	9.0													
1131505.1117	7.533899999922141	processed_trials			20.0	1.1916663455102166					False				Mixed					3.063068981439301		9.0	40.0	40.0	True	False	False	3.0631	3.0631	20.373136501193883	2.0347	-0.18603208498257195	Right	2.0347	
1131505.1117	2.0346999999601394	states																																	"       state_name
id               
3   wait_for_poke"
1131507.1464	1.191700000083074	states																																	"        state_name
id                
1   nose_in_center"
1131508.3381	0.001999999862164259	states																																	"   state_name
id           
5      go_cue"
1131508.3401	3.063100000144914	states																																	"            state_name
id                    
6   wait_for_side_poke"
1131511.4032	1.0836999998427927	states																																	"         state_name
id                 
4   announce_reward"
1131512.4869	0.1586000001989305	states																																	"   state_name
id           
8      reward"
1131512.6455	9.999983012676239e-05	states																																	"    state_name
id            
7   stop_sound"
1131512.9759	9.507800000021234	trials	1.0	2.0	5.0	1.1916663	0.0	0.15	True	7175.0	False	False	26819.0	False	Mixed	True	False	0.025	0.0	3.063069	1.5	9.0													
1131512.9759	9.507800000021234	processed_trials			5.0	1.1916663					False				Mixed					3.063069		9.0	40.0	40.0	False	True	False			20.373136501193883	7.3019	-0.027725585721408878	Left	2.9214	
1131512.9759	7.301900000078604	states																																	"       state_name
id               
3   wait_for_poke"
1131520.2778	0.20589999994263053	states																																	"        state_name
id                
1   nose_in_center"
1131520.4837	2.0	states																																	"          state_name
id                  
2   punish_violation"
1131522.8182	4.213099999818951	trials	1.0	2.0	5.0	0.9179453220721313	0.0	0.15	True	7175.0	False	False	26820.0	False	Mixed	True	True	0.025	0.0	1.0379500805606703	1.5	9.0													
1131522.8182	4.213099999818951	processed_trials			5.0	0.9179453220721313					False				Mixed					1.0379500805606703		9.0	40.0	40.0	True	False	False	1.0379999999999998	1.0379999999999998	20.373136501193883	2.097	-0.18415964898166629	Right	2.097	
1131522.8182	2.0970000000670552	states																																	"       state_name
id               
3   wait_for_poke"
1131524.9152000002	0.9179000000003725	states																																	"        state_name
id                
1   nose_in_center"
1131525.8331000002	0.001999999862164259	states																																	"   state_name
id           
5      go_cue"
1131525.8351	1.0380000001750886	states																																	"            state_name
id                    
6   wait_for_side_poke"
1131526.8731000002	0.09969999990426004	states																																	"         state_name
id                 
4   announce_reward"
1131526.9728	0.05839999997988343	states																																	"   state_name
id           
8      reward"
1131527.0312	0.00010000006295740604	states																																	"    state_name
id            
7   stop_sound"
1131527.3596	4.357399999862537	trials	1.0	2.0	40.0	1.046565577499809	0.0	0.15	True	7180.0	False	False	26821.0	False	Mixed	True	False	0.025	0.0	1.0379501	1.5	9.0													
1131527.3596	4.357399999862537	processed_trials			40.0	1.046565577499809					False				Mixed					1.0379501		9.0	40.0	40.0	True	False	False	1.0379999999999998	1.0379999999999998	20.373136501193883	1.6927	-0.19631094713842662	Left	0.8001	
1131527.3596	1.692700000014156	states																																	"       state_name
id               
3   wait_for_poke"
1131529.0523	1.0466000000014901	states																																	"        state_name
id                
1   nose_in_center"
1131530.0989	0.0020000000949949026	states																																	"   state_name
id           
5      go_cue"
1131530.1009000002	1.037999999942258	states																																	"            state_name
id                    
6   wait_for_side_poke"
1131531.1389000001	0.3011999998707324	states																																	"         state_name
id                 
4   announce_reward"
1131531.4401	0.2768000001087785	states																																	"   state_name
id           
8      reward"
1131531.7169	0.00010000006295740604	states																																	"    state_name
id            
7   stop_sound"
1131532.0481	7.525499999988824	trials	1.0	2.0	10.0	1.0465656	0.0	0.15	True	7220.0	False	False	26822.0	False	Mixed	True	False	0.025	0.0	0.07857552229613164	1.5	9.0													
1131532.0481	7.525499999988824	processed_trials			10.0	1.0465656					False				Mixed					0.07857552229613164		9.0	40.0	40.0	False	True	False			20.373136501193883	5.4444	-0.0835530314948009	Left	0.7725999999999997	
1131532.0481	5.444399999920279	states																																	"       state_name
id               
3   wait_for_poke"
1131537.4925	0.08110000006854534	states																																	"        state_name
id                
1   nose_in_center"
1131537.5736	2.0	states																																	"          state_name
id                  
2   punish_violation"
1131539.9016	5.9735999999102205	trials	1.0	2.0	10.0	1.1798401237848604	0.0	0.15	True	7220.0	False	False	26823.0	False	Mixed	True	True	0.025	0.0	7.83915234010061	1.5	9.0													
1131539.9016	5.9735999999102205	processed_trials			10.0	1.1798401237848604					False				Mixed					7.83915234010061		9.0	40.0	40.0	False	True	False			20.373136501193883	3.7285	-0.13512466767383902	Right	3.7285	
1131539.9016	3.728499999968335	states																																	"       state_name
id               
3   wait_for_poke"
1131543.6301	0.24509999994188547	states																																	"        state_name
id                
1   nose_in_center"
1131543.8752	2.0	states																																	"          state_name
id                  
2   punish_violation"
1131546.205	5.368299999972805	trials	1.0	2.0	10.0	1.153079683326891	0.0	0.15	True	7220.0	False	False	26824.0	False	Mixed	True	True	0.025	0.0	0.9608718185473596	1.5	9.0													
1131546.205	5.368299999972805	processed_trials			10.0	1.153079683326891					False				Mixed					0.9608718185473596		9.0	40.0	40.0	True	False	False	0.9608999999999996	0.9608999999999996	20.373136501193883	3.1067	-0.15381296149989296	Right	3.1067	
1131546.205	3.1066999998874962	states																																	"       state_name
id               
3   wait_for_poke"
1131549.3117	1.1531000002287328	states																																	"        state_name
id                
1   nose_in_center"
1131550.4648000002	0.001999999862164259	states																																	"   state_name
id           
5      go_cue"
1131550.4668	0.9609000000637025	states																																	"            state_name
id                    
6   wait_for_side_poke"
1131551.4277000001	0.05379999987781048	states																																	"         state_name
id                 
4   announce_reward"
1131551.4815	0.09169999998994172	states																																	"   state_name
id           
8      reward"
1131551.5732	0.00010000006295740604	states																																	"    state_name
id            
7   stop_sound"
1131551.9098	3.7734000000637025	trials	1.0	2.0	10.0	1.1530797	0.0	0.15	True	7230.0	True	False	26825.0	False	Mixed	True	False	0.025	0.0	100.0	1.5	9.0													
1131551.9098	3.7734000000637025	processed_trials			10.0	1.1530797					True				Mixed					100.0		9.0	40.0	40.0	False	True	False			20.373136501193883	1.7072	-0.19587514742714038	Left	1.0272000000000001	
1131551.9098	1.7072000000625849	states																																	"       state_name
id               
3   wait_for_poke"
1131553.617	0.06620000000111759	states																																	"        state_name
id                
1   nose_in_center"
1131553.6832	2.0	states																																	"          state_name
id                  
2   punish_violation"
1131556.0196	2.8600999999325722	trials	1.0	2.0	10.0	0.8745496082930327	0.0	0.15	True	7230.0	False	False	26826.0	False	Mixed	True	True	0.025	0.0	6.82904694651012	1.5	9.0													
1131556.0196	2.8600999999325722	processed_trials			10.0	0.8745496082930327					False				Mixed					6.82904694651012		9.0	40.0	40.0	False	True	False			20.373136501193883	0.5477000000000001	-0.23072409675378808	Right	0.5477000000000001	
1131556.0196	0.5476999999955297	states																																	"       state_name
id               
3   wait_for_poke"
1131556.5673	0.3123999999370426	states																																	"        state_name
id                
1   nose_in_center"
1131556.8797	2.0	states																																	"          state_name
id                  
2   punish_violation"
1131559.2167	5.708499999949709	trials	1.0	2.0	10.0	1.00129724333281	0.0	0.15	True	7230.0	False	False	26827.0	False	Mixed	True	True	0.025	0.0	2.7212111108780377	1.5	9.0													
1131559.2167	5.708499999949709	processed_trials			10.0	1.00129724333281					False				Mixed					2.7212111108780377		9.0	40.0	40.0	True	False	False	2.7212	2.7212	20.373136501193883	1.8711	-0.19094910793198078	Left	1.8711	
1131559.2167	1.8711000001057982	states																																	"       state_name
id               
3   wait_for_poke"
1131561.0878	1.0012999998871237	states																																	"        state_name
id                
1   nose_in_center"
1131562.0891	0.0020000000949949026	states																																	"   state_name
id           
5      go_cue"
1131562.0911	2.7211999997962266	states																																	"            state_name
id                    
6   wait_for_side_poke"
1131564.8122999999	0.027400000020861626	states																																	"         state_name
id                 
4   announce_reward"
1131564.8397	0.08539999998174608	states																																	"   state_name
id           
8      reward"
1131564.9250999999	0.00010000006295740604	states																																	"    state_name
id            
7   stop_sound"
1131565.2622	20.047100000083447	trials	1.0	2.0	80.0	1.1253231223482059	0.0	0.15	True	7240.0	True	False	26828.0	False	Mixed	True	False	0.025	0.0	100.0	1.5	9.0													
1131565.2622	20.047100000083447	processed_trials			80.0	1.1253231223482059					True				Mixed					100.0		9.0	40.0	40.0	False	False	True	16.924300000000002	16.924300000000002	20.373136501193883	1.7954	-0.19322428297641997	Right	0.8739000000000001	
1131565.2622	1.7953999999444932	states																																	"       state_name
id               
3   wait_for_poke"
1131567.0576	1.1252999999560416	states																																	"        state_name
id                
1   nose_in_center"
1131568.1829	0.0020000000949949026	states																																	"   state_name
id           
5      go_cue"
1131568.1849	16.924300000071526	states																																	"            state_name
id                    
6   wait_for_side_poke"
1131585.1092	0.19999999995343387	states																																	"   state_name
id           
0     opt_out"
1131585.3092	0.00010000006295740604	states																																	"    state_name
id            
7   stop_sound"
1131585.644	2.3013999999966472	trials	1.0	2.0	20.0	1.1253231	0.0	0.15	True	7240.0	False	False	26829.0	False	Mixed	True	False	0.025	0.0	1.3738653325202792	1.5	9.0													
1131585.644	2.3013999999966472	processed_trials			20.0	1.1253231					False				Mixed					1.3738653325202792		9.0	40.0	40.0	False	True	False			20.373136501193883	0.18180000000000002	-0.24172127705445245	Left	0.18180000000000002	
1131585.644	0.1817999999038875	states																																	"       state_name
id               
3   wait_for_poke"
1131585.8258	0.11960000009275973	states																																	"        state_name
id                
1   nose_in_center"
1131585.9454	2.0	states																																	"          state_name
id                  
2   punish_violation"
1131588.276	3.2164000000339	trials	1.0	2.0	20.0	0.9233956017103963	0.0	0.15	True	7240.0	False	False	26830.0	False	Mixed	True	True	0.025	0.0	1.3738653	1.5	9.0													
1131588.276	3.2164000000339	processed_trials			20.0	0.9233956017103963					False				Mixed					1.3738653		9.0	40.0	40.0	False	True	False			20.373136501193883	0.8248	-0.22239581399534558	Left	0.8248	
1131588.276	0.8248000000603497	states																																	"       state_name
id               
3   wait_for_poke"
1131589.1008000001	0.39159999997355044	states																																	"        state_name
id                
1   nose_in_center"
1131589.4924	2.0	states																																	"          state_name
id                  
2   punish_violation"
1131591.8252	9.169999999925494	trials	1.0	2.0	20.0	1.0573942087340886	0.0	0.15	True	7240.0	False	False	26831.0	False	Mixed	True	True	0.025	0.0	7.627630279112364	1.5	9.0													
1131591.8252	9.169999999925494	processed_trials			20.0	1.0573942087340886					False				Mixed					7.627630279112364		9.0	40.0	40.0	True	False	False	7.627599999999999	7.627599999999999	20.373136501193883	0.3225	-0.23749251709735086	Left	0.3225	
1131591.8252	0.3225000000093132	states																																	"       state_name
id               
3   wait_for_poke"
1131592.1477	1.0574000000488013	states																																	"        state_name
id                
1   nose_in_center"
1131593.2051000001	0.001999999862164259	states																																	"   state_name
id           
5      go_cue"
1131593.2071	7.627600000007078	states																																	"            state_name
id                    
6   wait_for_side_poke"
1131600.8347	0.011500000022351742	states																																	"         state_name
id                 
4   announce_reward"
1131600.8462	0.14890000014565885	states																																	"   state_name
id           
8      reward"
1131600.9951000002	9.999983012676239e-05	states																																	"    state_name
id            
7   stop_sound"
1131601.3361	4.974099999992177	trials	1.0	2.0	5.0	1.0573942	0.0	0.15	True	7260.0	False	False	26832.0	False	Mixed	True	False	0.025	0.0	1.456747226141632	1.5	9.0													
1131601.3361	4.974099999992177	processed_trials			5.0	1.0573942					False				Mixed					1.456747226141632		9.0	40.0	40.0	True	False	False	1.4567000000000005	1.4567000000000005	20.373136501193883	2.2737	-0.1788489035344747	Left	1.3396	
1131601.3361	2.273700000019744	states																																	"       state_name
id               
3   wait_for_poke"
1131603.6098	1.0574000000488013	states																																	"        state_name
id                
1   nose_in_center"
1131604.6672	0.001999999862164259	states																																	"   state_name
id           
5      go_cue"
1131604.6692	1.4566999999806285	states																																	"            state_name
id                    
6   wait_for_side_poke"
1131606.1258999999	0.1303000000771135	states																																	"         state_name
id                 
4   announce_reward"
1131606.2562	0.053899999940767884	states																																	"   state_name
id           
8      reward"
1131606.3101	0.00010000006295740604	states																																	"    state_name
id            
7   stop_sound"
1131606.6508	22.403000000165775	trials	1.0	2.0	10.0	0.936301621412283	0.0	0.15	True	7265.0	True	False	26833.0	False	Mixed	True	False	0.025	0.0	100.0	1.5	9.0													
1131606.6508	22.403000000165775	processed_trials			10.0	0.936301621412283					True				Mixed					100.0		9.0	40.0	40.0	False	False	True	20.318800000000003	20.318800000000003	20.373136501193883	0.9458	-0.21875914054254317	Left	0.5244	
1131606.6508	0.9458000001031905	states																																	"       state_name
id               
3   wait_for_poke"
1131607.5966	0.9362999999430031	states																																	"        state_name
id                
1   nose_in_center"
1131608.5329	0.001999999862164259	states																																	"   state_name
id           
5      go_cue"
1131608.5348999999	20.318800000008196	states																																	"            state_name
id                    
6   wait_for_side_poke"
1131628.8536999999	0.20000000018626451	states																																	"   state_name
id           
0     opt_out"
1131629.0537	9.999983012676239e-05	states																																	"    state_name
id            
7   stop_sound"
1131629.3909	2.442299999995157	trials	1.0	2.0	40.0	0.9348549216569209	0.0	0.15	True	7265.0	False	False	26834.0	False	Mixed	True	False	0.025	0.0	2.6544125785483375	1.5	9.0													
1131629.3909	2.442299999995157	processed_trials			40.0	0.9348549216569209					False				Mixed					2.6544125785483375		9.0	40.0	40.0	False	True	False			20.373136501193883	0.4178	-0.2346282610638627	Left	0.4178	
1131629.3909	0.4177999999374151	states																																	"       state_name
id               
3   wait_for_poke"
1131629.8087	0.024500000057742	states																																	"        state_name
id                
1   nose_in_center"
1131629.8332	2.0	states																																	"          state_name
id                  
2   punish_violation"
1131632.1732	1.8499000000301749	trials	1.0	2.0	40.0	0.8123183749427406	0.0	0.15	True	7265.0	False	False	26835.0	False	Mixed	True	True	0.025	0.0	0.34757953893802274	1.5	9.0													
1131632.1732	1.8499000000301749	processed_trials			40.0	0.8123183749427406					False				Mixed					0.34757953893802274		9.0	40.0	40.0	True	False	False	0.34760000000000013	0.34760000000000013	20.373136501193883	0.085	-0.24463061581669435	Left	0.085	
1131632.1732	0.0849999999627471	states																																	"       state_name
id               
3   wait_for_poke"
1131632.2582	0.8123000001069158	states																																	"        state_name
id                
1   nose_in_center"
1131633.0705000001	0.001999999862164259	states																																	"   state_name
id           
5      go_cue"
1131633.0725	0.3475999999791384	states																																	"            state_name
id                    
6   wait_for_side_poke"
1131633.4201	0.32610000018030405	states																																	"         state_name
id                 
4   announce_reward"
1131633.7462000002	0.27679999987594783	states																																	"   state_name
id           
8      reward"
1131634.023	0.00010000006295740604	states																																	"    state_name
id            
7   stop_sound"
1131634.3672	7.033199999947101	trials	1.0	2.0	10.0	1.0892376083905222	0.0	0.15	True	7305.0	False	False	26836.0	False	Mixed	True	False	0.025	0.0	5.800894273527151	1.5	9.0													
1131634.3672	7.033199999947101	processed_trials			10.0	1.0892376083905222					False				Mixed					5.800894273527151		9.0	40.0	40.0	False	True	False			20.373136501193883	4.8038	-0.10280636218790179	Right	0.9841000000000002	
1131634.3672	4.803800000110641	states																																	"       state_name
id               
3   wait_for_poke"
1131639.171	0.22929999977350235	states																																	"        state_name
id                
1   nose_in_center"
1131639.4002999999	2.0	states																																	"          state_name
id                  
2   punish_violation"
1131641.7378	20.458300000056624	trials	1.0	2.0	10.0	0.9755416987461685	0.0	0.15	True	7305.0	True	False	26837.0	False	Mixed	True	True	0.025	0.0	100.0	1.5	9.0													
1131641.7378	20.458300000056624	processed_trials			10.0	0.9755416987461685					True				Mixed					100.0		9.0	40.0	40.0	False	False	True	18.360300000000002	18.360300000000002	20.373136501193883	0.9204	-0.21952254141610666	Left	0.9204	
1131641.7378	0.9203999999444932	states																																	"       state_name
id               
3   wait_for_poke"
1131642.6582	0.975499999942258	states																																	"        state_name
id                
1   nose_in_center"
1131643.6337	0.0020000000949949026	states																																	"   state_name
id           
5      go_cue"
1131643.6357	18.360300000058487	states																																	"            state_name
id                    
6   wait_for_side_poke"
1131661.996	0.19999999995343387	states																																	"   state_name
id           
0     opt_out"
1131662.196	0.00010000006295740604	states																																	"    state_name
id            
7   stop_sound"
1131662.5385	3.2279999998863786	trials	1.0	2.0	5.0	1.079474125085422	0.0	0.15	True	7305.0	False	False	26838.0	False	Low	True	False	0.025	0.0	1.330305104128171	1.5	9.0													
1131662.5385	3.2279999998863786	processed_trials			5.0	1.079474125085422					False				Low					1.330305104128171		9.0	40.0	40.0	True	False	False	1.3302999999999998	1.3302999999999998	20.373136501193883	0.2727	-0.2389892636919753	Left	0.2727	
1131662.5385	0.2727000000886619	states																																	"       state_name
id               
3   wait_for_poke"
1131662.8112	1.0794999999925494	states																																	"        state_name
id                
1   nose_in_center"
1131663.8907	0.001999999862164259	states																																	"   state_name
id           
5      go_cue"
1131663.8927	1.3303000000305474	states																																	"            state_name
id                    
6   wait_for_side_poke"
1131665.223	0.48950000014156103	states																																	"         state_name
id                 
4   announce_reward"
1131665.7125000001	0.053899999940767884	states																																	"   state_name
id           
8      reward"
1131665.7664	9.999983012676239e-05	states																																	"    state_name
id            
7   stop_sound"
1131666.1098	3.109500000020489	trials	1.0	2.0	5.0	0.80058922984235	0.0	0.15	True	7310.0	False	False	26839.0	False	Low	True	False	0.025	0.0	4.15742700305031	1.5	9.0													
1131666.1098	3.109500000020489	processed_trials			5.0	0.80058922984235					False				Low					4.15742700305031		9.0	40.0	40.0	False	True	False			20.373136501193883	0.9	-0.22013566652715763	Left	0.546	
1131666.1098	0.8999999999068677	states																																	"       state_name
id               
3   wait_for_poke"
1131667.0097999999	0.20950000011362135	states																																	"        state_name
id                
1   nose_in_center"
1131667.2193	2.0	states																																	"          state_name
id                  
2   punish_violation"
1131669.5602	6.376200000056997	trials	1.0	2.0	5.0	1.1054277531671082	0.0	0.15	True	7310.0	False	False	26840.0	False	Low	True	True	0.025	0.0	0.5819197317638091	1.5	9.0													
1131669.5602	6.376200000056997	processed_trials			5.0	1.1054277531671082					False				Low					0.5819197317638091		9.0	40.0	40.0	False	True	False			20.373136501193883	3.5269	-0.14118378641834287	Left	3.5269	
1131669.5602	3.5268999999389052	states																																	"       state_name
id               
3   wait_for_poke"
1131673.0871	0.8493000001180917	states																																	"        state_name
id                
1   nose_in_center"
1131673.9364	2.0	states																																	"          state_name
id                  
2   punish_violation"
1131676.2791	122.59090000018477	trials	1.0	2.0	5.0	0.9627836987437652	0.0	0.15	True	7310.0	False	False	26841.0	False	Low	True	True	0.025	0.0	0.735053682741979	1.5	9.0													
1131676.2791	122.59090000018477	processed_trials			5.0	0.9627836987437652					False				Low					0.735053682741979		9.0	40.0	40.0	True	False	False	0.7350999999999885	0.7350999999999885	20.373136501193883	120.62230000000001	3.3781363179227863	Right	120.62230000000001	
1131676.2791	120.62229999992996	states																																	"       state_name
id               
3   wait_for_poke"
1131796.9013999999	0.96280000009574	states																																	"        state_name
id                
1   nose_in_center"
1131797.8642	0.001999999862164259	states																																	"   state_name
id           
5      go_cue"
1131797.8661999998	0.7351000001654029	states																																	"            state_name
id                    
6   wait_for_side_poke"
1131798.6013	0.21019999985583127	states																																	"         state_name
id                 
4   announce_reward"
1131798.8114999998	0.05839999997988343	states																																	"   state_name
id           
8      reward"
1131798.8698999998	0.00010000006295740604	states																																	"    state_name
id            
7   stop_sound"
1131799.2163	4.520800000056624	trials	1.0	2.0	5.0	0.9083249778149396	0.0	0.15	True	7315.0	False	False	26842.0	False	Low	True	False	0.025	0.0	2.1802728615752915	1.5	9.0													
1131799.2163	4.520800000056624	processed_trials			5.0	0.9083249778149396					False				Low					2.1802728615752915		9.0	40.0	40.0	False	True	False			20.373136501193883	2.4686999999999997	-0.17298814879648736	Left	0.9825999999999997	
1131799.2163	2.4687000000849366	states																																	"       state_name
id               
3   wait_for_poke"
1131801.685	0.05199999990873039	states																																	"        state_name
id                
1   nose_in_center"
1131801.737	2.0	states																																	"          state_name
id                  
2   punish_violation"
1131804.0847	17.692800000077114	trials	1.0	2.0	5.0	1.1340170402151857	0.0	0.15	True	7315.0	False	False	26843.0	False	Low	True	True	0.025	0.0	7.389286908625242	1.5	9.0													
1131804.0847	17.692800000077114	processed_trials			5.0	1.1340170402151857					False				Low					7.389286908625242		9.0	40.0	40.0	True	False	False	7.389299999999999	7.389299999999999	20.373136501193883	8.3143	0.0027022506721211623	Left	8.3143	
1131804.0847	8.31429999996908	states																																	"       state_name
id               
3   wait_for_poke"
1131812.399	1.134000000078231	states																																	"        state_name
id                
1   nose_in_center"
1131813.533	0.001999999862164259	states																																	"   state_name
id           
5      go_cue"
1131813.535	7.389300000155345	states																																	"            state_name
id                    
6   wait_for_side_poke"
1131820.9243	0.7992000000085682	states																																	"         state_name
id                 
4   announce_reward"
1131821.7235	0.053899999940767884	states																																	"   state_name
id           
8      reward"
1131821.7774	0.00010000006295740604	states																																	"    state_name
id            
7   stop_sound"
1131822.1286	2.8797000001650304	trials	1.0	2.0	10.0	0.8889651780244526	0.0	0.15	True	7320.0	False	False	26844.0	False	Low	True	False	0.025	0.0	0.4074609127081618	1.5	9.0													
1131822.1286	2.8797000001650304	processed_trials			10.0	0.8889651780244526					False				Low					0.4074609127081618		9.0	40.0	40.0	True	False	False	0.4075000000000002	0.4075000000000002	20.373136501193883	1.1753	-0.21186148304321964	Left	0.5939	
1131822.1286	1.1753000000026077	states																																	"       state_name
id               
3   wait_for_poke"
1131823.3039	0.8889999999664724	states																																	"        state_name
id                
1   nose_in_center"
1131824.1929	0.0020000000949949026	states																																	"   state_name
id           
5      go_cue"
1131824.1949	0.4074999999720603	states																																	"            state_name
id                    
6   wait_for_side_poke"
1131824.6024	0.3203999998513609	states																																	"         state_name
id                 
4   announce_reward"
1131824.9227999998	0.08540000021457672	states																																	"   state_name
id           
8      reward"
1131825.0082	9.999983012676239e-05	states																																	"    state_name
id            
7   stop_sound"
1131825.3576	5.603399999905378	trials	1.0	2.0	10.0	1.1313072646555908	0.0	0.15	True	7330.0	False	False	26845.0	False	Low	True	False	0.025	0.0	1.4719933378707906	1.5	9.0													
1131825.3576	5.603399999905378	processed_trials			10.0	1.1313072646555908					False				Low					1.4719933378707906		9.0	40.0	40.0	True	False	False	1.4720000000000004	1.4720000000000004	20.373136501193883	2.8603	-0.1612185510765087	Left	0.7904999999999998	
1131825.3576	2.860300000058487	states																																	"       state_name
id               
3   wait_for_poke"
1131828.2179	1.1313000000081956	states																																	"        state_name
id                
1   nose_in_center"
1131829.3492	0.001999999862164259	states																																	"   state_name
id           
5      go_cue"
1131829.3512	1.4720000000670552	states																																	"            state_name
id                    
6   wait_for_side_poke"
1131830.8232	0.052300000097602606	states																																	"         state_name
id                 
4   announce_reward"
1131830.8755	0.08539999998174608	states																																	"   state_name
id           
8      reward"
1131830.9609	9.999983012676239e-05	states																																	"    state_name
id            
7   stop_sound"
1131831.3169	3.5231999999377877	trials	1.0	2.0	20.0	1.034364406796848	0.0	0.15	True	7340.0	False	False	26846.0	False	Low	True	False	0.025	0.0	0.9504239269913412	1.5	9.0													
1131831.3169	3.5231999999377877	processed_trials			20.0	1.034364406796848					False				Low					0.9504239269913412		9.0	40.0	40.0	True	False	False	0.9504000000000001	0.9504000000000001	20.373136501193883	1.3563	-0.2064215004402673	Left	0.6729	
1131831.3169	1.356300000101328	states																																	"       state_name
id               
3   wait_for_poke"
1131832.6732	1.0344000000040978	states																																	"        state_name
id                
1   nose_in_center"
1131833.7076	0.001999999862164259	states																																	"   state_name
id           
5      go_cue"
1131833.7096	0.9503999999724329	states																																	"            state_name
id                    
6   wait_for_side_poke"
1131834.66	0.030999999959021807	states																																	"         state_name
id                 
4   announce_reward"
1131834.6909999999	0.14890000014565885	states																																	"   state_name
id           
8      reward"
1131834.8399	0.00010000006295740604	states																																	"    state_name
id            
7   stop_sound"
1131835.1901	5.686900000087917	trials	1.0	2.0	5.0	1.0343644	0.0	0.15	True	7360.0	False	False	26847.0	False	Low	True	False	0.025	0.0	0.9553481411889414	1.5	9.0													
1131835.1901	5.686900000087917	processed_trials			5.0	1.0343644					False				Low					0.9553481411889414		9.0	40.0	40.0	False	True	False			20.373136501193883	3.4551999999999996	-0.14333874085277204	Left	1.4862999999999995	
1131835.1901	3.45519999996759	states																																	"       state_name
id               
3   wait_for_poke"
1131838.6453	0.23170000012032688	states																																	"        state_name
id                
1   nose_in_center"
1131838.877	2.0	states																																	"          state_name
id                  
2   punish_violation"
1131841.224	2.487100000027567	trials	1.0	2.0	5.0	1.0736563523204683	0.0	0.15	True	7360.0	False	False	26848.0	False	Low	True	True	0.025	0.0	3.573401950260926	1.5	9.0													
1131841.224	2.487100000027567	processed_trials			5.0	1.0736563523204683					False				Low					3.573401950260926		9.0	40.0	40.0	False	True	False			20.373136501193883	0.3266	-0.2373692909720906	Left	0.3266	
1131841.224	0.3266000000294298	states																																	"       state_name
id               
3   wait_for_poke"
1131841.5506	0.16049999999813735	states																																	"        state_name
id                
1   nose_in_center"
1131841.7111	2.0	states																																	"          state_name
id                  
2   punish_violation"
1131844.0616	11.034400000004098	trials	1.0	2.0	5.0	1.0736564	0.0	0.15	True	7360.0	False	False	26849.0	False	Low	True	True	0.025	0.0	2.7360918370202754	1.5	9.0													
1131844.0616	11.034400000004098	processed_trials			5.0	1.0736564					False				Low					2.7360918370202754		9.0	40.0	40.0	False	True	False			20.373136501193883	9.010200000000001	0.023617631298610314	Left	9.010200000000001	
1131844.0616	9.010199999902397	states																																	"       state_name
id               
3   wait_for_poke"
1131853.0717999998	0.024200000101700425	states																																	"        state_name
id                
1   nose_in_center"
1131853.096	2.0	states																																	"          state_name
id                  
2   punish_violation"
1131855.4508	50.21240000007674	trials	1.0	2.0	5.0	0.863771767615622	0.0	0.15	True	7360.0	False	False	26850.0	False	Low	True	True	0.025	0.0	1.2898740716858388	1.5	9.0													
1131855.4508	50.21240000007674	processed_trials			5.0	0.863771767615622					False				Low					1.2898740716858388		9.0	40.0	40.0	True	False	False	1.2898999999999958	1.2898999999999958	20.373136501193883	47.4613	1.1792713056874522	Right	47.4613	
1131855.4508	47.4613000000827	states																																	"       state_name
id               
3   wait_for_poke"
1131902.9121	0.8637999999336898	states																																	"        state_name
id                
1   nose_in_center"
1131903.7759	0.0020000000949949026	states																																	"   state_name
id           
5      go_cue"
1131903.7779	1.2898999999742955	states																																	"            state_name
id                    
6   wait_for_side_poke"
1131905.0678	0.5368999999482185	states																																	"         state_name
id                 
4   announce_reward"
1131905.6047	0.05839999997988343	states																																	"   state_name
id           
8      reward"
1131905.6631	0.00010000006295740604	states																																	"    state_name
id            
7   stop_sound"
1131906.0151	5.1687000000383705	trials	1.0	2.0	20.0	1.0698483983991842	0.0	0.15	True	7365.0	False	False	26851.0	False	Low	True	False	0.025	0.0	0.3196243117190868	1.5	9.0													
1131906.0151	5.1687000000383705	processed_trials			20.0	1.0698483983991842					False				Low					0.3196243117190868		9.0	40.0	40.0	False	True	False			20.373136501193883	2.985	-0.1574706735594471	Right	1.7879	
1131906.0151	2.9850000001024455	states																																	"       state_name
id               
3   wait_for_poke"
1131909.0001	0.183699999935925	states																																	"        state_name
id                
1   nose_in_center"
1131909.1838	2.0	states																																	"          state_name
id                  
2   punish_violation"
1131911.5383	99.63990000006743	trials	1.0	2.0	20.0	0.9322290553208972	0.0	0.15	True	7365.0	True	False	26852.0	False	Low	True	True	0.025	0.0	100.0	1.5	9.0													
1131911.5383	99.63990000006743	processed_trials			20.0	0.9322290553208972					True				Low					100.0		9.0	40.0	40.0	False	False	True		95.00930000000001	20.373136501193883	3.4963	-0.14210347408491933	Left	3.4963	
1131911.5383	3.4962999999988824	states																																	"       state_name
id               
3   wait_for_poke"
1131915.0346	0.9321999999228865	states																																	"        state_name
id                
1   nose_in_center"
1131915.9667999998	0.0020000000949949026	states																																	"   state_name
id           
5      go_cue"
1131915.9688	95.00930000003427	states																																	"            state_name
id                    
6   wait_for_side_poke"
1132010.9781	0.19999999995343387	states																																	"   state_name
id           
0     opt_out"
1132011.1781	0.00010000006295740604	states																																	"    state_name
id            
7   stop_sound"
1132011.5333	3.2231000000610948	trials	1.0	2.0	20.0	1.0390558473918508	0.0	0.15	True	7365.0	False	False	26853.0	False	Low	True	False	0.025	0.0	0.7741863198778576	1.5	9.0													
1132011.5333	3.2231000000610948	processed_trials			20.0	1.0390558473918508					False				Low					0.7741863198778576		9.0	40.0	40.0	False	True	False			20.373136501193883	0.3695	-0.23607992492973337	Right	0.3695	
1132011.5333	0.3695000000298023	states																																	"       state_name
id               
3   wait_for_poke"
1132011.9028	0.8536000000312924	states																																	"        state_name
id                
1   nose_in_center"
1132012.7564	2.0	states																																	"          state_name
id                  
2   punish_violation"
1132015.1087	139.8652000001166	trials	1.0	2.0	20.0	1.1507451586514368	0.0	0.15	True	7365.0	True	False	26854.0	False	Low	True	True	0.025	0.0	100.0	1.5	9.0													
1132015.1087	139.8652000001166	processed_trials			20.0	1.1507451586514368					True				Low					100.0		9.0	40.0	40.0	False	False	True	8.86439999999999	8.86439999999999	20.373136501193883	129.648	3.6494051078645917	Left	129.648	
1132015.1087	129.6480000000447	states																																	"       state_name
id               
3   wait_for_poke"
1132144.7567	1.1506999998819083	states																																	"        state_name
id                
1   nose_in_center"
1132145.9074	0.0020000000949949026	states																																	"   state_name
id           
5      go_cue"
1132145.9094	8.864400000078604	states																																	"            state_name
id                    
6   wait_for_side_poke"
1132154.7738	0.19999999995343387	states																																	"   state_name
id           
0     opt_out"
1132154.9738	9.999983012676239e-05	states																																	"    state_name
id            
7   stop_sound"
1132155.331	2.754600000102073	trials	1.0	2.0	5.0	0.8025018292140982	0.0	0.15	True	7365.0	True	False	26855.0	False	Low	True	False	0.025	0.0	100.0	1.5	9.0													
1132155.331	2.754600000102073	processed_trials			5.0	0.8025018292140982					True				Low					100.0		9.0	40.0	40.0	False	True	False			20.373136501193883	0.6852999999999999	-0.2265885077694442	Left	0.6852999999999999	
1132155.331	0.6853000000119209	states																																	"       state_name
id               
3   wait_for_poke"
1132156.0163	0.06930000009015203	states																																	"        state_name
id                
1   nose_in_center"
1132156.0856	2.0	states																																	"          state_name
id                  
2   punish_violation"
1132158.4443	4.686599999899045	trials	1.0	2.0	5.0	0.8907628387363409	0.0	0.15	True	7365.0	True	False	26856.0	False	Low	True	True	0.025	0.0	100.0	1.5	9.0													
1132158.4443	4.686599999899045	processed_trials			5.0	0.8907628387363409					True				Low					100.0		9.0	40.0	40.0	False	False	True	0.7896000000000001	0.7896000000000001	20.373136501193883	2.8041	-0.16290765064714915	Left	2.8041	
1132158.4443	2.8041000000666827	states																																	"       state_name
id               
3   wait_for_poke"
1132161.2484000002	0.8907999999355525	states																																	"        state_name
id                
1   nose_in_center"
1132162.1392	0.0020000000949949026	states																																	"   state_name
id           
5      go_cue"
1132162.1412000002	0.7896000000182539	states																																	"            state_name
id                    
6   wait_for_side_poke"
1132162.9308000002	0.19999999995343387	states																																	"   state_name
id           
0     opt_out"
1132163.1308000002	9.999983012676239e-05	states																																	"    state_name
id            
7   stop_sound"
1132163.4915	4.765099999960512	trials	1.0	2.0	20.0	1.16061327299573	0.0	0.15	True	7365.0	False	False	26857.0	False	Low	True	False	0.025	0.0	6.276966365859065	1.5	9.0													
1132163.4915	4.765099999960512	processed_trials			20.0	1.16061327299573					False				Low					6.276966365859065		9.0	40.0	40.0	False	True	False			20.373136501193883	2.5279000000000003	-0.1712088837683394	Right	2.5279000000000003	
1132163.4915	2.527900000102818	states																																	"       state_name
id               
3   wait_for_poke"
1132166.0194	0.2371999998576939	states																																	"        state_name
id                
1   nose_in_center"
1132166.2566	2.0	states																																	"          state_name
id                  
2   punish_violation"
1132168.6204	2.8937000001315027	trials	1.0	2.0	20.0	1.186552136529804	0.0	0.15	True	7365.0	False	False	26858.0	False	Low	True	True	0.025	0.0	3.1183369296922336	1.5	9.0													
1132168.6204	2.8937000001315027	processed_trials			20.0	1.186552136529804					False				Low					3.1183369296922336		9.0	40.0	40.0	False	True	False			20.373136501193883	0.7842	-0.22361605318694702	Right	0.7842	
1132168.6204	0.7842000001110137	states																																	"       state_name
id               
3   wait_for_poke"
1132169.4046	0.10949999978765845	states																																	"        state_name
id                
1   nose_in_center"
1132169.5140999998	2.0	states																																	"          state_name
id                  
2   punish_violation"
1132171.8695	16.256999999983236	trials	1.0	2.0	20.0	1.1865521	0.0	0.15	True	7365.0	False	False	26859.0	False	Low	True	True	0.025	0.0	0.5418023410512153	1.5	9.0													
1132171.8695	16.256999999983236	processed_trials			20.0	1.1865521					False				Low					0.5418023410512153		9.0	40.0	40.0	True	False	False	0.5417999999999985	0.5417999999999985	20.373136501193883	14.2881	0.1822457206915501	Left	14.2881	
1132171.8695	14.288100000005215	states																																	"       state_name
id               
3   wait_for_poke"
1132186.1576	1.1865999998990446	states																																	"        state_name
id                
1   nose_in_center"
1132187.3442	0.0020000000949949026	states																																	"   state_name
id           
5      go_cue"
1132187.3462	0.541800000006333	states																																	"            state_name
id                    
6   wait_for_side_poke"
1132187.888	0.08950000000186265	states																																	"         state_name
id                 
4   announce_reward"
1132187.9775	0.1488999999128282	states																																	"   state_name
id           
8      reward"
1132188.1264	0.00010000006295740604	states																																	"    state_name
id            
7   stop_sound"
1132188.4856	7.706800000043586	trials	1.0	2.0	20.0	0.88425915341894	0.0	0.15	True	7385.0	False	False	26860.0	False	Low	True	False	0.025	0.0	2.976132187194047	1.5	9.0													
1132188.4856	7.706800000043586	processed_trials			20.0	0.88425915341894					False				Low					2.976132187194047		9.0	40.0	40.0	True	False	False	2.9761000000000006	2.9761000000000006	20.373136501193883	3.3886	-0.14534041400943845	Right	1.2145000000000001	
1132188.4856	3.3885999999474734	states																																	"       state_name
id               
3   wait_for_poke"
1132191.8742	0.8843000000342727	states																																	"        state_name
id                
1   nose_in_center"
1132192.7585	0.0020000000949949026	states																																	"   state_name
id           
5      go_cue"
1132192.7605	2.976099999854341	states																																	"            state_name
id                    
6   wait_for_side_poke"
1132195.7366	0.2971000000834465	states																																	"         state_name
id                 
4   announce_reward"
1132196.0337	0.15859999996609986	states																																	"   state_name
id           
8      reward"
1132196.1923	0.00010000006295740604	states																																	"    state_name
id            
7   stop_sound"
1132196.5568	4.285400000168011	trials	1.0	2.0	5.0	0.9234564730250308	0.0	0.15	True	7405.0	True	False	26861.0	False	Low	True	False	0.025	0.0	100.0	1.5	9.0													
1132196.5568	4.285400000168011	processed_trials			5.0	0.9234564730250308					True				Low					100.0		9.0	40.0	40.0	False	True	False			20.373136501193883	2.1502	-0.1825607148685333	Left	1.5389	
1132196.5568	2.1502000000327826	states																																	"       state_name
id               
3   wait_for_poke"
1132198.707	0.1351999999023974	states																																	"        state_name
id                
1   nose_in_center"
1132198.8421999998	2.0	states																																	"          state_name
id                  
2   punish_violation"
1132201.207	2.2147000001277775	trials	1.0	2.0	5.0	0.8727783309266199	0.0	0.15	True	7405.0	False	False	26862.0	False	Low	True	True	0.025	0.0	0.5983156998777849	1.5	9.0													
1132201.207	2.2147000001277775	processed_trials			5.0	0.8727783309266199					False				Low					0.5983156998777849		9.0	40.0	40.0	True	False	False	0.5983	0.5983	20.373136501193883	0.5911000000000001	-0.2294197031351796	Left	0.5911000000000001	
1132201.207	0.5911000000778586	states																																	"       state_name
id               
3   wait_for_poke"
1132201.7981	0.8728000000119209	states																																	"        state_name
id                
1   nose_in_center"
1132202.6709	0.001999999862164259	states																																	"   state_name
id           
5      go_cue"
1132202.6729	0.5982999999541789	states																																	"            state_name
id                    
6   wait_for_side_poke"
1132203.2711999998	0.09649999998509884	states																																	"         state_name
id                 
4   announce_reward"
1132203.3676999998	0.05390000017359853	states																																	"   state_name
id           
8      reward"
1132203.4216	9.999983012676239e-05	states																																	"    state_name
id            
7   stop_sound"
1132203.7864	4.777599999913946	trials	1.0	2.0	20.0	0.9128149921877212	0.0	0.15	True	7410.0	False	False	26863.0	False	Low	True	False	0.025	0.0	1.518576019866491	1.5	9.0													
1132203.7864	4.777599999913946	processed_trials			20.0	0.9128149921877212					False				Low					1.518576019866491		9.0	40.0	40.0	True	False	False	1.5185999999999997	1.5185999999999997	20.373136501193883	1.9805	-0.18766107424820738	Right	0.7262	
1132203.7864	1.98050000006333	states																																	"       state_name
id               
3   wait_for_poke"
1132205.7669000002	0.9128000000491738	states																																	"        state_name
id                
1   nose_in_center"
1132206.6797000002	0.001999999862164259	states																																	"   state_name
id           
5      go_cue"
1132206.6817	1.5186000000685453	states																																	"            state_name
id                    
6   wait_for_side_poke"
1132208.2003000001	0.20499999984167516	states																																	"         state_name
id                 
4   announce_reward"
1132208.4053	0.1586000001989305	states																																	"   state_name
id           
8      reward"
1132208.5639000002	9.999983012676239e-05	states																																	"    state_name
id            
7   stop_sound"
1132208.9352	4.986200000159442	trials	1.0	2.0	5.0	1.1198253346433034	0.0	0.15	True	7430.0	False	False	26864.0	False	Low	True	False	0.025	0.0	1.3446285454448548	1.5	9.0													
1132208.9352	4.986200000159442	processed_trials			5.0	1.1198253346433034					False				Low					1.3446285454448548		9.0	40.0	40.0	False	True	False			20.373136501193883	2.848	-0.16158822945228946	Left	1.4102999999999999	
1132208.9352	2.8479999999981374	states																																	"       state_name
id               
3   wait_for_poke"
1132211.7832	0.13819999992847443	states																																	"        state_name
id                
1   nose_in_center"
1132211.9213999999	2.0	states																																	"          state_name
id                  
2   punish_violation"
1132214.2824	10.107400000095367	trials	1.0	2.0	5.0	1.1198253	0.0	0.15	True	7430.0	False	False	26865.0	False	Low	True	True	0.025	0.0	1.3446285	1.5	9.0													
1132214.2824	10.107400000095367	processed_trials			5.0	1.1198253					False				Low					1.3446285		9.0	40.0	40.0	True	False	False	1.3445999999999998	1.3445999999999998	20.373136501193883	7.4049	-0.02462990501365148	Right	7.4049	
1132214.2824	7.404899999964982	states																																	"       state_name
id               
3   wait_for_poke"
1132221.6872999999	1.119799999985844	states																																	"        state_name
id                
1   nose_in_center"
1132222.8070999999	0.0020000000949949026	states																																	"   state_name
id           
5      go_cue"
1132222.8091	1.3445999999530613	states																																	"            state_name
id                    
6   wait_for_side_poke"
1132224.1537	0.17760000005364418	states																																	"         state_name
id                 
4   announce_reward"
1132224.3313	0.05839999997988343	states																																	"   state_name
id           
8      reward"
1132224.3897	0.00010000006295740604	states																																	"    state_name
id            
7   stop_sound"
1132224.7604	8.983100000070408	trials	1.0	2.0	10.0	1.125533499399125	0.0	0.15	True	7435.0	False	False	26866.0	False	Low	True	False	0.025	0.0	4.548648953197506	1.5	9.0													
1132224.7604	8.983100000070408	processed_trials			10.0	1.125533499399125					False				Low					4.548648953197506		9.0	40.0	40.0	True	False	False	4.5485999999999995	4.5485999999999995	20.373136501193883	2.4972	-0.17213157695016615	Right	1.1582999999999997	
1132224.7604	2.497200000099838	states																																	"       state_name
id               
3   wait_for_poke"
1132227.2576000001	1.1254999998491257	states																																	"        state_name
id                
1   nose_in_center"
1132228.3831	0.0020000000949949026	states																																	"   state_name
id           
5      go_cue"
1132228.3851	4.548599999863654	states																																	"            state_name
id                    
6   wait_for_side_poke"
1132232.9337	0.7180000001098961	states																																	"         state_name
id                 
4   announce_reward"
1132233.6517	0.09169999998994172	states																																	"   state_name
id           
8      reward"
1132233.7434	0.00010000006295740604	states																																	"    state_name
id            
7   stop_sound"
1132234.1164	3.495100000174716	trials	1.0	2.0	10.0	1.1335542786357646	0.0	0.15	True	7445.0	False	False	26867.0	False	Low	True	False	0.025	0.0	0.2948815553210248	1.5	9.0													
1132234.1164	3.495100000174716	processed_trials			10.0	1.1335542786357646					False				Low					0.2948815553210248		9.0	40.0	40.0	False	True	False			20.373136501193883	1.4753	-0.20284493729246994	Right	0.9523	
1132234.1164	1.4753000000491738	states																																	"       state_name
id               
3   wait_for_poke"
1132235.5917	0.01979999989271164	states																																	"        state_name
id                
1   nose_in_center"
1132235.6114999999	2.0	states																																	"          state_name
id                  
2   punish_violation"
1132237.9785	3.262400000123307	trials	1.0	2.0	10.0	1.1335543	0.0	0.15	True	7445.0	False	False	26868.0	False	Low	True	True	0.025	0.0	0.17124007338034292	1.5	9.0													
1132237.9785	3.262400000123307	processed_trials			10.0	1.1335543					False				Low					0.17124007338034292		9.0	40.0	40.0	False	True	False			20.373136501193883	0.5353	-0.23109678064481903	Right	0.5353	
1132237.9785	0.5353000001050532	states																																	"       state_name
id               
3   wait_for_poke"
1132238.5138	0.7270999997854233	states																																	"        state_name
id                
1   nose_in_center"
1132239.2408999999	2.0	states																																	"          state_name
id                  
2   punish_violation"
1132241.613	10.46390000008978	trials	1.0	2.0	10.0	0.8081436469515987	0.0	0.15	True	7445.0	False	False	26869.0	False	Low	True	True	0.025	0.0	0.0010898792427490437	1.5	9.0													
1132241.613	10.46390000008978	processed_trials			10.0	0.8081436469515987					False				Low					0.0010898792427490437		9.0	40.0	40.0	True	False	False	0.001100000000000989	0.001100000000000989	20.373136501193883	8.5912	0.011024522400063191	Right	8.5912	
1132241.613	8.591199999907985	states																																	"       state_name
id               
3   wait_for_poke"
1132250.2041999998	0.8081000000238419	states																																	"        state_name
id                
1   nose_in_center"
1132251.0122999998	0.0020000000949949026	states																																	"   state_name
id           
5      go_cue"
1132251.0143	0.0010999999940395355	states																																	"            state_name
id                    
6   wait_for_side_poke"
1132251.0154	0.9697000000160187	states																																	"         state_name
id                 
4   announce_reward"
1132251.9851	0.09169999998994172	states																																	"   state_name
id           
8      reward"
1132252.0768	0.00010000006295740604	states																																	"    state_name
id            
7   stop_sound"
1132252.4465	3.287400000030175	trials	1.0	2.0	5.0	1.1065699173252264	0.0	0.15	True	7455.0	False	False	26870.0	False	Low	True	False	0.025	0.0	2.4056917474357187	1.5	9.0													
1132252.4465	3.287400000030175	processed_trials			5.0	1.1065699173252264					False				Low					2.4056917474357187		9.0	40.0	40.0	False	True	False			20.373136501193883	1.1927	-0.21133852338967615	Left	0.8372000000000002	
1132252.4465	1.192700000014156	states																																	"       state_name
id               
3   wait_for_poke"
1132253.6392	0.09470000001601875	states																																	"        state_name
id                
1   nose_in_center"
1132253.7339	2.0	states																																	"          state_name
id                  
2   punish_violation"
1132256.099	71.07539999997243	trials	1.0	2.0	5.0	1.1741889975468958	0.0	0.15	True	7455.0	False	False	26871.0	False	Low	True	True	0.025	0.0	2.4056917	1.5	9.0													
1132256.099	71.07539999997243	processed_trials			5.0	1.1741889975468958					False				Low					2.4056917		9.0	40.0	40.0	True	False	False	2.405699999999996	2.405699999999996	20.373136501193883	67.30539999999999	1.7756887574622937	Left	67.30539999999999	
1132256.099	67.3053999999538	states																																	"       state_name
id               
3   wait_for_poke"
1132323.4043999999	1.1742000000085682	states																																	"        state_name
id                
1   nose_in_center"
1132324.5786	0.0020000000949949026	states																																	"   state_name
id           
5      go_cue"
1132324.5806	2.4057000000029802	states																																	"            state_name
id                    
6   wait_for_side_poke"
1132326.9863	0.13409999990835786	states																																	"         state_name
id                 
4   announce_reward"
1132327.1204	0.053899999940767884	states																																	"   state_name
id           
8      reward"
1132327.1742999998	0.00010000006295740604	states																																	"    state_name
id            
7   stop_sound"
1132327.5461	3.5413000001572073	trials	1.0	2.0	10.0	0.8552780385300633	0.0	0.15	True	7460.0	False	False	26872.0	False	Low	True	False	0.025	0.0	0.6097173184512616	1.5	9.0													
1132327.5461	3.5413000001572073	processed_trials			10.0	0.8552780385300633					False				Low					0.6097173184512616		9.0	40.0	40.0	False	True	False			20.373136501193883	1.3720999999999999	-0.20594662903072783	Right	0.5305999999999998	
1132327.5461	1.3721000000368804	states																																	"       state_name
id               
3   wait_for_poke"
1132328.9182	0.16919999988749623	states																																	"        state_name
id                
1   nose_in_center"
1132329.0873999998	2.0	states																																	"          state_name
id                  
2   punish_violation"
1132331.4578	7.228799999924377	trials	1.0	2.0	10.0	0.872227303670566	0.0	0.15	True	7460.0	False	False	26873.0	False	Low	True	True	0.025	0.0	2.158733503244119	1.5	9.0													
1132331.4578	7.228799999924377	processed_trials			10.0	0.872227303670566					False				Low					2.158733503244119		9.0	40.0	40.0	True	False	False	2.1587000000000005	2.1587000000000005	20.373136501193883	3.9762	-0.12768000639897	Left	3.9762	
1132331.4578	3.9761999999172986	states																																	"       state_name
id               
3   wait_for_poke"
1132335.434	0.8722000000998378	states																																	"        state_name
id                
1   nose_in_center"
1132336.3062	0.0020000000949949026	states																																	"   state_name
id           
5      go_cue"
1132336.3082	2.1586999997962266	states																																	"            state_name
id                    
6   wait_for_side_poke"
1132338.4668999999	0.1341000001411885	states																																	"         state_name
id                 
4   announce_reward"
1132338.601	0.08539999998174608	states																																	"   state_name
id           
8      reward"
1132338.6864	0.00010000006295740604	states																																	"    state_name
id            
7   stop_sound"
1132339.0583	4.543500000145286	trials	1.0	2.0	20.0	1.1626324298543915	0.0	0.15	True	7470.0	False	False	26874.0	False	Low	True	False	0.025	0.0	2.009187026576463	1.5	9.0													
1132339.0583	4.543500000145286	processed_trials			20.0	1.1626324298543915					False				Low					2.009187026576463		9.0	40.0	40.0	False	True	False			20.373136501193883	2.2497	-0.17957022719453467	Right	0.9376999999999998	
1132339.0583	2.2497000000439584	states																																	"       state_name
id               
3   wait_for_poke"
1132341.308	0.29379999986849725	states																																	"        state_name
id                
1   nose_in_center"
1132341.6017999998	2.0	states																																	"          state_name
id                  
2   punish_violation"
1132343.9743	3.2742000001017004	trials	1.0	2.0	20.0	1.1626324	0.0	0.15	True	7470.0	True	False	26875.0	False	Low	True	True	0.025	0.0	100.0	1.5	9.0													
1132343.9743	3.2742000001017004	processed_trials			20.0	1.1626324					True				Low					100.0		9.0	40.0	40.0	False	True	False			20.373136501193883	0.124	-0.2434584648690969	Right	0.124	
1132343.9743	0.12400000006891787	states																																	"       state_name
id               
3   wait_for_poke"
1132344.0983	1.1502000000327826	states																																	"        state_name
id                
1   nose_in_center"
1132345.2485	2.0	states																																	"          state_name
id                  
2   punish_violation"
1132347.6249	28.76300000003539	trials	1.0	2.0	20.0	1.1046016273709052	0.0	0.15	True	7470.0	False	False	26876.0	False	Low	True	True	0.025	0.0	3.507508985704963	1.5	9.0													
1132347.6249	28.76300000003539	processed_trials			20.0	1.1046016273709052					False				Low					3.507508985704963		9.0	40.0	40.0	True	False	False	3.5075000000000003	3.5075000000000003	20.373136501193883	23.849700000000002	0.4696210668594452	Right	23.849700000000002	
1132347.6249	23.84969999990426	states																																	"       state_name
id               
3   wait_for_poke"
1132371.4745999998	1.1046000001952052	states																																	"        state_name
id                
1   nose_in_center"
1132372.5792	0.001999999862164259	states																																	"   state_name
id           
5      go_cue"
1132372.5812	3.5075000000651926	states																																	"            state_name
id                    
6   wait_for_side_poke"
1132376.0887	0.1404999999795109	states																																	"         state_name
id                 
4   announce_reward"
1132376.2292	0.15859999996609986	states																																	"   state_name
id           
8      reward"
1132376.3878	0.00010000006295740604	states																																	"    state_name
id            
7   stop_sound"
1132376.7639	5.18210000009276	trials	1.0	2.0	20.0	1.0894485434257803	0.0	0.15	True	7490.0	False	False	26877.0	False	Low	True	False	0.025	0.0	0.7022846305981627	1.5	9.0													
1132376.7639	5.18210000009276	processed_trials			20.0	1.0894485434257803					False				Low					0.7022846305981627		9.0	40.0	40.0	False	True	False			20.373136501193883	3.1134	-0.15361159197812618	Right	1.3123	
1132376.7639	3.113399999914691	states																																	"       state_name
id               
3   wait_for_poke"
1132379.8772999998	0.06870000017806888	states																																	"        state_name
id                
1   nose_in_center"
1132379.946	2.0	states																																	"          state_name
id                  
2   punish_violation"
1132382.3283	2.7742000001017004	trials	1.0	2.0	20.0	1.0894485	0.0	0.15	True	7490.0	False	False	26878.0	False	Low	True	True	0.025	0.0	8.082229707010729	1.5	9.0													
1132382.3283	2.7742000001017004	processed_trials			20.0	1.0894485					False				Low					8.082229707010729		9.0	40.0	40.0	False	True	False			20.373136501193883	0.1689	-0.24210898852173468	Right	0.1689	
1132382.3283	0.16889999993145466	states																																	"       state_name
id               
3   wait_for_poke"
1132382.4971999999	0.6053000001702458	states																																	"        state_name
id                
1   nose_in_center"
1132383.1025	2.0	states																																	"          state_name
id                  
2   punish_violation"
1132385.483	3.4010999999009073	trials	1.0	2.0	20.0	1.1310648521965783	0.0	0.15	True	7490.0	False	False	26879.0	False	Low	True	True	0.025	0.0	0.4573986461598223	1.5	9.0													
1132385.483	3.4010999999009073	processed_trials			20.0	1.1310648521965783					False				Low					0.4573986461598223		9.0	40.0	40.0	False	True	False			20.373136501193883	1.2712	-0.20897919391822997	Left	1.2712	
1132385.483	1.2712000000756234	states																																	"       state_name
id               
3   wait_for_poke"
1132386.7542	0.12989999982528389	states																																	"        state_name
id                
1   nose_in_center"
1132386.8841	2.0	states																																	"          state_name
id                  
2   punish_violation"
1132389.2581	57.71919999993406	trials	1.0	2.0	20.0	0.8812538045421984	0.0	0.15	True	7490.0	False	False	26880.0	False	Low	True	True	0.025	0.0	0.7376542756060829	1.5	9.0													
1132389.2581	57.71919999993406	processed_trials			20.0	0.8812538045421984					False				Low					0.7376542756060829		9.0	40.0	40.0	True	False	False	0.7377000000000038	0.7377000000000038	20.373136501193883	55.8538	1.4315091730646756	Left	55.8538	
1132389.2581	55.85379999992438	states																																	"       state_name
id               
3   wait_for_poke"
1132445.1119	0.8813000000081956	states																																	"        state_name
id                
1   nose_in_center"
1132445.9932	0.0020000000949949026	states																																	"   state_name
id           
5      go_cue"
1132445.9952	0.7376999999396503	states																																	"            state_name
id                    
6   wait_for_side_poke"
1132446.7329	0.0952999999281019	states																																	"         state_name
id                 
4   announce_reward"
1132446.8281999999	0.14890000014565885	states																																	"   state_name
id           
8      reward"
1132446.9771	0.00010000006295740604	states																																	"    state_name
id            
7   stop_sound"
1132447.3522	7.307499999878928	trials	1.0	2.0	20.0	0.9972717394839317	0.0	0.15	True	7510.0	False	False	26881.0	False	Low	True	False	0.025	0.0	1.3357512404140968	1.5	9.0													
1132447.3522	7.307499999878928	processed_trials			20.0	0.9972717394839317					False				Low					1.3357512404140968		9.0	40.0	40.0	True	False	False	1.3357999999999999	1.3357999999999999	20.373136501193883	4.783	-0.10343150935995375	Left	0.8659000000000003	
1132447.3522	4.783000000054017	states																																	"       state_name
id               
3   wait_for_poke"
1132452.1352000001	0.9972999999299645	states																																	"        state_name
id                
1   nose_in_center"
1132453.1325	0.0020000000949949026	states																																	"   state_name
id           
5      go_cue"
1132453.1345000002	1.335800000000745	states																																	"            state_name
id                    
6   wait_for_side_poke"
1132454.4703000002	0.04039999982342124	states																																	"         state_name
id                 
4   announce_reward"
1132454.5107	0.14890000014565885	states																																	"   state_name
id           
8      reward"
1132454.6596000001	0.00010000006295740604	states																																	"    state_name
id            
7   stop_sound"
1132455.034	9.100700000068173	trials	1.0	2.0	10.0	1.0524494545643641	0.0	0.15	True	7530.0	False	False	26882.0	False	Low	True	False	0.025	0.0	1.3357512	1.5	9.0													
1132455.034	9.100700000068173	processed_trials			10.0	1.0524494545643641					False				Low					1.3357512		9.0	40.0	40.0	True	False	False	1.335799999999998	1.335799999999998	20.373136501193883	6.5706999999999995	-0.049701913231236204	Right	4.8042	
1132455.034	6.570700000040233	states																																	"       state_name
id               
3   wait_for_poke"
1132461.6047	1.0523999999277294	states																																	"        state_name
id                
1   nose_in_center"
1132462.6571	0.0020000000949949026	states																																	"   state_name
id           
5      go_cue"
1132462.6591	1.335800000000745	states																																	"            state_name
id                    
6   wait_for_side_poke"
1132463.9949	0.04789999988861382	states																																	"         state_name
id                 
4   announce_reward"
1132464.0428	0.09169999998994172	states																																	"   state_name
id           
8      reward"
1132464.1345	0.00010000006295740604	states																																	"    state_name
id            
7   stop_sound"
1132464.5112	4.093799999915063	trials	1.0	2.0	10.0	1.1162046568440407	0.0	0.15	True	7540.0	False	False	26883.0	False	Low	True	False	0.025	0.0	2.832605859638785	1.5	9.0													
1132464.5112	4.093799999915063	processed_trials			10.0	1.1162046568440407					False				Low					2.832605859638785		9.0	40.0	40.0	False	True	False			20.373136501193883	1.9621	-0.1882140890542534	Left	0.8023	
1132464.5112	1.9620999998878688	states																																	"       state_name
id               
3   wait_for_poke"
1132466.4733	0.13170000002719462	states																																	"        state_name
id                
1   nose_in_center"
1132466.605	2.0	states																																	"          state_name
id                  
2   punish_violation"
1132468.9824	8.49709999980405	trials	1.0	2.0	10.0	1.1162047	0.0	0.15	True	7540.0	True	False	26884.0	False	Low	True	True	0.025	0.0	100.0	1.5	9.0													
1132468.9824	8.49709999980405	processed_trials			10.0	1.1162047					True				Low					100.0		9.0	40.0	40.0	False	True	False			20.373136501193883	5.6937	-0.07606028197592787	Left	5.6937	
1132468.9824	5.693699999945238	states																																	"       state_name
id               
3   wait_for_poke"
1132474.6761	0.8034000000916421	states																																	"        state_name
id                
1   nose_in_center"
1132475.4795000001	2.0	states																																	"          state_name
id                  
2   punish_violation"
1132477.8598	7.748399999924004	trials	1.0	2.0	10.0	0.8027837902283198	0.0	0.15	True	7540.0	False	False	26885.0	False	Low	True	True	0.025	0.0	0.8198099463373689	1.5	9.0													
1132477.8598	7.748399999924004	processed_trials			10.0	0.8027837902283198					False				Low					0.8198099463373689		9.0	40.0	40.0	True	False	False	0.8197999999999999	0.8197999999999999	20.373136501193883	5.8605	-0.07104708253851102	Right	5.8605	
1132477.8598	5.860499999951571	states																																	"       state_name
id               
3   wait_for_poke"
1132483.7203	0.8027999999467283	states																																	"        state_name
id                
1   nose_in_center"
1132484.5230999999	0.0020000000949949026	states																																	"   state_name
id           
5      go_cue"
1132484.5251	0.8197999999392778	states																																	"            state_name
id                    
6   wait_for_side_poke"
1132485.3449	0.17140000010840595	states																																	"         state_name
id                 
4   announce_reward"
1132485.5163	0.09169999998994172	states																																	"   state_name
id           
8      reward"
1132485.608	0.00010000006295740604	states																																	"    state_name
id            
7   stop_sound"
1132485.9866	5.089900000020862	trials	1.0	2.0	20.0	1.0745903813326092	0.0	0.15	True	7550.0	False	False	26886.0	False	Low	True	False	0.025	0.0	0.9986220724688598	1.5	9.0													
1132485.9866	5.089900000020862	processed_trials			20.0	1.0745903813326092					False				Low					0.9986220724688598		9.0	40.0	40.0	True	False	False	0.9985999999999993	0.9985999999999993	20.373136501193883	2.6712	-0.1669019804147313	Right	0.7544999999999997	
1132485.9866	2.671199999982491	states																																	"       state_name
id               
3   wait_for_poke"
1132488.6578	1.074599999934435	states																																	"        state_name
id                
1   nose_in_center"
1132489.7323999999	0.0020000000949949026	states																																	"   state_name
id           
5      go_cue"
1132489.7344	0.9986000000499189	states																																	"            state_name
id                    
6   wait_for_side_poke"
1132490.733	0.18479999992996454	states																																	"         state_name
id                 
4   announce_reward"
1132490.9178	0.15859999996609986	states																																	"   state_name
id           
8      reward"
1132491.0764	0.00010000006295740604	states																																	"    state_name
id            
7   stop_sound"
1132491.467	4.546000000089407	trials	1.0	2.0	5.0	1.0745904	0.0	0.15	True	7570.0	False	False	26887.0	False	Low	True	False	0.025	0.0	0.15938165527999718	1.5	9.0													
1132491.467	4.546000000089407	processed_trials			5.0	1.0745904					False				Low					0.15938165527999718		9.0	40.0	40.0	True	False	False	0.1594000000000002	0.1594000000000002	20.373136501193883	2.3869000000000002	-0.17544666027119177	Right	0.8497000000000001	
1132491.467	2.3869000000413507	states																																	"       state_name
id               
3   wait_for_poke"
1132493.8539	1.074599999934435	states																																	"        state_name
id                
1   nose_in_center"
1132494.9285	0.0020000000949949026	states																																	"   state_name
id           
5      go_cue"
1132494.9305	0.15940000000409782	states																																	"            state_name
id                    
6   wait_for_side_poke"
1132495.0899	0.8645999999716878	states																																	"         state_name
id                 
4   announce_reward"
1132495.9545	0.05839999997988343	states																																	"   state_name
id           
8      reward"
1132496.0129	0.00010000006295740604	states																																	"    state_name
id            
7   stop_sound"
1132496.3966	4.091000000014901	trials	1.0	2.0	5.0	0.8674152115350928	0.0	0.15	True	7575.0	True	False	26888.0	False	Low	True	False	0.025	0.0	100.0	1.5	9.0													
1132496.3966	4.091000000014901	processed_trials			5.0	0.8674152115350928					True				Low					100.0		9.0	40.0	40.0	False	True	False			20.373136501193883	2.0656999999999996	-0.18510037525499448	Right	0.6229999999999996	
1132496.3966	2.065699999919161	states																																	"       state_name
id               
3   wait_for_poke"
1132498.4623	0.02530000009573996	states																																	"        state_name
id                
1   nose_in_center"
1132498.4876	2.0	states																																	"          state_name
id                  
2   punish_violation"
1132500.8663	92.12549999984913	trials	1.0	2.0	5.0	1.0545662781516487	0.0	0.15	True	7575.0	False	False	26889.0	False	Low	True	True	0.025	0.0	5.434105291802348	1.5	9.0													
1132500.8663	92.12549999984913	processed_trials			5.0	1.0545662781516487					False				Low					5.434105291802348		9.0	40.0	40.0	False	True	False			20.373136501193883	90.0157	2.4582502873397982	Left	90.0157	
1132500.8663	90.01570000010543	states																																	"       state_name
id               
3   wait_for_poke"
1132590.8820000002	0.10979999997653067	states																																	"        state_name
id                
1   nose_in_center"
1132590.9918000002	2.0	states																																	"          state_name
id                  
2   punish_violation"
1132593.3774	31.346899999771267	trials	1.0	2.0	5.0	0.893765419252771	0.0	0.15	True	7575.0	True	False	26890.0	False	Low	True	True	0.025	0.0	100.0	1.5	9.0													
1132593.3774	31.346899999771267	processed_trials			5.0	0.893765419252771					True				Low					100.0		9.0	40.0	40.0	False	True	False			20.373136501193883	29.0235	0.6251204148768749	Right	29.0235	
1132593.3774	29.02349999989383	states																																	"       state_name
id               
3   wait_for_poke"
1132622.4009	0.3234000001102686	states																																	"        state_name
id                
1   nose_in_center"
1132622.7243000001	2.0	states																																	"          state_name
id                  
2   punish_violation"
1132625.106	87.66470000008121	trials	1.0	2.0	5.0	0.89376542	0.0	0.15	True	7575.0	False	False	26891.0	False	Low	True	True	0.025	0.0	5.301074922988703	1.5	9.0													
1132625.106	87.66470000008121	processed_trials			5.0	0.89376542					False				Low					5.301074922988703		9.0	40.0	40.0	False	True	False			20.373136501193883	85.584	2.3250548679944734	Right	85.584	
1132625.106	85.58400000003166	states																																	"       state_name
id               
3   wait_for_poke"
1132710.69	0.08070000004954636	states																																	"        state_name
id                
1   nose_in_center"
1132710.7707	2.0	states																																	"          state_name
id                  
2   punish_violation"
1132713.1537	9.955300000030547	trials	1.0	2.0	5.0	0.8933445122794491	0.0	0.15	True	7575.0	True	False	26892.0	False	Low	True	True	0.025	0.0	100.0	1.5	9.0													
1132713.1537	9.955300000030547	processed_trials			5.0	0.8933445122794491					True				Low					100.0		9.0	40.0	40.0	False	False	True	7.7805	7.7805	20.373136501193883	1.0794000000000001	-0.2147437721682093	Right	1.0794000000000001	
1132713.1537	1.079399999929592	states																																	"       state_name
id               
3   wait_for_poke"
1132714.2330999998	0.8933000001125038	states																																	"        state_name
id                
1   nose_in_center"
1132715.1264	0.001999999862164259	states																																	"   state_name
id           
5      go_cue"
1132715.1283999998	7.780500000109896	states																																	"            state_name
id                    
6   wait_for_side_poke"
1132722.9089	0.19999999995343387	states																																	"   state_name
id           
0     opt_out"
1132723.1088999999	0.00010000006295740604	states																																	"    state_name
id            
7   stop_sound"
1132723.4973	2.3101000001188368	trials	1.0	2.0	20.0	0.8858170411646189	0.0	0.15	True	7575.0	False	False	26893.0	False	Low	True	False	0.025	0.0	0.13221380403664532	1.5	9.0													
1132723.4973	2.3101000001188368	processed_trials			20.0	0.8858170411646189					False				Low					0.13221380403664532		9.0	40.0	40.0	False	True	False			20.373136501193883	0.2895	-0.2384843371299333	Left	0.2895	
1132723.4973	0.2894999999552965	states																																	"       state_name
id               
3   wait_for_poke"
1132723.7868	0.0205999999307096	states																																	"        state_name
id                
1   nose_in_center"
1132723.8073999998	2.0	states																																	"          state_name
id                  
2   punish_violation"
1132726.1906	5.664799999911338	trials	1.0	2.0	20.0	0.820171728703551	0.0	0.15	True	7575.0	False	False	26894.0	False	Low	True	True	0.025	0.0	3.5487953324421264	1.5	9.0													
1132726.1906	5.664799999911338	processed_trials			20.0	0.820171728703551					False				Low					3.5487953324421264		9.0	40.0	40.0	True	False	False	3.5488	3.5488	20.373136501193883	1.0352999999999999	-0.21606920439356953	Right	1.0352999999999999	
1132726.1906	1.0353000001050532	states																																	"       state_name
id               
3   wait_for_poke"
1132727.2259000002	0.8201999999582767	states																																	"        state_name
id                
1   nose_in_center"
1132728.0461000002	0.001999999862164259	states																																	"   state_name
id           
5      go_cue"
1132728.0481	3.548799999989569	states																																	"            state_name
id                    
6   wait_for_side_poke"
1132731.5969	0.09980000020004809	states																																	"         state_name
id                 
4   announce_reward"
1132731.6967000002	0.15859999996609986	states																																	"   state_name
id           
8      reward"
1132731.8553000002	9.999983012676239e-05	states																																	"    state_name
id            
7   stop_sound"
1132732.243	5.588199999881908	trials	1.0	2.0	5.0	0.9223536492069244	0.0	0.15	True	7595.0	False	False	26895.0	False	Low	True	False	0.025	0.0	0.25224149969877496	1.5	9.0													
1132732.243	5.588199999881908	processed_trials			5.0	0.9223536492069244					False				Low					0.25224149969877496		9.0	40.0	40.0	False	True	False			20.373136501193883	3.0867	-0.15441406454994291	Left	1.8741	
1132732.243	3.0867000001017004	states																																	"       state_name
id               
3   wait_for_poke"
1132735.3297000001	0.5015000000130385	states																																	"        state_name
id                
1   nose_in_center"
1132735.8312000001	2.0	states																																	"          state_name
id                  
2   punish_violation"
1132738.2215	88.89440000010654	trials	1.0	2.0	5.0	1.1482117318314642	0.0	0.15	True	7595.0	False	False	26896.0	False	Low	True	True	0.025	0.0	0.7794285498241936	1.5	9.0													
1132738.2215	88.89440000010654	processed_trials			5.0	1.1482117318314642					False				Low					0.7794285498241936		9.0	40.0	40.0	True	False	False	0.7794000000000096	0.7794000000000096	20.373136501193883	86.89	2.364306897162737	Left	86.89	
1132738.2215	86.88999999989755	states																																	"       state_name
id               
3   wait_for_poke"
1132825.1114999999	1.1482000001706183	states																																	"        state_name
id                
1   nose_in_center"
1132826.2597	0.001999999862164259	states																																	"   state_name
id           
5      go_cue"
1132826.2617	0.7794000001158565	states																																	"            state_name
id                    
6   wait_for_side_poke"
1132827.0411	0.020800000056624413	states																																	"         state_name
id                 
4   announce_reward"
1132827.0619	0.053899999940767884	states																																	"   state_name
id           
8      reward"
1132827.1158	0.00010000006295740604	states																																	"    state_name
id            
7   stop_sound"
1132827.5183	5.837099999887869	trials	1.0	2.0	10.0	1.141520271156252	0.0	0.15	True	7600.0	False	False	26897.0	False	Low	True	False	0.025	0.0	5.123907749005266	1.5	9.0													
1132827.5183	5.837099999887869	processed_trials			10.0	1.141520271156252					False				Low					5.123907749005266		9.0	40.0	40.0	False	True	False			20.373136501193883	2.8774	-0.160704607968716	Right	0.7594000000000003	
1132827.5183	2.877400000113994	states																																	"       state_name
id               
3   wait_for_poke"
1132830.3957000002	0.9596999997738749	states																																	"        state_name
id                
1   nose_in_center"
1132831.3554	2.0	states																																	"          state_name
id                  
2   punish_violation"
1132833.75	88.75380000006407	trials	1.0	2.0	10.0	1.0684323457787386	0.0	0.15	True	7600.0	False	False	26898.0	False	Low	True	True	0.025	0.0	5.155020172506635	1.5	9.0													
1132833.75	88.75380000006407	processed_trials			10.0	1.0684323457787386					False				Low					5.155020172506635		9.0	40.0	40.0	False	True	False			20.373136501193883	86.56360000000001	2.3544968953859216	Left	86.56360000000001	
1132833.75	86.56359999999404	states																																	"       state_name
id               
3   wait_for_poke"
1132920.3136	0.19020000007003546	states																																	"        state_name
id                
1   nose_in_center"
1132920.5038	2.0	states																																	"          state_name
id                  
2   punish_violation"
1132922.8899	55.98769999993965	trials	1.0	2.0	10.0	1.0323479135751659	0.0	0.15	True	7600.0	False	False	26899.0	False	Low	True	True	0.025	0.0	1.0174601417873665	1.5	9.0													
1132922.8899	55.98769999993965	processed_trials			10.0	1.0323479135751659					False				Low					1.0174601417873665		9.0	40.0	40.0	False	True	False			20.373136501193883	53.9169	1.3732953481825851	Right	53.9169	
1132922.8899	53.91690000006929	states																																	"       state_name
id               
3   wait_for_poke"
1132976.8068000001	0.0707999998703599	states																																	"        state_name
id                
1   nose_in_center"
1132976.8776	2.0	states																																	"          state_name
id                  
2   punish_violation"
1132979.2681	408.97179999994114	trials	1.0	2.0	10.0	0.9517799878431004	0.0	0.15	True	7600.0	False	False	26900.0	False	Low	True	True	0.025	0.0	2.8759964124612143	1.5	9.0													
1132979.2681	408.97179999994114	processed_trials			10.0	0.9517799878431004					False				Low					2.8759964124612143		9.0	40.0	40.0	True	False	False	2.876000000000033	2.876000000000033	20.373136501193883	405.02570000000003	11.92592387715203	Right	405.02570000000003	
1132979.2681	405.02570000011474	states																																	"       state_name
id               
3   wait_for_poke"
1133384.2938	0.951799999922514	states																																	"        state_name
id                
1   nose_in_center"
1133385.2456	0.001999999862164259	states																																	"   state_name
id           
5      go_cue"
1133385.2476	2.8760000001639128	states																																	"            state_name
id                    
6   wait_for_side_poke"
1133388.1236	0.024399999994784594	states																																	"         state_name
id                 
4   announce_reward"
1133388.148	0.09169999998994172	states																																	"   state_name
id           
8      reward"
1133388.2397	0.00010000006295740604	states																																	"    state_name
id            
7   stop_sound"
1133388.6316	8.238600000040606	trials	1.0	2.0	10.0	1.153401594171033	0.0	0.15	True	7610.0	False	False	26901.0	False	Low	True	False	0.025	0.0	4.518323166943218	1.5	9.0													
1133388.6316	8.238600000040606	processed_trials			10.0	1.153401594171033					False				Low					4.518323166943218		9.0	40.0	40.0	True	False	False	4.5183	4.5183	20.373136501193883	2.2335	-0.18005712066507515	Left	1.0894	
1133388.6316	2.233500000089407	states																																	"       state_name
id               
3   wait_for_poke"
1133390.8651	1.1533999999519438	states																																	"        state_name
id                
1   nose_in_center"
1133392.0185	0.001999999862164259	states																																	"   state_name
id           
5      go_cue"
1133392.0204999999	4.518300000112504	states																																	"            state_name
id                    
6   wait_for_side_poke"
1133396.5388	0.24589999997988343	states																																	"         state_name
id                 
4   announce_reward"
1133396.7847	0.08539999998174608	states																																	"   state_name
id           
8      reward"
1133396.8701	0.00010000006295740604	states																																	"    state_name
id            
7   stop_sound"
1133397.262	5.088400000007823	trials	1.0	2.0	10.0	1.0942562427645819	0.0	0.15	True	7620.0	False	False	26902.0	False	Low	True	False	0.025	0.0	4.5183232	1.5	9.0													
1133397.262	5.088400000007823	processed_trials			10.0	1.0942562427645819					False				Low					4.5183232		9.0	40.0	40.0	False	True	False			20.373136501193883	3.0636	-0.15510833857275066	Right	2.0448000000000004	
1133397.262	3.0635999999940395	states																																	"       state_name
id               
3   wait_for_poke"
1133400.3256	0.024800000013783574	states																																	"        state_name
id                
1   nose_in_center"
1133400.3504	2.0	states																																	"          state_name
id                  
2   punish_violation"
1133402.7617	7.363899999996647	trials	1.0	2.0	10.0	1.0942562	0.0	0.15	True	7620.0	False	False	26903.0	False	Low	True	True	0.025	0.0	2.802164834685288	1.5	9.0													
1133402.7617	7.363899999996647	processed_trials			10.0	1.0942562					False				Low					2.802164834685288		9.0	40.0	40.0	True	False	False	2.802200000000001	2.802200000000001	20.373136501193883	3.3451	-0.14664781314329717	Right	3.3451	
1133402.7617	3.3451000000350177	states																																	"       state_name
id               
3   wait_for_poke"
1133406.1068	1.0942999999970198	states																																	"        state_name
id                
1   nose_in_center"
1133407.2011	0.001999999862164259	states																																	"   state_name
id           
5      go_cue"
1133407.2030999998	2.802200000034645	states																																	"            state_name
id                    
6   wait_for_side_poke"
1133410.0052999998	0.02850000001490116	states																																	"         state_name
id                 
4   announce_reward"
1133410.0337999999	0.09169999998994172	states																																	"   state_name
id           
8      reward"
1133410.1254999998	0.00010000006295740604	states																																	"    state_name
id            
7   stop_sound"
1133410.5203	5.391700000036508	trials	1.0	2.0	10.0	0.8011778746995311	0.0	0.15	True	7630.0	False	False	26904.0	False	Low	True	False	0.025	0.0	0.37721782792999364	1.5	9.0													
1133410.5203	5.391700000036508	processed_trials			10.0	0.8011778746995311					False				Low					0.37721782792999364		9.0	40.0	40.0	True	False	False	0.3772000000000002	0.3772000000000002	20.373136501193883	3.3875	-0.14537347467719122	Right	2.3327	
1133410.5203	3.387499999953434	states																																	"       state_name
id               
3   wait_for_poke"
1133413.9078	0.8012000001035631	states																																	"        state_name
id                
1   nose_in_center"
1133414.709	0.001999999862164259	states																																	"   state_name
id           
5      go_cue"
1133414.711	0.37719999998807907	states																																	"            state_name
id                    
6   wait_for_side_poke"
1133415.0881999999	0.7320000000763685	states																																	"         state_name
id                 
4   announce_reward"
1133415.8202	0.09169999998994172	states																																	"   state_name
id           
8      reward"
1133415.9119	0.00010000006295740604	states																																	"    state_name
id            
7   stop_sound"
1133416.3077	3.8216999999713153	trials	1.0	2.0	10.0	0.9321817006208664	0.0	0.15	True	7640.0	False	False	26905.0	False	Low	True	False	0.025	0.0	0.6516196521110175	1.5	9.0													
1133416.3077	3.8216999999713153	processed_trials			10.0	0.9321817006208664					False				Low					0.6516196521110175		9.0	40.0	40.0	True	False	False	0.6515999999999997	0.6515999999999997	20.373136501193883	1.9653	-0.18811791256624538	Left	1.2642	
1133416.3077	1.9653000000398606	states																																	"       state_name
id               
3   wait_for_poke"
1133418.273	0.9321999999228865	states																																	"        state_name
id                
1   nose_in_center"
1133419.2052	0.0020000000949949026	states																																	"   state_name
id           
5      go_cue"
1133419.2072	0.6515999999828637	states																																	"            state_name
id                    
6   wait_for_side_poke"
1133419.8588	0.18509999988600612	states																																	"         state_name
id                 
4   announce_reward"
1133420.0439	0.08539999998174608	states																																	"   state_name
id           
8      reward"
1133420.1293	0.00010000006295740604	states																																	"    state_name
id            
7   stop_sound"
1133420.5255	6.462899999925867	trials	1.0	2.0	5.0	0.9395796626587882	0.0	0.15	True	7650.0	False	False	26906.0	False	Low	True	False	0.025	0.0	1.0296995769080834	1.5	9.0													
1133420.5255	6.462899999925867	processed_trials			5.0	0.9395796626587882					False				Low					1.0296995769080834		9.0	40.0	40.0	True	False	False	1.0297	1.0297	20.373136501193883	4.3702	-0.11583827631298539	Left	2.3619	
1133420.5255	4.370200000004843	states																																	"       state_name
id               
3   wait_for_poke"
1133424.8957	0.9395999999251217	states																																	"        state_name
id                
1   nose_in_center"
1133425.8353	0.0020000000949949026	states																																	"   state_name
id           
5      go_cue"
1133425.8373	1.029700000071898	states																																	"            state_name
id                    
6   wait_for_side_poke"
1133426.867	0.06739999982528389	states																																	"         state_name
id                 
4   announce_reward"
1133426.9344	0.05390000017359853	states																																	"   state_name
id           
8      reward"
1133426.9883	9.999983012676239e-05	states																																	"    state_name
id            
7   stop_sound"
1133427.3879	4.460200000088662	trials	1.0	2.0	20.0	0.9829893014979052	0.0	0.15	True	7655.0	False	False	26907.0	False	Low	True	False	0.025	0.0	1.4278998661053934	1.5	9.0													
1133427.3879	4.460200000088662	processed_trials			20.0	0.9829893014979052					False				Low					1.4278998661053934		9.0	40.0	40.0	True	False	False	1.4279000000000002	1.4279000000000002	20.373136501193883	1.8858	-0.19050729719019407	Left	0.9243999999999999	
1133427.3879	1.8858000000473112	states																																	"       state_name
id               
3   wait_for_poke"
1133429.2737	0.9830000000074506	states																																	"        state_name
id                
1   nose_in_center"
1133430.2567	0.001999999862164259	states																																	"   state_name
id           
5      go_cue"
1133430.2587	1.4279000000096858	states																																	"            state_name
id                    
6   wait_for_side_poke"
1133431.6866	0.012500000186264515	states																																	"         state_name
id                 
4   announce_reward"
1133431.6991	0.1488999999128282	states																																	"   state_name
id           
8      reward"
1133431.848	0.00010000006295740604	states																																	"    state_name
id            
7   stop_sound"
1133432.2475	7.02059999993071	trials	1.0	2.0	10.0	0.8712510906666524	0.0	0.15	True	7675.0	False	False	26908.0	False	Low	True	False	0.025	0.0	1.4278999	1.5	9.0													
1133432.2475	7.02059999993071	processed_trials			10.0	0.8712510906666524					False				Low					1.4278999		9.0	40.0	40.0	True	False	False	1.4278999999999993	1.4278999999999993	20.373136501193883	3.4303000000000003	-0.14408711415008424	Right	1.9767000000000003	
1133432.2475	3.430299999890849	states																																	"       state_name
id               
3   wait_for_poke"
1133435.6778	0.8712999999988824	states																																	"        state_name
id                
1   nose_in_center"
1133436.5491	0.0020000000949949026	states																																	"   state_name
id           
5      go_cue"
1133436.5511	1.4279000000096858	states																																	"            state_name
id                    
6   wait_for_side_poke"
1133437.979	1.197300000116229	states																																	"         state_name
id                 
4   announce_reward"
1133439.1763000002	0.09169999998994172	states																																	"   state_name
id           
8      reward"
1133439.2680000002	9.999983012676239e-05	states																																	"    state_name
id            
7   stop_sound"
1133439.6667	27.770400000037625	trials	1.0	2.0	5.0	1.1096336791775798	0.0	0.15	True	7685.0	True	False	26909.0	False	Low	True	False	0.025	0.0	100.0	1.5	9.0													
1133439.6667	27.770400000037625	processed_trials			5.0	1.1096336791775798					True				Low					100.0		9.0	40.0	40.0	False	True	False			20.373136501193883	25.483900000000002	0.5187371970790291	Right	23.3471	
1133439.6667	25.483900000108406	states																																	"       state_name
id               
3   wait_for_poke"
1133465.1506	0.2864999999292195	states																																	"        state_name
id                
1   nose_in_center"
1133465.4371	2.0	states																																	"          state_name
id                  
2   punish_violation"
1133467.8336	146.3004999998957	trials	1.0	2.0	5.0	1.0463664859171153	0.0	0.15	True	7685.0	False	False	26910.0	False	Low	True	True	0.025	0.0	2.6037072887674055	1.5	9.0													
1133467.8336	146.3004999998957	processed_trials			5.0	1.0463664859171153					False				Low					2.6037072887674055		9.0	40.0	40.0	False	True	False			20.373136501193883	144.19670000000002	4.086668505077701	Right	144.19670000000002	
1133467.8336	144.19669999997132	states																																	"       state_name
id               
3   wait_for_poke"
1133612.0303	0.10379999992437661	states																																	"        state_name
id                
1   nose_in_center"
1133612.1341	2.0	states																																	"          state_name
id                  
2   punish_violation"
1133614.5349	136.95779999997467	trials	1.0	2.0	5.0	0.8394043488389484	0.0	0.15	True	7685.0	False	False	26911.0	False	Low	True	True	0.025	0.0	0.7334944436252011	1.5	9.0													
1133614.5349	136.95779999997467	processed_trials			5.0	0.8394043488389484					False				Low					0.7334944436252011		9.0	40.0	40.0	True	False	False	0.7334999999999923	0.7334999999999923	20.373136501193883	135.3113	3.8196164530319945	Right	135.3113	
1133614.5349	135.311299999943	states																																	"       state_name
id               
3   wait_for_poke"
1133749.8462	0.8394000001717359	states																																	"        state_name
id                
1   nose_in_center"
1133750.6856000002	0.001999999862164259	states																																	"   state_name
id           
5      go_cue"
1133750.6876	0.733500000089407	states																																	"            state_name
id                    
6   wait_for_side_poke"
1133751.4211000002	0.01309999986551702	states																																	"         state_name
id                 
4   announce_reward"
1133751.4342	0.05839999997988343	states																																	"   state_name
id           
8      reward"
1133751.4926	0.00010000006295740604	states																																	"    state_name
id            
7   stop_sound"
1133751.896	6.286400000099093	trials	1.0	2.0	10.0	1.0378562364926756	0.0	0.15	True	7690.0	False	False	26912.0	False	Low	True	False	0.025	0.0	2.174658552571413	1.5	9.0													
1133751.896	6.286400000099093	processed_trials			10.0	1.0378562364926756					False				Low					2.174658552571413		9.0	40.0	40.0	False	True	False			20.373136501193883	4.0038	-0.12685048418990105	Right	1.5027	
1133751.896	4.003800000064075	states																																	"       state_name
id               
3   wait_for_poke"
1133755.8998	0.28260000003501773	states																																	"        state_name
id                
1   nose_in_center"
1133756.1824	2.0	states																																	"          state_name
id                  
2   punish_violation"
1133758.5856	442.01499999989755	trials	1.0	2.0	10.0	1.1459992831957955	0.0	0.15	True	7690.0	False	False	26913.0	False	Low	True	True	0.025	0.0	2.1341525529788417	1.5	9.0													
1133758.5856	442.01499999989755	processed_trials			10.0	1.1459992831957955					False				Low					2.1341525529788417		9.0	40.0	40.0	False	True	False			20.373136501193883	438.9694	12.946106957151107	Right	438.9694	
1133758.5856	438.96940000006	states																																	"       state_name
id               
3   wait_for_poke"
1134197.5550000002	1.0455999998375773	states																																	"        state_name
id                
1   nose_in_center"
1134198.6006	2.0	states																																	"          state_name
id                  
2   punish_violation"
1134201.0027	41.62489999993704	trials	1.0	2.0	10.0	1.1031271628719972	0.0	0.15	True	7690.0	False	False	26914.0	False	Low	True	True	0.025	0.0	1.8766676129925566	1.5	9.0													
1134201.0027	41.62489999993704	processed_trials			10.0	1.1031271628719972					False				Low					1.8766676129925566		9.0	40.0	40.0	False	True	False			20.373136501193883	39.5079	0.940230655774076	Left	39.5079	
1134201.0027	39.50790000008419	states																																	"       state_name
id               
3   wait_for_poke"
1134240.5106000002	0.11690000002272427	states																																	"        state_name
id                
1   nose_in_center"
1134240.6275000002	2.0	states																																	"          state_name
id                  
2   punish_violation"
