onset	duration	nwb_table	target_duration_for_nose_in_center	violation_time_out	reward_volume_ul	nose_in_center	high_ITI	catch_percentage	punish_sound_enabled	cumulative_reward_volume_ul	is_catch	is_warm_up	trials_in_stage	changed	block_type	auto_change_catch_probability	previous_was_violation	time_increment_for_reward_delay	time_increment_for_nose_in_center	reward_delay	target_reward_delay	training_stage	num_trials_in_adaptation_blocks	num_trials_in_mixed_blocks	is_rewarded	is_violation	is_opt_out	wait_time	wait_time_unthresholded	wait_time_threshold	wait_for_center_poke	z_scored_wait_for_center_poke	rewarded_port	inter_trial_interval	state_type
447146.2947	53.34349999995902	trials	1.0	2.0	20.0	0.81529	0.0	0.15	True	0.0	False	False	18438.0	False	Low	True	False	0.025	0.0	2.9271	1.5	9.0													
447146.2947	53.34349999995902	processed_trials			20.0	0.81529					False				Low					2.9271		9.0	40.0	40.0	False	True	False			36.42602759261345			Right	51.282	
447146.2947	51.28200000000652	states																																	"       state_name
id               
3   wait_for_poke"
447197.57670000003	0.06150000001071021	states																																	"        state_name
id                
1   nose_in_center"
447197.63820000004	2.0	states																																	"          state_name
id                  
2   punish_violation"
447199.6703	36.32880000001751	trials	1.0	2.0	20.0	0.8759140321505468	0.0	0.15	True	0.0	True	False	18440.0	False	Low	True	True	0.025	0.0	100.0	1.5	9.0													
447199.6703	36.32880000001751	processed_trials			20.0	0.8759140321505468					True				Low					100.0		9.0	40.0	40.0	False	True	False			36.42602759261345	33.9671	2.525187543904324	Left	33.9671	
447199.6703	33.96710000000894	states																																	"       state_name
id               
3   wait_for_poke"
447233.6374	0.36170000000856817	states																																	"        state_name
id                
1   nose_in_center"
447233.9991	2.0	states																																	"          state_name
id                  
2   punish_violation"
447236.0265	8.10800000000745	trials	1.0	2.0	20.0	0.8470217244018153	0.0	0.15	True	0.0	False	False	18441.0	False	Low	True	True	0.025	0.0	1.9231244045004976	1.5	9.0													
447236.0265	8.10800000000745	processed_trials			20.0	0.8470217244018153					False				Low					1.9231244045004976		9.0	40.0	40.0	False	True	False			36.42602759261345	5.9498	0.15330113256863592	Left	5.9498	
447236.0265	5.949800000002142	states																																	"       state_name
id               
3   wait_for_poke"
447241.9763	0.15820000000530854	states																																	"        state_name
id                
1   nose_in_center"
447242.1345	2.0	states																																	"          state_name
id                  
2   punish_violation"
447244.1606	4.143999999971129	trials	1.0	2.0	20.0	0.8592817914230024	0.0	0.15	True	0.0	False	False	18442.0	False	Low	True	True	0.025	0.0	2.2852330883011223	1.5	9.0													
447244.1606	4.143999999971129	processed_trials			20.0	0.8592817914230024					False				Low					2.2852330883011223		9.0	40.0	40.0	True	False	False	2.2851999999999997	2.2851999999999997	36.42602759261345	0.8433999999999999	-0.27899608275348853	Left	0.8433999999999999	
447244.1606	0.8434000000124797	states																																	"       state_name
id               
3   wait_for_poke"
447245.004	0.8593000000109896	states																																	"        state_name
id                
1   nose_in_center"
447245.8633	0.001999999978579581	states																																	"   state_name
id           
5      go_cue"
447245.8653	2.285199999983888	states																																	"            state_name
id                    
6   wait_for_side_poke"
447248.1505	0.005100000009406358	states																																	"         state_name
id                 
4   announce_reward"
447248.1556	0.14890000002924353	states																																	"   state_name
id           
8      reward"
447248.3045	9.999994654208422e-05	states																																	"    state_name
id            
7   stop_sound"
447248.3358	9.261300000012852	trials	1.0	2.0	80.0	1.0894223746101048	0.0	0.15	True	20.0	True	False	18443.0	False	Mixed	True	False	0.025	0.0	100.0	1.5	9.0													
447248.3358	9.261300000012852	processed_trials			80.0	1.0894223746101048					True				Mixed					100.0		9.0	40.0	40.0	False	False	True	6.366600000000002	6.366600000000002	36.42602759261345	1.6032	-0.21467299325761074	Right	0.3293999999999999	
447248.3358	1.6032000000122935	states																																	"       state_name
id               
3   wait_for_poke"
447249.939	1.089399999997113	states																																	"        state_name
id                
1   nose_in_center"
447251.0284	0.001999999978579581	states																																	"   state_name
id           
5      go_cue"
447251.0304	6.366600000008475	states																																	"            state_name
id                    
6   wait_for_side_poke"
447257.397	0.20000000001164153	states																																	"   state_name
id           
0     opt_out"
447257.597	0.00010000000474974513	states																																	"    state_name
id            
7   stop_sound"
447257.6263	2.3196999999927357	trials	1.0	2.0	5.0	0.8418243426099181	0.0	0.15	True	20.0	False	False	18444.0	False	Mixed	True	False	0.025	0.0	0.3001607500934122	1.5	9.0													
447257.6263	2.3196999999927357	processed_trials			5.0	0.8418243426099181					False				Mixed					0.3001607500934122		9.0	40.0	40.0	False	True	False			36.42602759261345	0.26639999999999997	-0.32784370402108715	Right	0.26639999999999997	
447257.6263	0.2664000000222586	states																																	"       state_name
id               
3   wait_for_poke"
447257.8927	0.053299999970477074	states																																	"        state_name
id                
1   nose_in_center"
447257.946	2.0	states																																	"          state_name
id                  
2   punish_violation"
447259.9765	13.34260000003269	trials	1.0	2.0	5.0	1.1640942371354637	0.0	0.15	True	20.0	True	False	18445.0	False	Mixed	True	True	0.025	0.0	100.0	1.5	9.0													
447259.9765	13.34260000003269	processed_trials			5.0	1.1640942371354637					True				Mixed					100.0		9.0	40.0	40.0	False	True	False			36.42602759261345	11.116200000000001	0.5906778232392109	Right	11.116200000000001	
447259.9765	11.116199999989476	states																																	"       state_name
id               
3   wait_for_poke"
447271.0927	0.2263999999850057	states																																	"        state_name
id                
1   nose_in_center"
447271.31909999996	2.0	states																																	"          state_name
id                  
2   punish_violation"
447273.3472	25.662699999986216	trials	1.0	2.0	5.0	1.0857423659003878	0.0	0.15	True	20.0	False	False	18446.0	False	Mixed	True	True	0.025	0.0	2.8605467655991164	1.5	9.0													
447273.3472	25.662699999986216	processed_trials			5.0	1.0857423659003878					False				Mixed					2.8605467655991164		9.0	40.0	40.0	True	False	False	2.8604999999999983	2.8604999999999983	36.42602759261345	21.5042	1.470104321900935	Left	21.5042	
447273.3472	21.504200000024866	states																																	"       state_name
id               
3   wait_for_poke"
447294.85140000004	1.0856999999959953	states																																	"        state_name
id                
1   nose_in_center"
447295.93710000004	0.001999999978579581	states																																	"   state_name
id           
5      go_cue"
447295.9391	2.860500000009779	states																																	"            state_name
id                    
6   wait_for_side_poke"
447298.7996	0.15629999997327104	states																																	"         state_name
id                 
4   announce_reward"
447298.9559	0.053899999998975545	states																																	"   state_name
id           
8      reward"
447299.0098	0.00010000000474974513	states																																	"    state_name
id            
7   stop_sound"
447299.0406	7.629100000020117	trials	1.0	2.0	20.0	0.8807044538193417	0.0	0.15	True	25.0	True	False	18447.0	False	Mixed	True	False	0.025	0.0	100.0	1.5	9.0													
447299.0406	7.629100000020117	processed_trials			20.0	0.8807044538193417					True				Mixed					100.0		9.0	40.0	40.0	False	False	True	5.4081	5.4081	36.42602759261345	1.1382	-0.25403892720810184	Left	0.52	
447299.0406	1.138199999986682	states																																	"       state_name
id               
3   wait_for_poke"
447300.1788	0.8807000000379048	states																																	"        state_name
id                
1   nose_in_center"
447301.05950000003	0.001999999978579581	states																																	"   state_name
id           
5      go_cue"
447301.0615	5.408100000000559	states																																	"            state_name
id                    
6   wait_for_side_poke"
447306.4696	0.20000000001164153	states																																	"   state_name
id           
0     opt_out"
447306.6696	0.00010000000474974513	states																																	"    state_name
id            
7   stop_sound"
447306.7013	2.8699999999953434	trials	1.0	2.0	5.0	1.1463940729921973	0.0	0.15	True	25.0	True	False	18448.0	False	Mixed	True	False	0.025	0.0	100.0	1.5	9.0													
447306.7013	2.8699999999953434	processed_trials			5.0	1.1463940729921973					True				Mixed					100.0		9.0	40.0	40.0	False	True	False			36.42602759261345	0.3708	-0.31900541691478335	Left	0.3708	
447306.7013	0.3707999999751337	states																																	"       state_name
id               
3   wait_for_poke"
447307.0721	0.4992000000202097	states																																	"        state_name
id                
1   nose_in_center"
447307.5713	2.0	states																																	"          state_name
id                  
2   punish_violation"
447309.6024	3.5553000000072643	trials	1.0	2.0	5.0	1.1463941	0.0	0.15	True	25.0	False	False	18449.0	False	Mixed	True	True	0.025	0.0	1.2987325752538554	1.5	9.0													
447309.6024	3.5553000000072643	processed_trials			5.0	1.1463941					False				Mixed					1.2987325752538554		9.0	40.0	40.0	True	False	False	1.2986999999999997	1.2986999999999997	36.42602759261345	1.0006	-0.2656878573405483	Right	1.0006	
447309.6024	1.0006000000284985	states																																	"       state_name
id               
3   wait_for_poke"
447310.603	1.1463999999687076	states																																	"        state_name
id                
1   nose_in_center"
447311.7494	0.001999999978579581	states																																	"   state_name
id           
5      go_cue"
447311.75139999995	1.298700000043027	states																																	"            state_name
id                    
6   wait_for_side_poke"
447313.0501	0.04910000000381842	states																																	"         state_name
id                 
4   announce_reward"
447313.0992	0.05839999997988343	states																																	"   state_name
id           
8      reward"
447313.1576	0.00010000000474974513	states																																	"    state_name
id            
7   stop_sound"
447313.1924	3.5945000000065193	trials	1.0	2.0	5.0	1.1432089197993789	0.0	0.15	True	30.0	False	False	18450.0	False	Mixed	True	False	0.025	0.0	1.2987326	1.5	9.0													
447313.1924	3.5945000000065193	processed_trials			5.0	1.1432089197993789					False				Mixed					1.2987326		9.0	40.0	40.0	True	False	False	1.2987000000000002	1.2987000000000002	36.42602759261345	1.0089	-0.26498519658401265	Right	0.3958999999999999	
447313.1924	1.0089000000152737	states																																	"       state_name
id               
3   wait_for_poke"
447314.2013	1.1431999999913387	states																																	"        state_name
id                
1   nose_in_center"
447315.3445	0.001999999978579581	states																																	"   state_name
id           
5      go_cue"
447315.3465	1.298700000043027	states																																	"            state_name
id                    
6   wait_for_side_poke"
447316.6452	0.083199999993667	states																																	"         state_name
id                 
4   announce_reward"
447316.7284	0.05839999997988343	states																																	"   state_name
id           
8      reward"
447316.7868	0.00010000000474974513	states																																	"    state_name
id            
7   stop_sound"
447316.8243	6.210000000020955	trials	1.0	2.0	20.0	1.0754628991085673	0.0	0.15	True	35.0	False	False	18451.0	False	Mixed	True	False	0.025	0.0	0.786869228328453	1.5	9.0													
447316.8243	6.210000000020955	processed_trials			20.0	1.0754628991085673					False				Mixed					0.786869228328453		9.0	40.0	40.0	True	False	False	0.7869000000000002	0.7869000000000002	36.42602759261345	4.1455	0.0005528430484829851	Left	0.8493000000000004	
447316.8243	4.1454999999841675	states																																	"       state_name
id               
3   wait_for_poke"
447320.96979999996	1.0755000000353903	states																																	"        state_name
id                
1   nose_in_center"
447322.0453	0.001999999978579581	states																																	"   state_name
id           
5      go_cue"
447322.0473	0.7869000000064261	states																																	"            state_name
id                    
6   wait_for_side_poke"
447322.8342	0.051099999982398	states																																	"         state_name
id                 
4   announce_reward"
447322.88529999997	0.14890000002924353	states																																	"   state_name
id           
8      reward"
447323.0342	0.00010000000474974513	states																																	"    state_name
id            
7   stop_sound"
447323.0721	4.145799999998417	trials	1.0	2.0	20.0	1.1878059184979584	0.0	0.15	True	55.0	False	False	18452.0	False	Mixed	True	False	0.025	0.0	0.522927729497473	1.5	9.0													
447323.0721	4.145799999998417	processed_trials			20.0	1.1878059184979584					False				Mixed					0.522927729497473		9.0	40.0	40.0	False	True	False			36.42602759261345	1.8833	-0.19096030917259446	Left	0.6756	
447323.0721	1.8832999999867752	states																																	"       state_name
id               
3   wait_for_poke"
447324.9554	0.26250000001164153	states																																	"        state_name
id                
1   nose_in_center"
447325.2179	2.0	states																																	"          state_name
id                  
2   punish_violation"
447327.2542	2.825399999972433	trials	1.0	2.0	20.0	0.8815463861721056	0.0	0.15	True	55.0	False	False	18453.0	False	Mixed	True	True	0.025	0.0	0.17415584014764715	1.5	9.0													
447327.2542	2.825399999972433	processed_trials			20.0	0.8815463861721056					False				Mixed					0.17415584014764715		9.0	40.0	40.0	False	True	False			36.42602759261345	0.7537999999999999	-0.2865814326071745	Right	0.7537999999999999	
447327.2542	0.7538000000058673	states																																	"       state_name
id               
3   wait_for_poke"
447328.00800000003	0.07159999996656552	states																																	"        state_name
id                
1   nose_in_center"
447328.0796	2.0	states																																	"          state_name
id                  
2   punish_violation"
447330.115	42.991399999998976	trials	1.0	2.0	20.0	1.1169111135960277	0.0	0.15	True	55.0	False	False	18454.0	False	Mixed	True	True	0.025	0.0	6.236928724590323	1.5	9.0													
447330.115	42.991399999998976	processed_trials			20.0	1.1169111135960277					False				Mixed					6.236928724590323		9.0	40.0	40.0	False	False	True	6.200699999999998	6.200699999999998	36.42602759261345	35.4717	2.6525638540589664	Left	35.4717	
447330.115	35.4716999999946	states																																	"       state_name
id               
3   wait_for_poke"
447365.5867	1.1169000000227243	states																																	"        state_name
id                
1   nose_in_center"
447366.7036	0.001999999978579581	states																																	"   state_name
id           
5      go_cue"
447366.7056	6.200699999986682	states																																	"            state_name
id                    
6   wait_for_side_poke"
447372.9063	0.20000000001164153	states																																	"   state_name
id           
0     opt_out"
447373.1063	0.00010000000474974513	states																																	"    state_name
id            
7   stop_sound"
447373.1461	8.341000000014901	trials	1.0	2.0	40.0	1.1169111	0.0	0.15	True	55.0	False	False	18455.0	False	Mixed	True	False	0.025	0.0	6.2369287	1.5	9.0													
447373.1461	8.341000000014901	processed_trials			40.0	1.1169111					False				Mixed					6.2369287		9.0	40.0	40.0	True	False	False	6.2369	6.2369	36.42602759261345	0.3172	-0.3235430815593991	Right	0.3172	
447373.1461	0.3171999999904074	states																																	"       state_name
id               
3   wait_for_poke"
447373.4633	1.1169000000227243	states																																	"        state_name
id                
1   nose_in_center"
447374.5802	0.001999999978579581	states																																	"   state_name
id           
5      go_cue"
447374.5822	6.236900000018068	states																																	"            state_name
id                    
6   wait_for_side_poke"
447380.8191	0.3738000000012107	states																																	"         state_name
id                 
4   announce_reward"
447381.1929	0.2940999999991618	states																																	"   state_name
id           
8      reward"
447381.487	0.00010000000474974513	states																																	"    state_name
id            
7   stop_sound"
447381.5266	3.9777999999932945	trials	1.0	2.0	5.0	1.165364324266542	0.0	0.15	True	95.0	False	False	18456.0	False	Mixed	True	False	0.025	0.0	5.924267134539527	1.5	9.0													
447381.5266	3.9777999999932945	processed_trials			5.0	1.165364324266542					False				Mixed					5.924267134539527		9.0	40.0	40.0	False	True	False			36.42602759261345	1.9721	-0.1834426856568878	Right	0.9699	
447381.5266	1.9721000000135973	states																																	"       state_name
id               
3   wait_for_poke"
447383.4987	0.005699999979697168	states																																	"        state_name
id                
1   nose_in_center"
447383.5044	2.0	states																																	"          state_name
id                  
2   punish_violation"
447385.5446	3.8491999999969266	trials	1.0	2.0	5.0	1.1111754139881793	0.0	0.15	True	95.0	False	False	18457.0	False	Mixed	True	True	0.025	0.0	0.6124701441157488	1.5	9.0													
447385.5446	3.8491999999969266	processed_trials			5.0	1.1111754139881793					False				Mixed					0.6124701441157488		9.0	40.0	40.0	False	True	False			36.42602759261345	1.8055	-0.19754669554108523	Left	1.8055	
447385.5446	1.8055000000167638	states																																	"       state_name
id               
3   wait_for_poke"
447387.35010000004	0.04369999998016283	states																																	"        state_name
id                
1   nose_in_center"
447387.3938	2.0	states																																	"          state_name
id                  
2   punish_violation"
447389.4336	4.161900000006426	trials	1.0	2.0	5.0	0.9723237758840265	0.0	0.15	True	95.0	False	False	18458.0	False	Mixed	True	True	0.025	0.0	0.7290374391497143	1.5	9.0													
447389.4336	4.161900000006426	processed_trials			5.0	0.9723237758840265					False				Mixed					0.7290374391497143		9.0	40.0	40.0	False	True	False			36.42602759261345	1.1954	-0.24919649404257907	Right	1.1954	
447389.4336	1.195400000025984	states																																	"       state_name
id               
3   wait_for_poke"
447390.629	0.9664999999804422	states																																	"        state_name
id                
1   nose_in_center"
447391.5955	2.0	states																																	"          state_name
id                  
2   punish_violation"
447393.6353	37.87949999998091	trials	1.0	2.0	5.0	0.9661753867046537	0.0	0.15	True	95.0	True	False	18459.0	False	Mixed	True	True	0.025	0.0	100.0	1.5	9.0													
447393.6353	37.87949999998091	processed_trials			5.0	0.9661753867046537					True				Mixed					100.0		9.0	40.0	40.0	False	False	True	8.2057	8.2057	36.42602759261345	28.5055	2.062819834519373	Right	28.5055	
447393.6353	28.505500000028405	states																																	"       state_name
id               
3   wait_for_poke"
447422.14080000005	0.966199999966193	states																																	"        state_name
id                
1   nose_in_center"
447423.107	0.001999999978579581	states																																	"   state_name
id           
5      go_cue"
447423.109	8.205700000049546	states																																	"            state_name
id                    
6   wait_for_side_poke"
447431.31470000005	0.19999999995343387	states																																	"   state_name
id           
0     opt_out"
447431.5147	0.00010000000474974513	states																																	"    state_name
id            
7   stop_sound"
447431.5563	16.847100000013597	trials	1.0	2.0	80.0	0.8064890640688369	0.0	0.15	True	95.0	True	False	18460.0	False	Mixed	True	False	0.025	0.0	100.0	1.5	9.0													
447431.5563	16.847100000013597	processed_trials			80.0	0.8064890640688369					True				Mixed					100.0		9.0	40.0	40.0	False	False	True	15.6261	15.6261	36.42602759261345	0.2124	-0.33241523183469257	Left	0.2124	
447431.5563	0.21240000001853332	states																																	"       state_name
id               
3   wait_for_poke"
447431.7687	0.8065000000060536	states																																	"        state_name
id                
1   nose_in_center"
447432.5752	0.001999999978579581	states																																	"   state_name
id           
5      go_cue"
447432.5772	15.62609999999404	states																																	"            state_name
id                    
6   wait_for_side_poke"
447448.2033	0.20000000001164153	states																																	"   state_name
id           
0     opt_out"
447448.4033	0.00010000000474974513	states																																	"    state_name
id            
7   stop_sound"
447448.448	2.223500000021886	trials	1.0	2.0	20.0	1.1546448086910845	0.0	0.15	True	95.0	False	False	18461.0	False	Mixed	True	False	0.025	0.0	1.1152897857003672	1.5	9.0													
447448.448	2.223500000021886	processed_trials			20.0	1.1546448086910845					False				Mixed					1.1152897857003672		9.0	40.0	40.0	False	True	False			36.42602759261345	0.154	-0.3373592545071844	Right	0.154	
447448.448	0.15399999998044223	states																																	"       state_name
id               
3   wait_for_poke"
447448.60199999996	0.06950000004144385	states																																	"        state_name
id                
1   nose_in_center"
447448.6715	2.0	states																																	"          state_name
id                  
2   punish_violation"
447450.7129	2.276799999992363	trials	1.0	2.0	20.0	0.9912249756198598	0.0	0.15	True	95.0	False	False	18462.0	False	Mixed	True	True	0.025	0.0	0.14880040313158166	1.5	9.0													
447450.7129	2.276799999992363	processed_trials			20.0	0.9912249756198598					False				Mixed					0.14880040313158166		9.0	40.0	40.0	False	True	False			36.42602759261345	0.2236	-0.33146706310298185	Left	0.2236	
447450.7129	0.22360000002663583	states																																	"       state_name
id               
3   wait_for_poke"
447450.9365	0.05319999996572733	states																																	"        state_name
id                
1   nose_in_center"
447450.9897	2.0	states																																	"          state_name
id                  
2   punish_violation"
447453.0318	66.03130000003148	trials	1.0	2.0	20.0	1.026881506683397	0.0	0.15	True	95.0	False	False	18463.0	False	Mixed	True	True	0.025	0.0	1.3557959134447628	1.5	9.0													
447453.0318	66.03130000003148	processed_trials			20.0	1.026881506683397					False				Mixed					1.3557959134447628		9.0	40.0	40.0	True	False	False	1.3558000000000021	1.3558000000000021	36.42602759261345	63.4751	5.023273520272263	Right	63.4751	
447453.0318	63.47509999998147	states																																	"       state_name
id               
3   wait_for_poke"
447516.5069	1.026899999997113	states																																	"        state_name
id                
1   nose_in_center"
447517.5338	0.0020000000367872417	states																																	"   state_name
id           
5      go_cue"
447517.5358	1.3557999999611638	states																																	"            state_name
id                    
6   wait_for_side_poke"
447518.8916	0.012800000025890768	states																																	"         state_name
id                 
4   announce_reward"
447518.9044	0.15860000002430752	states																																	"   state_name
id           
8      reward"
447519.063	9.999994654208422e-05	states																																	"    state_name
id            
7   stop_sound"
447519.1086	7.964000000036322	trials	1.0	2.0	40.0	1.1773198694027578	0.0	0.15	True	115.0	False	False	18464.0	False	Mixed	True	False	0.025	0.0	4.990575939581327	1.5	9.0													
447519.1086	7.964000000036322	processed_trials			40.0	1.1773198694027578					False				Mixed					4.990575939581327		9.0	40.0	40.0	True	False	False	4.9906	4.9906	36.42602759261345	1.4443	-0.22812513713875707	Right	0.6306999999999999	
447519.1086	1.4442999999737367	states																																	"       state_name
id               
3   wait_for_poke"
447520.55289999995	1.177300000039395	states																																	"        state_name
id                
1   nose_in_center"
447521.7302	0.001999999978579581	states																																	"   state_name
id           
5      go_cue"
447521.73219999997	4.990600000019185	states																																	"            state_name
id                    
6   wait_for_side_poke"
447526.7228	0.05559999996330589	states																																	"         state_name
id                 
4   announce_reward"
447526.77839999995	0.2940999999991618	states																																	"   state_name
id           
8      reward"
447527.07249999995	0.00010000000474974513	states																																	"    state_name
id            
7   stop_sound"
447527.1157	4.027399999962654	trials	1.0	2.0	20.0	1.0757656462610892	0.0	0.15	True	155.0	False	False	18465.0	False	Mixed	True	False	0.025	0.0	1.2939162896560452	1.5	9.0													
447527.1157	4.027399999962654	processed_trials			20.0	1.0757656462610892					False				Mixed					1.2939162896560452		9.0	40.0	40.0	False	True	False			36.42602759261345	1.9793	-0.18283314861507372	Left	0.9923000000000001	
447527.1157	1.979300000006333	states																																	"       state_name
id               
3   wait_for_poke"
447529.09500000003	0.04810000001452863	states																																	"        state_name
id                
1   nose_in_center"
447529.14310000004	2.0	states																																	"          state_name
id                  
2   punish_violation"
447531.1867	4.381099999998696	trials	1.0	2.0	20.0	1.1574124292078896	0.0	0.15	True	155.0	False	False	18466.0	False	Mixed	True	True	0.025	0.0	0.34656228742291245	1.5	9.0													
447531.1867	4.381099999998696	processed_trials			20.0	1.1574124292078896					False				Mixed					0.34656228742291245		9.0	40.0	40.0	False	True	False			36.42602759261345	2.2931999999999997	-0.1562590267504304	Left	2.2931999999999997	
447531.1867	2.2932000000146218	states																																	"       state_name
id               
3   wait_for_poke"
447533.47990000003	0.08789999998407438	states																																	"        state_name
id                
1   nose_in_center"
447533.5678	2.0	states																																	"          state_name
id                  
2   punish_violation"
447535.6098	8.413500000024214	trials	1.0	2.0	20.0	0.9556782833785582	0.0	0.15	True	155.0	True	False	18467.0	False	Mixed	True	True	0.025	0.0	100.0	1.5	9.0													
447535.6098	8.413500000024214	processed_trials			20.0	0.9556782833785582					True				Mixed					100.0		9.0	40.0	40.0	False	False	True	5.3532	5.3532	36.42602759261345	1.9025	-0.18933487706109034	Left	1.9025	
447535.6098	1.9025000000256114	states																																	"       state_name
id               
3   wait_for_poke"
447537.5123	0.9556999999913387	states																																	"        state_name
id                
1   nose_in_center"
447538.468	0.001999999978579581	states																																	"   state_name
id           
5      go_cue"
447538.47	5.3532000000122935	states																																	"            state_name
id                    
6   wait_for_side_poke"
447543.8232	0.20000000001164153	states																																	"   state_name
id           
0     opt_out"
447544.0232	0.00010000000474974513	states																																	"    state_name
id            
7   stop_sound"
447544.0725	2.3399999999674037	trials	1.0	2.0	10.0	0.8388072542502014	0.0	0.15	True	155.0	False	False	18468.0	False	Mixed	True	False	0.025	0.0	0.015048157875841791	1.5	9.0													
447544.0725	2.3399999999674037	processed_trials			10.0	0.8388072542502014					False				Mixed					0.015048157875841791		9.0	40.0	40.0	False	True	False			36.42602759261345	0.3168	-0.32357694472838877	Right	0.3168	
447544.0725	0.3167999999714084	states																																	"       state_name
id               
3   wait_for_poke"
447544.3893	0.023200000054202974	states																																	"        state_name
id                
1   nose_in_center"
447544.41250000003	2.0	states																																	"          state_name
id                  
2   punish_violation"
447546.4616	10.109800000034738	trials	1.0	2.0	10.0	1.067154210620251	0.0	0.15	True	155.0	False	False	18469.0	False	Mixed	True	True	0.025	0.0	0.015048158	1.5	9.0													
447546.4616	10.109800000034738	processed_trials			10.0	1.067154210620251					False				Mixed					0.015048158		9.0	40.0	40.0	False	True	False			36.42602759261345	7.3988000000000005	0.27597046223371474	Left	7.3988000000000005	
447546.4616	7.398800000024494	states																																	"       state_name
id               
3   wait_for_poke"
447553.8604	0.7109999999520369	states																																	"        state_name
id                
1   nose_in_center"
447554.57139999996	2.0	states																																	"          state_name
id                  
2   punish_violation"
447556.6173	2.5970000000088476	trials	1.0	2.0	10.0	0.8976767326898307	0.0	0.15	True	155.0	False	False	18470.0	False	Mixed	True	True	0.025	0.0	5.700168683264187	1.5	9.0													
447556.6173	2.5970000000088476	processed_trials			10.0	0.8976767326898307					False				Mixed					5.700168683264187		9.0	40.0	40.0	False	True	False			36.42602759261345	0.3465	-0.3210626044309058	Right	0.3465	
447556.6173	0.34649999998509884	states																																	"       state_name
id               
3   wait_for_poke"
447556.96379999997	0.2505000000237487	states																																	"        state_name
id                
1   nose_in_center"
447557.2143	2.0	states																																	"          state_name
id                  
2   punish_violation"
447559.2639	52.788799999980256	trials	1.0	2.0	10.0	1.1149147499192722	0.0	0.15	True	155.0	True	False	18471.0	False	Mixed	True	True	0.025	0.0	100.0	1.5	9.0													
447559.2639	52.788799999980256	processed_trials			10.0	1.1149147499192722					True				Mixed					100.0		9.0	40.0	40.0	False	True	False			36.42602759261345	49.7116	3.8580842042989634	Right	49.7116	
447559.2639	49.711599999980535	states																																	"       state_name
id               
3   wait_for_poke"
447608.9755	1.0771999999997206	states																																	"        state_name
id                
1   nose_in_center"
447610.0527	2.0	states																																	"          state_name
id                  
2   punish_violation"
447612.1042	43.087899999984074	trials	1.0	2.0	10.0	1.1149147	0.0	0.15	True	155.0	False	False	18472.0	False	Mixed	True	True	0.025	0.0	0.7184803111673789	1.5	9.0													
447612.1042	43.087899999984074	processed_trials			10.0	1.1149147					False				Mixed					0.7184803111673789		9.0	40.0	40.0	True	False	False	0.7184999999999988	0.7184999999999988	36.42602759261345	41.148	3.1331076193991234	Left	41.148	
447612.1042	41.147999999986496	states																																	"       state_name
id               
3   wait_for_poke"
447653.2522	1.114899999985937	states																																	"        state_name
id                
1   nose_in_center"
447654.3671	0.0020000000367872417	states																																	"   state_name
id           
5      go_cue"
447654.3691	0.7185000000172295	states																																	"            state_name
id                    
6   wait_for_side_poke"
447655.0876	0.018999999971129	states																																	"         state_name
id                 
4   announce_reward"
447655.1066	0.08539999998174608	states																																	"   state_name
id           
8      reward"
447655.192	0.00010000000474974513	states																																	"    state_name
id            
7   stop_sound"
447655.2455	10.429899999988265	trials	1.0	2.0	80.0	0.9879641511473393	0.0	0.15	True	165.0	False	False	18473.0	False	Mixed	True	False	0.025	0.0	7.378452847739332	1.5	9.0													
447655.2455	10.429899999988265	processed_trials			80.0	0.9879641511473393					False				Mixed					7.378452847739332		9.0	40.0	40.0	True	False	False	7.378500000000001	7.378500000000001	36.42602759261345	0.9522	-0.2697853007882983	Right	0.26949999999999996	
447655.2455	0.9521999999997206	states																																	"       state_name
id               
3   wait_for_poke"
447656.1977	0.9880000000121072	states																																	"        state_name
id                
1   nose_in_center"
447657.18570000003	0.001999999978579581	states																																	"   state_name
id           
5      go_cue"
447657.1877	7.378499999991618	states																																	"            state_name
id                    
6   wait_for_side_poke"
447664.5662	0.5377000000444241	states																																	"         state_name
id                 
4   announce_reward"
447665.10390000005	0.571399999957066	states																																	"   state_name
id           
8      reward"
447665.6753	0.00010000000474974513	states																																	"    state_name
id            
7   stop_sound"
447665.7289	16.023600000014994	trials	1.0	2.0	80.0	0.819674440278034	0.0	0.15	True	245.0	True	False	18474.0	False	Mixed	True	False	0.025	0.0	100.0	1.5	9.0													
447665.7289	16.023600000014994	processed_trials			80.0	0.819674440278034					True				Mixed					100.0		9.0	40.0	40.0	False	False	True	13.0247	13.0247	36.42602759261345	1.9770999999999999	-0.18301939604451692	Right	1.3327999999999998	
447665.7289	1.977100000018254	states																																	"       state_name
id               
3   wait_for_poke"
447667.706	0.8196999999927357	states																																	"        state_name
id                
1   nose_in_center"
447668.5257	0.001999999978579581	states																																	"   state_name
id           
5      go_cue"
447668.5277	13.024700000009034	states																																	"            state_name
id                    
6   wait_for_side_poke"
447681.5524	0.20000000001164153	states																																	"   state_name
id           
0     opt_out"
447681.7524	0.00010000000474974513	states																																	"    state_name
id            
7   stop_sound"
447681.8061	2.236399999994319	trials	1.0	2.0	5.0	0.8522285750612084	0.0	0.15	True	245.0	False	False	18475.0	False	Mixed	True	False	0.025	0.0	1.0616411831257715	1.5	9.0													
447681.8061	2.236399999994319	processed_trials			5.0	0.8522285750612084					False				Mixed					1.0616411831257715		9.0	40.0	40.0	True	False	False	1.0615999999999999	1.0615999999999999	36.42602759261345	0.1643	-0.3364872779057004	Right	0.1643	
447681.8061	0.1643000000040047	states																																	"       state_name
id               
3   wait_for_poke"
447681.9704	0.8522000000230037	states																																	"        state_name
id                
1   nose_in_center"
447682.8226	0.001999999978579581	states																																	"   state_name
id           
5      go_cue"
447682.8246	1.06160000001546	states																																	"            state_name
id                    
6   wait_for_side_poke"
447683.8862	0.09779999998863786	states																																	"         state_name
id                 
4   announce_reward"
447683.984	0.05839999997988343	states																																	"   state_name
id           
8      reward"
447684.0424	0.00010000000474974513	states																																	"    state_name
id            
7   stop_sound"
447684.0988	3.317200000048615	trials	1.0	2.0	20.0	0.8980963541923609	0.0	0.15	True	250.0	False	False	18476.0	False	Mixed	True	False	0.025	0.0	1.0834210471549475	1.5	9.0													
447684.0988	3.317200000048615	processed_trials			20.0	0.8980963541923609					False				Mixed					1.0834210471549475		9.0	40.0	40.0	True	False	False	1.0834000000000001	1.0834000000000001	36.42602759261345	1.1005	-0.25723053088537823	Right	0.6805000000000001	
447684.0988	1.1005000000004657	states																																	"       state_name
id               
3   wait_for_poke"
447685.1993	0.8980999999912456	states																																	"        state_name
id                
1   nose_in_center"
447686.09739999997	0.0020000000367872417	states																																	"   state_name
id           
5      go_cue"
447686.0994	1.0833999999449588	states																																	"            state_name
id                    
6   wait_for_side_poke"
447687.18279999995	0.07450000004610047	states																																	"         state_name
id                 
4   announce_reward"
447687.2573	0.15859999996609986	states																																	"   state_name
id           
8      reward"
447687.41589999996	0.00010000000474974513	states																																	"    state_name
id            
7   stop_sound"
447687.4703	3.7716000000364147	trials	1.0	2.0	20.0	0.89809635	0.0	0.15	True	270.0	True	False	18477.0	False	Mixed	True	False	0.025	0.0	100.0	1.5	9.0													
447687.4703	3.7716000000364147	processed_trials			20.0	0.89809635					True				Mixed					100.0		9.0	40.0	40.0	False	True	False			36.42602759261345	1.7077	-0.20582624035905953	Left	0.7409	
447687.4703	1.707700000028126	states																																	"       state_name
id               
3   wait_for_poke"
447689.178	0.06389999995008111	states																																	"        state_name
id                
1   nose_in_center"
447689.24189999996	2.0	states																																	"          state_name
id                  
2   punish_violation"
447691.2973	3.2541000000201166	trials	1.0	2.0	20.0	1.037734868748189	0.0	0.15	True	270.0	False	False	18478.0	False	Mixed	True	True	0.025	0.0	0.708762386781207	1.5	9.0													
447691.2973	3.2541000000201166	processed_trials			20.0	1.037734868748189					False				Mixed					0.708762386781207		9.0	40.0	40.0	True	False	False	0.7088000000000001	0.7088000000000001	36.42602759261345	1.2809000000000001	-0.2419582416710372	Right	1.2809000000000001	
447691.2973	1.2809000000124797	states																																	"       state_name
id               
3   wait_for_poke"
447692.5782	1.0376999999862164	states																																	"        state_name
id                
1   nose_in_center"
447693.6159	0.001999999978579581	states																																	"   state_name
id           
5      go_cue"
447693.61789999995	0.7088000000221655	states																																	"            state_name
id                    
6   wait_for_side_poke"
447694.3267	0.0659999999916181	states																																	"         state_name
id                 
4   announce_reward"
447694.39269999997	0.15860000002430752	states																																	"   state_name
id           
8      reward"
447694.5513	0.00010000000474974513	states																																	"    state_name
id            
7   stop_sound"
447694.6086	3.255700000037905	trials	1.0	2.0	20.0	0.8510775196826786	0.0	0.15	True	290.0	False	False	18479.0	False	Mixed	True	False	0.025	0.0	1.4293630978445104	1.5	9.0													
447694.6086	3.255700000037905	processed_trials			20.0	0.8510775196826786					False				Mixed					1.4293630978445104		9.0	40.0	40.0	False	True	False			36.42602759261345	1.2127999999999999	-0.24772344619152847	Left	0.5691999999999998	
447694.6086	1.2127999999793246	states																																	"       state_name
id               
3   wait_for_poke"
447695.82139999996	0.04290000000037253	states																																	"        state_name
id                
1   nose_in_center"
447695.86429999996	2.0	states																																	"          state_name
id                  
2   punish_violation"
447697.9234	6.747299999988172	trials	1.0	2.0	20.0	0.8994085312048868	0.0	0.15	True	290.0	False	False	18480.0	False	Mixed	True	True	0.025	0.0	6.095511216991235	1.5	9.0													
447697.9234	6.747299999988172	processed_trials			20.0	0.8994085312048868					False				Mixed					6.095511216991235		9.0	40.0	40.0	False	False	True	5.1109	5.1109	36.42602759261345	0.5348999999999999	-0.30511305183677134	Left	0.5348999999999999	
447697.9234	0.5349000000278465	states																																	"       state_name
id               
3   wait_for_poke"
447698.45830000006	0.8993999999947846	states																																	"        state_name
id                
1   nose_in_center"
447699.35770000005	0.001999999978579581	states																																	"   state_name
id           
5      go_cue"
447699.35970000003	5.11089999997057	states																																	"            state_name
id                    
6   wait_for_side_poke"
447704.4706	0.20000000001164153	states																																	"   state_name
id           
0     opt_out"
447704.6706	0.00010000000474974513	states																																	"    state_name
id            
7   stop_sound"
447704.7275	3.1669000000110827	trials	1.0	2.0	40.0	0.9235945382839921	0.0	0.15	True	290.0	False	False	18481.0	False	Mixed	True	False	0.025	0.0	1.5548829566424935	1.5	9.0													
447704.7275	3.1669000000110827	processed_trials			40.0	0.9235945382839921					False				Mixed					1.5548829566424935		9.0	40.0	40.0	True	False	False	1.5548999999999997	1.5548999999999997	36.42602759261345	0.35919999999999996	-0.3199874488154838	Left	0.35919999999999996	
447704.7275	0.35920000000623986	states																																	"       state_name
id               
3   wait_for_poke"
447705.0867	0.9235999999800697	states																																	"        state_name
id                
1   nose_in_center"
447706.01029999997	0.0020000000367872417	states																																	"   state_name
id           
5      go_cue"
447706.0123	1.5548999999882653	states																																	"            state_name
id                    
6   wait_for_side_poke"
447707.5672	0.0503000000026077	states																																	"         state_name
id                 
4   announce_reward"
447707.6175	0.27679999999236315	states																																	"   state_name
id           
8      reward"
447707.8943	0.00010000000474974513	states																																	"    state_name
id            
7   stop_sound"
447707.9534	4.70319999998901	trials	1.0	2.0	10.0	0.8791085879544235	0.0	0.15	True	330.0	False	False	18482.0	False	Mixed	True	False	0.025	0.0	0.9374684256516713	1.5	9.0													
447707.9534	4.70319999998901	processed_trials			10.0	0.8791085879544235					False				Mixed					0.9374684256516713		9.0	40.0	40.0	True	False	False	0.9375	0.9375	36.42602759261345	2.5437	-0.1350522171706497	Right	0.6637	
447707.9534	2.543699999980163	states																																	"       state_name
id               
3   wait_for_poke"
447710.4971	0.8791000000201166	states																																	"        state_name
id                
1   nose_in_center"
447711.3762	0.001999999978579581	states																																	"   state_name
id           
5      go_cue"
447711.3782	0.9375	states																																	"            state_name
id                    
6   wait_for_side_poke"
447712.3157	0.24910000001545995	states																																	"         state_name
id                 
4   announce_reward"
447712.5648	0.09169999998994172	states																																	"   state_name
id           
8      reward"
447712.6565	0.00010000000474974513	states																																	"    state_name
id            
7   stop_sound"
447712.7167	4.005500000028405	trials	1.0	2.0	5.0	1.1861965411647126	0.0	0.15	True	340.0	False	False	18483.0	False	Mixed	True	False	0.025	0.0	1.3882620634031853	1.5	9.0													
447712.7167	4.005500000028405	processed_trials			5.0	1.1861965411647126					False				Mixed					1.3882620634031853		9.0	40.0	40.0	True	False	False	1.3883	1.3883	36.42602759261345	1.36	-0.23526180000332994	Left	0.6038	
447712.7167	1.3599999999860302	states																																	"       state_name
id               
3   wait_for_poke"
447714.0767	1.186199999996461	states																																	"        state_name
id                
1   nose_in_center"
447715.2629	0.0020000000367872417	states																																	"   state_name
id           
5      go_cue"
447715.2649	1.3882999999914318	states																																	"            state_name
id                    
6   wait_for_side_poke"
447716.6532	0.015000000013969839	states																																	"         state_name
id                 
4   announce_reward"
447716.6682	0.053899999998975545	states																																	"   state_name
id           
8      reward"
447716.7221	0.00010000000474974513	states																																	"    state_name
id            
7   stop_sound"
447716.7826	3.566800000029616	trials	1.0	2.0	20.0	1.1861965	0.0	0.15	True	345.0	False	False	18484.0	False	Mixed	True	False	0.025	0.0	1.3882621	1.5	9.0													
447716.7826	3.566800000029616	processed_trials			20.0	1.1861965					False				Mixed					1.3882621		9.0	40.0	40.0	True	False	False	1.3883	1.3883	36.42602759261345	0.7651	-0.2856247980832164	Right	0.3568	
447716.7826	0.7651000000187196	states																																	"       state_name
id               
3   wait_for_poke"
447717.5477	1.186199999996461	states																																	"        state_name
id                
1   nose_in_center"
447718.7339	0.001999999978579581	states																																	"   state_name
id           
5      go_cue"
447718.73589999997	1.3882999999914318	states																																	"            state_name
id                    
6   wait_for_side_poke"
447720.12419999996	0.06650000001536682	states																																	"         state_name
id                 
4   announce_reward"
447720.1907	0.15860000002430752	states																																	"   state_name
id           
8      reward"
447720.3493	9.999994654208422e-05	states																																	"    state_name
id            
7   stop_sound"
447720.4102	7.019800000009127	trials	1.0	2.0	10.0	1.1626047052084811	0.0	0.15	True	365.0	False	False	18485.0	False	Mixed	True	False	0.025	0.0	3.856206417169998	1.5	9.0													
447720.4102	7.019800000009127	processed_trials			10.0	1.1626047052084811					False				Mixed					3.856206417169998		9.0	40.0	40.0	True	False	False	3.8562	3.8562	36.42602759261345	1.4362000000000001	-0.22881086631079786	Right	0.7128000000000002	
447720.4102	1.436199999996461	states																																	"       state_name
id               
3   wait_for_poke"
447721.8464	1.1625999999814667	states																																	"        state_name
id                
1   nose_in_center"
447723.00899999996	0.0020000000367872417	states																																	"   state_name
id           
5      go_cue"
447723.011	3.856199999980163	states																																	"            state_name
id                    
6   wait_for_side_poke"
447726.8672	0.4710000000195578	states																																	"         state_name
id                 
4   announce_reward"
447727.3382	0.09169999998994172	states																																	"   state_name
id           
8      reward"
447727.4299	0.00010000000474974513	states																																	"    state_name
id            
7   stop_sound"
447727.4911	6.829599999997299	trials	1.0	2.0	10.0	0.9418530527056411	0.0	0.15	True	375.0	True	False	18486.0	False	Mixed	True	False	0.025	0.0	100.0	1.5	9.0													
447727.4911	6.829599999997299	processed_trials			10.0	0.9418530527056411					True				Mixed					100.0		9.0	40.0	40.0	False	False	True	4.715400000000001	4.715400000000001	36.42602759261345	0.9702000000000001	-0.2682614581837632	Left	0.6225	
447727.4911	0.9701999999815598	states																																	"       state_name
id               
3   wait_for_poke"
447728.46129999997	0.9419000000343658	states																																	"        state_name
id                
1   nose_in_center"
447729.4032	0.001999999978579581	states																																	"   state_name
id           
5      go_cue"
447729.4052	4.715399999986403	states																																	"            state_name
id                    
6   wait_for_side_poke"
447734.12059999997	0.20000000001164153	states																																	"   state_name
id           
0     opt_out"
447734.3206	0.00010000000474974513	states																																	"    state_name
id            
7   stop_sound"
447734.382	2.119300000020303	trials	1.0	2.0	10.0	1.0095196609537245	0.0	0.15	True	375.0	False	False	18487.0	False	Mixed	True	False	0.025	0.0	9.616754623720942	1.5	9.0													
447734.382	2.119300000020303	processed_trials			10.0	1.0095196609537245					False				Mixed					9.616754623720942		9.0	40.0	40.0	False	False	True	0.5571000000000002	0.5571000000000002	36.42602759261345	0.3506	-0.32071550694876166	Left	0.3506	
447734.382	0.3506000000052154	states																																	"       state_name
id               
3   wait_for_poke"
447734.7326	1.0094999999855645	states																																	"        state_name
id                
1   nose_in_center"
447735.7421	0.0020000000367872417	states																																	"   state_name
id           
5      go_cue"
447735.7441	0.5570999999763444	states																																	"            state_name
id                    
6   wait_for_side_poke"
447736.3012	0.20000000001164153	states																																	"   state_name
id           
0     opt_out"
447736.5012	0.00010000000474974513	states																																	"    state_name
id            
7   stop_sound"
447736.5681	2.973200000007637	trials	1.0	2.0	5.0	0.9273116779955013	0.0	0.15	True	375.0	False	False	18488.0	False	Mixed	True	False	0.025	0.0	4.618844332207724	1.5	9.0													
447736.5681	2.973200000007637	processed_trials			5.0	0.9273116779955013					False				Mixed					4.618844332207724		9.0	40.0	40.0	False	True	False			36.42602759261345	0.9132	-0.27308695976479114	Left	0.9132	
447736.5681	0.9132000000099652	states																																	"       state_name
id               
3   wait_for_poke"
447737.4813	0.059999999997671694	states																																	"        state_name
id                
1   nose_in_center"
447737.5413	2.0	states																																	"          state_name
id                  
2   punish_violation"
447739.6064	15.991700000013225	trials	1.0	2.0	5.0	0.9887775428169727	0.0	0.15	True	375.0	False	False	18489.0	False	Mixed	True	True	0.025	0.0	2.7993973485350088	1.5	9.0													
447739.6064	15.991700000013225	processed_trials			5.0	0.9887775428169727					False				Mixed					2.7993973485350088		9.0	40.0	40.0	True	False	False	2.7994000000000003	2.7994000000000003	36.42602759261345	12.1114	0.6749293876855093	Right	12.1114	
447739.6064	12.111399999994319	states																																	"       state_name
id               
3   wait_for_poke"
447751.7178	0.9887999999918975	states																																	"        state_name
id                
1   nose_in_center"
447752.7066	0.0020000000367872417	states																																	"   state_name
id           
5      go_cue"
447752.7086	2.79939999995986	states																																	"            state_name
id                    
6   wait_for_side_poke"
447755.508	0.03160000004572794	states																																	"         state_name
id                 
4   announce_reward"
447755.5396	0.05839999997988343	states																																	"   state_name
id           
8      reward"
447755.598	0.00010000000474974513	states																																	"    state_name
id            
7   stop_sound"
447755.663	3.228899999987334	trials	1.0	2.0	40.0	0.8008391349486172	0.0	0.15	True	380.0	False	False	18490.0	False	Mixed	True	False	0.025	0.0	0.2654845485158622	1.5	9.0													
447755.663	3.228899999987334	processed_trials			40.0	0.8008391349486172					False				Mixed					0.2654845485158622		9.0	40.0	40.0	True	False	False	0.26549999999999985	0.26549999999999985	36.42602759261345	1.4974	-0.22362980145537842	Right	0.554	
447755.663	1.497399999992922	states																																	"       state_name
id               
3   wait_for_poke"
447757.1604	0.8008000000263564	states																																	"        state_name
id                
1   nose_in_center"
447757.9612	0.001999999978579581	states																																	"   state_name
id           
5      go_cue"
447757.9632	0.2654999999795109	states																																	"            state_name
id                    
6   wait_for_side_poke"
447758.2287	0.3690000000060536	states																																	"         state_name
id                 
4   announce_reward"
447758.5977	0.2940999999991618	states																																	"   state_name
id           
8      reward"
447758.8918	0.00010000000474974513	states																																	"    state_name
id            
7   stop_sound"
447758.9592	3.991100000042934	trials	1.0	2.0	40.0	1.1486370799353394	0.0	0.15	True	420.0	False	False	18491.0	False	Mixed	True	False	0.025	0.0	0.7557303309919373	1.5	9.0													
447758.9592	3.991100000042934	processed_trials			40.0	1.1486370799353394					False				Mixed					0.7557303309919373		9.0	40.0	40.0	False	True	False			36.42602759261345	1.9525	-0.18510198093738164	Left	1.2317999999999998	
447758.9592	1.9525000000139698	states																																	"       state_name
id               
3   wait_for_poke"
447760.9117	0.03859999997075647	states																																	"        state_name
id                
1   nose_in_center"
447760.95029999997	2.0	states																																	"          state_name
id                  
2   punish_violation"
447763.0152	1.9631999999983236	trials	1.0	2.0	40.0	0.9801525860915558	0.0	0.15	True	420.0	False	False	18492.0	False	Mixed	True	True	0.025	0.0	0.3559417134498837	1.5	9.0													
447763.0152	1.9631999999983236	processed_trials			40.0	0.9801525860915558					False				Mixed					0.3559417134498837		9.0	40.0	40.0	True	False	False	0.3559000000000001	0.3559000000000001	36.42602759261345	0.026699999999999998	-0.34813620803814677	Left	0.026699999999999998	
447763.0152	0.02669999998761341	states																																	"       state_name
id               
3   wait_for_poke"
447763.0419	0.980199999990873	states																																	"        state_name
id                
1   nose_in_center"
447764.0221	0.0020000000367872417	states																																	"   state_name
id           
5      go_cue"
447764.02410000004	0.3558999999659136	states																																	"            state_name
id                    
6   wait_for_side_poke"
447764.38	0.32150000002002344	states																																	"         state_name
id                 
4   announce_reward"
447764.7015	0.27679999999236315	states																																	"   state_name
id           
8      reward"
447764.9783	0.00010000000474974513	states																																	"    state_name
id            
7   stop_sound"
447765.0468	8.425600000016857	trials	1.0	2.0	80.0	1.0647149269670009	0.0	0.15	True	460.0	False	False	18493.0	False	Mixed	True	False	0.025	0.0	4.578320220222532	1.5	9.0													
447765.0468	8.425600000016857	processed_trials			80.0	1.0647149269670009					False				Mixed					4.578320220222532		9.0	40.0	40.0	True	False	False	4.5783000000000005	4.5783000000000005	36.42602759261345	1.9450999999999998	-0.1857284495636905	Right	0.8634999999999999	
447765.0468	1.9451000000117347	states																																	"       state_name
id               
3   wait_for_poke"
447766.9919	1.064699999988079	states																																	"        state_name
id                
1   nose_in_center"
447768.0566	0.001999999978579581	states																																	"   state_name
id           
5      go_cue"
447768.0586	4.57829999999376	states																																	"            state_name
id                    
6   wait_for_side_poke"
447772.6369	0.26400000002468005	states																																	"         state_name
id                 
4   announce_reward"
447772.9009	0.5714000000152737	states																																	"   state_name
id           
8      reward"
447773.4723	0.00010000000474974513	states																																	"    state_name
id            
7   stop_sound"
447773.539	4.387800000025891	trials	1.0	2.0	5.0	0.9353536203746363	0.0	0.15	True	540.0	False	False	18494.0	False	Mixed	True	False	0.025	0.0	1.235818453099183	1.5	9.0													
447773.539	4.387800000025891	processed_trials			5.0	0.9353536203746363					False				Mixed					1.235818453099183		9.0	40.0	40.0	True	False	False	1.2358000000000002	1.2358000000000002	36.42602759261345	2.0096	-0.18026801356410627	Right	1.3499999999999996	
447773.539	2.0095999999903142	states																																	"       state_name
id               
3   wait_for_poke"
447775.5486	0.9354000000166707	states																																	"        state_name
id                
1   nose_in_center"
447776.484	0.001999999978579581	states																																	"   state_name
id           
5      go_cue"
447776.486	1.2358000000240281	states																																	"            state_name
id                    
6   wait_for_side_poke"
447777.7218	0.1464999999734573	states																																	"         state_name
id                 
4   announce_reward"
447777.8683	0.05840000003809109	states																																	"   state_name
id           
8      reward"
447777.9267	0.00010000000474974513	states																																	"    state_name
id            
7   stop_sound"
447777.9984	6.537000000011176	trials	1.0	2.0	5.0	0.9655615054713367	0.0	0.15	True	545.0	True	False	18495.0	False	Mixed	True	False	0.025	0.0	100.0	1.5	9.0													
447777.9984	6.537000000011176	processed_trials			5.0	0.9655615054713367					True				Mixed					100.0		9.0	40.0	40.0	False	False	True	4.356	4.356	36.42602759261345	1.0132999999999999	-0.26461270172512624	Left	0.6332999999999999	
447777.9984	1.0132999999914318	states																																	"       state_name
id               
3   wait_for_poke"
447779.0117	0.9655999999959022	states																																	"        state_name
id                
1   nose_in_center"
447779.97729999997	0.0020000000367872417	states																																	"   state_name
id           
5      go_cue"
447779.9793	4.355999999970663	states																																	"            state_name
id                    
6   wait_for_side_poke"
447784.3353	0.20000000001164153	states																																	"   state_name
id           
0     opt_out"
447784.5353	0.00010000000474974513	states																																	"    state_name
id            
7   stop_sound"
447784.6049	2.4989000000059605	trials	1.0	2.0	20.0	1.0432600386059077	0.0	0.15	True	545.0	True	False	18496.0	False	Mixed	True	False	0.025	0.0	100.0	1.5	9.0													
447784.6049	2.4989000000059605	processed_trials			20.0	1.0432600386059077					True				Mixed					100.0		9.0	40.0	40.0	False	True	False			36.42602759261345	0.219	-0.33185648954636304	Right	0.219	
447784.6049	0.21899999998277053	states																																	"       state_name
id               
3   wait_for_poke"
447784.82389999996	0.27990000002318993	states																																	"        state_name
id                
1   nose_in_center"
447785.1038	2.0	states																																	"          state_name
id                  
2   punish_violation"
447787.1761	3.668100000009872	trials	1.0	2.0	20.0	1.04326	0.0	0.15	True	545.0	False	False	18497.0	False	Mixed	True	True	0.025	0.0	2.110049560573618	1.5	9.0													
447787.1761	3.668100000009872	processed_trials			20.0	1.04326					False				Mixed					2.110049560573618		9.0	40.0	40.0	True	False	False	2.1100000000000003	2.1100000000000003	36.42602759261345	0.2562	-0.3287072148303238	Left	0.2562	
447787.1761	0.2562000000034459	states																																	"       state_name
id               
3   wait_for_poke"
447787.4323	1.0433000000193715	states																																	"        state_name
id                
1   nose_in_center"
447788.4756	0.001999999978579581	states																																	"   state_name
id           
5      go_cue"
447788.4776	2.10999999998603	states																																	"            state_name
id                    
6   wait_for_side_poke"
447790.58759999997	0.1075999999884516	states																																	"         state_name
id                 
4   announce_reward"
447790.69519999996	0.14890000002924353	states																																	"   state_name
id           
8      reward"
447790.8441	0.00010000000474974513	states																																	"    state_name
id            
7   stop_sound"
447790.9183	12.461799999990035	trials	1.0	2.0	20.0	1.067347938540707	0.0	0.15	True	565.0	True	False	18498.0	False	Mixed	True	False	0.025	0.0	100.0	1.5	9.0													
447790.9183	12.461799999990035	processed_trials			20.0	1.067347938540707					True				Mixed					100.0		9.0	40.0	40.0	False	False	True	9.169300000000002	9.169300000000002	36.42602759261345	2.0231	-0.1791251316107049	Right	0.46989999999999976	
447790.9183	2.0230999999912456	states																																	"       state_name
id               
3   wait_for_poke"
447792.9414	1.0672999999951571	states																																	"        state_name
id                
1   nose_in_center"
447794.0087	0.0020000000367872417	states																																	"   state_name
id           
5      go_cue"
447794.01070000004	9.169299999950454	states																																	"            state_name
id                    
6   wait_for_side_poke"
447803.18	0.20000000001164153	states																																	"   state_name
id           
0     opt_out"
447803.38	0.00010000000474974513	states																																	"    state_name
id            
7   stop_sound"
447803.4522	8.378800000005867	trials	1.0	2.0	80.0	0.8294272575554013	0.0	0.15	True	565.0	False	False	18499.0	False	Mixed	True	False	0.025	0.0	6.597674741413943	1.5	9.0													
447803.4522	8.378800000005867	processed_trials			80.0	0.8294272575554013					False				Mixed					6.597674741413943		9.0	40.0	40.0	True	False	False	6.5977	6.5977	36.42602759261345	0.26430000000000003	-0.32802148565828293	Right	0.26430000000000003	
447803.4522	0.2642999999807216	states																																	"       state_name
id               
3   wait_for_poke"
447803.7165	0.8294000000460073	states																																	"        state_name
id                
1   nose_in_center"
447804.5459	0.001999999978579581	states																																	"   state_name
id           
5      go_cue"
447804.5479	6.597699999983888	states																																	"            state_name
id                    
6   wait_for_side_poke"
447811.1456	0.11389999999664724	states																																	"         state_name
id                 
4   announce_reward"
447811.2595	0.5714000000152737	states																																	"   state_name
id           
8      reward"
447811.8309	0.00010000000474974513	states																																	"    state_name
id            
7   stop_sound"
447811.9031	20.584199999982957	trials	1.0	2.0	40.0	0.8974682052393658	0.0	0.15	True	645.0	True	False	18500.0	False	Mixed	True	False	0.025	0.0	100.0	1.5	9.0													
447811.9031	20.584199999982957	processed_trials			40.0	0.8974682052393658					True				Mixed					100.0		9.0	40.0	40.0	False	False	True	16.8662	16.8662	36.42602759261345	2.6184000000000003	-0.12872827036182882	Right	0.7251000000000003	
447811.9031	2.618399999977555	states																																	"       state_name
id               
3   wait_for_poke"
447814.5215	0.8975000000209548	states																																	"        state_name
id                
1   nose_in_center"
447815.419	0.001999999978579581	states																																	"   state_name
id           
5      go_cue"
447815.421	16.866200000047684	states																																	"            state_name
id                    
6   wait_for_side_poke"
447832.2872	0.19999999995343387	states																																	"   state_name
id           
0     opt_out"
447832.4872	0.00010000000474974513	states																																	"    state_name
id            
7   stop_sound"
447832.5619	2.8795000000391155	trials	1.0	2.0	10.0	0.9563900477334836	0.0	0.15	True	645.0	False	False	18501.0	False	Mixed	True	False	0.025	0.0	1.5717305171919378	1.5	9.0													
447832.5619	2.8795000000391155	processed_trials			10.0	0.9563900477334836					False				Mixed					1.5717305171919378		9.0	40.0	40.0	True	False	False	1.5716999999999999	1.5716999999999999	36.42602759261345	0.223	-0.33151785785646637	Right	0.223	
447832.5619	0.22299999999813735	states																																	"       state_name
id               
3   wait_for_poke"
447832.78489999997	0.9564000000245869	states																																	"        state_name
id                
1   nose_in_center"
447833.7413	0.001999999978579581	states																																	"   state_name
id           
5      go_cue"
447833.7433	1.5716999999713153	states																																	"            state_name
id                    
6   wait_for_side_poke"
447835.31499999994	0.03460000001359731	states																																	"         state_name
id                 
4   announce_reward"
447835.34959999996	0.09169999998994172	states																																	"   state_name
id           
8      reward"
447835.44129999995	0.00010000000474974513	states																																	"    state_name
id            
7   stop_sound"
447835.5174	3.6341999999713153	trials	1.0	2.0	40.0	1.0242643887533156	0.0	0.15	True	655.0	False	False	18502.0	False	Mixed	True	False	0.025	0.0	0.7851563774352472	1.5	9.0													
447835.5174	3.6341999999713153	processed_trials			40.0	1.0242643887533156					False				Mixed					0.7851563774352472		9.0	40.0	40.0	True	False	False	0.7851999999999997	0.7851999999999997	36.42602759261345	1.394	-0.23238343063920802	Right	0.5948999999999999	
447835.5174	1.393999999971129	states																																	"       state_name
id               
3   wait_for_poke"
447836.9114	1.0243000000482425	states																																	"        state_name
id                
1   nose_in_center"
447837.93570000003	0.001999999978579581	states																																	"   state_name
id           
5      go_cue"
447837.9377	0.7851999999838881	states																																	"            state_name
id                    
6   wait_for_side_poke"
447838.7229	0.13450000004377216	states																																	"         state_name
id                 
4   announce_reward"
447838.85740000004	0.2940999999991618	states																																	"   state_name
id           
8      reward"
447839.15150000004	9.999994654208422e-05	states																																	"    state_name
id            
7   stop_sound"
447839.2256	7.117399999988265	trials	1.0	2.0	20.0	1.0242644	0.0	0.15	True	695.0	False	False	18503.0	False	Mixed	True	False	0.025	0.0	3.757662273819444	1.5	9.0													
447839.2256	7.117399999988265	processed_trials			20.0	1.0242644					False				Mixed					3.757662273819444		9.0	40.0	40.0	True	False	False	3.7577	3.7577	36.42602759261345	1.9750999999999999	-0.18318871188946528	Left	1.0419999999999998	
447839.2256	1.9750999999814667	states																																	"       state_name
id               
3   wait_for_poke"
447841.2007	1.0242999999900348	states																																	"        state_name
id                
1   nose_in_center"
447842.225	0.0020000000367872417	states																																	"   state_name
id           
5      go_cue"
447842.227	3.7577000000164844	states																																	"            state_name
id                    
6   wait_for_side_poke"
447845.98470000003	0.20929999998770654	states																																	"         state_name
id                 
4   announce_reward"
447846.194	0.14889999997103587	states																																	"   state_name
id           
8      reward"
447846.3429	0.00010000000474974513	states																																	"    state_name
id            
7   stop_sound"
447846.4216	4.877099999983329	trials	1.0	2.0	5.0	1.110178836759309	0.0	0.15	True	715.0	False	False	18504.0	False	Mixed	True	False	0.025	0.0	2.438167259984572	1.5	9.0													
447846.4216	4.877099999983329	processed_trials			5.0	1.110178836759309					False				Mixed					2.438167259984572		9.0	40.0	40.0	False	True	False			36.42602759261345	1.7945	-0.19847793268830116	Left	0.6785999999999999	
447846.4216	1.7945000000181608	states																																	"       state_name
id               
3   wait_for_poke"
447848.2161	1.0825999999651685	states																																	"        state_name
id                
1   nose_in_center"
447849.2987	2.0	states																																	"          state_name
id                  
2   punish_violation"
447851.3778	5.848200000007637	trials	1.0	2.0	5.0	0.9501091814782822	0.0	0.15	True	715.0	False	False	18505.0	False	Mixed	True	True	0.025	0.0	4.190246616160971	1.5	9.0													
447851.3778	5.848200000007637	processed_trials			5.0	0.9501091814782822					False				Mixed					4.190246616160971		9.0	40.0	40.0	True	False	False	4.1902	4.1902	36.42602759261345	0.5124	-0.30701785509244023	Left	0.5124	
447851.3778	0.5124000000068918	states																																	"       state_name
id               
3   wait_for_poke"
447851.8902	0.9501000000163913	states																																	"        state_name
id                
1   nose_in_center"
447852.84030000004	0.001999999978579581	states																																	"   state_name
id           
5      go_cue"
447852.8423	4.190200000011828	states																																	"            state_name
id                    
6   wait_for_side_poke"
447857.03250000003	0.1394999999902211	states																																	"         state_name
id                 
4   announce_reward"
447857.172	0.053899999998975545	states																																	"   state_name
id           
8      reward"
447857.2259	0.00010000000474974513	states																																	"    state_name
id            
7   stop_sound"
447857.3029	3.5319000000017695	trials	1.0	2.0	20.0	1.0689450626224046	0.0	0.15	True	720.0	False	False	18506.0	False	Mixed	True	False	0.025	0.0	1.0210449952449865	1.5	9.0													
447857.3029	3.5319000000017695	processed_trials			20.0	1.0689450626224046					False				Mixed					1.0210449952449865		9.0	40.0	40.0	True	False	False	1.0210000000000004	1.0210000000000004	36.42602759261345	1.0234	-0.2637576567081371	Right	0.35250000000000015	
447857.3029	1.0234000000054948	states																																	"       state_name
id               
3   wait_for_poke"
447858.3263	1.0689000000129454	states																																	"        state_name
id                
1   nose_in_center"
447859.3952	0.001999999978579581	states																																	"   state_name
id           
5      go_cue"
447859.3972	1.0210000000079162	states																																	"            state_name
id                    
6   wait_for_side_poke"
447860.4182	0.25789999996777624	states																																	"         state_name
id                 
4   announce_reward"
447860.6761	0.15860000002430752	states																																	"   state_name
id           
8      reward"
447860.8347	0.00010000000474974513	states																																	"    state_name
id            
7   stop_sound"
447860.9139	6.1885999999940395	trials	1.0	2.0	5.0	1.1138391967340087	0.0	0.15	True	740.0	False	False	18507.0	False	Mixed	True	False	0.025	0.0	3.0967467264575657	1.5	9.0													
447860.9139	6.1885999999940395	processed_trials			5.0	1.1138391967340087					False				Mixed					3.0967467264575657		9.0	40.0	40.0	True	False	False	3.0966999999999993	3.0966999999999993	36.42602759261345	1.3949	-0.2323072385089813	Right	0.6031000000000001	
447860.9139	1.3949000000138767	states																																	"       state_name
id               
3   wait_for_poke"
447862.3088	1.1137999999918975	states																																	"        state_name
id                
1   nose_in_center"
447863.4226	0.001999999978579581	states																																	"   state_name
id           
5      go_cue"
447863.42459999997	3.0966999999945983	states																																	"            state_name
id                    
6   wait_for_side_poke"
447866.52129999996	0.5227000000304542	states																																	"         state_name
id                 
4   announce_reward"
447867.044	0.05839999997988343	states																																	"   state_name
id           
8      reward"
447867.1024	0.00010000000474974513	states																																	"    state_name
id            
7   stop_sound"
447867.1821	4.101500000047963	trials	1.0	2.0	20.0	1.1321472006193551	0.0	0.15	True	745.0	False	False	18508.0	False	Mixed	True	False	0.025	0.0	0.7973246822291582	1.5	9.0													
447867.1821	4.101500000047963	processed_trials			20.0	1.1321472006193551					False				Mixed					0.7973246822291582		9.0	40.0	40.0	False	True	False			36.42602759261345	1.0633	-0.26037980560141755	Left	0.9096	
447867.1821	1.0632999999797903	states																																	"       state_name
id               
3   wait_for_poke"
447868.24539999996	1.0382000000099652	states																																	"        state_name
id                
1   nose_in_center"
447869.28359999997	2.0	states																																	"          state_name
id                  
2   punish_violation"
447871.3619	11.256699999968987	trials	1.0	2.0	20.0	1.180279187065031	0.0	0.15	True	745.0	True	False	18509.0	False	Mixed	True	True	0.025	0.0	100.0	1.5	9.0													
447871.3619	11.256699999968987	processed_trials			20.0	1.180279187065031					True				Mixed					100.0		9.0	40.0	40.0	False	False	True	9.0283	9.0283	36.42602759261345	0.846	-0.2787759721550556	Left	0.846	
447871.3619	0.8460000000195578	states																																	"       state_name
id               
3   wait_for_poke"
447872.20790000004	1.1803000000072643	states																																	"        state_name
id                
1   nose_in_center"
447873.38820000004	0.001999999978579581	states																																	"   state_name
id           
5      go_cue"
447873.3902	9.028300000005402	states																																	"            state_name
id                    
6   wait_for_side_poke"
447882.4185	0.20000000001164153	states																																	"   state_name
id           
0     opt_out"
447882.61850000004	0.00010000000474974513	states																																	"    state_name
id            
7   stop_sound"
447882.7012	4.54670000000624	trials	1.0	2.0	20.0	1.1802792	0.0	0.15	True	745.0	False	False	18510.0	False	Mixed	True	False	0.025	0.0	2.8491788557656434	1.5	9.0													
447882.7012	4.54670000000624	processed_trials			20.0	1.1802792					False				Mixed					2.8491788557656434		9.0	40.0	40.0	True	False	False	2.8492000000000006	2.8492000000000006	36.42602759261345	0.205	-0.33304170046100146	Right	0.205	
447882.7012	0.20500000001629815	states																																	"       state_name
id               
3   wait_for_poke"
447882.9062	1.1803000000072643	states																																	"        state_name
id                
1   nose_in_center"
447884.08650000003	0.001999999978579581	states																																	"   state_name
id           
5      go_cue"
447884.0885	2.8491999999969266	states																																	"            state_name
id                    
6   wait_for_side_poke"
447886.9377	0.15149999997811392	states																																	"         state_name
id                 
4   announce_reward"
447887.0892	0.15860000002430752	states																																	"   state_name
id           
8      reward"
447887.2478	0.00010000000474974513	states																																	"    state_name
id            
7   stop_sound"
447887.3319	3.54749999998603	trials	1.0	2.0	20.0	0.9817443851014678	0.0	0.15	True	765.0	False	False	18511.0	False	Mixed	True	False	0.025	0.0	0.14378714947855997	1.5	9.0													
447887.3319	3.54749999998603	processed_trials			20.0	0.9817443851014678					False				Mixed					0.14378714947855997		9.0	40.0	40.0	True	False	False	0.14380000000000015	0.14380000000000015	36.42602759261345	1.9	-0.18954652186727577	Right	0.9453999999999999	
447887.3319	1.900000000023283	states																																	"       state_name
id               
3   wait_for_poke"
447889.2319	0.9817000000039116	states																																	"        state_name
id                
1   nose_in_center"
447890.2136	0.001999999978579581	states																																	"   state_name
id           
5      go_cue"
447890.2156	0.14380000001983717	states																																	"            state_name
id                    
6   wait_for_side_poke"
447890.3594	0.3612999999895692	states																																	"         state_name
id                 
4   announce_reward"
447890.7207	0.15859999996609986	states																																	"   state_name
id           
8      reward"
447890.8793	0.00010000000474974513	states																																	"    state_name
id            
7   stop_sound"
447890.9618	3.4054999999934807	trials	1.0	2.0	5.0	1.1512805965263446	0.0	0.15	True	785.0	False	False	18512.0	False	Mixed	True	False	0.025	0.0	1.378589198104076	1.5	9.0													
447890.9618	3.4054999999934807	processed_trials			5.0	1.1512805965263446					False				Mixed					1.378589198104076		9.0	40.0	40.0	False	True	False			36.42602759261345	1.3262	-0.23812323778295708	Right	0.7217	
447890.9618	1.3262000000104308	states																																	"       state_name
id               
3   wait_for_poke"
447892.288	0.07929999998304993	states																																	"        state_name
id                
1   nose_in_center"
447892.3673	2.0	states																																	"          state_name
id                  
2   punish_violation"
447894.4504	53.353000000002794	trials	1.0	2.0	5.0	1.0147822797160315	0.0	0.15	True	785.0	True	False	18513.0	False	Mixed	True	True	0.025	0.0	100.0	1.5	9.0													
447894.4504	53.353000000002794	processed_trials			5.0	1.0147822797160315					True				Mixed					100.0		9.0	40.0	40.0	False	False	True	7.5244	7.5244	36.42602759261345	44.6117	3.426337265472921	Left	44.6117	
447894.4504	44.61170000000857	states																																	"       state_name
id               
3   wait_for_poke"
447939.0621	1.0148000000044703	states																																	"        state_name
id                
1   nose_in_center"
447940.0769	0.001999999978579581	states																																	"   state_name
id           
5      go_cue"
447940.07889999996	7.524399999994785	states																																	"            state_name
id                    
6   wait_for_side_poke"
447947.60329999996	0.20000000001164153	states																																	"   state_name
id           
0     opt_out"
447947.80329999997	0.00010000000474974513	states																																	"    state_name
id            
7   stop_sound"
447947.887	2.569499999983236	trials	1.0	2.0	40.0	1.1218042887278468	0.0	0.15	True	785.0	False	False	18514.0	False	Mixed	True	False	0.025	0.0	0.7817490530334769	1.5	9.0													
447947.887	2.569499999983236	processed_trials			40.0	1.1218042887278468					False				Mixed					0.7817490530334769		9.0	40.0	40.0	True	False	False	0.7816999999999996	0.7816999999999996	36.42602759261345	0.2686	-0.32765745659164397	Right	0.2686	
447947.887	0.2686000000103377	states																																	"       state_name
id               
3   wait_for_poke"
447948.1556	1.1217999999644235	states																																	"        state_name
id                
1   nose_in_center"
447949.27739999996	0.0020000000367872417	states																																	"   state_name
id           
5      go_cue"
447949.2794	0.78169999999227	states																																	"            state_name
id                    
6   wait_for_side_poke"
447950.0611	0.10119999997550622	states																																	"         state_name
id                 
4   announce_reward"
447950.16229999997	0.2940999999991618	states																																	"   state_name
id           
8      reward"
447950.45639999997	0.00010000000474974513	states																																	"    state_name
id            
7   stop_sound"
447950.5406	18.302599999995437	trials	1.0	2.0	40.0	1.1218043	0.0	0.15	True	825.0	False	False	18515.0	False	Mixed	True	False	0.025	0.0	14.586865847434478	1.5	9.0													
447950.5406	18.302599999995437	processed_trials			40.0	1.1218043					False				Mixed					14.586865847434478		9.0	40.0	40.0	True	False	False	14.5869	14.5869	36.42602759261345	1.8685999999999998	-0.19220478063296487	Right	1.1078999999999999	
447950.5406	1.8685999999870546	states																																	"       state_name
id               
3   wait_for_poke"
447952.4092	1.1218000000226311	states																																	"        state_name
id                
1   nose_in_center"
447953.531	0.001999999978579581	states																																	"   state_name
id           
5      go_cue"
447953.533	14.586899999994785	states																																	"            state_name
id                    
6   wait_for_side_poke"
447968.1199	0.42910000000847504	states																																	"         state_name
id                 
4   announce_reward"
447968.549	0.2940999999991618	states																																	"   state_name
id           
8      reward"
447968.8431	0.00010000000474974513	states																																	"    state_name
id            
7   stop_sound"
447968.9336	4.04749999998603	trials	1.0	2.0	20.0	0.8098473620445776	0.0	0.15	True	865.0	False	False	18516.0	False	Mixed	True	False	0.025	0.0	14.586866	1.5	9.0													
447968.9336	4.04749999998603	processed_trials			20.0	0.8098473620445776					False				Mixed					14.586866		9.0	40.0	40.0	False	True	False			36.42602759261345	2.0298	-0.17855792353012795	Left	0.9375999999999998	
447968.9336	2.02980000001844	states																																	"       state_name
id               
3   wait_for_poke"
447970.9634	0.017699999967589974	states																																	"        state_name
id                
1   nose_in_center"
447970.9811	2.0	states																																	"          state_name
id                  
2   punish_violation"
447973.0666	5.426999999966938	trials	1.0	2.0	20.0	1.1783501150335454	0.0	0.15	True	865.0	False	False	18517.0	False	Mixed	True	True	0.025	0.0	3.2262051333005233	1.5	9.0													
447973.0666	5.426999999966938	processed_trials			20.0	1.1783501150335454					False				Mixed					3.2262051333005233		9.0	40.0	40.0	True	False	False	3.2262	3.2262	36.42602759261345	0.4673	-0.3108359273960255	Right	0.4673	
447973.0666	0.4673000000184402	states																																	"       state_name
id               
3   wait_for_poke"
447973.53390000004	1.1783999999752268	states																																	"        state_name
id                
1   nose_in_center"
447974.7123	0.001999999978579581	states																																	"   state_name
id           
5      go_cue"
447974.7143	3.226200000033714	states																																	"            state_name
id                    
6   wait_for_side_poke"
447977.9405	0.394399999990128	states																																	"         state_name
id                 
4   announce_reward"
447978.3349	0.15860000002430752	states																																	"   state_name
id           
8      reward"
447978.49350000004	0.00010000000474974513	states																																	"    state_name
id            
7   stop_sound"
447978.5837	3.541399999987334	trials	1.0	2.0	10.0	0.8776474723822449	0.0	0.15	True	885.0	False	False	18518.0	False	Low	True	False	0.025	0.0	4.0748882396430375	1.5	9.0													
447978.5837	3.541399999987334	processed_trials			10.0	0.8776474723822449					False				Low					4.0748882396430375		9.0	40.0	40.0	False	True	False			36.42602759261345	1.4626	-0.22657589715747967	Right	1.0269	
447978.5837	1.4626000000280328	states																																	"       state_name
id               
3   wait_for_poke"
447980.04630000005	0.0787999999593012	states																																	"        state_name
id                
1   nose_in_center"
447980.1251	2.0	states																																	"          state_name
id                  
2   punish_violation"
447982.2123	2.293599999975413	trials	1.0	2.0	10.0	1.1477832158512589	0.0	0.15	True	885.0	True	False	18519.0	False	Low	True	True	0.025	0.0	100.0	1.5	9.0													
447982.2123	2.293599999975413	processed_trials			10.0	1.1477832158512589					True				Low					100.0		9.0	40.0	40.0	False	True	False			36.42602759261345	0.1524	-0.33749470718314306	Left	0.1524	
447982.2123	0.15240000002086163	states																																	"       state_name
id               
3   wait_for_poke"
447982.36470000003	0.14119999995455146	states																																	"        state_name
id                
1   nose_in_center"
447982.5059	2.0	states																																	"          state_name
id                  
2   punish_violation"
447984.5929	3.750800000037998	trials	1.0	2.0	10.0	1.0923986908505543	0.0	0.15	True	885.0	False	False	18520.0	False	Low	True	True	0.025	0.0	1.4944330133479389	1.5	9.0													
447984.5929	3.750800000037998	processed_trials			10.0	1.0923986908505543					False				Low					1.4944330133479389		9.0	40.0	40.0	True	False	False	1.4944	1.4944	36.42602759261345	0.7289	-0.28868941487678146	Left	0.7289	
447984.5929	0.728899999987334	states																																	"       state_name
id               
3   wait_for_poke"
447985.3218	1.09240000002319	states																																	"        state_name
id                
1   nose_in_center"
447986.4142	0.001999999978579581	states																																	"   state_name
id           
5      go_cue"
447986.4162	1.4944000000250526	states																																	"            state_name
id                    
6   wait_for_side_poke"
447987.9106	0.3475999999791384	states																																	"         state_name
id                 
4   announce_reward"
447988.2582	0.08539999998174608	states																																	"   state_name
id           
8      reward"
447988.34359999996	0.00010000000474974513	states																																	"    state_name
id            
7   stop_sound"
447988.4345	6.358700000040699	trials	1.0	2.0	20.0	1.0950838621584236	0.0	0.15	True	895.0	False	False	18521.0	False	Low	True	False	0.025	0.0	3.991440428830433	1.5	9.0													
447988.4345	6.358700000040699	processed_trials			20.0	1.0950838621584236					False				Low					3.991440428830433		9.0	40.0	40.0	True	False	False	3.9913999999999996	3.9913999999999996	36.42602759261345	0.7459	-0.2872502301947205	Right	0.4874	
447988.4345	0.7458999999798834	states																																	"       state_name
id               
3   wait_for_poke"
447989.18039999995	1.0951000000350177	states																																	"        state_name
id                
1   nose_in_center"
447990.2755	0.001999999978579581	states																																	"   state_name
id           
5      go_cue"
447990.27749999997	3.9913999999989755	states																																	"            state_name
id                    
6   wait_for_side_poke"
447994.26889999997	0.36560000001918525	states																																	"         state_name
id                 
4   announce_reward"
447994.6345	0.15859999996609986	states																																	"   state_name
id           
8      reward"
447994.79309999995	0.00010000000474974513	states																																	"    state_name
id            
7   stop_sound"
447994.8819	4.016700000036508	trials	1.0	2.0	20.0	1.0950839	0.0	0.15	True	915.0	False	False	18522.0	False	Low	True	False	0.025	0.0	3.9914404	1.5	9.0													
447994.8819	4.016700000036508	processed_trials			20.0	1.0950839					False				Low					3.9914404		9.0	40.0	40.0	False	True	False			36.42602759261345	1.6442	-0.2112020184361696	Left	0.9271	
447994.8819	1.6441999999806285	states																																	"       state_name
id               
3   wait_for_poke"
447996.52609999996	0.3724999999976717	states																																	"        state_name
id                
1   nose_in_center"
447996.89859999996	2.0	states																																	"          state_name
id                  
2   punish_violation"
447998.9895	2.2647999999462627	trials	1.0	2.0	20.0	1.1422598565581326	0.0	0.15	True	915.0	False	False	18523.0	False	Low	True	True	0.025	0.0	0.09847230995997941	1.5	9.0													
447998.9895	2.2647999999462627	processed_trials			20.0	1.1422598565581326					False				Low					0.09847230995997941		9.0	40.0	40.0	True	False	False	0.09850000000000003	0.09850000000000003	36.42602759261345	0.4465	-0.31259681218348834	Left	0.4465	
447998.9895	0.44650000002002344	states																																	"       state_name
id               
3   wait_for_poke"
447999.43600000005	1.1423000000067987	states																																	"        state_name
id                
1   nose_in_center"
448000.57830000005	0.001999999978579581	states																																	"   state_name
id           
5      go_cue"
448000.58030000003	0.09850000002188608	states																																	"            state_name
id                    
6   wait_for_side_poke"
448000.67880000005	0.426500000001397	states																																	"         state_name
id                 
4   announce_reward"
448001.10530000005	0.14889999997103587	states																																	"   state_name
id           
8      reward"
448001.2542	0.00010000000474974513	states																																	"    state_name
id            
7   stop_sound"
448001.3503	2.757800000021234	trials	1.0	2.0	5.0	1.1422599	0.0	0.15	True	935.0	False	False	18524.0	False	Low	True	False	0.025	0.0	3.070658954709271	1.5	9.0													
448001.3503	2.757800000021234	processed_trials			5.0	1.1422599					False				Low					3.070658954709271		9.0	40.0	40.0	False	True	False			36.42602759261345	0.7487999999999999	-0.28700472221954537	Left	0.3094999999999999	
448001.3503	0.7488000000012107	states																																	"       state_name
id               
3   wait_for_poke"
448002.0991	0.009000000020023435	states																																	"        state_name
id                
1   nose_in_center"
448002.1081	2.0	states																																	"          state_name
id                  
2   punish_violation"
448004.1982	6.344700000016019	trials	1.0	2.0	5.0	0.9768929307684909	0.0	0.15	True	935.0	False	False	18525.0	False	Low	True	True	0.025	0.0	0.347674894355709	1.5	9.0													
448004.1982	6.344700000016019	processed_trials			5.0	0.9768929307684909					False				Low					0.347674894355709		9.0	40.0	40.0	True	False	False	0.3476999999999997	0.3476999999999997	36.42602759261345	4.7518	0.05188094144457496	Right	4.7518	
448004.1982	4.751800000027288	states																																	"       state_name
id               
3   wait_for_poke"
448008.95	0.9768999999505468	states																																	"        state_name
id                
1   nose_in_center"
448009.92689999996	0.0020000000367872417	states																																	"   state_name
id           
5      go_cue"
448009.9289	0.3476999999838881	states																																	"            state_name
id                    
6   wait_for_side_poke"
448010.2766	0.20779999997466803	states																																	"         state_name
id                 
4   announce_reward"
448010.48439999996	0.05840000003809109	states																																	"   state_name
id           
8      reward"
448010.5428	0.00010000000474974513	states																																	"    state_name
id            
7   stop_sound"
448010.6373	2.412799999990966	trials	1.0	2.0	5.0	0.8224098163663185	0.0	0.15	True	940.0	False	False	18526.0	False	Low	True	False	0.025	0.0	0.34767489	1.5	9.0													
448010.6373	2.412799999990966	processed_trials			5.0	0.8224098163663185					False				Low					0.34767489		9.0	40.0	40.0	True	False	False	0.3476999999999999	0.3476999999999999	36.42602759261345	0.923	-0.27225731212454424	Left	0.6545000000000001	
448010.6373	0.9230000000097789	states																																	"       state_name
id               
3   wait_for_poke"
448011.5603	0.8224000000045635	states																																	"        state_name
id                
1   nose_in_center"
448012.3827	0.001999999978579581	states																																	"   state_name
id           
5      go_cue"
448012.3847	0.3476999999838881	states																																	"            state_name
id                    
6   wait_for_side_poke"
448012.7324	0.2637000000104308	states																																	"         state_name
id                 
4   announce_reward"
448012.9961	0.053899999998975545	states																																	"   state_name
id           
8      reward"
448013.05	0.00010000000474974513	states																																	"    state_name
id            
7   stop_sound"
448013.145	2.746999999973923	trials	1.0	2.0	10.0	1.081797185951975	0.0	0.15	True	945.0	True	False	18527.0	False	Low	True	False	0.025	0.0	100.0	1.5	9.0													
448013.145	2.746999999973923	processed_trials			10.0	1.081797185951975					True				Low					100.0		9.0	40.0	40.0	False	True	False			36.42602759261345	0.701	-0.29105137091381095	Right	0.45189999999999997	
448013.145	0.7010000000009313	states																																	"       state_name
id               
3   wait_for_poke"
448013.846	0.045999999972991645	states																																	"        state_name
id                
1   nose_in_center"
448013.892	2.0	states																																	"          state_name
id                  
2   punish_violation"
448015.9906	3.70339999999851	trials	1.0	2.0	10.0	0.8073900748229781	0.0	0.15	True	945.0	False	False	18528.0	False	Low	True	True	0.025	0.0	2.0331131203773074	1.5	9.0													
448015.9906	3.70339999999851	processed_trials			10.0	0.8073900748229781					False				Low					2.0331131203773074		9.0	40.0	40.0	True	False	False	2.0331	2.0331	36.42602759261345	0.6975	-0.29134767364247055	Left	0.6975	
448015.9906	0.6975000000093132	states																																	"       state_name
id               
3   wait_for_poke"
448016.6881	0.8073999999905936	states																																	"        state_name
id                
1   nose_in_center"
448017.4955	0.001999999978579581	states																																	"   state_name
id           
5      go_cue"
448017.4975	2.033100000000559	states																																	"            state_name
id                    
6   wait_for_side_poke"
448019.5306	0.07790000003296882	states																																	"         state_name
id                 
4   announce_reward"
448019.60850000003	0.08539999998174608	states																																	"   state_name
id           
8      reward"
448019.6939	0.00010000000474974513	states																																	"    state_name
id            
7   stop_sound"
448019.7918	5.149499999999534	trials	1.0	2.0	10.0	1.0101663173277131	0.0	0.15	True	955.0	False	False	18529.0	False	Low	True	False	0.025	0.0	3.1552431654279314	1.5	9.0													
448019.7918	5.149499999999534	processed_trials			10.0	1.0101663173277131					False				Low					3.1552431654279314		9.0	40.0	40.0	True	False	False	3.1552	3.1552	36.42602759261345	0.8124	-0.2816204783501879	Left	0.3855	
448019.7918	0.8123999999952503	states																																	"       state_name
id               
3   wait_for_poke"
448020.6042	1.0102000000188127	states																																	"        state_name
id                
1   nose_in_center"
448021.6144	0.001999999978579581	states																																	"   state_name
id           
5      go_cue"
448021.6164	3.1551999999792315	states																																	"            state_name
id                    
6   wait_for_side_poke"
448024.7716	0.08420000004116446	states																																	"         state_name
id                 
4   announce_reward"
448024.8558	0.08539999998174608	states																																	"   state_name
id           
8      reward"
448024.9412	0.00010000000474974513	states																																	"    state_name
id            
7   stop_sound"
448025.0378	3.454100000031758	trials	1.0	2.0	5.0	0.9784981331084248	0.0	0.15	True	965.0	True	False	18530.0	False	Low	True	False	0.025	0.0	100.0	1.5	9.0													
448025.0378	3.454100000031758	processed_trials			5.0	0.9784981331084248					True				Low					100.0		9.0	40.0	40.0	False	True	False			36.42602759261345	1.3220999999999998	-0.2384703352651012	Right	0.37929999999999986	
448025.0378	1.3220999999903142	states																																	"       state_name
id               
3   wait_for_poke"
448026.3599	0.1319999999832362	states																																	"        state_name
id                
1   nose_in_center"
448026.49189999996	2.0	states																																	"          state_name
id                  
2   punish_violation"
448028.5903	2.137300000002142	trials	1.0	2.0	5.0	0.97849813	0.0	0.15	True	965.0	False	False	18531.0	False	Low	True	True	0.025	0.0	2.030011720684987	1.5	9.0													
448028.5903	2.137300000002142	processed_trials			5.0	0.97849813					False				Low					2.030011720684987		9.0	40.0	40.0	False	True	False			36.42602759261345	0.060399999999999995	-0.34528323605076716	Left	0.060399999999999995	
448028.5903	0.060400000016670674	states																																	"       state_name
id               
3   wait_for_poke"
448028.6507	0.07689999998547137	states																																	"        state_name
id                
1   nose_in_center"
448028.7276	2.0	states																																	"          state_name
id                  
2   punish_violation"
448030.8271	36.056500000006054	trials	1.0	2.0	5.0	0.8071878591892717	0.0	0.15	True	965.0	False	False	18532.0	False	Low	True	True	0.025	0.0	0.9430522661966955	1.5	9.0													
448030.8271	36.056500000006054	processed_trials			5.0	0.8071878591892717					False				Low					0.9430522661966955		9.0	40.0	40.0	False	True	False			36.42602759261345	33.9931	2.5273886498886524	Left	33.9931	
448030.8271	33.99310000002151	states																																	"       state_name
id               
3   wait_for_poke"
448064.8202	0.06339999998454005	states																																	"        state_name
id                
1   nose_in_center"
448064.8836	2.0	states																																	"          state_name
id                  
2   punish_violation"
448066.9838	16.878900000010617	trials	1.0	2.0	5.0	0.8145451820088823	0.0	0.15	True	965.0	True	False	18533.0	False	Low	True	True	0.025	0.0	100.0	1.5	9.0													
448066.9838	16.878900000010617	processed_trials			5.0	0.8145451820088823					True				Low					100.0		9.0	40.0	40.0	False	True	False			36.42602759261345	14.8173	0.9040052601083778	Right	14.8173	
448066.9838	14.817299999995157	states																																	"       state_name
id               
3   wait_for_poke"
448081.8011	0.061600000015459955	states																																	"        state_name
id                
1   nose_in_center"
448081.8627	2.0	states																																	"          state_name
id                  
2   punish_violation"
448083.9694	2.4315000000060536	trials	1.0	2.0	5.0	0.9687344120266571	0.0	0.15	True	965.0	False	False	18534.0	False	Low	True	True	0.025	0.0	1.1216960591853682	1.5	9.0													
448083.9694	2.4315000000060536	processed_trials			5.0	0.9687344120266571					False				Low					1.1216960591853682		9.0	40.0	40.0	False	True	False			36.42602759261345	0.2617	-0.3282415962567158	Left	0.2617	
448083.9694	0.26169999997364357	states																																	"       state_name
id               
3   wait_for_poke"
448084.2311	0.16980000003241003	states																																	"        state_name
id                
1   nose_in_center"
448084.4009	2.0	states																																	"          state_name
id                  
2   punish_violation"
448086.5012	13.214399999997113	trials	1.0	2.0	5.0	1.0790582432923563	0.0	0.15	True	965.0	True	False	18535.0	False	Low	True	True	0.025	0.0	100.0	1.5	9.0													
448086.5012	13.214399999997113	processed_trials			5.0	1.0790582432923563					True				Low					100.0		9.0	40.0	40.0	False	False	True	11.895599999999998	11.895599999999998	36.42602759261345	0.0376	-0.3472134366831783	Left	0.0376	
448086.5012	0.03759999998146668	states																																	"       state_name
id               
3   wait_for_poke"
448086.5388	1.079100000031758	states																																	"        state_name
id                
1   nose_in_center"
448087.6179	0.001999999978579581	states																																	"   state_name
id           
5      go_cue"
448087.6199	11.895599999988917	states																																	"            state_name
id                    
6   wait_for_side_poke"
448099.5155	0.20000000001164153	states																																	"   state_name
id           
0     opt_out"
448099.7155	0.00010000000474974513	states																																	"    state_name
id            
7   stop_sound"
448099.817	3.2436999999918044	trials	1.0	2.0	5.0	1.0790582	0.0	0.15	True	965.0	False	False	18536.0	False	Low	True	False	0.025	0.0	5.342140122364442	1.5	9.0													
448099.817	3.2436999999918044	processed_trials			5.0	1.0790582					False				Low					5.342140122364442		9.0	40.0	40.0	False	True	False			36.42602759261345	0.9682000000000001	-0.2684307740287115	Right	0.9682000000000001	
448099.817	0.9682000000029802	states																																	"       state_name
id               
3   wait_for_poke"
448100.7852	0.27549999998882413	states																																	"        state_name
id                
1   nose_in_center"
448101.0607	2.0	states																																	"          state_name
id                  
2   punish_violation"
448103.1634	8.121799999964423	trials	1.0	2.0	5.0	0.8684149667852237	0.0	0.15	True	965.0	True	False	18537.0	False	Low	True	True	0.025	0.0	100.0	1.5	9.0													
448103.1634	8.121799999964423	processed_trials			5.0	0.8684149667852237					True				Low					100.0		9.0	40.0	40.0	False	True	False			36.42602759261345	5.6282	0.12607514470094142	Left	5.6282	
448103.1634	5.628199999977369	states																																	"       state_name
id               
3   wait_for_poke"
448108.7916	0.4936000000452623	states																																	"        state_name
id                
1   nose_in_center"
448109.28520000004	2.0	states																																	"          state_name
id                  
2   punish_violation"
448111.3882	2.960300000035204	trials	1.0	2.0	5.0	0.86841497	0.0	0.15	True	965.0	False	False	18538.0	False	Low	True	True	0.025	0.0	3.483836786931416	1.5	9.0													
448111.3882	2.960300000035204	processed_trials			5.0	0.86841497					False				Low					3.483836786931416		9.0	40.0	40.0	False	True	False			36.42602759261345	0.6792999999999999	-0.29288844783150053	Left	0.6792999999999999	
448111.3882	0.6793000000179745	states																																	"       state_name
id               
3   wait_for_poke"
448112.0675	0.2809999999590218	states																																	"        state_name
id                
1   nose_in_center"
448112.34849999996	2.0	states																																	"          state_name
id                  
2   punish_violation"
448114.4531	45.74420000001555	trials	1.0	2.0	5.0	1.0372048150526822	0.0	0.15	True	965.0	True	False	18539.0	False	Low	True	True	0.025	0.0	100.0	1.5	9.0													
448114.4531	45.74420000001555	processed_trials			5.0	1.0372048150526822					True				Low					100.0		9.0	40.0	40.0	False	False	True	6.957999999999998	6.957999999999998	36.42602759261345	37.5469	2.828245974777374	Left	37.5469	
448114.4531	37.54690000001574	states																																	"       state_name
id               
3   wait_for_poke"
448152.0	1.0371999999624677	states																																	"        state_name
id                
1   nose_in_center"
448153.03719999996	0.0020000000367872417	states																																	"   state_name
id           
5      go_cue"
448153.0392	6.9579999999841675	states																																	"            state_name
id                    
6   wait_for_side_poke"
448159.9972	0.20000000001164153	states																																	"   state_name
id           
0     opt_out"
448160.1972	0.00010000000474974513	states																																	"    state_name
id            
7   stop_sound"
448160.3032	10.196599999966566	trials	1.0	2.0	10.0	1.0372048	0.0	0.15	True	965.0	False	False	18540.0	False	Low	True	False	0.025	0.0	9.500740706130745	1.5	9.0													
448160.3032	10.196599999966566	processed_trials			10.0	1.0372048					False				Low					9.500740706130745		9.0	40.0	40.0	False	False	True	8.6817	8.6817	36.42602759261345	0.2756	-0.32706485113432476	Left	0.2756	
448160.3032	0.2755999999935739	states																																	"       state_name
id               
3   wait_for_poke"
448160.5788	1.0372000000206754	states																																	"        state_name
id                
1   nose_in_center"
448161.61600000004	0.001999999978579581	states																																	"   state_name
id           
5      go_cue"
448161.618	8.681700000015553	states																																	"            state_name
id                    
6   wait_for_side_poke"
448170.29970000003	0.20000000001164153	states																																	"   state_name
id           
0     opt_out"
448170.49970000004	0.00010000000474974513	states																																	"    state_name
id            
7   stop_sound"
448170.6116	3.450299999967683	trials	1.0	2.0	20.0	1.0475913056073594	0.0	0.15	True	965.0	False	False	18541.0	False	Low	True	False	0.025	0.0	1.511956516615517	1.5	9.0													
448170.6116	3.450299999967683	processed_trials			20.0	1.0475913056073594					False				Low					1.511956516615517		9.0	40.0	40.0	True	False	False	1.512	1.512	36.42602759261345	0.6828	-0.29259214510284093	Left	0.6828	
448170.6116	0.6828000000095926	states																																	"       state_name
id               
3   wait_for_poke"
448171.2944	1.04759999999078	states																																	"        state_name
id                
1   nose_in_center"
448172.342	0.001999999978579581	states																																	"   state_name
id           
5      go_cue"
448172.344	1.5120000000461005	states																																	"            state_name
id                    
6   wait_for_side_poke"
448173.856	0.056899999966844916	states																																	"         state_name
id                 
4   announce_reward"
448173.9129	0.14890000002924353	states																																	"   state_name
id           
8      reward"
448174.0618	0.00010000000474974513	states																																	"    state_name
id            
7   stop_sound"
448174.1645	5.06439999997383	trials	1.0	2.0	5.0	1.030647291253634	0.0	0.15	True	985.0	False	False	18542.0	False	Low	True	False	0.025	0.0	1.5119565	1.5	9.0													
448174.1645	5.06439999997383	processed_trials			5.0	1.030647291253634					False				Low					1.5119565		9.0	40.0	40.0	False	True	False			36.42602759261345	3.0101	-0.09556776212869471	Left	0.8591000000000002	
448174.1645	3.010100000014063	states																																	"       state_name
id               
3   wait_for_poke"
448177.1746	0.054299999959766865	states																																	"        state_name
id                
1   nose_in_center"
448177.2289	2.0	states																																	"          state_name
id                  
2   punish_violation"
448179.3367	8.79749999998603	trials	1.0	2.0	5.0	0.9169057014112453	0.0	0.15	True	985.0	False	False	18543.0	False	Low	True	True	0.025	0.0	3.5492561264224105	1.5	9.0													
448179.3367	8.79749999998603	processed_trials			5.0	0.9169057014112453					False				Low					3.5492561264224105		9.0	40.0	40.0	True	False	False	3.549299999999999	3.549299999999999	36.42602759261345	4.2176	0.006656679258870949	Left	4.2176	
448179.3367	4.217599999974482	states																																	"       state_name
id               
3   wait_for_poke"
448183.55429999996	0.9169000000110827	states																																	"        state_name
id                
1   nose_in_center"
448184.47119999997	0.0020000000367872417	states																																	"   state_name
id           
5      go_cue"
448184.4732	3.5492999999551103	states																																	"            state_name
id                    
6   wait_for_side_poke"
448188.02249999996	0.05770000000484288	states																																	"         state_name
id                 
4   announce_reward"
448188.08019999997	0.053899999998975545	states																																	"   state_name
id           
8      reward"
448188.13409999997	0.00010000000474974513	states																																	"    state_name
id            
7   stop_sound"
448188.2423	4.149000000033993	trials	1.0	2.0	20.0	0.8719956634987018	0.0	0.15	True	990.0	False	False	18544.0	False	Low	True	False	0.025	0.0	1.946511219387859	1.5	9.0													
448188.2423	4.149000000033993	processed_trials			20.0	0.8719956634987018					False				Low					1.946511219387859		9.0	40.0	40.0	True	False	False	1.9465	1.9465	36.42602759261345	1.1737	-0.2510335709602687	Left	0.4014	
448188.2423	1.1736999999848194	states																																	"       state_name
id               
3   wait_for_poke"
448189.41599999997	0.8720000000321306	states																																	"        state_name
id                
1   nose_in_center"
448190.288	0.001999999978579581	states																																	"   state_name
id           
5      go_cue"
448190.29	1.9465000000200234	states																																	"            state_name
id                    
6   wait_for_side_poke"
448192.2365	0.005799999984446913	states																																	"         state_name
id                 
4   announce_reward"
448192.2423	0.14889999997103587	states																																	"   state_name
id           
8      reward"
448192.39119999995	0.00010000000474974513	states																																	"    state_name
id            
7   stop_sound"
448192.5027	5.878800000005867	trials	1.0	2.0	10.0	0.9149896330366721	0.0	0.15	True	1010.0	False	False	18545.0	False	Low	True	False	0.025	0.0	1.9465112	1.5	9.0													
448192.5027	5.878800000005867	processed_trials			10.0	0.9149896330366721					False				Low					1.9465112		9.0	40.0	40.0	True	False	False	1.9464999999999995	1.9464999999999995	36.42602759261345	2.9221999999999997	-0.10300919351417467	Right	0.40229999999999944	
448192.5027	2.922199999971781	states																																	"       state_name
id               
3   wait_for_poke"
448195.4249	0.9150000000372529	states																																	"        state_name
id                
1   nose_in_center"
448196.3399	0.001999999978579581	states																																	"   state_name
id           
5      go_cue"
448196.3419	1.9465000000200234	states																																	"            state_name
id                    
6   wait_for_side_poke"
448198.2884	0.0013000000035390258	states																																	"         state_name
id                 
4   announce_reward"
448198.2897	0.09169999998994172	states																																	"   state_name
id           
8      reward"
448198.3814	0.00010000000474974513	states																																	"    state_name
id            
7   stop_sound"
448198.4895	10.697199999995064	trials	1.0	2.0	5.0	0.9889214520672313	0.0	0.15	True	1020.0	False	False	18546.0	False	Low	True	False	0.025	0.0	9.772852400662378	1.5	9.0													
448198.4895	10.697199999995064	processed_trials			5.0	0.9889214520672313					False				Low					9.772852400662378		9.0	40.0	40.0	False	False	True	7.1804	7.1804	36.42602759261345	2.3258	-0.15349917847777228	Left	1.3593000000000002	
448198.4895	2.325799999991432	states																																	"       state_name
id               
3   wait_for_poke"
448200.8153	0.9888999999966472	states																																	"        state_name
id                
1   nose_in_center"
448201.8042	0.0020000000367872417	states																																	"   state_name
id           
5      go_cue"
448201.80620000005	7.180399999953806	states																																	"            state_name
id                    
6   wait_for_side_poke"
448208.9866	0.20000000001164153	states																																	"   state_name
id           
0     opt_out"
448209.1866	0.00010000000474974513	states																																	"    state_name
id            
7   stop_sound"
448209.2986	2.2590000000200234	trials	1.0	2.0	20.0	0.908532291305321	0.0	0.15	True	1020.0	False	False	18547.0	False	Low	True	False	0.025	0.0	2.1317558496049327	1.5	9.0													
448209.2986	2.2590000000200234	processed_trials			20.0	0.908532291305321					False				Low					2.1317558496049327		9.0	40.0	40.0	False	True	False			36.42602759261345	0.2059	-0.3329655083307747	Left	0.2059	
448209.2986	0.2059000000008382	states																																	"       state_name
id               
3   wait_for_poke"
448209.5045	0.053100000019185245	states																																	"        state_name
id                
1   nose_in_center"
448209.5576	2.0	states																																	"          state_name
id                  
2   punish_violation"
448211.6671	89.79229999997187	trials	1.0	2.0	20.0	1.1542605040284586	0.0	0.15	True	1020.0	False	False	18548.0	False	Low	True	True	0.025	0.0	1.130098949576789	1.5	9.0													
448211.6671	89.79229999997187	processed_trials			20.0	1.1542605040284586					False				Low					1.130098949576789		9.0	40.0	40.0	True	False	False	1.1300999999999988	1.1300999999999988	36.42602759261345	87.1703	7.029259924882322	Right	87.1703	
448211.6671	87.17029999999795	states																																	"       state_name
id               
3   wait_for_poke"
448298.8374	1.1542999999946915	states																																	"        state_name
id                
1   nose_in_center"
448299.9917	0.001999999978579581	states																																	"   state_name
id           
5      go_cue"
448299.9937	1.1301000000094064	states																																	"            state_name
id                    
6   wait_for_side_poke"
448301.1238	0.17690000002039596	states																																	"         state_name
id                 
4   announce_reward"
448301.3007	0.15860000002430752	states																																	"   state_name
id           
8      reward"
448301.45930000005	9.999994654208422e-05	states																																	"    state_name
id            
7   stop_sound"
448301.5708	9.526200000022072	trials	1.0	2.0	20.0	0.8311411035605105	0.0	0.15	True	1040.0	False	False	18549.0	False	Low	True	False	0.025	0.0	6.111140739430079	1.5	9.0													
448301.5708	9.526200000022072	processed_trials			20.0	0.8311411035605105					False				Low					6.111140739430079		9.0	40.0	40.0	True	False	False	6.1111	6.1111	36.42602759261345	1.8782	-0.19139206457721278	Right	0.8422000000000001	
448301.5708	1.8781999999773689	states																																	"       state_name
id               
3   wait_for_poke"
448303.44899999996	0.8311000000103377	states																																	"        state_name
id                
1   nose_in_center"
448304.2801	0.0020000000367872417	states																																	"   state_name
id           
5      go_cue"
448304.2821	6.11109999998007	states																																	"            state_name
id                    
6   wait_for_side_poke"
448310.3932	0.5450999999884516	states																																	"         state_name
id                 
4   announce_reward"
448310.9383	0.15860000002430752	states																																	"   state_name
id           
8      reward"
448311.0969	0.00010000000474974513	states																																	"    state_name
id            
7   stop_sound"
448311.2071	3.5270000000018626	trials	1.0	2.0	5.0	0.8663692872788018	0.0	0.15	True	1060.0	False	False	18550.0	False	Low	True	False	0.025	0.0	0.07991863287279621	1.5	9.0													
448311.2071	3.5270000000018626	processed_trials			5.0	0.8663692872788018					False				Low					0.07991863287279621		9.0	40.0	40.0	False	False	True	0.0799000000000003	0.0799000000000003	36.42602759261345	1.667	-0.20927181780375845	Left	1.0746000000000002	
448311.2071	1.6670000000158325	states																																	"       state_name
id               
3   wait_for_poke"
448312.8741	0.8663999999989755	states																																	"        state_name
id                
1   nose_in_center"
448313.7405	0.001999999978579581	states																																	"   state_name
id           
5      go_cue"
448313.7425	0.0799000000115484	states																																	"            state_name
id                    
6   wait_for_side_poke"
448313.8224	0.7115999999805354	states																																	"         state_name
id                 
4   announce_reward"
448314.534	0.20000000001164153	states																																	"   state_name
id           
0     opt_out"
448314.734	0.00010000000474974513	states																																	"    state_name
id            
7   stop_sound"
448314.846	5.467999999993481	trials	1.0	2.0	10.0	1.1941356178537204	0.0	0.15	True	1060.0	False	False	18551.0	False	Low	True	False	0.025	0.0	2.5703364166458114	1.5	9.0													
448314.846	5.467999999993481	processed_trials			10.0	1.1941356178537204					False				Low					2.5703364166458114		9.0	40.0	40.0	True	False	False	2.5703	2.5703	36.42602759261345	1.0785	-0.2590930051798101	Right	1.0785	
448314.846	1.0785000000032596	states																																	"       state_name
id               
3   wait_for_poke"
448315.9245	1.1941000000224449	states																																	"        state_name
id                
1   nose_in_center"
448317.11860000005	0.001999999978579581	states																																	"   state_name
id           
5      go_cue"
448317.1206	2.570300000021234	states																																	"            state_name
id                    
6   wait_for_side_poke"
448319.69090000005	0.531299999973271	states																																	"         state_name
id                 
4   announce_reward"
448320.2222	0.09169999998994172	states																																	"   state_name
id           
8      reward"
448320.3139	0.00010000000474974513	states																																	"    state_name
id            
7   stop_sound"
448320.4263	4.8976000000257045	trials	1.0	2.0	20.0	1.1941356	0.0	0.15	True	1070.0	False	False	18552.0	False	Low	True	False	0.025	0.0	1.6194878869496085	1.5	9.0													
448320.4263	4.8976000000257045	processed_trials			20.0	1.1941356					False				Low					1.6194878869496085		9.0	40.0	40.0	True	False	False	1.6194999999999995	1.6194999999999995	36.42602759261345	1.6769	-0.2084337043712641	Left	1.145	
448320.4263	1.676900000020396	states																																	"       state_name
id               
3   wait_for_poke"
448322.1032	1.1940999999642372	states																																	"        state_name
id                
1   nose_in_center"
448323.2973	0.0020000000367872417	states																																	"   state_name
id           
5      go_cue"
448323.2993	1.6194999999715947	states																																	"            state_name
id                    
6   wait_for_side_poke"
448324.9188	0.25609999999869615	states																																	"         state_name
id                 
4   announce_reward"
448325.1749	0.14890000002924353	states																																	"   state_name
id           
8      reward"
448325.3238	0.00010000000474974513	states																																	"    state_name
id            
7   stop_sound"
448325.4363	3.957600000023376	trials	1.0	2.0	5.0	0.9980637801573515	0.0	0.15	True	1090.0	False	False	18553.0	False	Low	True	False	0.025	0.0	0.6132710306959439	1.5	9.0													
448325.4363	3.957600000023376	processed_trials			5.0	0.9980637801573515					False				Low					0.6132710306959439		9.0	40.0	40.0	True	False	False	0.6132999999999997	0.6132999999999997	36.42602759261345	1.3607	-0.23520253945759806	Left	0.5603	
448325.4363	1.3607000000192784	states																																	"       state_name
id               
3   wait_for_poke"
448326.797	0.9980999999679625	states																																	"        state_name
id                
1   nose_in_center"
448327.7951	0.0020000000367872417	states																																	"   state_name
id           
5      go_cue"
448327.7971	0.6132999999681488	states																																	"            state_name
id                    
6   wait_for_side_poke"
448328.4104	0.929500000027474	states																																	"         state_name
id                 
4   announce_reward"
448329.3399	0.053899999998975545	states																																	"   state_name
id           
8      reward"
448329.3938	0.00010000000474974513	states																																	"    state_name
id            
7   stop_sound"
448329.5115	3.378599999996368	trials	1.0	2.0	20.0	1.0799047409321192	0.0	0.15	True	1095.0	False	False	18554.0	False	Low	True	False	0.025	0.0	1.3822287561446207	1.5	9.0													
448329.5115	3.378599999996368	processed_trials			20.0	1.0799047409321192					False				Low					1.3822287561446207		9.0	40.0	40.0	True	False	False	1.3821999999999999	1.3821999999999999	36.42602759261345	0.6726	-0.2934556559120775	Right	0.40429999999999994	
448329.5115	0.6725999999907799	states																																	"       state_name
id               
3   wait_for_poke"
448330.1841	1.0799000000115484	states																																	"        state_name
id                
1   nose_in_center"
448331.264	0.001999999978579581	states																																	"   state_name
id           
5      go_cue"
448331.266	1.3821999999927357	states																																	"            state_name
id                    
6   wait_for_side_poke"
448332.6482	0.08320000005187467	states																																	"         state_name
id                 
4   announce_reward"
448332.73140000005	0.15859999996609986	states																																	"   state_name
id           
8      reward"
448332.89	0.00010000000474974513	states																																	"    state_name
id            
7   stop_sound"
448333.009	4.731899999955203	trials	1.0	2.0	5.0	1.0799047	0.0	0.15	True	1115.0	False	False	18555.0	False	Low	True	False	0.025	0.0	1.3822288	1.5	9.0													
448333.009	4.731899999955203	processed_trials			5.0	1.0799047					False				Low					1.3822288		9.0	40.0	40.0	True	False	False	1.3822	1.3822	36.42602759261345	1.9643	-0.18410301745218638	Left	1.162	
448333.009	1.9642999999923632	states																																	"       state_name
id               
3   wait_for_poke"
448334.9733	1.0799000000115484	states																																	"        state_name
id                
1   nose_in_center"
448336.0532	0.001999999978579581	states																																	"   state_name
id           
5      go_cue"
448336.0552	1.3821999999927357	states																																	"            state_name
id                    
6   wait_for_side_poke"
448337.4374	0.24950000003445894	states																																	"         state_name
id                 
4   announce_reward"
448337.68690000003	0.053899999998975545	states																																	"   state_name
id           
8      reward"
448337.7408	0.00010000000474974513	states																																	"    state_name
id            
7   stop_sound"
448337.8592	3.9461000000010245	trials	1.0	2.0	20.0	1.18516853315753	0.0	0.15	True	1120.0	False	False	18556.0	False	Low	True	False	0.025	0.0	3.0193594403179347	1.5	9.0													
448337.8592	3.9461000000010245	processed_trials			20.0	1.18516853315753					False				Low					3.0193594403179347		9.0	40.0	40.0	False	True	False			36.42602759261345	1.7823	-0.19951075934248608	Left	0.3942000000000001	
448337.8592	1.7823000000207685	states																																	"       state_name
id               
3   wait_for_poke"
448339.6415	0.16379999998025596	states																																	"        state_name
id                
1   nose_in_center"
448339.8053	2.0	states																																	"          state_name
id                  
2   punish_violation"
448341.9195	3.588599999959115	trials	1.0	2.0	20.0	0.8879242386639589	0.0	0.15	True	1120.0	False	False	18557.0	False	Low	True	True	0.025	0.0	1.7514342071534532	1.5	9.0													
448341.9195	3.588599999959115	processed_trials			20.0	0.8879242386639589					False				Low					1.7514342071534532		9.0	40.0	40.0	True	False	False	1.7514000000000003	1.7514000000000003	36.42602759261345	0.6902	-0.29196567647653204	Left	0.6902	
448341.9195	0.6902000000118278	states																																	"       state_name
id               
3   wait_for_poke"
448342.60970000003	0.8878999999724329	states																																	"        state_name
id                
1   nose_in_center"
448343.4976	0.0020000000367872417	states																																	"   state_name
id           
5      go_cue"
448343.49960000004	1.751399999950081	states																																	"            state_name
id                    
6   wait_for_side_poke"
448345.251	0.10810000001220033	states																																	"         state_name
id                 
4   announce_reward"
448345.3591	0.14890000002924353	states																																	"   state_name
id           
8      reward"
448345.50800000003	0.00010000000474974513	states																																	"    state_name
id            
7   stop_sound"
448345.6288	6.365200000000186	trials	1.0	2.0	40.0	0.8225312393457869	0.0	0.15	True	1140.0	False	False	18558.0	True	Mixed	True	False	0.025	0.0	2.3437640585538584	1.5	9.0													
448345.6288	6.365200000000186	processed_trials			40.0	0.8225312393457869					False				Mixed					2.3437640585538584		9.0	40.0	40.0	True	False	False	2.3437999999999994	2.3437999999999994	36.42602759261345	2.8906	-0.10568438386435855	Left	0.34550000000000036	
448345.6288	2.8905999999842606	states																																	"       state_name
id               
3   wait_for_poke"
448348.5194	0.8225000000093132	states																																	"        state_name
id                
1   nose_in_center"
448349.3419	0.001999999978579581	states																																	"   state_name
id           
5      go_cue"
448349.3439	2.3438000000314787	states																																	"            state_name
id                    
6   wait_for_side_poke"
448351.6877	0.029399999999441206	states																																	"         state_name
id                 
4   announce_reward"
448351.7171	0.27679999999236315	states																																	"   state_name
id           
8      reward"
448351.9939	0.00010000000474974513	states																																	"    state_name
id            
7   stop_sound"
448352.1141	5.6463000000221655	trials	1.0	2.0	80.0	0.8790391055159348	0.0	0.15	True	1180.0	False	False	18559.0	False	Mixed	True	False	0.025	0.0	0.5314340352462623	1.5	9.0													
448352.1141	5.6463000000221655	processed_trials			80.0	0.8790391055159348					False				Mixed					0.5314340352462623		9.0	40.0	40.0	False	True	False			36.42602759261345	3.6065	-0.04507777716509706	Left	0.5556999999999999	
448352.1141	3.606499999994412	states																																	"       state_name
id               
3   wait_for_poke"
448355.7206	0.03980000002775341	states																																	"        state_name
id                
1   nose_in_center"
448355.7604	2.0	states																																	"          state_name
id                  
2   punish_violation"
448357.8791	9.144599999999627	trials	1.0	2.0	80.0	1.1555108463379544	0.0	0.15	True	1180.0	False	False	18560.0	False	Mixed	True	True	0.025	0.0	6.945141104645904	1.5	9.0													
448357.8791	9.144599999999627	processed_trials			80.0	1.1555108463379544					False				Mixed					6.945141104645904		9.0	40.0	40.0	True	False	False	6.9451	6.9451	36.42602759261345	0.244	-0.3297400414845087	Right	0.244	
448357.8791	0.2440000000060536	states																																	"       state_name
id               
3   wait_for_poke"
448358.1231	1.1554999999934807	states																																	"        state_name
id                
1   nose_in_center"
448359.2786	0.001999999978579581	states																																	"   state_name
id           
5      go_cue"
448359.2806	6.945100000011735	states																																	"            state_name
id                    
6   wait_for_side_poke"
448366.2257	0.22649999998975545	states																																	"         state_name
id                 
4   announce_reward"
448366.4522	0.5714000000152737	states																																	"   state_name
id           
8      reward"
448367.0236	0.00010000000474974513	states																																	"    state_name
id            
7   stop_sound"
448367.1443	8.208700000017416	trials	1.0	2.0	40.0	1.1555108	0.0	0.15	True	1260.0	False	False	18561.0	False	Mixed	True	False	0.025	0.0	3.7471003600719923	1.5	9.0													
448367.1443	8.208700000017416	processed_trials			40.0	1.1555108					False				Mixed					3.7471003600719923		9.0	40.0	40.0	True	False	False	3.7471000000000005	3.7471000000000005	36.42602759261345	2.9844	-0.097743470736281	Right	0.9074	
448367.1443	2.9844000000157394	states																																	"       state_name
id               
3   wait_for_poke"
448370.1287	1.1554999999934807	states																																	"        state_name
id                
1   nose_in_center"
448371.2842	0.001999999978579581	states																																	"   state_name
id           
5      go_cue"
448371.2862	3.7471000000368804	states																																	"            state_name
id                    
6   wait_for_side_poke"
448375.0333	0.02549999998882413	states																																	"         state_name
id                 
4   announce_reward"
448375.0588	0.2940999999991618	states																																	"   state_name
id           
8      reward"
448375.3529	0.00010000000474974513	states																																	"    state_name
id            
7   stop_sound"
448375.478	4.256600000022445	trials	1.0	2.0	80.0	0.9318739839078193	0.0	0.15	True	1300.0	False	False	18562.0	False	Mixed	True	False	0.025	0.0	0.4276219971893572	1.5	9.0													
448375.478	4.256600000022445	processed_trials			80.0	0.9318739839078193					False				Mixed					0.4276219971893572		9.0	40.0	40.0	True	False	False	0.4276	0.4276	36.42602759261345	2.1968	-0.16442005047694078	Right	1.4588	
448375.478	2.196799999976065	states																																	"       state_name
id               
3   wait_for_poke"
448377.6748	0.9319000000250526	states																																	"        state_name
id                
1   nose_in_center"
448378.6067	0.001999999978579581	states																																	"   state_name
id           
5      go_cue"
448378.6087	0.4275999999954365	states																																	"            state_name
id                    
6   wait_for_side_poke"
448379.0363	0.12680000002728775	states																																	"         state_name
id                 
4   announce_reward"
448379.1631	0.5714000000152737	states																																	"   state_name
id           
8      reward"
448379.7345	0.00010000000474974513	states																																	"    state_name
id            
7   stop_sound"
448379.8564	5.248599999991711	trials	1.0	2.0	10.0	1.020900427412594	0.0	0.15	True	1380.0	False	False	18563.0	False	Mixed	True	False	0.025	0.0	1.816604556178619	1.5	9.0													
448379.8564	5.248599999991711	processed_trials			10.0	1.020900427412594					False				Mixed					1.816604556178619		9.0	40.0	40.0	True	False	False	1.8165999999999998	1.8165999999999998	36.42602759261345	2.2513	-0.15980619370209828	Right	1.6479000000000001	
448379.8564	2.251300000003539	states																																	"       state_name
id               
3   wait_for_poke"
448382.1077	1.0209000000031665	states																																	"        state_name
id                
1   nose_in_center"
448383.1286	0.001999999978579581	states																																	"   state_name
id           
5      go_cue"
448383.1306	1.8166000000201166	states																																	"            state_name
id                    
6   wait_for_side_poke"
448384.9472	0.0659999999916181	states																																	"         state_name
id                 
4   announce_reward"
448385.0132	0.09169999998994172	states																																	"   state_name
id           
8      reward"
448385.1049	0.00010000000474974513	states																																	"    state_name
id            
7   stop_sound"
448385.2292	3.179599999974016	trials	1.0	2.0	40.0	0.980930024218786	0.0	0.15	True	1390.0	False	False	18564.0	False	Mixed	True	False	0.025	0.0	2.934524057255585	1.5	9.0													
448385.2292	3.179599999974016	processed_trials			40.0	0.980930024218786					False				Mixed					2.934524057255585		9.0	40.0	40.0	False	True	False			36.42602759261345	1.1498	-0.25305689530740144	Left	0.7049	
448385.2292	1.1498000000137836	states																																	"       state_name
id               
3   wait_for_poke"
448386.379	0.029799999960232526	states																																	"        state_name
id                
1   nose_in_center"
448386.4088	2.0	states																																	"          state_name
id                  
2   punish_violation"
448388.5351	3.080100000021048	trials	1.0	2.0	40.0	1.0490168535889988	0.0	0.15	True	1390.0	False	False	18565.0	False	Mixed	True	True	0.025	0.0	1.2808861830664175	1.5	9.0													
448388.5351	3.080100000021048	processed_trials			40.0	1.0490168535889988					False				Mixed					1.2808861830664175		9.0	40.0	40.0	True	False	False	1.2809	1.2809	36.42602759261345	0.0742	-0.3441149567206235	Right	0.0742	
448388.5351	0.07419999997364357	states																																	"       state_name
id               
3   wait_for_poke"
448388.60929999995	1.0489999999990687	states																																	"        state_name
id                
1   nose_in_center"
448389.65829999995	0.0020000000367872417	states																																	"   state_name
id           
5      go_cue"
448389.6603	1.2809000000124797	states																																	"            state_name
id                    
6   wait_for_side_poke"
448390.9412	0.3797999999951571	states																																	"         state_name
id                 
4   announce_reward"
448391.321	0.2940999999991618	states																																	"   state_name
id           
8      reward"
448391.6151	0.00010000000474974513	states																																	"    state_name
id            
7   stop_sound"
448391.7388	3.625	trials	1.0	2.0	20.0	1.0490169	0.0	0.15	True	1430.0	False	False	18566.0	False	Mixed	True	False	0.025	0.0	1.266570413907615	1.5	9.0													
448391.7388	3.625	processed_trials			20.0	1.0490169					False				Mixed					1.266570413907615		9.0	40.0	40.0	False	True	False			36.42602759261345	1.5817999999999999	-0.2164846727985581	Left	1.1180999999999999	
448391.7388	1.5817999999853782	states																																	"       state_name
id               
3   wait_for_poke"
448393.3206	0.043200000014621764	states																																	"        state_name
id                
1   nose_in_center"
448393.3638	2.0	states																																	"          state_name
id                  
2   punish_violation"
448395.4911	1.8011999999871477	trials	1.0	2.0	20.0	0.9205149515220157	0.0	0.15	True	1430.0	False	False	18567.0	False	Mixed	True	True	0.025	0.0	0.6590498185348852	1.5	9.0													
448395.4911	1.8011999999871477	processed_trials			20.0	0.9205149515220157					False				Mixed					0.6590498185348852		9.0	40.0	40.0	True	False	False	0.6589999999999999	0.6589999999999999	36.42602759261345	0.0263	-0.34817007120713644	Right	0.0263	
448395.4911	0.02630000002682209	states																																	"       state_name
id               
3   wait_for_poke"
448395.5174	0.9204999999492429	states																																	"        state_name
id                
1   nose_in_center"
448396.43789999996	0.0020000000367872417	states																																	"   state_name
id           
5      go_cue"
448396.4399	0.6589999999850988	states																																	"            state_name
id                    
6   wait_for_side_poke"
448397.0989	0.034700000018347055	states																																	"         state_name
id                 
4   announce_reward"
448397.1336	0.15859999996609986	states																																	"   state_name
id           
8      reward"
448397.29219999997	0.00010000000474974513	states																																	"    state_name
id            
7   stop_sound"
448397.4187	11.289300000004005	trials	1.0	2.0	10.0	1.1767469203411014	0.0	0.15	True	1450.0	True	False	18568.0	False	Mixed	True	False	0.025	0.0	100.0	1.5	9.0													
448397.4187	11.289300000004005	processed_trials			10.0	1.1767469203411014					True				Mixed					100.0		9.0	40.0	40.0	False	False	True	8.336500000000001	8.336500000000001	36.42602759261345	1.574	-0.21714500459385666	Left	0.8908	
448397.4187	1.5740000000223517	states																																	"       state_name
id               
3   wait_for_poke"
448398.9927	1.1766999999526888	states																																	"        state_name
id                
1   nose_in_center"
448400.16939999996	0.0020000000367872417	states																																	"   state_name
id           
5      go_cue"
448400.1714	8.336499999975786	states																																	"            state_name
id                    
6   wait_for_side_poke"
448408.50789999997	0.20000000001164153	states																																	"   state_name
id           
0     opt_out"
448408.7079	0.00010000000474974513	states																																	"    state_name
id            
7   stop_sound"
448408.8355	2.986399999994319	trials	1.0	2.0	20.0	1.1767469	0.0	0.15	True	1450.0	False	False	18569.0	False	Mixed	True	False	0.025	0.0	1.1249278627932682	1.5	9.0													
448408.8355	2.986399999994319	processed_trials			20.0	1.1767469					False				Mixed					1.1249278627932682		9.0	40.0	40.0	True	False	False	1.1249000000000002	1.1249000000000002	36.42602759261345	0.1994	-0.33351578482685684	Left	0.1994	
448408.8355	0.19939999998314306	states																																	"       state_name
id               
3   wait_for_poke"
448409.03489999997	1.1767000000108965	states																																	"        state_name
id                
1   nose_in_center"
448410.2116	0.001999999978579581	states																																	"   state_name
id           
5      go_cue"
448410.21359999996	1.124900000053458	states																																	"            state_name
id                    
6   wait_for_side_poke"
448411.3385	0.3343999999924563	states																																	"         state_name
id                 
4   announce_reward"
448411.6729	0.14889999997103587	states																																	"   state_name
id           
8      reward"
448411.8218	0.00010000000474974513	states																																	"    state_name
id            
7   stop_sound"
448411.9506	4.088199999998324	trials	1.0	2.0	5.0	0.9791256869489986	0.0	0.15	True	1470.0	False	False	18570.0	False	Mixed	True	False	0.025	0.0	0.7178160192584411	1.5	9.0													
448411.9506	4.088199999998324	processed_trials			5.0	0.9791256869489986					False				Mixed					0.7178160192584411		9.0	40.0	40.0	True	False	False	0.7177999999999995	0.7177999999999995	36.42602759261345	2.0152	-0.17979392919825085	Left	0.7871000000000001	
448411.9506	2.0152000000234693	states																																	"       state_name
id               
3   wait_for_poke"
448413.9658	0.9790999999968335	states																																	"        state_name
id                
1   nose_in_center"
448414.9449	0.001999999978579581	states																																	"   state_name
id           
5      go_cue"
448414.9469	0.7177999999839813	states																																	"            state_name
id                    
6   wait_for_side_poke"
448415.66469999996	0.32010000001173466	states																																	"         state_name
id                 
4   announce_reward"
448415.9848	0.053899999998975545	states																																	"   state_name
id           
8      reward"
448416.0387	0.00010000000474974513	states																																	"    state_name
id            
7   stop_sound"
448416.1683	10.866799999959767	trials	1.0	2.0	40.0	1.1542865855848197	0.0	0.15	True	1475.0	True	False	18571.0	False	Mixed	True	False	0.025	0.0	100.0	1.5	9.0													
448416.1683	10.866799999959767	processed_trials			40.0	1.1542865855848197					True				Mixed					100.0		9.0	40.0	40.0	False	False	True	8.4719	8.4719	36.42602759261345	1.0385	-0.26247932207877706	Left	0.40959999999999996	
448416.1683	1.0385000000242144	states																																	"       state_name
id               
3   wait_for_poke"
448417.20680000004	1.1542999999946915	states																																	"        state_name
id                
1   nose_in_center"
448418.36110000004	0.001999999978579581	states																																	"   state_name
id           
5      go_cue"
448418.3631	8.471900000004098	states																																	"            state_name
id                    
6   wait_for_side_poke"
448426.835	0.20000000001164153	states																																	"   state_name
id           
0     opt_out"
448427.03500000003	0.00010000000474974513	states																																	"    state_name
id            
7   stop_sound"
448427.1681	3.232099999964703	trials	1.0	2.0	5.0	1.0734001474710821	0.0	0.15	True	1475.0	False	False	18572.0	False	Mixed	True	False	0.025	0.0	1.5961370642215658	1.5	9.0													
448427.1681	3.232099999964703	processed_trials			5.0	1.0734001474710821					False				Mixed					1.5961370642215658		9.0	40.0	40.0	True	False	False	1.5961	1.5961	36.42602759261345	0.1976	-0.33366816908731034	Left	0.1976	
448427.1681	0.19760000001406297	states																																	"       state_name
id               
3   wait_for_poke"
448427.3657	1.0733999999938533	states																																	"        state_name
id                
1   nose_in_center"
448428.4391	0.001999999978579581	states																																	"   state_name
id           
5      go_cue"
448428.4411	1.5961000000243075	states																																	"            state_name
id                    
6   wait_for_side_poke"
448430.0372	0.3090000000083819	states																																	"         state_name
id                 
4   announce_reward"
448430.3462	0.053899999998975545	states																																	"   state_name
id           
8      reward"
448430.4001	0.00010000000474974513	states																																	"    state_name
id            
7   stop_sound"
448430.5313	3.6255000000237487	trials	1.0	2.0	10.0	0.8476974128873631	0.0	0.15	True	1480.0	False	False	18573.0	False	Mixed	True	False	0.025	0.0	1.8666726169573198	1.5	9.0													
448430.5313	3.6255000000237487	processed_trials			10.0	0.8476974128873631					False				Mixed					1.8666726169573198		9.0	40.0	40.0	True	False	False	1.8667000000000002	1.8667000000000002	36.42602759261345	0.6126	-0.29853513126052794	Left	0.47740000000000005	
448430.5313	0.6125999999931082	states																																	"       state_name
id               
3   wait_for_poke"
448431.14389999997	0.8476999999838881	states																																	"        state_name
id                
1   nose_in_center"
448431.99159999995	0.0020000000367872417	states																																	"   state_name
id           
5      go_cue"
448431.9936	1.8667000000132248	states																																	"            state_name
id                    
6   wait_for_side_poke"
448433.8603	0.2109999999520369	states																																	"         state_name
id                 
4   announce_reward"
448434.07129999995	0.08540000003995374	states																																	"   state_name
id           
8      reward"
448434.1567	0.00010000000474974513	states																																	"    state_name
id            
7   stop_sound"
448434.2886	5.850899999961257	trials	1.0	2.0	40.0	1.1461064981130407	0.0	0.15	True	1490.0	False	False	18574.0	False	Mixed	True	False	0.025	0.0	3.0552254436812394	1.5	9.0													
448434.2886	5.850899999961257	processed_trials			40.0	1.1461064981130407					False				Mixed					3.0552254436812394		9.0	40.0	40.0	True	False	False	3.0552	3.0552	36.42602759261345	1.0988	-0.2573744493535844	Left	0.43220000000000003	
448434.2886	1.0987999999779277	states																																	"       state_name
id               
3   wait_for_poke"
448435.3874	1.146100000012666	states																																	"        state_name
id                
1   nose_in_center"
448436.5335	0.0020000000367872417	states																																	"   state_name
id           
5      go_cue"
448436.53550000006	3.055199999944307	states																																	"            state_name
id                    
6   wait_for_side_poke"
448439.5907	0.27190000005066395	states																																	"         state_name
id                 
4   announce_reward"
448439.86260000005	0.27679999999236315	states																																	"   state_name
id           
8      reward"
448440.13940000004	0.00010000000474974513	states																																	"    state_name
id            
7   stop_sound"
448440.2705	6.172800000000279	trials	1.0	2.0	5.0	1.1105949495058864	0.0	0.15	True	1530.0	False	False	18575.0	False	Mixed	True	False	0.025	0.0	0.0058505899095111155	1.5	9.0													
448440.2705	6.172800000000279	processed_trials			5.0	1.1105949495058864					False				Mixed					0.0058505899095111155		9.0	40.0	40.0	False	True	False			36.42602759261345	3.1811	-0.08109125738561089	Right	0.5915999999999997	
448440.2705	3.1810999999870546	states																																	"       state_name
id               
3   wait_for_poke"
448443.4516	0.9917000000132248	states																																	"        state_name
id                
1   nose_in_center"
448444.4433	2.0	states																																	"          state_name
id                  
2   punish_violation"
448446.5736	3.2613000000128523	trials	1.0	2.0	5.0	1.1105949	0.0	0.15	True	1530.0	False	False	18576.0	False	Mixed	True	True	0.025	0.0	2.3820155814609	1.5	9.0													
448446.5736	3.2613000000128523	processed_trials			5.0	1.1105949					False				Mixed					2.3820155814609		9.0	40.0	40.0	False	True	False			36.42602759261345	0.35760000000000003	-0.32012290149144246	Right	0.35760000000000003	
448446.5736	0.3575999999884516	states																																	"       state_name
id               
3   wait_for_poke"
448446.9312	0.9037000000244007	states																																	"        state_name
id                
1   nose_in_center"
448447.8349	2.0	states																																	"          state_name
id                  
2   punish_violation"
448449.9692	3.859600000025239	trials	1.0	2.0	5.0	1.0609744525360707	0.0	0.15	True	1530.0	True	False	18577.0	False	Mixed	True	True	0.025	0.0	2.3820156	1.5	9.0													
448449.9692	3.859600000025239	processed_trials			5.0	1.0609744525360707					False				Mixed					2.3820156		9.0	40.0	40.0	False	False	False	2.382	2.382	36.42602759261345	0.4146	-0.3152973999104145	Left	0.4146	
448449.9692	0.4146000000182539	states																																	"       state_name
id               
3   wait_for_poke"
448450.3838	1.0609999999869615	states																																	"        state_name
id                
1   nose_in_center"
448451.4448	0.001999999978579581	states																																	"   state_name
id           
5      go_cue"
448451.4468	2.382000000041444	states																																	"            state_name
id                    
6   wait_for_side_poke"
448453.9619	4.396000000007916	trials	1.0	2.0	20.0	1.1920307305508437	0.0	0.15	True	1530.0	False	False	18578.0	False	Mixed	True	False	0.025	0.0	0.6942761470741589	1.5	9.0													
448453.9619	4.396000000007916	processed_trials			20.0	1.1920307305508437					False				Mixed					0.6942761470741589		9.0	40.0	40.0	True	False	False	0.6942999999999997	0.6942999999999997	36.42602759261345	1.9474	-0.1855337363419999	Left	1.9474	
448453.9619	1.9474000000045635	states																																	"       state_name
id               
3   wait_for_poke"
448455.9093	1.1919999999809079	states																																	"        state_name
id                
1   nose_in_center"
448457.1013	0.0020000000367872417	states																																	"   state_name
id           
5      go_cue"
448457.1033	0.6942999999737367	states																																	"            state_name
id                    
6   wait_for_side_poke"
448457.7976	0.41129999997792765	states																																	"         state_name
id                 
4   announce_reward"
448458.20889999997	0.14890000002924353	states																																	"   state_name
id           
8      reward"
448458.3578	0.00010000000474974513	states																																	"    state_name
id            
7   stop_sound"
448458.4946	3.726200000033714	trials	1.0	2.0	20.0	1.1920307	0.0	0.15	True	1550.0	False	False	18579.0	False	Mixed	True	False	0.025	0.0	0.6399001668982135	1.5	9.0													
448458.4946	3.726200000033714	processed_trials			20.0	1.1920307					False				Mixed					0.6399001668982135		9.0	40.0	40.0	True	False	False	0.6399000000000004	0.6399000000000004	36.42602759261345	1.2042	-0.24845150432480634	Right	0.4839999999999999	
448458.4946	1.2041999999783002	states																																	"       state_name
id               
3   wait_for_poke"
448459.69879999995	1.1920000000391155	states																																	"        state_name
id                
1   nose_in_center"
448460.8908	0.001999999978579581	states																																	"   state_name
id           
5      go_cue"
448460.8928	0.6399000000092201	states																																	"            state_name
id                    
6   wait_for_side_poke"
448461.5327	0.5293999999994412	states																																	"         state_name
id                 
4   announce_reward"
448462.0621	0.15860000002430752	states																																	"   state_name
id           
8      reward"
448462.2207	9.999994654208422e-05	states																																	"    state_name
id            
7   stop_sound"
448462.3565	11.274099999980535	trials	1.0	2.0	20.0	1.1625385823060963	0.0	0.15	True	1570.0	False	False	18580.0	False	Mixed	True	False	0.025	0.0	8.439016429302834	1.5	9.0													
448462.3565	11.274099999980535	processed_trials			20.0	1.1625385823060963					False				Mixed					8.439016429302834		9.0	40.0	40.0	True	False	False	8.439	8.439	36.42602759261345	1.4439000000000002	-0.22815900030774672	Right	0.8706000000000003	
448462.3565	1.4439000000129454	states																																	"       state_name
id               
3   wait_for_poke"
448463.8004	1.162499999976717	states																																	"        state_name
id                
1   nose_in_center"
448464.9629	0.0020000000367872417	states																																	"   state_name
id           
5      go_cue"
448464.9649	8.43899999995483	states																																	"            state_name
id                    
6   wait_for_side_poke"
448473.4039	0.06800000002840534	states																																	"         state_name
id                 
4   announce_reward"
448473.4719	0.15859999996609986	states																																	"   state_name
id           
8      reward"
448473.63049999997	0.00010000000474974513	states																																	"    state_name
id            
7   stop_sound"
448473.769	4.584100000036415	trials	1.0	2.0	80.0	1.1625386	0.0	0.15	True	1590.0	False	False	18581.0	False	Mixed	True	False	0.025	0.0	4.47730257157456	1.5	9.0													
448473.769	4.584100000036415	processed_trials			80.0	1.1625386					False				Mixed					4.47730257157456		9.0	40.0	40.0	False	True	False			36.42602759261345	1.4605	-0.22675367879467548	Right	0.7545999999999999	
448473.769	1.4604999999864958	states																																	"       state_name
id               
3   wait_for_poke"
448475.22949999996	1.1235999999917112	states																																	"        state_name
id                
1   nose_in_center"
448476.35309999995	2.0	states																																	"          state_name
id                  
2   punish_violation"
448478.4913	3.970900000014808	trials	1.0	2.0	80.0	1.154330923313398	0.0	0.15	True	1590.0	False	False	18582.0	False	Mixed	True	True	0.025	0.0	2.044567200008442	1.5	9.0													
448478.4913	3.970900000014808	processed_trials			80.0	1.154330923313398					False				Mixed					2.044567200008442		9.0	40.0	40.0	True	False	False	2.0446	2.0446	36.42602759261345	0.22130000000000002	-0.3316617763246724	Left	0.22130000000000002	
448478.4913	0.22129999997559935	states																																	"       state_name
id               
3   wait_for_poke"
448478.71259999997	1.1543000000528991	states																																	"        state_name
id                
1   nose_in_center"
448479.8669	0.001999999978579581	states																																	"   state_name
id           
5      go_cue"
448479.8689	2.044599999964703	states																																	"            state_name
id                    
6   wait_for_side_poke"
448481.91349999997	0.011100000003352761	states																																	"         state_name
id                 
4   announce_reward"
448481.92459999997	0.5375000000349246	states																																	"   state_name
id           
8      reward"
448482.4621	0.00010000000474974513	states																																	"    state_name
id            
7   stop_sound"
448482.602	7.882299999997485	trials	1.0	2.0	40.0	1.1543309	0.0	0.15	True	1670.0	False	False	18583.0	False	Mixed	True	False	0.025	0.0	3.043266134708533	1.5	9.0													
448482.602	7.882299999997485	processed_trials			40.0	1.1543309					False				Mixed					3.043266134708533		9.0	40.0	40.0	True	False	False	3.0433000000000003	3.0433000000000003	36.42602759261345	3.2999	-0.07103389619567894	Left	0.6093999999999999	
448482.602	3.2998999999836087	states																																	"       state_name
id               
3   wait_for_poke"
448485.9019	1.1542999999946915	states																																	"        state_name
id                
1   nose_in_center"
448487.0562	0.0020000000367872417	states																																	"   state_name
id           
5      go_cue"
448487.0582	3.043299999961164	states																																	"            state_name
id                    
6   wait_for_side_poke"
448490.1015	0.10590000002412125	states																																	"         state_name
id                 
4   announce_reward"
448490.2074	0.27679999999236315	states																																	"   state_name
id           
8      reward"
448490.4842	0.00010000000474974513	states																																	"    state_name
id            
7   stop_sound"
448490.6214	7.369499999971595	trials	1.0	2.0	80.0	0.9290188704018216	0.0	0.15	True	1710.0	False	False	18584.0	False	Mixed	True	False	0.025	0.0	3.3730360408583815	1.5	9.0													
448490.6214	7.369499999971595	processed_trials			80.0	0.9290188704018216					False				Mixed					3.3730360408583815		9.0	40.0	40.0	True	False	False	3.3729999999999998	3.3729999999999998	36.42602759261345	2.4303000000000003	-0.14465242557922103	Right	0.5324000000000002	
448490.6214	2.4303000000072643	states																																	"       state_name
id               
3   wait_for_poke"
448493.0517	0.9290000000037253	states																																	"        state_name
id                
1   nose_in_center"
448493.9807	0.001999999978579581	states																																	"   state_name
id           
5      go_cue"
448493.9827	3.3730000000214204	states																																	"            state_name
id                    
6   wait_for_side_poke"
448497.3557	0.06369999999878928	states																																	"         state_name
id                 
4   announce_reward"
448497.4194	0.5714000000152737	states																																	"   state_name
id           
8      reward"
448497.9908	9.999994654208422e-05	states																																	"    state_name
id            
7   stop_sound"
448498.1333	6.184000000008382	trials	1.0	2.0	20.0	0.805656641328991	0.0	0.15	True	1790.0	False	False	18585.0	False	Mixed	True	False	0.025	0.0	3.373036	1.5	9.0													
448498.1333	6.184000000008382	processed_trials			20.0	0.805656641328991					False				Mixed					3.373036		9.0	40.0	40.0	True	False	False	3.3730000000000007	3.3730000000000007	36.42602759261345	1.7859	-0.19920599082157908	Left	1.1675	
448498.1333	1.7859000000171363	states																																	"       state_name
id               
3   wait_for_poke"
448499.9192	0.8056999999680556	states																																	"        state_name
id                
1   nose_in_center"
448500.7249	0.0020000000367872417	states																																	"   state_name
id           
5      go_cue"
448500.7269	3.3729999999632128	states																																	"            state_name
id                    
6   wait_for_side_poke"
448504.0999	0.06839999998919666	states																																	"         state_name
id                 
4   announce_reward"
448504.16829999996	0.14890000002924353	states																																	"   state_name
id           
8      reward"
448504.3172	0.00010000000474974513	states																																	"    state_name
id            
7   stop_sound"
448504.4592	23.031600000045728	trials	1.0	2.0	20.0	0.8036272783575094	0.0	0.15	True	1810.0	True	False	18586.0	False	Mixed	True	False	0.025	0.0	100.0	1.5	9.0													
448504.4592	23.031600000045728	processed_trials			20.0	0.8036272783575094					True				Mixed					100.0		9.0	40.0	40.0	False	False	True	20.3384	20.3384	36.42602759261345	1.6875	-0.20753633039303784	Right	0.7273999999999999	
448504.4592	1.6875	states																																	"       state_name
id               
3   wait_for_poke"
448506.1467	0.8035999999847263	states																																	"        state_name
id                
1   nose_in_center"
448506.95029999997	0.0020000000367872417	states																																	"   state_name
id           
5      go_cue"
448506.9523	20.338399999949615	states																																	"            state_name
id                    
6   wait_for_side_poke"
448527.29069999995	0.20000000001164153	states																																	"   state_name
id           
0     opt_out"
448527.49069999997	0.00010000000474974513	states																																	"    state_name
id            
7   stop_sound"
448527.6316	6.361499999999069	trials	1.0	2.0	40.0	1.1811732884534798	0.0	0.15	True	1810.0	False	False	18587.0	False	Mixed	True	False	0.025	0.0	4.669955838778366	1.5	9.0													
448527.6316	6.361499999999069	processed_trials			40.0	1.1811732884534798					False				Mixed					4.669955838778366		9.0	40.0	40.0	True	False	False	4.67	4.67	36.42602759261345	0.0884	-0.3429128142214902	Right	0.0884	
448527.6316	0.08840000000782311	states																																	"       state_name
id               
3   wait_for_poke"
448527.72000000003	1.1811999999918044	states																																	"        state_name
id                
1   nose_in_center"
448528.9012	0.001999999978579581	states																																	"   state_name
id           
5      go_cue"
448528.9032	4.6700000000419095	states																																	"            state_name
id                    
6   wait_for_side_poke"
448533.57320000004	0.12569999997504056	states																																	"         state_name
id                 
4   announce_reward"
448533.6989	0.2940999999991618	states																																	"   state_name
id           
8      reward"
448533.993	0.00010000000474974513	states																																	"    state_name
id            
7   stop_sound"
448534.1358	4.047800000000279	trials	1.0	2.0	20.0	0.9105234976365374	0.0	0.15	True	1850.0	True	False	18588.0	False	Mixed	True	False	0.025	0.0	100.0	1.5	9.0													
448534.1358	4.047800000000279	processed_trials			20.0	0.9105234976365374					True				Mixed					100.0		9.0	40.0	40.0	False	True	False			36.42602759261345	2.0206	-0.17933677641689033	Right	1.2488000000000001	
448534.1358	2.0205999999889173	states																																	"       state_name
id               
3   wait_for_poke"
448536.1564	0.027200000011362135	states																																	"        state_name
id                
1   nose_in_center"
448536.1836	2.0	states																																	"          state_name
id                  
2   punish_violation"
448538.3276	2.996400000003632	trials	1.0	2.0	20.0	0.9546055487164955	0.0	0.15	True	1850.0	False	False	18589.0	False	Mixed	True	True	0.025	0.0	0.6574094692384204	1.5	9.0													
448538.3276	2.996400000003632	processed_trials			20.0	0.9546055487164955					False				Mixed					0.6574094692384204		9.0	40.0	40.0	True	False	False	0.6573999999999998	0.6573999999999998	36.42602759261345	0.9341	-0.2713176091850809	Left	0.9341	
448538.3276	0.9341000000131316	states																																	"       state_name
id               
3   wait_for_poke"
448539.26170000003	0.9545999999972992	states																																	"        state_name
id                
1   nose_in_center"
448540.21630000003	0.001999999978579581	states																																	"   state_name
id           
5      go_cue"
448540.2183	0.6574000000255182	states																																	"            state_name
id                    
6   wait_for_side_poke"
448540.87570000003	0.2993000000133179	states																																	"         state_name
id                 
4   announce_reward"
448541.17500000005	0.14889999997103587	states																																	"   state_name
id           
8      reward"
448541.3239	0.00010000000474974513	states																																	"    state_name
id            
7   stop_sound"
448541.4676	7.799600000027567	trials	1.0	2.0	10.0	0.95460555	0.0	0.15	True	1870.0	False	False	18590.0	False	Mixed	True	False	0.025	0.0	4.496374622034722	1.5	9.0													
448541.4676	7.799600000027567	processed_trials			10.0	0.95460555					False				Mixed					4.496374622034722		9.0	40.0	40.0	True	False	False	4.4963999999999995	4.4963999999999995	36.42602759261345	1.5211	-0.2216234086927405	Left	0.6511999999999999	
448541.4676	1.521100000012666	states																																	"       state_name
id               
3   wait_for_poke"
448542.9887	0.9545999999972992	states																																	"        state_name
id                
1   nose_in_center"
448543.9433	0.001999999978579581	states																																	"   state_name
id           
5      go_cue"
448543.94529999996	4.496400000003632	states																																	"            state_name
id                    
6   wait_for_side_poke"
448548.44169999997	0.7399999999906868	states																																	"         state_name
id                 
4   announce_reward"
448549.18169999996	0.08540000003995374	states																																	"   state_name
id           
8      reward"
448549.2671	0.00010000000474974513	states																																	"    state_name
id            
7   stop_sound"
448549.415	2.723500000021886	trials	1.0	2.0	10.0	0.9626772407987566	0.0	0.15	True	1880.0	False	False	18591.0	False	Mixed	True	False	0.025	0.0	0.09477664763920979	1.5	9.0													
448549.415	2.723500000021886	processed_trials			10.0	0.9626772407987566					False				Mixed					0.09477664763920979		9.0	40.0	40.0	True	False	False	0.09479999999999977	0.09479999999999977	36.42602759261345	1.2406	-0.24536995594674643	Right	0.689	
448549.415	1.2406000000191852	states																																	"       state_name
id               
3   wait_for_poke"
448550.6556	0.9626999999745749	states																																	"        state_name
id                
1   nose_in_center"
448551.6183	0.001999999978579581	states																																	"   state_name
id           
5      go_cue"
448551.62029999995	0.0948000000207685	states																																	"            state_name
id                    
6   wait_for_side_poke"
448551.7151	0.3316000000340864	states																																	"         state_name
id                 
4   announce_reward"
448552.0467	0.09169999998994172	states																																	"   state_name
id           
8      reward"
448552.1384	0.00010000000474974513	states																																	"    state_name
id            
7   stop_sound"
448552.2837	3.2321999999694526	trials	1.0	2.0	80.0	0.9917996059276446	0.0	0.15	True	1890.0	False	False	18592.0	False	Mixed	True	False	0.025	0.0	0.4918060635924623	1.5	9.0													
448552.2837	3.2321999999694526	processed_trials			80.0	0.9917996059276446					False				Mixed					0.4918060635924623		9.0	40.0	40.0	True	False	False	0.49180000000000046	0.49180000000000046	36.42602759261345	1.1689	-0.2514399289881447	Right	0.6705000000000001	
448552.2837	1.1688999999896623	states																																	"       state_name
id               
3   wait_for_poke"
448553.4526	0.9918000000179745	states																																	"        state_name
id                
1   nose_in_center"
448554.44440000004	0.001999999978579581	states																																	"   state_name
id           
5      go_cue"
448554.4464	0.4918000000179745	states																																	"            state_name
id                    
6   wait_for_side_poke"
448554.93820000003	0.0062000000034458935	states																																	"         state_name
id                 
4   announce_reward"
448554.94440000004	0.5714000000152737	states																																	"   state_name
id           
8      reward"
448555.51580000005	0.00010000000474974513	states																																	"    state_name
id            
7   stop_sound"
448555.6598	4.038100000005215	trials	1.0	2.0	80.0	1.0125495813457601	0.0	0.15	True	1970.0	False	False	18593.0	False	Mixed	True	False	0.025	0.0	0.005479252005734626	1.5	9.0													
448555.6598	4.038100000005215	processed_trials			80.0	1.0125495813457601					False				Mixed					0.005479252005734626		9.0	40.0	40.0	True	False	False	0.00550000000000006	0.00550000000000006	36.42602759261345	1.871	-0.19200160161902682	Right	1.4271	
448555.6598	1.8709999999846332	states																																	"       state_name
id               
3   wait_for_poke"
448557.5308	1.0125000000116415	states																																	"        state_name
id                
1   nose_in_center"
448558.5433	0.001999999978579581	states																																	"   state_name
id           
5      go_cue"
448558.5453	0.0055000000284053385	states																																	"            state_name
id                    
6   wait_for_side_poke"
448558.5508	0.5755999999819323	states																																	"         state_name
id                 
4   announce_reward"
448559.1264	0.5714000000152737	states																																	"   state_name
id           
8      reward"
448559.6978	0.00010000000474974513	states																																	"    state_name
id            
7   stop_sound"
448559.8437	3.745100000000093	trials	1.0	2.0	40.0	0.8567227278947591	0.0	0.15	True	2050.0	True	False	18594.0	False	Mixed	True	False	0.025	0.0	100.0	1.5	9.0													
448559.8437	3.745100000000093	processed_trials			40.0	0.8567227278947591					True				Mixed					100.0		9.0	40.0	40.0	False	True	False			36.42602759261345	1.6945999999999999	-0.20693525914347122	Right	1.6945999999999999	
448559.8437	1.694599999987986	states																																	"       state_name
id               
3   wait_for_poke"
448561.5383	0.050500000012107193	states																																	"        state_name
id                
1   nose_in_center"
448561.5888	2.0	states																																	"          state_name
id                  
2   punish_violation"
448563.7357	2.685399999958463	trials	1.0	2.0	40.0	1.1038603102340225	0.0	0.15	True	2050.0	False	False	18595.0	False	Mixed	True	True	0.025	0.0	0.02858846594472079	1.5	9.0													
448563.7357	2.685399999958463	processed_trials			40.0	1.1038603102340225					False				Mixed					0.02858846594472079		9.0	40.0	40.0	True	False	False	0.02860000000000018	0.02860000000000018	36.42602759261345	0.6789	-0.2929223110004902	Left	0.6789	
448563.7357	0.6788999999989755	states																																	"       state_name
id               
3   wait_for_poke"
448564.4146	1.103899999987334	states																																	"        state_name
id                
1   nose_in_center"
448565.5185	0.0020000000367872417	states																																	"   state_name
id           
5      go_cue"
448565.52050000004	0.028599999961443245	states																																	"            state_name
id                    
6   wait_for_side_poke"
448565.5491	0.5951000000350177	states																																	"         state_name
id                 
4   announce_reward"
448566.14420000004	0.27679999999236315	states																																	"   state_name
id           
8      reward"
448566.42100000003	0.00010000000474974513	states																																	"    state_name
id            
7   stop_sound"
448566.57	4.51659999997355	trials	1.0	2.0	5.0	1.1406315472579132	0.0	0.15	True	2090.0	False	False	18596.0	False	Mixed	True	False	0.025	0.0	1.1742379955547524	1.5	9.0													
448566.57	4.51659999997355	processed_trials			5.0	1.1406315472579132					False				Mixed					1.1742379955547524		9.0	40.0	40.0	False	True	False			36.42602759261345	1.5418	-0.21987098969752503	Left	0.8984000000000001	
448566.57	1.541800000006333	states																																	"       state_name
id               
3   wait_for_poke"
448568.1118	0.9747999999672174	states																																	"        state_name
id                
1   nose_in_center"
448569.0866	2.0	states																																	"          state_name
id                  
2   punish_violation"
448571.2344	3.0780999999842606	trials	1.0	2.0	5.0	0.9917037546549514	0.0	0.15	True	2090.0	False	False	18597.0	False	Mixed	True	True	0.025	0.0	0.7665276703256274	1.5	9.0													
448571.2344	3.0780999999842606	processed_trials			5.0	0.9917037546549514					False				Mixed					0.7665276703256274		9.0	40.0	40.0	False	True	False			36.42602759261345	0.2854	-0.32623520349407786	Right	0.2854	
448571.2344	0.2853999999933876	states																																	"       state_name
id               
3   wait_for_poke"
448571.5198	0.792699999990873	states																																	"        state_name
id                
1   nose_in_center"
448572.3125	2.0	states																																	"          state_name
id                  
2   punish_violation"
448574.459	2.5368000000016764	trials	1.0	2.0	5.0	0.9185554136320415	0.0	0.15	True	2090.0	False	False	18598.0	False	Mixed	True	True	0.025	0.0	0.4037508569703821	1.5	9.0													
448574.459	2.5368000000016764	processed_trials			5.0	0.9185554136320415					False				Mixed					0.4037508569703821		9.0	40.0	40.0	True	False	False	0.40380000000000016	0.40380000000000016	36.42602759261345	1.001	-0.2656539941715586	Right	1.001	
448574.459	1.0009999999892898	states																																	"       state_name
id               
3   wait_for_poke"
448575.45999999996	0.9186000000336207	states																																	"        state_name
id                
1   nose_in_center"
448576.3786	0.001999999978579581	states																																	"   state_name
id           
5      go_cue"
448576.3806	0.40379999997094274	states																																	"            state_name
id                    
6   wait_for_side_poke"
448576.78439999995	0.15290000004461035	states																																	"         state_name
id                 
4   announce_reward"
448576.9373	0.05839999997988343	states																																	"   state_name
id           
8      reward"
448576.99569999997	0.00010000000474974513	states																																	"    state_name
id            
7   stop_sound"
448577.1447	3.791399999987334	trials	1.0	2.0	20.0	1.1055014889930028	0.0	0.15	True	2095.0	False	False	18599.0	False	Mixed	True	False	0.025	0.0	1.1921873131701823	1.5	9.0													
448577.1447	3.791399999987334	processed_trials			20.0	1.1055014889930028					False				Mixed					1.1921873131701823		9.0	40.0	40.0	True	False	False	1.1921999999999997	1.1921999999999997	36.42602759261345	1.2745	-0.2425000523748719	Left	0.6798	
448577.1447	1.2744999999995343	states																																	"       state_name
id               
3   wait_for_poke"
448578.4192	1.1055000000051223	states																																	"        state_name
id                
1   nose_in_center"
448579.5247	0.001999999978579581	states																																	"   state_name
id           
5      go_cue"
448579.5267	1.1921999999904074	states																																	"            state_name
id                    
6   wait_for_side_poke"
448580.7189	0.06820000003790483	states																																	"         state_name
id                 
4   announce_reward"
448580.7871	0.14889999997103587	states																																	"   state_name
id           
8      reward"
448580.936	0.00010000000474974513	states																																	"    state_name
id            
7   stop_sound"
448581.0888	4.537399999971967	trials	1.0	2.0	80.0	0.9579355749229689	0.0	0.15	True	2115.0	False	False	18600.0	False	Mixed	True	False	0.025	0.0	1.1168868749876462	1.5	9.0													
448581.0888	4.537399999971967	processed_trials			80.0	0.9579355749229689					False				Mixed					1.1168868749876462		9.0	40.0	40.0	True	False	False	1.1168999999999993	1.1168999999999993	36.42602759261345	1.7574	-0.20161874161209303	Right	0.7250000000000001	
448581.0888	1.7574000000022352	states																																	"       state_name
id               
3   wait_for_poke"
448582.8462	0.9578999999794178	states																																	"        state_name
id                
1   nose_in_center"
448583.8041	0.0020000000367872417	states																																	"   state_name
id           
5      go_cue"
448583.80610000005	1.1168999999645166	states																																	"            state_name
id                    
6   wait_for_side_poke"
448584.923	0.13170000002719462	states																																	"         state_name
id                 
4   announce_reward"
448585.05470000004	0.5714000000152737	states																																	"   state_name
id           
8      reward"
448585.62610000005	9.999994654208422e-05	states																																	"    state_name
id            
7   stop_sound"
448585.7811	7.911499999987427	trials	1.0	2.0	10.0	1.037308900112363	0.0	0.15	True	2195.0	True	False	18601.0	False	Mixed	True	False	0.025	0.0	100.0	1.5	9.0													
448585.7811	7.911499999987427	processed_trials			10.0	1.037308900112363					True				Mixed					100.0		9.0	40.0	40.0	False	False	True	4.639999999999999	4.639999999999999	36.42602759261345	2.0321	-0.17836321030843735	Left	1.2546	
448585.7811	2.032100000011269	states																																	"       state_name
id               
3   wait_for_poke"
448587.81320000003	1.0372999999672174	states																																	"        state_name
id                
1   nose_in_center"
448588.8505	0.0020000000367872417	states																																	"   state_name
id           
5      go_cue"
448588.85250000004	4.639999999955762	states																																	"            state_name
id                    
6   wait_for_side_poke"
448593.4925	0.20000000001164153	states																																	"   state_name
id           
0     opt_out"
448593.6925	0.00010000000474974513	states																																	"    state_name
id            
7   stop_sound"
448593.8509	3.457799999974668	trials	1.0	2.0	5.0	1.1056880524795156	0.0	0.15	True	2195.0	False	False	18602.0	False	Mixed	True	False	0.025	0.0	1.6791981894334445	1.5	9.0													
448593.8509	3.457799999974668	processed_trials			5.0	1.1056880524795156					False				Mixed					1.6791981894334445		9.0	40.0	40.0	False	True	False			36.42602759261345	0.8147000000000001	-0.28142576512849726	Right	0.8147000000000001	
448593.8509	0.8146999999880791	states																																	"       state_name
id               
3   wait_for_poke"
448594.6656	0.643099999986589	states																																	"        state_name
id                
1   nose_in_center"
448595.3087	2.0	states																																	"          state_name
id                  
2   punish_violation"
448597.4647	10.5791999999783	trials	1.0	2.0	5.0	1.0508841786159095	0.0	0.15	True	2195.0	False	False	18603.0	False	Mixed	True	True	0.025	0.0	2.528202736038523	1.5	9.0													
448597.4647	10.5791999999783	processed_trials			5.0	1.0508841786159095					False				Mixed					2.528202736038523		9.0	40.0	40.0	False	True	False			36.42602759261345	8.5097	0.37001694831027515	Left	8.5097	
448597.4647	8.509699999995064	states																																	"       state_name
id               
3   wait_for_poke"
448605.9744	0.0694999999832362	states																																	"        state_name
id                
1   nose_in_center"
448606.0439	2.0	states																																	"          state_name
id                  
2   punish_violation"
448608.195	15.543200000014622	trials	1.0	2.0	5.0	1.0508842	0.0	0.15	True	2195.0	False	False	18604.0	False	Mixed	True	True	0.025	0.0	1.1933162479624002	1.5	9.0													
448608.195	15.543200000014622	processed_trials			5.0	1.0508842					False				Mixed					1.1933162479624002		9.0	40.0	40.0	False	True	False			36.42602759261345	13.4047	0.7844174788213591	Left	13.4047	
448608.195	13.40470000001369	states																																	"       state_name
id               
3   wait_for_poke"
448621.5997	0.13850000000093132	states																																	"        state_name
id                
1   nose_in_center"
448621.7382	2.0	states																																	"          state_name
id                  
2   punish_violation"
448623.8917	13.080799999996088	trials	1.0	2.0	5.0	1.1745576562104247	0.0	0.15	True	2195.0	False	False	18605.0	False	Mixed	True	True	0.025	0.0	9.803087782971192	1.5	9.0													
448623.8917	13.080799999996088	processed_trials			5.0	1.1745576562104247					False				Mixed					9.803087782971192		9.0	40.0	40.0	False	False	True	9.8031	9.8031	36.42602759261345	1.1884000000000001	-0.2497890994998983	Right	1.1884000000000001	
448623.8917	1.18839999998454	states																																	"       state_name
id               
3   wait_for_poke"
448625.08009999996	1.1746000000275671	states																																	"        state_name
id                
1   nose_in_center"
448626.2547	0.001999999978579581	states																																	"   state_name
id           
5      go_cue"
448626.25669999997	9.803100000019185	states																																	"            state_name
id                    
6   wait_for_side_poke"
448636.0598	0.7125999999698251	states																																	"         state_name
id                 
4   announce_reward"
448636.77239999996	0.20000000001164153	states																																	"   state_name
id           
0     opt_out"
448636.97239999997	0.00010000000474974513	states																																	"    state_name
id            
7   stop_sound"
448637.129	2.393099999986589	trials	1.0	2.0	10.0	0.9156907017649175	0.0	0.15	True	2195.0	False	False	18606.0	False	Mixed	True	False	0.025	0.0	0.8970239618881236	1.5	9.0													
448637.129	2.393099999986589	processed_trials			10.0	0.9156907017649175					False				Mixed					0.8970239618881236		9.0	40.0	40.0	True	False	False	0.8970000000000002	0.8970000000000002	36.42602759261345	0.4278	-0.3141799153337554	Left	0.4278	
448637.129	0.427800000004936	states																																	"       state_name
id               
3   wait_for_poke"
448637.5568	0.9157000000122935	states																																	"        state_name
id                
1   nose_in_center"
448638.47250000003	0.001999999978579581	states																																	"   state_name
id           
5      go_cue"
448638.4745	0.896999999997206	states																																	"            state_name
id                    
6   wait_for_side_poke"
448639.3715	0.06510000000707805	states																																	"         state_name
id                 
4   announce_reward"
448639.4366	0.08539999998174608	states																																	"   state_name
id           
8      reward"
448639.522	0.00010000000474974513	states																																	"    state_name
id            
7   stop_sound"
448639.6815	3.1119000000180677	trials	1.0	2.0	80.0	1.087249306600885	0.0	0.15	True	2205.0	False	False	18607.0	False	Mixed	True	False	0.025	0.0	0.20442127928357157	1.5	9.0													
448639.6815	3.1119000000180677	processed_trials			80.0	1.087249306600885					False				Mixed					0.20442127928357157		9.0	40.0	40.0	True	False	False	0.20440000000000014	0.20440000000000014	36.42602759261345	0.9501000000000001	-0.2699630824254941	Left	0.4806000000000001	
448639.6815	0.9501000000163913	states																																	"       state_name
id               
3   wait_for_poke"
448640.6316	1.0872000000090338	states																																	"        state_name
id                
1   nose_in_center"
448641.71880000003	0.001999999978579581	states																																	"   state_name
id           
5      go_cue"
448641.7208	0.20439999998779967	states																																	"            state_name
id                    
6   wait_for_side_poke"
448641.9252	0.33059999998658895	states																																	"         state_name
id                 
4   announce_reward"
448642.2558	0.5375000000349246	states																																	"   state_name
id           
8      reward"
448642.7933	0.00010000000474974513	states																																	"    state_name
id            
7   stop_sound"
448642.952	5.5094999999855645	trials	1.0	2.0	40.0	1.0542156716972346	0.0	0.15	True	2285.0	False	False	18608.0	False	Mixed	True	False	0.025	0.0	1.0598379152769608	1.5	9.0													
448642.952	5.5094999999855645	processed_trials			40.0	1.0542156716972346					False				Mixed					1.0598379152769608		9.0	40.0	40.0	True	False	False	1.0598	1.0598	36.42602759261345	3.0046999999999997	-0.09602491491005527	Left	0.4929999999999999	
448642.952	3.0046999999904074	states																																	"       state_name
id               
3   wait_for_poke"
448645.9567	1.0542000000132248	states																																	"        state_name
id                
1   nose_in_center"
448647.0109	0.001999999978579581	states																																	"   state_name
id           
5      go_cue"
448647.0129	1.0598000000463799	states																																	"            state_name
id                    
6   wait_for_side_poke"
448648.0727	0.11189999995986	states																																	"         state_name
id                 
4   announce_reward"
448648.1846	0.27679999999236315	states																																	"   state_name
id           
8      reward"
448648.4614	0.00010000000474974513	states																																	"    state_name
id            
7   stop_sound"
448648.6196	7.1541000000434	trials	1.0	2.0	20.0	1.0436745931905755	0.0	0.15	True	2325.0	False	False	18609.0	False	Mixed	True	False	0.025	0.0	2.721235926165599	1.5	9.0													
448648.6196	7.1541000000434	processed_trials			20.0	1.0436745931905755					False				Mixed					2.721235926165599		9.0	40.0	40.0	True	False	False	2.7211999999999996	2.7211999999999996	36.42602759261345	2.677	-0.12376731610484222	Left	0.48880000000000035	
448648.6196	2.6770000000251457	states																																	"       state_name
id               
3   wait_for_poke"
448651.2966	1.0436999999801628	states																																	"        state_name
id                
1   nose_in_center"
448652.3403	0.001999999978579581	states																																	"   state_name
id           
5      go_cue"
448652.34229999996	2.7212000000290573	states																																	"            state_name
id                    
6   wait_for_side_poke"
448655.0635	0.561199999996461	states																																	"         state_name
id                 
4   announce_reward"
448655.6247	0.14889999997103587	states																																	"   state_name
id           
8      reward"
448655.77359999996	0.00010000000474974513	states																																	"    state_name
id            
7   stop_sound"
448655.9353	3.8523999999742955	trials	1.0	2.0	5.0	0.9191438848405864	0.0	0.15	True	2345.0	False	False	18610.0	False	Mixed	True	False	0.025	0.0	3.779696188131856	1.5	9.0													
448655.9353	3.8523999999742955	processed_trials			5.0	0.9191438848405864					False				Mixed					3.779696188131856		9.0	40.0	40.0	False	True	False			36.42602759261345	1.7156	-0.20515744277151352	Left	0.4931000000000001	
448655.9353	1.7155999999959022	states																																	"       state_name
id               
3   wait_for_poke"
448657.6509	0.13679999997839332	states																																	"        state_name
id                
1   nose_in_center"
448657.7877	2.0	states																																	"          state_name
id                  
2   punish_violation"
448659.9475	2.727199999964796	trials	1.0	2.0	5.0	1.0387022642451311	0.0	0.15	True	2345.0	True	False	18611.0	False	Mixed	True	True	0.025	0.0	100.0	1.5	9.0													
448659.9475	2.727199999964796	processed_trials			5.0	1.0387022642451311					True				Mixed					100.0		9.0	40.0	40.0	False	True	False			36.42602759261345	0.12190000000000001	-0.34007677381860535	Left	0.12190000000000001	
448659.9475	0.12190000002738088	states																																	"       state_name
id               
3   wait_for_poke"
448660.06940000004	0.6052999999956228	states																																	"        state_name
id                
1   nose_in_center"
448660.67470000003	2.0	states																																	"          state_name
id                  
2   punish_violation"
448662.8334	4.325899999996182	trials	1.0	2.0	5.0	1.0464374943375134	0.0	0.15	True	2345.0	False	False	18612.0	False	Mixed	True	True	0.025	0.0	2.1984102034211253	1.5	9.0													
448662.8334	4.325899999996182	processed_trials			5.0	1.0464374943375134					False				Mixed					2.1984102034211253		9.0	40.0	40.0	False	True	False			36.42602759261345	2.2264	-0.16191417597170524	Left	2.2264	
448662.8334	2.2263999999850057	states																																	"       state_name
id               
3   wait_for_poke"
448665.0598	0.09950000001117587	states																																	"        state_name
id                
1   nose_in_center"
448665.1593	2.0	states																																	"          state_name
id                  
2   punish_violation"
448667.3192	15.794599999964703	trials	1.0	2.0	5.0	0.8366684568017867	0.0	0.15	True	2345.0	True	False	18613.0	False	Mixed	True	True	0.025	0.0	100.0	1.5	9.0													
448667.3192	15.794599999964703	processed_trials			5.0	0.8366684568017867					True				Mixed					100.0		9.0	40.0	40.0	False	False	True	7.139100000000001	7.139100000000001	36.42602759261345	7.6167	0.29441742354083733	Left	7.6167	
448667.3192	7.616700000013225	states																																	"       state_name
id               
3   wait_for_poke"
448674.93590000004	0.8366999999852851	states																																	"        state_name
id                
1   nose_in_center"
448675.7726	0.001999999978579581	states																																	"   state_name
id           
5      go_cue"
448675.7746	7.13910000002943	states																																	"            state_name
id                    
6   wait_for_side_poke"
448682.91370000003	0.20000000001164153	states																																	"   state_name
id           
0     opt_out"
448683.11370000005	0.00010000000474974513	states																																	"    state_name
id            
7   stop_sound"
448683.2735	2.4983999999822117	trials	1.0	2.0	40.0	1.0555524830227025	0.0	0.15	True	2345.0	False	False	18614.0	False	Mixed	True	False	0.025	0.0	0.8475969586153833	1.5	9.0													
448683.2735	2.4983999999822117	processed_trials			40.0	1.0555524830227025					False				Mixed					0.8475969586153833		9.0	40.0	40.0	True	False	False	0.8476000000000001	0.8476000000000001	36.42602759261345	0.2626	-0.32816540412648904	Left	0.2626	
448683.2735	0.2626000000163913	states																																	"       state_name
id               
3   wait_for_poke"
448683.5361	1.055599999963306	states																																	"        state_name
id                
1   nose_in_center"
448684.5917	0.0020000000367872417	states																																	"   state_name
id           
5      go_cue"
448684.5937	0.8475999999791384	states																																	"            state_name
id                    
6   wait_for_side_poke"
448685.4413	0.053699999989476055	states																																	"         state_name
id                 
4   announce_reward"
448685.495	0.27679999999236315	states																																	"   state_name
id           
8      reward"
448685.7718	0.00010000000474974513	states																																	"    state_name
id            
7   stop_sound"
448685.9363	5.07750000001397	trials	1.0	2.0	20.0	1.1142406825082949	0.0	0.15	True	2385.0	False	False	18615.0	False	Mixed	True	False	0.025	0.0	1.105226803078546	1.5	9.0													
448685.9363	5.07750000001397	processed_trials			20.0	1.1142406825082949					False				Mixed					1.105226803078546		9.0	40.0	40.0	True	False	False	1.1052	1.1052	36.42602759261345	2.5835	-0.13168283185617755	Right	1.0673	
448685.9363	2.5835000000079162	states																																	"       state_name
id               
3   wait_for_poke"
448688.5198	1.1142000000108965	states																																	"        state_name
id                
1   nose_in_center"
448689.634	0.001999999978579581	states																																	"   state_name
id           
5      go_cue"
448689.636	1.105199999990873	states																																	"            state_name
id                    
6   wait_for_side_poke"
448690.7412	0.11389999999664724	states																																	"         state_name
id                 
4   announce_reward"
448690.8551	0.15860000002430752	states																																	"   state_name
id           
8      reward"
448691.0137	0.00010000000474974513	states																																	"    state_name
id            
7   stop_sound"
448691.1812	6.2308000000193715	trials	1.0	2.0	40.0	1.0894028880273865	0.0	0.15	True	2405.0	False	False	18616.0	False	Mixed	True	False	0.025	0.0	3.111820607972464	1.5	9.0													
448691.1812	6.2308000000193715	processed_trials			40.0	1.0894028880273865					False				Mixed					3.111820607972464		9.0	40.0	40.0	True	False	False	3.1118	3.1118	36.42602759261345	1.6353	-0.21195547394618974	Right	0.8365	
448691.1812	1.6353000000235625	states																																	"       state_name
id               
3   wait_for_poke"
448692.8165	1.089399999997113	states																																	"        state_name
id                
1   nose_in_center"
448693.9059	0.001999999978579581	states																																	"   state_name
id           
5      go_cue"
448693.9079	3.111800000013318	states																																	"            state_name
id                    
6   wait_for_side_poke"
448697.0197	0.0981000000028871	states																																	"         state_name
id                 
4   announce_reward"
448697.1178	0.2940999999991618	states																																	"   state_name
id           
8      reward"
448697.4119	0.00010000000474974513	states																																	"    state_name
id            
7   stop_sound"
448697.5767	12.84270000003744	trials	1.0	2.0	10.0	0.8969930900458076	0.0	0.15	True	2445.0	True	False	18617.0	False	Mixed	True	False	0.025	0.0	100.0	1.5	9.0													
448697.5767	12.84270000003744	processed_trials			10.0	0.8969930900458076					True				Mixed					100.0		9.0	40.0	40.0	False	False	True	9.855799999999999	9.855799999999999	36.42602759261345	1.8878	-0.19057934852146072	Left	1.1315	
448697.5767	1.8878000000258908	states																																	"       state_name
id               
3   wait_for_poke"
448699.4645	0.896999999997206	states																																	"        state_name
id                
1   nose_in_center"
448700.3615	0.001999999978579581	states																																	"   state_name
id           
5      go_cue"
448700.3635	9.855800000019372	states																																	"            state_name
id                    
6   wait_for_side_poke"
448710.2193	0.19999999995343387	states																																	"   state_name
id           
0     opt_out"
448710.41929999995	0.00010000000474974513	states																																	"    state_name
id            
7   stop_sound"
448710.588	2.5873000000137836	trials	1.0	2.0	10.0	0.890624650299308	0.0	0.15	True	2445.0	False	False	18618.0	False	Mixed	True	False	0.025	0.0	0.3972159536378037	1.5	9.0													
448710.588	2.5873000000137836	processed_trials			10.0	0.890624650299308					False				Mixed					0.3972159536378037		9.0	40.0	40.0	False	True	False			36.42602759261345	0.1343	-0.33902701557992565	Left	0.1343	
448710.588	0.134299999976065	states																																	"       state_name
id               
3   wait_for_poke"
448710.72229999996	0.45300000003771856	states																																	"        state_name
id                
1   nose_in_center"
448711.1753	2.0	states																																	"          state_name
id                  
2   punish_violation"
448713.3405	5.06349999998929	trials	1.0	2.0	10.0	1.002616403389084	0.0	0.15	True	2445.0	False	False	18619.0	False	Mixed	True	True	0.025	0.0	3.658387290673462	1.5	9.0													
448713.3405	5.06349999998929	processed_trials			10.0	1.002616403389084					False				Mixed					3.658387290673462		9.0	40.0	40.0	True	False	False	3.6584000000000003	3.6584000000000003	36.42602759261345	0.287	-0.32609975081811915	Right	0.287	
448713.3405	0.28700000001117587	states																																	"       state_name
id               
3   wait_for_poke"
448713.6275	1.002600000007078	states																																	"        state_name
id                
1   nose_in_center"
448714.6301	0.001999999978579581	states																																	"   state_name
id           
5      go_cue"
448714.6321	3.658400000014808	states																																	"            state_name
id                    
6   wait_for_side_poke"
448718.2905	0.021699999982956797	states																																	"         state_name
id                 
4   announce_reward"
448718.3122	0.09169999998994172	states																																	"   state_name
id           
8      reward"
448718.4039	0.00010000000474974513	states																																	"    state_name
id            
7   stop_sound"
448718.5746	7.645200000028126	trials	1.0	2.0	80.0	0.9450859139150192	0.0	0.15	True	2455.0	False	False	18620.0	False	Mixed	True	False	0.025	0.0	3.9037664039877655	1.5	9.0													
448718.5746	7.645200000028126	processed_trials			80.0	0.9450859139150192					False				Mixed					3.9037664039877655		9.0	40.0	40.0	True	False	False	3.9038	3.9038	36.42602759261345	1.4464000000000001	-0.22794735550156128	Left	0.8153000000000001	
448718.5746	1.4464000000152737	states																																	"       state_name
id               
3   wait_for_poke"
448720.021	0.9451000000117347	states																																	"        state_name
id                
1   nose_in_center"
448720.9661	0.001999999978579581	states																																	"   state_name
id           
5      go_cue"
448720.9681	3.9037999999709427	states																																	"            state_name
id                    
6   wait_for_side_poke"
448724.87189999997	0.8103000000119209	states																																	"         state_name
id                 
4   announce_reward"
448725.6822	0.5375000000349246	states																																	"   state_name
id           
8      reward"
448726.2197	0.00010000000474974513	states																																	"    state_name
id            
7   stop_sound"
448726.3865	6.128800000005867	trials	1.0	2.0	5.0	0.94508591	0.0	0.15	True	2535.0	False	False	18621.0	False	Mixed	True	False	0.025	0.0	1.8875370720314972	1.5	9.0													
448726.3865	6.128800000005867	processed_trials			5.0	0.94508591					False				Mixed					1.8875370720314972		9.0	40.0	40.0	True	False	False	1.8875000000000002	1.8875000000000002	36.42602759261345	3.1601	-0.08286907375756855	Left	0.9329999999999998	
448726.3865	3.1600999999791384	states																																	"       state_name
id               
3   wait_for_poke"
448729.5466	0.9451000000117347	states																																	"        state_name
id                
1   nose_in_center"
448730.4917	0.0020000000367872417	states																																	"   state_name
id           
5      go_cue"
448730.49370000005	1.8874999999534339	states																																	"            state_name
id                    
6   wait_for_side_poke"
448732.3812	0.08010000002104789	states																																	"         state_name
id                 
4   announce_reward"
448732.4613	0.053899999998975545	states																																	"   state_name
id           
8      reward"
448732.5152	0.00010000000474974513	states																																	"    state_name
id            
7   stop_sound"
448732.6847	15.209700000006706	trials	1.0	2.0	80.0	0.9206840017525273	0.0	0.15	True	2540.0	True	False	18622.0	False	Mixed	True	False	0.025	0.0	100.0	1.5	9.0													
448732.6847	15.209700000006706	processed_trials			80.0	0.9206840017525273					True				Mixed					100.0		9.0	40.0	40.0	False	False	True	13.3206	13.3206	36.42602759261345	0.7663	-0.28552320857624736	Right	0.34959999999999997	
448732.6847	0.7663000000175089	states																																	"       state_name
id               
3   wait_for_poke"
448733.451	0.9206999999587424	states																																	"        state_name
id                
1   nose_in_center"
448734.37169999996	0.0020000000367872417	states																																	"   state_name
id           
5      go_cue"
448734.3737	13.320599999977276	states																																	"            state_name
id                    
6   wait_for_side_poke"
448747.6943	0.20000000001164153	states																																	"   state_name
id           
0     opt_out"
448747.8943	0.00010000000474974513	states																																	"    state_name
id            
7   stop_sound"
448748.0677	5.410999999963678	trials	1.0	2.0	40.0	1.0921712251278712	0.0	0.15	True	2540.0	False	False	18623.0	False	Mixed	True	False	0.025	0.0	3.860065714099922	1.5	9.0													
448748.0677	5.410999999963678	processed_trials			40.0	1.0921712251278712					False				Mixed					3.860065714099922		9.0	40.0	40.0	True	False	False	3.8601	3.8601	36.42602759261345	0.0692	-0.34453824633299435	Right	0.0692	
448748.0677	0.06920000002719462	states																																	"       state_name
id               
3   wait_for_poke"
448748.13690000004	1.0921999999554828	states																																	"        state_name
id                
1   nose_in_center"
448749.2291	0.0020000000367872417	states																																	"   state_name
id           
5      go_cue"
448749.23110000003	3.86009999999078	states																																	"            state_name
id                    
6   wait_for_side_poke"
448753.0912	0.09330000000772998	states																																	"         state_name
id                 
4   announce_reward"
448753.18450000003	0.2940999999991618	states																																	"   state_name
id           
8      reward"
448753.47860000003	0.00010000000474974513	states																																	"    state_name
id            
7   stop_sound"
448753.6648	6.151999999943655	trials	1.0	2.0	80.0	0.9259843845557517	0.0	0.15	True	2580.0	False	False	18624.0	False	Mixed	True	False	0.025	0.0	2.5497703419113753	1.5	9.0													
448753.6648	6.151999999943655	processed_trials			80.0	0.9259843845557517					False				Mixed					2.5497703419113753		9.0	40.0	40.0	True	False	False	2.5498000000000003	2.5498000000000003	36.42602759261345	1.7017	-0.2063341878939046	Right	1.0369000000000002	
448753.6648	1.7016999999759719	states																																	"       state_name
id               
3   wait_for_poke"
448755.3665	0.9260000000358559	states																																	"        state_name
id                
1   nose_in_center"
448756.29250000004	0.001999999978579581	states																																	"   state_name
id           
5      go_cue"
448756.2945	2.5498000000370666	states																																	"            state_name
id                    
6   wait_for_side_poke"
448758.84430000006	0.4009999999543652	states																																	"         state_name
id                 
4   announce_reward"
448759.2453	0.5714000000152737	states																																	"   state_name
id           
8      reward"
448759.8167	0.00010000000474974513	states																																	"    state_name
id            
7   stop_sound"
448759.9911	5.31160000001546	trials	1.0	2.0	80.0	0.8144645278954896	0.0	0.15	True	2660.0	False	False	18625.0	False	Mixed	True	False	0.025	0.0	1.907191056886672	1.5	9.0													
448759.9911	5.31160000001546	processed_trials			80.0	0.8144645278954896					False				Mixed					1.907191056886672		9.0	40.0	40.0	True	False	False	1.9072	1.9072	36.42602759261345	1.9374	-0.18638031556674162	Left	1.3243	
448759.9911	1.9373999999952503	states																																	"       state_name
id               
3   wait_for_poke"
448761.9285	0.8144999999785796	states																																	"        state_name
id                
1   nose_in_center"
448762.74299999996	0.0020000000367872417	states																																	"   state_name
id           
5      go_cue"
448762.745	1.9072000000160187	states																																	"            state_name
id                    
6   wait_for_side_poke"
448764.6522	0.11289999994914979	states																																	"         state_name
id                 
4   announce_reward"
448764.76509999996	0.5375000000349246	states																																	"   state_name
id           
8      reward"
448765.3026	0.00010000000474974513	states																																	"    state_name
id            
7   stop_sound"
448765.4757	6.2299999999813735	trials	1.0	2.0	20.0	0.9202445873450369	0.0	0.15	True	2740.0	False	False	18626.0	False	Mixed	True	False	0.025	0.0	1.9071911	1.5	9.0													
448765.4757	6.2299999999813735	processed_trials			20.0	0.9202445873450369					False				Mixed					1.9071911		9.0	40.0	40.0	True	False	False	1.9072	1.9072	36.42602759261345	2.7324	-0.11907726719977293	Right	0.7284000000000002	
448765.4757	2.732399999978952	states																																	"       state_name
id               
3   wait_for_poke"
448768.2081	0.9201999999932013	states																																	"        state_name
id                
1   nose_in_center"
448769.1283	0.0020000000367872417	states																																	"   state_name
id           
5      go_cue"
448769.1303	1.9072000000160187	states																																	"            state_name
id                    
6   wait_for_side_poke"
448771.03750000003	0.5094999999855645	states																																	"         state_name
id                 
4   announce_reward"
448771.547	0.15859999996609986	states																																	"   state_name
id           
8      reward"
448771.7056	0.00010000000474974513	states																																	"    state_name
id            
7   stop_sound"
448771.8803	7.5847000000067055	trials	1.0	2.0	20.0	0.9894020719587104	0.0	0.15	True	2760.0	False	False	18627.0	False	Mixed	True	False	0.025	0.0	4.219561475102372	1.5	9.0													
448771.8803	7.5847000000067055	processed_trials			20.0	0.9894020719587104					False				Mixed					4.219561475102372		9.0	40.0	40.0	True	False	False	4.2196	4.2196	36.42602759261345	1.79	-0.19885889333943496	Right	1.2065000000000001	
448771.8803	1.7899999999790452	states																																	"       state_name
id               
3   wait_for_poke"
448773.6703	0.989400000020396	states																																	"        state_name
id                
1   nose_in_center"
448774.6597	0.001999999978579581	states																																	"   state_name
id           
5      go_cue"
448774.6617	4.219600000011269	states																																	"            state_name
id                    
6   wait_for_side_poke"
448778.8813	0.42499999998835847	states																																	"         state_name
id                 
4   announce_reward"
448779.3063	0.15860000002430752	states																																	"   state_name
id           
8      reward"
448779.4649	0.00010000000474974513	states																																	"    state_name
id            
7   stop_sound"
448779.6387	5.980299999995623	trials	1.0	2.0	80.0	1.00176495563854	0.0	0.15	True	2780.0	False	False	18628.0	False	Mixed	True	False	0.025	0.0	2.719825174297278	1.5	9.0													
448779.6387	5.980299999995623	processed_trials			80.0	1.00176495563854					False				Mixed					2.719825174297278		9.0	40.0	40.0	True	False	False	2.7197999999999998	2.7197999999999998	36.42602759261345	1.5291	-0.2209461453129471	Right	1.0727	
448779.6387	1.529099999985192	states																																	"       state_name
id               
3   wait_for_poke"
448781.1678	1.0018000000272878	states																																	"        state_name
id                
1   nose_in_center"
448782.1696	0.001999999978579581	states																																	"   state_name
id           
5      go_cue"
448782.1716	2.7198000000207685	states																																	"            state_name
id                    
6   wait_for_side_poke"
448784.8914	0.15609999996377155	states																																	"         state_name
id                 
4   announce_reward"
448785.0475	0.5714000000152737	states																																	"   state_name
id           
8      reward"
448785.6189	0.00010000000474974513	states																																	"    state_name
id            
7   stop_sound"
448785.7934	3.631299999949988	trials	1.0	2.0	80.0	1.1060180411035947	0.0	0.15	True	2860.0	False	False	18629.0	False	Mixed	True	False	0.025	0.0	1.693173828125591	1.5	9.0													
448785.7934	3.631299999949988	processed_trials			80.0	1.1060180411035947					False				Mixed					1.693173828125591		9.0	40.0	40.0	False	True	False			36.42602759261345	1.5864	-0.21609524635517685	Right	1.1765	
448785.7934	1.5863999999710359	states																																	"       state_name
id               
3   wait_for_poke"
448787.3798	0.04490000003715977	states																																	"        state_name
id                
1   nose_in_center"
448787.42470000003	2.0	states																																	"          state_name
id                  
2   punish_violation"
448789.5985	3.7989999999990687	trials	1.0	2.0	80.0	1.106018	0.0	0.15	True	2860.0	False	False	18630.0	False	Mixed	True	True	0.025	0.0	1.6931738	1.5	9.0													
448789.5985	3.7989999999990687	processed_trials			80.0	1.106018					False				Mixed					1.6931738		9.0	40.0	40.0	True	False	False	1.6931999999999998	1.6931999999999998	36.42602759261345	0.2753	-0.327090248511067	Right	0.2753	
448789.5985	0.27529999997932464	states																																	"       state_name
id               
3   wait_for_poke"
448789.8738	1.106000000028871	states																																	"        state_name
id                
1   nose_in_center"
448790.97980000003	0.001999999978579581	states																																	"   state_name
id           
5      go_cue"
448790.9818	1.6932000000379048	states																																	"            state_name
id                    
6   wait_for_side_poke"
448792.67500000005	0.1509999999543652	states																																	"         state_name
id                 
4   announce_reward"
448792.826	0.5714000000152737	states																																	"   state_name
id           
8      reward"
448793.3974	0.00010000000474974513	states																																	"    state_name
id            
7   stop_sound"
448793.5745	3.70160000002943	trials	1.0	2.0	20.0	0.9900684581504935	0.0	0.15	True	2940.0	False	False	18631.0	False	Mixed	True	False	0.025	0.0	0.5545253097054282	1.5	9.0													
448793.5745	3.70160000002943	processed_trials			20.0	0.9900684581504935					False				Mixed					0.5545253097054282		9.0	40.0	40.0	False	True	False			36.42602759261345	1.6513	-0.21060094718660297	Right	1.6513	
448793.5745	1.651300000026822	states																																	"       state_name
id               
3   wait_for_poke"
448795.2258	0.05029999994440004	states																																	"        state_name
id                
1   nose_in_center"
448795.27609999996	2.0	states																																	"          state_name
id                  
2   punish_violation"
448797.449	4.138699999952223	trials	1.0	2.0	20.0	1.196834776824461	0.0	0.15	True	2940.0	False	False	18632.0	False	Mixed	True	True	0.025	0.0	1.6279985233046321	1.5	9.0													
448797.449	4.138699999952223	processed_trials			20.0	1.196834776824461					False				Mixed					1.6279985233046321		9.0	40.0	40.0	True	False	False	1.6279999999999997	1.6279999999999997	36.42602759261345	0.9258	-0.27202026994161654	Right	0.9258	
448797.449	0.9258000000263564	states																																	"       state_name
id               
3   wait_for_poke"
448798.37480000005	1.196799999976065	states																																	"        state_name
id                
1   nose_in_center"
448799.5716	0.001999999978579581	states																																	"   state_name
id           
5      go_cue"
448799.5736	1.628000000026077	states																																	"            state_name
id                    
6   wait_for_side_poke"
448801.20160000003	0.2273999999742955	states																																	"         state_name
id                 
4   announce_reward"
448801.429	0.15860000002430752	states																																	"   state_name
id           
8      reward"
448801.5876	0.00010000000474974513	states																																	"    state_name
id            
7   stop_sound"
448801.7638	4.1204999999608845	trials	1.0	2.0	80.0	1.0623861536620722	0.0	0.15	True	2960.0	False	False	18633.0	False	Mixed	True	False	0.025	0.0	1.1202444381179	1.5	9.0													
448801.7638	4.1204999999608845	processed_trials			80.0	1.0623861536620722					False				Mixed					1.1202444381179		9.0	40.0	40.0	True	False	False	1.1202	1.1202	36.42602759261345	1.3195999999999999	-0.23868198007128663	Right	0.7176999999999999	
448801.7638	1.319599999987986	states																																	"       state_name
id               
3   wait_for_poke"
448803.0834	1.0623999999952503	states																																	"        state_name
id                
1   nose_in_center"
448804.1458	0.0020000000367872417	states																																	"   state_name
id           
5      go_cue"
448804.14780000004	1.1202000000048429	states																																	"            state_name
id                    
6   wait_for_side_poke"
448805.26800000004	0.044799999974202365	states																																	"         state_name
id                 
4   announce_reward"
448805.3128	0.5714000000152737	states																																	"   state_name
id           
8      reward"
448805.88420000003	0.00010000000474974513	states																																	"    state_name
id            
7   stop_sound"
448806.0629	5.988699999987148	trials	1.0	2.0	5.0	1.0982753545749009	0.0	0.15	True	3040.0	False	False	18634.0	False	Mixed	True	False	0.025	0.0	2.354787297722317	1.5	9.0													
448806.0629	5.988699999987148	processed_trials			5.0	1.0982753545749009					False				Mixed					2.354787297722317		9.0	40.0	40.0	True	False	False	2.3548000000000004	2.3548000000000004	36.42602759261345	2.2885	-0.156656918986059	Left	1.647	
448806.0629	2.2885000000242144	states																																	"       state_name
id               
3   wait_for_poke"
448808.35140000004	1.098299999954179	states																																	"        state_name
id                
1   nose_in_center"
448809.4497	0.0020000000367872417	states																																	"   state_name
id           
5      go_cue"
448809.45170000003	2.354799999971874	states																																	"            state_name
id                    
6   wait_for_side_poke"
448811.8065	0.19109999999636784	states																																	"         state_name
id                 
4   announce_reward"
448811.9976	0.053899999998975545	states																																	"   state_name
id           
8      reward"
448812.0515	0.00010000000474974513	states																																	"    state_name
id            
7   stop_sound"
448812.2345	4.061599999957252	trials	1.0	2.0	80.0	1.0982754	0.0	0.15	True	3045.0	False	False	18635.0	False	Mixed	True	False	0.025	0.0	1.4356689974869241	1.5	9.0													
448812.2345	4.061599999957252	processed_trials			80.0	1.0982754					False				Mixed					1.4356689974869241		9.0	40.0	40.0	True	False	False	1.4357	1.4357	36.42602759261345	0.8492999999999999	-0.27849660101089085	Left	0.3245	
448812.2345	0.8493000000016764	states																																	"       state_name
id               
3   wait_for_poke"
448813.0838	1.0983000000123866	states																																	"        state_name
id                
1   nose_in_center"
448814.18210000003	0.001999999978579581	states																																	"   state_name
id           
5      go_cue"
448814.1841	1.43570000003092	states																																	"            state_name
id                    
6   wait_for_side_poke"
448815.61980000004	0.13869999995222315	states																																	"         state_name
id                 
4   announce_reward"
448815.7585	0.5375000000349246	states																																	"   state_name
id           
8      reward"
448816.29600000003	0.00010000000474974513	states																																	"    state_name
id            
7   stop_sound"
448816.4798	5.909200000052806	trials	1.0	2.0	80.0	0.8681987030916838	0.0	0.15	True	3125.0	False	False	18636.0	False	Mixed	True	False	0.025	0.0	1.6770084585446638	1.5	9.0													
448816.4798	5.909200000052806	processed_trials			80.0	0.8681987030916838					False				Mixed					1.6770084585446638		9.0	40.0	40.0	True	False	False	1.6770000000000005	1.6770000000000005	36.42602759261345	2.3104	-0.15480291048387457	Right	0.7017	
448816.4798	2.3104000000166707	states																																	"       state_name
id               
3   wait_for_poke"
448818.7902	0.8681999999680556	states																																	"        state_name
id                
1   nose_in_center"
448819.65839999996	0.0020000000367872417	states																																	"   state_name
id           
5      go_cue"
448819.6604	1.676999999966938	states																																	"            state_name
id                    
6   wait_for_side_poke"
448821.33739999996	0.4800999999861233	states																																	"         state_name
id                 
4   announce_reward"
448821.81749999995	0.5714000000152737	states																																	"   state_name
id           
8      reward"
448822.38889999996	0.00010000000474974513	states																																	"    state_name
id            
7   stop_sound"
448822.5726	25.350399999995716	trials	1.0	2.0	80.0	1.0400232541531218	0.0	0.15	True	3205.0	True	False	18637.0	False	Mixed	True	False	0.025	0.0	100.0	1.5	9.0													
448822.5726	25.350399999995716	processed_trials			80.0	1.0400232541531218					True				Mixed					100.0		9.0	40.0	40.0	False	False	True	21.3496	21.3496	36.42602759261345	2.7586999999999997	-0.11685076383870219	Right	0.8356999999999997	
448822.5726	2.758700000005774	states																																	"       state_name
id               
3   wait_for_poke"
448825.3313	1.0399999999790452	states																																	"        state_name
id                
1   nose_in_center"
448826.3713	0.0020000000367872417	states																																	"   state_name
id           
5      go_cue"
448826.37330000004	21.349599999957718	states																																	"            state_name
id                    
6   wait_for_side_poke"
448847.7229	0.20000000001164153	states																																	"   state_name
id           
0     opt_out"
448847.9229	0.00010000000474974513	states																																	"    state_name
id            
7   stop_sound"
448848.1118	2.338099999993574	trials	1.0	2.0	10.0	1.0400233	0.0	0.15	True	3205.0	False	False	18638.0	False	Low	True	False	0.025	0.0	0.9951053931776709	1.5	9.0													
448848.1118	2.338099999993574	processed_trials			10.0	1.0400233					False				Low					0.9951053931776709		9.0	40.0	40.0	True	False	False	0.9951000000000001	0.9951000000000001	36.42602759261345	0.0112	-0.3494484058364965	Right	0.0112	
448848.1118	0.011200000008102506	states																																	"       state_name
id               
3   wait_for_poke"
448848.123	1.0399999999790452	states																																	"        state_name
id                
1   nose_in_center"
448849.163	0.0020000000367872417	states																																	"   state_name
id           
5      go_cue"
448849.16500000004	0.9951000000000931	states																																	"            state_name
id                    
6   wait_for_side_poke"
448850.16010000004	0.1979999999748543	states																																	"         state_name
id                 
4   announce_reward"
448850.3581	0.09169999998994172	states																																	"   state_name
id           
8      reward"
448850.4498	0.00010000000474974513	states																																	"    state_name
id            
7   stop_sound"
448850.6339	4.386399999959394	trials	1.0	2.0	5.0	1.1396312838655007	0.0	0.15	True	3215.0	False	False	18639.0	False	Low	True	False	0.025	0.0	2.214675423563772	1.5	9.0													
448850.6339	4.386399999959394	processed_trials			5.0	1.1396312838655007					False				Low					2.214675423563772		9.0	40.0	40.0	True	False	False	2.2146999999999992	2.2146999999999992	36.42602759261345	0.9454	-0.2703609746611227	Right	0.5588	
448850.6339	0.9454000000259839	states																																	"       state_name
id               
3   wait_for_poke"
448851.57930000004	1.1395999999949709	states																																	"        state_name
id                
1   nose_in_center"
448852.71890000004	0.001999999978579581	states																																	"   state_name
id           
5      go_cue"
448852.7209	2.214700000011362	states																																	"            state_name
id                    
6   wait_for_side_poke"
448854.9356	0.026199999963864684	states																																	"         state_name
id                 
4   announce_reward"
448854.9618	0.05840000003809109	states																																	"   state_name
id           
8      reward"
448855.0202	0.00010000000474974513	states																																	"    state_name
id            
7   stop_sound"
448855.2032	9.776100000017323	trials	1.0	2.0	5.0	1.0412543992856371	0.0	0.15	True	3220.0	False	False	18640.0	False	Low	True	False	0.025	0.0	7.129124557225013	1.5	9.0													
448855.2032	9.776100000017323	processed_trials			5.0	1.0412543992856371					False				Low					7.129124557225013		9.0	40.0	40.0	True	False	False	7.129100000000001	7.129100000000001	36.42602759261345	1.2333	-0.2459879587808079	Right	0.5034000000000001	
448855.2032	1.2333000000216998	states																																	"       state_name
id               
3   wait_for_poke"
448856.4365	1.0412999999825843	states																																	"        state_name
id                
1   nose_in_center"
448857.4778	0.001999999978579581	states																																	"   state_name
id           
5      go_cue"
448857.4798	7.129100000020117	states																																	"            state_name
id                    
6   wait_for_side_poke"
448864.6089	0.31189999997150153	states																																	"         state_name
id                 
4   announce_reward"
448864.92079999996	0.05840000003809109	states																																	"   state_name
id           
8      reward"
448864.9792	0.00010000000474974513	states																																	"    state_name
id            
7   stop_sound"
448865.1708	4.213599999959115	trials	1.0	2.0	10.0	0.9512005512181009	0.0	0.15	True	3225.0	False	False	18641.0	False	Low	True	False	0.025	0.0	5.189825911924143	1.5	9.0													
448865.1708	4.213599999959115	processed_trials			10.0	0.9512005512181009					False				Low					5.189825911924143		9.0	40.0	40.0	False	True	False			36.42602759261345	1.3417999999999999	-0.23680257419235995	Left	0.6256999999999998	
448865.1708	1.3417999999946915	states																																	"       state_name
id               
3   wait_for_poke"
448866.5126	0.8718000000226311	states																																	"        state_name
id                
1   nose_in_center"
448867.38440000004	2.0	states																																	"          state_name
id                  
2   punish_violation"
448869.5661	2.0718999999808148	trials	1.0	2.0	10.0	1.1884581595266281	0.0	0.15	True	3225.0	False	False	18642.0	False	Low	True	True	0.025	0.0	2.9278661813288167	1.5	9.0													
448869.5661	2.0718999999808148	processed_trials			10.0	1.1884581595266281					False				Low					2.9278661813288167		9.0	40.0	40.0	False	True	False			36.42602759261345	0.0448	-0.3466038996413642	Left	0.0448	
448869.5661	0.044799999974202365	states																																	"       state_name
id               
3   wait_for_poke"
448869.61089999997	0.02710000000661239	states																																	"        state_name
id                
1   nose_in_center"
448869.638	2.0	states																																	"          state_name
id                  
2   punish_violation"
448871.8239	17.336599999980535	trials	1.0	2.0	10.0	1.182436138503462	0.0	0.15	True	3225.0	True	False	18643.0	False	Low	True	True	0.025	0.0	100.0	1.5	9.0													
448871.8239	17.336599999980535	processed_trials			10.0	1.182436138503462					True				Low					100.0		9.0	40.0	40.0	False	False	True	5.482400000000002	5.482400000000002	36.42602759261345	10.469700000000001	0.5359464763596572	Right	10.469700000000001	
448871.8239	10.469700000016019	states																																	"       state_name
id               
3   wait_for_poke"
448882.29360000003	1.1823999999905936	states																																	"        state_name
id                
1   nose_in_center"
448883.476	0.001999999978579581	states																																	"   state_name
id           
5      go_cue"
448883.478	5.48240000003716	states																																	"            state_name
id                    
6   wait_for_side_poke"
448888.96040000004	0.19999999995343387	states																																	"   state_name
id           
0     opt_out"
448889.1604	0.00010000000474974513	states																																	"    state_name
id            
7   stop_sound"
448889.3482	4.3325000000186265	trials	1.0	2.0	10.0	1.0913319779344024	0.0	0.15	True	3225.0	False	False	18644.0	False	Low	True	False	0.025	0.0	2.7465712551282224	1.5	9.0													
448889.3482	4.3325000000186265	processed_trials			10.0	1.0913319779344024					False				Low					2.7465712551282224		9.0	40.0	40.0	True	False	False	2.7466	2.7466	36.42602759261345	0.0533	-0.3458843073003337	Left	0.0533	
448889.3482	0.053300000028684735	states																																	"       state_name
id               
3   wait_for_poke"
448889.40150000004	1.0912999999709427	states																																	"        state_name
id                
1   nose_in_center"
448890.4928	0.001999999978579581	states																																	"   state_name
id           
5      go_cue"
448890.4948	2.7466000000131316	states																																	"            state_name
id                    
6   wait_for_side_poke"
448893.2414	0.35379999998258427	states																																	"         state_name
id                 
4   announce_reward"
448893.5952	0.08540000003995374	states																																	"   state_name
id           
8      reward"
448893.6806	0.00010000000474974513	states																																	"    state_name
id            
7   stop_sound"
448893.8651	9.501900000032037	trials	1.0	2.0	20.0	1.0697867126168044	0.0	0.15	True	3235.0	False	False	18645.0	False	Low	True	False	0.025	0.0	7.4411761629264825	1.5	9.0													
448893.8651	9.501900000032037	processed_trials			20.0	1.0697867126168044					False				Low					7.4411761629264825		9.0	40.0	40.0	True	False	False	7.4412	7.4412	36.42602759261345	0.8076	-0.28202683637806397	Left	0.4516	
448893.8651	0.8076000000000931	states																																	"       state_name
id               
3   wait_for_poke"
448894.6727	1.0697999999974854	states																																	"        state_name
id                
1   nose_in_center"
448895.7425	0.001999999978579581	states																																	"   state_name
id           
5      go_cue"
448895.7445	7.441200000001118	states																																	"            state_name
id                    
6   wait_for_side_poke"
448903.1857	0.03230000002076849	states																																	"         state_name
id                 
4   announce_reward"
448903.218	0.14890000002924353	states																																	"   state_name
id           
8      reward"
448903.3669	9.999994654208422e-05	states																																	"    state_name
id            
7   stop_sound"
448903.558	10.665999999968335	trials	1.0	2.0	5.0	0.8175276963138736	0.0	0.15	True	3255.0	True	False	18646.0	False	Low	True	False	0.025	0.0	7.4411762	1.5	9.0													
448903.558	10.665999999968335	processed_trials			5.0	0.8175276963138736					False				Low					7.4411762		9.0	40.0	40.0	False	False	False	7.4412	7.4412	36.42602759261345	2.4053	-0.1467688736410754	Right	0.43020000000000014	
448903.558	2.4052999999839813	states																																	"       state_name
id               
3   wait_for_poke"
448905.9633	0.8175000000046566	states																																	"        state_name
id                
1   nose_in_center"
448906.7808	0.0020000000367872417	states																																	"   state_name
id           
5      go_cue"
448906.78280000004	7.441200000001118	states																																	"            state_name
id                    
6   wait_for_side_poke"
448914.4109	3.8708999999798834	trials	1.0	2.0	5.0	0.9110006039137409	0.0	0.15	True	3255.0	True	False	18647.0	False	Low	True	False	0.025	0.0	100.0	1.5	9.0													
448914.4109	3.8708999999798834	processed_trials			5.0	0.9110006039137409					True				Low					100.0		9.0	40.0	40.0	False	True	False			36.42602759261345	1.4549	-0.22722776316053078	Left	1.4549	
448914.4109	1.4549000000115484	states																																	"       state_name
id               
3   wait_for_poke"
448915.8658	0.41599999996833503	states																																	"        state_name
id                
1   nose_in_center"
448916.2818	2.0	states																																	"          state_name
id                  
2   punish_violation"
448918.4721	111.25909999996657	trials	1.0	2.0	5.0	0.9583796704922942	0.0	0.15	True	3255.0	False	False	18648.0	False	Low	True	True	0.025	0.0	0.6949049658431985	1.5	9.0													
448918.4721	111.25909999996657	processed_trials			5.0	0.9583796704922942					False				Low					0.6949049658431985		9.0	40.0	40.0	False	True	False			36.42602759261345	109.1567	8.890582871568512	Right	109.1567	
448918.4721	109.15669999999227	states																																	"       state_name
id               
3   wait_for_poke"
449027.6288	0.10240000003250316	states																																	"        state_name
id                
1   nose_in_center"
449027.73120000004	2.0	states																																	"          state_name
id                  
2   punish_violation"
449029.9236	10.414000000047963	trials	1.0	2.0	5.0	0.8367895387438722	0.0	0.15	True	3255.0	False	False	18649.0	False	Low	True	True	0.025	0.0	7.854998094869221	1.5	9.0													
449029.9236	10.414000000047963	processed_trials			5.0	0.8367895387438722					False				Low					7.854998094869221		9.0	40.0	40.0	True	False	False	7.855	7.855	36.42602759261345	0.9447000000000001	-0.2704202352068546	Left	0.9447000000000001	
449029.9236	0.9446999999927357	states																																	"       state_name
id               
3   wait_for_poke"
449030.8683	0.8367999999900348	states																																	"        state_name
id                
1   nose_in_center"
449031.70509999996	0.0020000000367872417	states																																	"   state_name
id           
5      go_cue"
449031.7071	7.8549999999813735	states																																	"            state_name
id                    
6   wait_for_side_poke"
449039.5621	0.7214999999850988	states																																	"         state_name
id                 
4   announce_reward"
449040.28359999997	0.053899999998975545	states																																	"   state_name
id           
8      reward"
449040.33749999997	0.00010000000474974513	states																																	"    state_name
id            
7   stop_sound"
449040.5315	2.882400000002235	trials	1.0	2.0	10.0	1.0305449995256293	0.0	0.15	True	3260.0	False	False	18650.0	False	Low	True	False	0.025	0.0	2.4965979965726253	1.5	9.0													
449040.5315	2.882400000002235	processed_trials			10.0	1.0305449995256293					False				Low					2.4965979965726253		9.0	40.0	40.0	False	True	False			36.42602759261345	0.7357	-0.2881137410039571	Left	0.35750000000000004	
449040.5315	0.7357000000192784	states																																	"       state_name
id               
3   wait_for_poke"
449041.2672	0.1466999999829568	states																																	"        state_name
id                
1   nose_in_center"
449041.4139	2.0	states																																	"          state_name
id                  
2   punish_violation"
449043.6105	2.8637999999918975	trials	1.0	2.0	10.0	0.991648907601661	0.0	0.15	True	3260.0	False	False	18651.0	False	Low	True	True	0.025	0.0	0.80785286053126	1.5	9.0													
449043.6105	2.8637999999918975	processed_trials			10.0	0.991648907601661					False				Low					0.80785286053126		9.0	40.0	40.0	True	False	False	0.8078999999999998	0.8078999999999998	36.42602759261345	0.972	-0.2681090739233097	Left	0.972	
449043.6105	0.9720000000088476	states																																	"       state_name
id               
3   wait_for_poke"
449044.5825	0.991600000008475	states																																	"        state_name
id                
1   nose_in_center"
449045.5741	0.001999999978579581	states																																	"   state_name
id           
5      go_cue"
449045.5761	0.8079000000143424	states																																	"            state_name
id                    
6   wait_for_side_poke"
449046.384	0.004799999995157123	states																																	"         state_name
id                 
4   announce_reward"
449046.3888	0.08539999998174608	states																																	"   state_name
id           
8      reward"
449046.4742	0.00010000000474974513	states																																	"    state_name
id            
7   stop_sound"
449046.6686	3.913300000014715	trials	1.0	2.0	20.0	0.9200384939552035	0.0	0.15	True	3270.0	False	False	18652.0	False	Low	True	False	0.025	0.0	0.8092790740059499	1.5	9.0													
449046.6686	3.913300000014715	processed_trials			20.0	0.9200384939552035					False				Low					0.8092790740059499		9.0	40.0	40.0	False	True	False			36.42602759261345	1.8873	-0.19062167748269782	Right	0.3607	
449046.6686	1.887300000002142	states																																	"       state_name
id               
3   wait_for_poke"
449048.5559	0.026000000012572855	states																																	"        state_name
id                
1   nose_in_center"
449048.5819	2.0	states																																	"          state_name
id                  
2   punish_violation"
449050.7746	9.29869999998482	trials	1.0	2.0	20.0	0.92003849	0.0	0.15	True	3270.0	False	False	18653.0	False	Low	True	True	0.025	0.0	1.2588265083172452	1.5	9.0													
449050.7746	9.29869999998482	processed_trials			20.0	0.92003849					False				Low					1.2588265083172452		9.0	40.0	40.0	True	False	False	1.2588	1.2588	36.42602759261345	6.9556000000000004	0.23845007099316065	Left	6.9556000000000004	
449050.7746	6.955599999986589	states																																	"       state_name
id               
3   wait_for_poke"
449057.7302	0.9200000000419095	states																																	"        state_name
id                
1   nose_in_center"
449058.65020000003	0.001999999978579581	states																																	"   state_name
id           
5      go_cue"
449058.6522	1.258800000010524	states																																	"            state_name
id                    
6   wait_for_side_poke"
449059.911	0.013299999991431832	states																																	"         state_name
id                 
4   announce_reward"
449059.9243	0.14889999997103587	states																																	"   state_name
id           
8      reward"
449060.0732	0.00010000000474974513	states																																	"    state_name
id            
7   stop_sound"
449060.2708	7.028500000014901	trials	1.0	2.0	20.0	1.1738254514448898	0.0	0.15	True	3290.0	False	False	18654.0	False	Low	True	False	0.025	0.0	1.5544058909339604	1.5	9.0													
449060.2708	7.028500000014901	processed_trials			20.0	1.1738254514448898					False				Low					1.5544058909339604		9.0	40.0	40.0	True	False	False	1.5544000000000011	1.5544000000000011	36.42602759261345	4.0554	-0.007074835766440177	Right	2.3451999999999997	
449060.2708	4.055400000012014	states																																	"       state_name
id               
3   wait_for_poke"
449064.3262	1.1737999999895692	states																																	"        state_name
id                
1   nose_in_center"
449065.5	0.001999999978579581	states																																	"   state_name
id           
5      go_cue"
449065.502	1.5544000000227243	states																																	"            state_name
id                    
6   wait_for_side_poke"
449067.0564	0.0841999999829568	states																																	"         state_name
id                 
4   announce_reward"
449067.1406	0.15860000002430752	states																																	"   state_name
id           
8      reward"
449067.2992	0.00010000000474974513	states																																	"    state_name
id            
7   stop_sound"
449067.4907	6.381399999954738	trials	1.0	2.0	5.0	0.9936042881643903	0.0	0.15	True	3310.0	False	False	18655.0	False	Low	True	False	0.025	0.0	0.33620028812379854	1.5	9.0													
449067.4907	6.381399999954738	processed_trials			5.0	0.9936042881643903					False				Low					0.33620028812379854		9.0	40.0	40.0	False	True	False			36.42602759261345	4.1611	0.0018735066390801116	Left	2.9322	
449067.4907	4.161100000026636	states																																	"       state_name
id               
3   wait_for_poke"
449071.65180000005	0.22029999998630956	states																																	"        state_name
id                
1   nose_in_center"
449071.87210000004	2.0	states																																	"          state_name
id                  
2   punish_violation"
449074.0715	26.23660000000382	trials	1.0	2.0	5.0	1.107563874982907	0.0	0.15	True	3310.0	True	False	18656.0	False	Low	True	True	0.025	0.0	100.0	1.5	9.0													
449074.0715	26.23660000000382	processed_trials			5.0	1.107563874982907					True				Low					100.0		9.0	40.0	40.0	False	False	True	12.5172	12.5172	36.42602759261345	12.4097	0.7001828459595555	Left	12.4097	
449074.0715	12.409700000018347	states																																	"       state_name
id               
3   wait_for_poke"
449086.48120000004	1.1075999999884516	states																																	"        state_name
id                
1   nose_in_center"
449087.5888	0.001999999978579581	states																																	"   state_name
id           
5      go_cue"
449087.5908	12.517200000002049	states																																	"            state_name
id                    
6   wait_for_side_poke"
449100.108	0.20000000001164153	states																																	"   state_name
id           
0     opt_out"
449100.308	0.00010000000474974513	states																																	"    state_name
id            
7   stop_sound"
449100.5075	9.60989999998128	trials	1.0	2.0	5.0	0.8747106864246581	0.0	0.15	True	3310.0	False	False	18657.0	False	Low	True	False	0.025	0.0	7.628149527038825	1.5	9.0													
449100.5075	9.60989999998128	processed_trials			5.0	0.8747106864246581					False				Low					7.628149527038825		9.0	40.0	40.0	True	False	False	7.628100000000001	7.628100000000001	36.42602759261345	0.24630000000000002	-0.32954532826281807	Right	0.24630000000000002	
449100.5075	0.2462999999988824	states																																	"       state_name
id               
3   wait_for_poke"
449100.7538	0.8746999999857508	states																																	"        state_name
id                
1   nose_in_center"
449101.6285	0.0020000000367872417	states																																	"   state_name
id           
5      go_cue"
449101.6305	7.628099999972619	states																																	"            state_name
id                    
6   wait_for_side_poke"
449109.2586	0.8003000000026077	states																																	"         state_name
id                 
4   announce_reward"
449110.0589	0.05839999997988343	states																																	"   state_name
id           
8      reward"
449110.1173	0.00010000000474974513	states																																	"    state_name
id            
7   stop_sound"
449110.3163	2.9552999999723397	trials	1.0	2.0	10.0	1.086908368235855	0.0	0.15	True	3315.0	True	False	18658.0	False	Low	True	False	0.025	0.0	100.0	1.5	9.0													
449110.3163	2.9552999999723397	processed_trials			10.0	1.086908368235855					True				Low					100.0		9.0	40.0	40.0	False	True	False			36.42602759261345	0.8905	-0.2750086946049549	Left	0.6942999999999999	
449110.3163	0.8904999999795109	states																																	"       state_name
id               
3   wait_for_poke"
449111.2068	0.06479999999282882	states																																	"        state_name
id                
1   nose_in_center"
449111.2716	2.0	states																																	"          state_name
id                  
2   punish_violation"
449113.4697	45.03519999998389	trials	1.0	2.0	10.0	1.168987241484511	0.0	0.15	True	3315.0	True	False	18659.0	False	Low	True	True	0.025	0.0	100.0	1.5	9.0													
449113.4697	45.03519999998389	processed_trials			10.0	1.168987241484511					True				Low					100.0		9.0	40.0	40.0	False	True	False			36.42602759261345	42.072	3.2113315397652604	Left	42.072	
449113.4697	42.071999999985565	states																																	"       state_name
id               
3   wait_for_poke"
449155.5417	0.9631999999983236	states																																	"        state_name
id                
1   nose_in_center"
449156.5049	2.0	states																																	"          state_name
id                  
2   punish_violation"
449158.703	10.76579999999376	trials	1.0	2.0	10.0	1.1689872	0.0	0.15	True	3315.0	False	False	18660.0	False	Low	True	True	0.025	0.0	3.0306220661105603	1.5	9.0													
449158.703	10.76579999999376	processed_trials			10.0	1.1689872					False				Low					3.0306220661105603		9.0	40.0	40.0	True	False	False	3.0305999999999997	3.0305999999999997	36.42602759261345	6.22	0.17617570322115786	Left	6.22	
449158.703	6.21999999997206	states																																	"       state_name
id               
3   wait_for_poke"
449164.92299999995	1.1690000000526197	states																																	"        state_name
id                
1   nose_in_center"
449166.092	0.001999999978579581	states																																	"   state_name
id           
5      go_cue"
449166.094	3.0305999999982305	states																																	"            state_name
id                    
6   wait_for_side_poke"
449169.1246	0.2587000000057742	states																																	"         state_name
id                 
4   announce_reward"
449169.3833	0.08539999998174608	states																																	"   state_name
id           
8      reward"
449169.46869999997	0.00010000000474974513	states																																	"    state_name
id            
7   stop_sound"
449169.6707	10.62510000000475	trials	1.0	2.0	10.0	1.1337013386240031	0.0	0.15	True	3325.0	True	False	18661.0	False	Low	True	False	0.025	0.0	100.0	1.5	9.0													
449169.6707	10.62510000000475	processed_trials			10.0	1.1337013386240031					True				Low					100.0		9.0	40.0	40.0	False	False	True	7.6202000000000005	7.6202000000000005	36.42602759261345	1.6690999999999998	-0.20909403616656266	Left	0.6433999999999997	
449169.6707	1.6690999999991618	states																																	"       state_name
id               
3   wait_for_poke"
449171.3398	1.1337000000057742	states																																	"        state_name
id                
1   nose_in_center"
449172.4735	0.001999999978579581	states																																	"   state_name
id           
5      go_cue"
449172.4755	7.620200000004843	states																																	"            state_name
id                    
6   wait_for_side_poke"
449180.0957	0.20000000001164153	states																																	"   state_name
id           
0     opt_out"
449180.2957	0.00010000000474974513	states																																	"    state_name
id            
7   stop_sound"
449180.4942	4.474599999957718	trials	1.0	2.0	5.0	1.060113751079439	0.0	0.15	True	3325.0	False	False	18662.0	False	Low	True	False	0.025	0.0	2.4850157439396	1.5	9.0													
449180.4942	4.474599999957718	processed_trials			5.0	1.060113751079439					False				Low					2.4850157439396		9.0	40.0	40.0	True	False	False	2.4850000000000003	2.4850000000000003	36.42602759261345	0.35869999999999996	-0.32002977777672087	Right	0.35869999999999996	
449180.4942	0.35869999998249114	states																																	"       state_name
id               
3   wait_for_poke"
449180.8529	1.0601000000024214	states																																	"        state_name
id                
1   nose_in_center"
449181.913	0.0020000000367872417	states																																	"   state_name
id           
5      go_cue"
449181.91500000004	2.48499999998603	states																																	"            state_name
id                    
6   wait_for_side_poke"
449184.4	0.5102999999653548	states																																	"         state_name
id                 
4   announce_reward"
449184.9103	0.05840000003809109	states																																	"   state_name
id           
8      reward"
449184.9687	0.00010000000474974513	states																																	"    state_name
id            
7   stop_sound"
449185.1703	23.663799999980256	trials	1.0	2.0	10.0	1.0673749008686668	0.0	0.15	True	3330.0	False	False	18663.0	False	Low	True	False	0.025	0.0	0.4653047199833853	1.5	9.0													
449185.1703	23.663799999980256	processed_trials			10.0	1.0673749008686668					False				Low					0.4653047199833853		9.0	40.0	40.0	True	False	False	0.46529999999999916	0.46529999999999916	36.42602759261345	21.670900000000003	1.4842167975773801	Right	21.474200000000003	
449185.1703	21.67090000002645	states																																	"       state_name
id               
3   wait_for_poke"
449206.8412	1.0673999999999069	states																																	"        state_name
id                
1   nose_in_center"
449207.9086	0.001999999978579581	states																																	"   state_name
id           
5      go_cue"
449207.9106	0.46529999998165295	states																																	"            state_name
id                    
6   wait_for_side_poke"
449208.3759	0.36639999999897555	states																																	"         state_name
id                 
4   announce_reward"
449208.7423	0.09169999998994172	states																																	"   state_name
id           
8      reward"
449208.834	0.00010000000474974513	states																																	"    state_name
id            
7   stop_sound"
449209.0368	14.041499999992084	trials	1.0	2.0	20.0	0.9929780077952561	0.0	0.15	True	3340.0	True	False	18664.0	False	Low	True	False	0.025	0.0	100.0	1.5	9.0													
449209.0368	14.041499999992084	processed_trials			20.0	0.9929780077952561					True				Low					100.0		9.0	40.0	40.0	False	False	True	11.6055	11.6055	36.42602759261345	1.2409000000000001	-0.24534455857000417	Left	1.0781	
449209.0368	1.2408999999752268	states																																	"       state_name
id               
3   wait_for_poke"
449210.2777	0.9930000000167638	states																																	"        state_name
id                
1   nose_in_center"
449211.2707	0.0020000000367872417	states																																	"   state_name
id           
5      go_cue"
449211.27270000003	11.605499999946915	states																																	"            state_name
id                    
6   wait_for_side_poke"
449222.8782	0.20000000001164153	states																																	"   state_name
id           
0     opt_out"
449223.0782	0.00010000000474974513	states																																	"    state_name
id            
7   stop_sound"
449223.2861	6.648099999991246	trials	1.0	2.0	10.0	0.8033685320903265	0.0	0.15	True	3340.0	False	False	18665.0	False	Low	True	False	0.025	0.0	5.512426796793873	1.5	9.0													
449223.2861	6.648099999991246	processed_trials			10.0	0.8033685320903265					False				Low					5.512426796793873		9.0	40.0	40.0	True	False	False	5.5123999999999995	5.5123999999999995	36.42602759261345	0.19290000000000002	-0.334066061322939	Right	0.19290000000000002	
449223.2861	0.1929000000236556	states																																	"       state_name
id               
3   wait_for_poke"
449223.47900000005	0.8033999999752268	states																																	"        state_name
id                
1   nose_in_center"
449224.2824	0.001999999978579581	states																																	"   state_name
id           
5      go_cue"
449224.2844	5.512400000006892	states																																	"            state_name
id                    
6   wait_for_side_poke"
449229.7968	0.045600000012200326	states																																	"         state_name
id                 
4   announce_reward"
449229.8424	0.09169999998994172	states																																	"   state_name
id           
8      reward"
449229.9341	0.00010000000474974513	states																																	"    state_name
id            
7   stop_sound"
449230.1363	4.120699999970384	trials	1.0	2.0	20.0	1.034909055955531	0.0	0.15	True	3350.0	False	False	18666.0	False	Low	True	False	0.025	0.0	7.971222581669293	1.5	9.0													
449230.1363	4.120699999970384	processed_trials			20.0	1.034909055955531					False				Low					7.971222581669293		9.0	40.0	40.0	False	True	False			36.42602759261345	2.0770999999999997	-0.1745536037970995	Left	0.7298999999999998	
449230.1363	2.077099999994971	states																																	"       state_name
id               
3   wait_for_poke"
449232.2134	0.043600000033620745	states																																	"        state_name
id                
1   nose_in_center"
449232.25700000004	2.0	states																																	"          state_name
id                  
2   punish_violation"
449234.4597	2.213899999973364	trials	1.0	2.0	20.0	1.0349091	0.0	0.15	True	3350.0	False	False	18667.0	False	Low	True	True	0.025	0.0	1.172965510458537	1.5	9.0													
449234.4597	2.213899999973364	processed_trials			20.0	1.0349091					False				Low					1.172965510458537		9.0	40.0	40.0	False	True	False			36.42602759261345	0.0688	-0.344572109501984	Right	0.0688	
449234.4597	0.06880000000819564	states																																	"       state_name
id               
3   wait_for_poke"
449234.5285	0.14509999996516854	states																																	"        state_name
id                
1   nose_in_center"
449234.6736	2.0	states																																	"          state_name
id                  
2   punish_violation"
449236.8791	2.12599999998929	trials	1.0	2.0	20.0	0.8744860070381153	0.0	0.15	True	3350.0	False	False	18668.0	False	Low	True	True	0.025	0.0	0.8801501698856613	1.5	9.0													
449236.8791	2.12599999998929	processed_trials			20.0	0.8744860070381153					False				Low					0.8801501698856613		9.0	40.0	40.0	False	True	False			36.42602759261345	0.0881	-0.34293821159823246	Left	0.0881	
449236.8791	0.08809999999357387	states																																	"       state_name
id               
3   wait_for_poke"
449236.9672	0.037899999995715916	states																																	"        state_name
id                
1   nose_in_center"
449237.0051	2.0	states																																	"          state_name
id                  
2   punish_violation"
449239.2128	2.9429000000236556	trials	1.0	2.0	20.0	0.8128800425599227	0.0	0.15	True	3350.0	False	False	18669.0	False	Low	True	True	0.025	0.0	1.491557267937611	1.5	9.0													
449239.2128	2.9429000000236556	processed_trials			20.0	0.8128800425599227					False				Low					1.491557267937611		9.0	40.0	40.0	True	False	False	1.4915999999999996	1.4915999999999996	36.42602759261345	0.3205	-0.32326371041523433	Left	0.3205	
449239.2128	0.320499999972526	states																																	"       state_name
id               
3   wait_for_poke"
449239.53329999995	0.812900000018999	states																																	"        state_name
id                
1   nose_in_center"
449240.34619999997	0.0020000000367872417	states																																	"   state_name
id           
5      go_cue"
449240.3482	1.4915999999502674	states																																	"            state_name
id                    
6   wait_for_side_poke"
449241.83979999996	0.16690000001108274	states																																	"         state_name
id                 
4   announce_reward"
449242.00669999997	0.14890000002924353	states																																	"   state_name
id           
8      reward"
449242.1556	0.00010000000474974513	states																																	"    state_name
id            
7   stop_sound"
449242.3613	4.482499999983702	trials	1.0	2.0	10.0	0.975592433139938	0.0	0.15	True	3370.0	False	False	18670.0	False	Low	True	False	0.025	0.0	1.782943686229113	1.5	9.0													
449242.3613	4.482499999983702	processed_trials			10.0	0.975592433139938					False				Low					1.782943686229113		9.0	40.0	40.0	True	False	False	1.7828999999999997	1.7828999999999997	36.42602759261345	1.6112	-0.21399572987781734	Right	0.5649	
449242.3613	1.6111999999848194	states																																	"       state_name
id               
3   wait_for_poke"
449243.9725	0.9756000000052154	states																																	"        state_name
id                
1   nose_in_center"
449244.9481	0.0020000000367872417	states																																	"   state_name
id           
5      go_cue"
449244.9501	1.7828999999910593	states																																	"            state_name
id                    
6   wait_for_side_poke"
449246.733	0.018999999971129	states																																	"         state_name
id                 
4   announce_reward"
449246.752	0.09169999998994172	states																																	"   state_name
id           
8      reward"
449246.84369999997	0.00010000000474974513	states																																	"    state_name
id            
7   stop_sound"
449247.0507	4.401599999982864	trials	1.0	2.0	20.0	0.9098641279235796	0.0	0.15	True	3380.0	False	False	18671.0	False	Low	True	False	0.025	0.0	1.7498302412757	1.5	9.0													
449247.0507	4.401599999982864	processed_trials			20.0	0.9098641279235796					False				Low					1.7498302412757		9.0	40.0	40.0	True	False	False	1.7497999999999996	1.7497999999999996	36.42602759261345	1.4245	-0.2298013640037457	Right	0.5648000000000001	
449247.0507	1.4245000000228174	states																																	"       state_name
id               
3   wait_for_poke"
449248.47520000004	0.9098999999696389	states																																	"        state_name
id                
1   nose_in_center"
449249.3851	0.001999999978579581	states																																	"   state_name
id           
5      go_cue"
449249.3871	1.7498000000487082	states																																	"            state_name
id                    
6   wait_for_side_poke"
449251.13690000004	0.15669999999227002	states																																	"         state_name
id                 
4   announce_reward"
449251.29360000003	0.15859999996609986	states																																	"   state_name
id           
8      reward"
449251.4522	0.00010000000474974513	states																																	"    state_name
id            
7   stop_sound"
449251.6613	12.962500000023283	trials	1.0	2.0	10.0	0.891890855944336	0.0	0.15	True	3400.0	False	False	18672.0	False	Low	True	False	0.025	0.0	9.26218340652431	1.5	9.0													
449251.6613	12.962500000023283	processed_trials			10.0	0.891890855944336					False				Low					9.26218340652431		9.0	40.0	40.0	True	False	False	9.2622	9.2622	36.42602759261345	2.185	-0.16541901396213604	Right	0.9260000000000002	
449251.6613	2.1849999999976717	states																																	"       state_name
id               
3   wait_for_poke"
449253.8463	0.8918999999877997	states																																	"        state_name
id                
1   nose_in_center"
449254.73819999996	0.0020000000367872417	states																																	"   state_name
id           
5      go_cue"
449254.7402	9.262199999997392	states																																	"            state_name
id                    
6   wait_for_side_poke"
449264.0024	0.5296000000089407	states																																	"         state_name
id                 
4   announce_reward"
449264.532	0.09169999998994172	states																																	"   state_name
id           
8      reward"
449264.6237	0.00010000000474974513	states																																	"    state_name
id            
7   stop_sound"
449264.8345	3.1771000000298955	trials	1.0	2.0	5.0	0.8756710183790463	0.0	0.15	True	3410.0	False	False	18673.0	False	Low	True	False	0.025	0.0	1.1270775180754045	1.5	9.0													
449264.8345	3.1771000000298955	processed_trials			5.0	0.8756710183790463					False				Low					1.1270775180754045		9.0	40.0	40.0	True	False	False	1.1271	1.1271	36.42602759261345	1.0717999999999999	-0.2596602132603871	Left	0.9085999999999999	
449264.8345	1.071799999976065	states																																	"       state_name
id               
3   wait_for_poke"
449265.9063	0.8757000000332482	states																																	"        state_name
id                
1   nose_in_center"
449266.782	0.001999999978579581	states																																	"   state_name
id           
5      go_cue"
449266.784	1.1270999999833293	states																																	"            state_name
id                    
6   wait_for_side_poke"
449267.91109999997	0.04650000005494803	states																																	"         state_name
id                 
4   announce_reward"
449267.9576	0.053899999998975545	states																																	"   state_name
id           
8      reward"
449268.0115	9.999994654208422e-05	states																																	"    state_name
id            
7   stop_sound"
449268.2162	3.398799999966286	trials	1.0	2.0	20.0	0.9654524826001656	0.0	0.15	True	3415.0	False	False	18674.0	False	Low	True	False	0.025	0.0	1.3747677024380947	1.5	9.0													
449268.2162	3.398799999966286	processed_trials			20.0	0.9654524826001656					False				Low					1.3747677024380947		9.0	40.0	40.0	True	False	False	1.3748	1.3748	36.42602759261345	0.885	-0.27547431317856286	Right	0.6573	
449268.2162	0.8850000000093132	states																																	"       state_name
id               
3   wait_for_poke"
449269.10120000003	0.9654999999911524	states																																	"        state_name
id                
1   nose_in_center"
449270.0667	0.001999999978579581	states																																	"   state_name
id           
5      go_cue"
449270.0687	1.3748000000487082	states																																	"            state_name
id                    
6   wait_for_side_poke"
449271.44350000005	0.012799999967683107	states																																	"         state_name
id                 
4   announce_reward"
449271.4563	0.15860000002430752	states																																	"   state_name
id           
8      reward"
449271.61490000004	0.00010000000474974513	states																																	"    state_name
id            
7   stop_sound"
449271.8277	7.03259999997681	trials	1.0	2.0	10.0	1.1632599717620657	0.0	0.15	True	3435.0	False	False	18675.0	False	Low	True	False	0.025	0.0	3.6224182593732386	1.5	9.0													
449271.8277	7.03259999997681	processed_trials			10.0	1.1632599717620657					False				Low					3.6224182593732386		9.0	40.0	40.0	True	False	False	3.6224000000000007	3.6224000000000007	36.42602759261345	1.8454000000000002	-0.1941688444343657	Right	1.1849000000000003	
449271.8277	1.8453999999910593	states																																	"       state_name
id               
3   wait_for_poke"
449273.6731	1.163300000014715	states																																	"        state_name
id                
1   nose_in_center"
449274.83640000003	0.001999999978579581	states																																	"   state_name
id           
5      go_cue"
449274.8384	3.622399999992922	states																																	"            state_name
id                    
6   wait_for_side_poke"
449278.4608	0.3077000000048429	states																																	"         state_name
id                 
4   announce_reward"
449278.7685	0.09169999998994172	states																																	"   state_name
id           
8      reward"
449278.8602	0.00010000000474974513	states																																	"    state_name
id            
7   stop_sound"
449279.0714	3.5813999999663793	trials	1.0	2.0	5.0	0.9122760542235334	0.0	0.15	True	3445.0	False	False	18676.0	False	Low	True	False	0.025	0.0	3.6224183	1.5	9.0													
449279.0714	3.5813999999663793	processed_trials			5.0	0.9122760542235334					False				Low					3.6224183		9.0	40.0	40.0	False	False	True	0.9327999999999999	0.9327999999999999	36.42602759261345	1.5342	-0.22051438990832878	Left	0.9549000000000001	
449279.0714	1.5341999999945983	states																																	"       state_name
id               
3   wait_for_poke"
449280.6056	0.9123000000254251	states																																	"        state_name
id                
1   nose_in_center"
449281.51790000004	0.001999999978579581	states																																	"   state_name
id           
5      go_cue"
449281.5199	0.9328000000095926	states																																	"            state_name
id                    
6   wait_for_side_poke"
449282.4527	0.20000000001164153	states																																	"   state_name
id           
0     opt_out"
449282.65270000004	0.00010000000474974513	states																																	"    state_name
id            
7   stop_sound"
449282.869	3.7580999999772757	trials	1.0	2.0	10.0	1.0838321474377355	0.0	0.15	True	3445.0	False	False	18677.0	False	Low	True	False	0.025	0.0	4.434425095113118	1.5	9.0													
449282.869	3.7580999999772757	processed_trials			10.0	1.0838321474377355					False				Low					4.434425095113118		9.0	40.0	40.0	False	True	False			36.42602759261345	1.4054	-0.23141833032300244	Right	1.4054	
449282.869	1.405399999988731	states																																	"       state_name
id               
3   wait_for_poke"
449284.2744	0.35269999998854473	states																																	"        state_name
id                
1   nose_in_center"
449284.6271	2.0	states																																	"          state_name
id                  
2   punish_violation"
449286.8391	2.208600000012666	trials	1.0	2.0	10.0	0.9605186927386125	0.0	0.15	True	3445.0	False	False	18678.0	False	Low	True	True	0.025	0.0	1.727984321473319	1.5	9.0													
449286.8391	2.208600000012666	processed_trials			10.0	0.9605186927386125					False				Low					1.727984321473319		9.0	40.0	40.0	False	True	False			36.42602759261345	0.087	-0.3430313353129541	Right	0.087	
449286.8391	0.08699999999953434	states																																	"       state_name
id               
3   wait_for_poke"
449286.9261	0.12160000001313165	states																																	"        state_name
id                
1   nose_in_center"
449287.0477	2.0	states																																	"          state_name
id                  
2   punish_violation"
449289.2637	4.90570000000298	trials	1.0	2.0	10.0	0.9302153161071057	0.0	0.15	True	3445.0	False	False	18679.0	False	Low	True	True	0.025	0.0	3.3306329448225465	1.5	9.0													
449289.2637	4.90570000000298	processed_trials			10.0	0.9302153161071057					False				Low					3.3306329448225465		9.0	40.0	40.0	True	False	False	3.3305999999999996	3.3305999999999996	36.42602759261345	0.5129	-0.30697552613120316	Left	0.5129	
449289.2637	0.5128999999724329	states																																	"       state_name
id               
3   wait_for_poke"
449289.7766	0.9302000000025146	states																																	"        state_name
id                
1   nose_in_center"
449290.7068	0.0020000000367872417	states																																	"   state_name
id           
5      go_cue"
449290.7088	3.330599999986589	states																																	"            state_name
id                    
6   wait_for_side_poke"
449294.0394	0.04450000001816079	states																																	"         state_name
id                 
4   announce_reward"
449294.0839	0.08539999998174608	states																																	"   state_name
id           
8      reward"
449294.1693	0.00010000000474974513	states																																	"    state_name
id            
7   stop_sound"
449294.3892	3.9024000000208616	trials	1.0	2.0	20.0	0.9808616908689127	0.0	0.15	True	3455.0	False	False	18680.0	False	Low	True	False	0.025	0.0	0.35746599204268176	1.5	9.0													
449294.3892	3.9024000000208616	processed_trials			20.0	0.9808616908689127					False				Low					0.35746599204268176		9.0	40.0	40.0	True	False	False	0.35749999999999993	0.35749999999999993	36.42602759261345	2.106	-0.17210698983759584	Left	0.9511999999999998	
449294.3892	2.106000000028871	states																																	"       state_name
id               
3   wait_for_poke"
449296.4952	0.9808999999659136	states																																	"        state_name
id                
1   nose_in_center"
449297.47609999997	0.001999999978579581	states																																	"   state_name
id           
5      go_cue"
449297.47809999995	0.3575000000419095	states																																	"            state_name
id                    
6   wait_for_side_poke"
449297.8356	0.30699999997159466	states																																	"         state_name
id                 
4   announce_reward"
449298.14259999996	0.14890000002924353	states																																	"   state_name
id           
8      reward"
449298.2915	0.00010000000474974513	states																																	"    state_name
id            
7   stop_sound"
449298.5117	11.45080000004964	trials	1.0	2.0	5.0	0.9298601558395728	0.0	0.15	True	3475.0	False	False	18681.0	False	Low	True	False	0.025	0.0	11.357842988580542	1.5	9.0													
449298.5117	11.45080000004964	processed_trials			5.0	0.9298601558395728					False				Low					11.357842988580542		9.0	40.0	40.0	False	False	True	8.8602	8.8602	36.42602759261345	1.4586	-0.2269145288473764	Left	0.6505999999999998	
449298.5117	1.458600000012666	states																																	"       state_name
id               
3   wait_for_poke"
449299.9703	0.9298999999882653	states																																	"        state_name
id                
1   nose_in_center"
449300.9002	0.001999999978579581	states																																	"   state_name
id           
5      go_cue"
449300.90219999995	8.86019999999553	states																																	"            state_name
id                    
6   wait_for_side_poke"
449309.76239999995	0.20000000001164153	states																																	"   state_name
id           
0     opt_out"
449309.96239999996	0.00010000000474974513	states																																	"    state_name
id            
7   stop_sound"
449310.1829	3.648899999971036	trials	1.0	2.0	5.0	1.113848590321654	0.0	0.15	True	3475.0	False	False	18682.0	False	Low	True	False	0.025	0.0	5.210791047002473	1.5	9.0													
449310.1829	3.648899999971036	processed_trials			5.0	1.113848590321654					False				Low					5.210791047002473		9.0	40.0	40.0	False	True	False			36.42602759261345	0.618	-0.29807797847916745	Left	0.618	
449310.1829	0.6180000000167638	states																																	"       state_name
id               
3   wait_for_poke"
449310.80090000003	1.030899999954272	states																																	"        state_name
id                
1   nose_in_center"
449311.8318	2.0	states																																	"          state_name
id                  
2   punish_violation"
449314.0501	41.32910000003176	trials	1.0	2.0	5.0	1.1978549858216794	0.0	0.15	True	3475.0	False	False	18683.0	False	Low	True	True	0.025	0.0	7.722186969084881	1.5	9.0													
449314.0501	41.32910000003176	processed_trials			5.0	1.1978549858216794					False				Low					7.722186969084881		9.0	40.0	40.0	True	False	False	7.722199999999994	7.722199999999994	36.42602759261345	31.632900000000003	2.327579021265106	Right	31.632900000000003	
449314.0501	31.632900000025984	states																																	"       state_name
id               
3   wait_for_poke"
449345.683	1.1978999999701045	states																																	"        state_name
id                
1   nose_in_center"
449346.8809	0.001999999978579581	states																																	"   state_name
id           
5      go_cue"
449346.88289999997	7.722200000018347	states																																	"            state_name
id                    
6   wait_for_side_poke"
449354.6051	0.7155999999959022	states																																	"         state_name
id                 
4   announce_reward"
449355.3207	0.05840000003809109	states																																	"   state_name
id           
8      reward"
449355.3791	9.999994654208422e-05	states																																	"    state_name
id            
7   stop_sound"
449355.5979	2.792699999990873	trials	1.0	2.0	5.0	0.805733789229282	0.0	0.15	True	3480.0	False	False	18684.0	False	Low	True	False	0.025	0.0	1.7412405059666483	1.5	9.0													
449355.5979	2.792699999990873	processed_trials			5.0	0.805733789229282					False				Low					1.7412405059666483		9.0	40.0	40.0	False	False	True	0.8525	0.8525	36.42602759261345	0.9324	-0.27146152765328696	Left	0.9324	
449355.5979	0.9323999999905936	states																																	"       state_name
id               
3   wait_for_poke"
449356.5303	0.8057000000262633	states																																	"        state_name
id                
1   nose_in_center"
449357.336	0.001999999978579581	states																																	"   state_name
id           
5      go_cue"
449357.338	0.8524999999790452	states																																	"            state_name
id                    
6   wait_for_side_poke"
449358.19049999997	0.20000000001164153	states																																	"   state_name
id           
0     opt_out"
449358.3905	0.00010000000474974513	states																																	"    state_name
id            
7   stop_sound"
449358.6078	11.516300000017509	trials	1.0	2.0	5.0	1.045747996551549	0.0	0.15	True	3480.0	True	False	18685.0	False	Low	True	False	0.025	0.0	100.0	1.5	9.0													
449358.6078	11.516300000017509	processed_trials			5.0	1.045747996551549					True				Low					100.0		9.0	40.0	40.0	False	False	True	9.2582	9.2582	36.42602759261345	1.0103	-0.2648666754925488	Right	1.0103	
449358.6078	1.0103000000235625	states																																	"       state_name
id               
3   wait_for_poke"
449359.6181	1.0456999999587424	states																																	"        state_name
id                
1   nose_in_center"
449360.6638	0.0020000000367872417	states																																	"   state_name
id           
5      go_cue"
449360.6658	9.258199999982025	states																																	"            state_name
id                    
6   wait_for_side_poke"
449369.924	0.20000000001164153	states																																	"   state_name
id           
0     opt_out"
449370.124	0.00010000000474974513	states																																	"    state_name
id            
7   stop_sound"
449370.3479	2.316400000010617	trials	1.0	2.0	5.0	0.866693944988855	0.0	0.15	True	3480.0	True	False	18686.0	False	Low	True	False	0.025	0.0	100.0	1.5	9.0													
449370.3479	2.316400000010617	processed_trials			5.0	0.866693944988855					True				Low					100.0		9.0	40.0	40.0	False	True	False			36.42602759261345	0.048	-0.34633299428944686	Right	0.048	
449370.3479	0.04800000000977889	states																																	"       state_name
id               
3   wait_for_poke"
449370.3959	0.2684000000008382	states																																	"        state_name
id                
1   nose_in_center"
449370.6643	2.0	states																																	"          state_name
id                  
2   punish_violation"
449372.8846	3.510999999998603	trials	1.0	2.0	5.0	0.86669394	0.0	0.15	True	3480.0	False	False	18687.0	False	Low	True	True	0.025	0.0	0.7550605292539886	1.5	9.0													
449372.8846	3.510999999998603	processed_trials			5.0	0.86669394					False				Low					0.7550605292539886		9.0	40.0	40.0	False	True	False			36.42602759261345	1.4334	-0.22904790849372558	Left	1.4334	
449372.8846	1.4333999999798834	states																																	"       state_name
id               
3   wait_for_poke"
449374.31799999997	0.07760000001871958	states																																	"        state_name
id                
1   nose_in_center"
449374.3956	2.0	states																																	"          state_name
id                  
2   punish_violation"
449376.619	6.040199999988545	trials	1.0	2.0	5.0	0.9139102117305361	0.0	0.15	True	3480.0	False	False	18688.0	False	Low	True	True	0.025	0.0	4.233557462801612	1.5	9.0													
449376.619	6.040199999988545	processed_trials			5.0	0.9139102117305361					False				Low					4.233557462801612		9.0	40.0	40.0	True	False	False	4.2336	4.2336	36.42602759261345	0.7499	-0.2869115985048238	Left	0.7499	
449376.619	0.7498999999952503	states																																	"       state_name
id               
3   wait_for_poke"
449377.3689	0.9138999999850057	states																																	"        state_name
id                
1   nose_in_center"
449378.2828	0.0020000000367872417	states																																	"   state_name
id           
5      go_cue"
449378.2848	4.233599999977741	states																																	"            state_name
id                    
6   wait_for_side_poke"
449382.5184	0.08679999999003485	states																																	"         state_name
id                 
4   announce_reward"
449382.6052	0.053899999998975545	states																																	"   state_name
id           
8      reward"
449382.6591	0.00010000000474974513	states																																	"    state_name
id            
7   stop_sound"
449382.8841	2.8875999999581836	trials	1.0	2.0	10.0	1.1554173817008648	0.0	0.15	True	3485.0	False	False	18689.0	False	Low	True	False	0.025	0.0	0.03278924181787052	1.5	9.0													
449382.8841	2.8875999999581836	processed_trials			10.0	1.1554173817008648					False				Low					0.03278924181787052		9.0	40.0	40.0	True	False	False	0.032800000000000384	0.032800000000000384	36.42602759261345	1.1237000000000001	-0.2552664670839774	Left	0.42820000000000014	
449382.8841	1.123699999996461	states																																	"       state_name
id               
3   wait_for_poke"
449384.0078	1.155399999988731	states																																	"        state_name
id                
1   nose_in_center"
449385.1632	0.0020000000367872417	states																																	"   state_name
id           
5      go_cue"
449385.16520000005	0.03279999998630956	states																																	"            state_name
id                    
6   wait_for_side_poke"
449385.19800000003	0.488199999963399	states																																	"         state_name
id                 
4   announce_reward"
449385.6862	0.08540000003995374	states																																	"   state_name
id           
8      reward"
449385.77160000004	0.00010000000474974513	states																																	"    state_name
id            
7   stop_sound"
449385.9954	8.622499999997672	trials	1.0	2.0	5.0	1.1554174	0.0	0.15	True	3495.0	False	False	18690.0	False	Low	True	False	0.025	0.0	5.987141056326502	1.5	9.0													
449385.9954	8.622499999997672	processed_trials			5.0	1.1554174					False				Low					5.987141056326502		9.0	40.0	40.0	True	False	False	5.9871	5.9871	36.42602759261345	0.7098	-0.2903063811960382	Left	0.47319999999999995	
449385.9954	0.7098000000114553	states																																	"       state_name
id               
3   wait_for_poke"
449386.7052	1.155399999988731	states																																	"        state_name
id                
1   nose_in_center"
449387.8606	0.001999999978579581	states																																	"   state_name
id           
5      go_cue"
449387.8626	5.987100000027567	states																																	"            state_name
id                    
6   wait_for_side_poke"
449393.8497	0.7141999999876134	states																																	"         state_name
id                 
4   announce_reward"
449394.5639	0.053899999998975545	states																																	"   state_name
id           
8      reward"
449394.6178	0.00010000000474974513	states																																	"    state_name
id            
7   stop_sound"
449394.839	5.2726000000257045	trials	1.0	2.0	20.0	0.8461077329738149	0.0	0.15	True	3500.0	False	False	18691.0	False	Low	True	False	0.025	0.0	1.5459081302923443	1.5	9.0													
449394.839	5.2726000000257045	processed_trials			20.0	0.8461077329738149					False				Low					1.5459081302923443		9.0	40.0	40.0	False	True	False			36.42602759261345	3.1866	-0.08062563881200292	Right	2.8457	
449394.839	3.18660000001546	states																																	"       state_name
id               
3   wait_for_poke"
449398.0256	0.08600000001024455	states																																	"        state_name
id                
1   nose_in_center"
449398.1116	2.0	states																																	"          state_name
id                  
2   punish_violation"
449400.3363	10.725399999995716	trials	1.0	2.0	20.0	0.9646634826621434	0.0	0.15	True	3500.0	True	False	18692.0	False	Low	True	True	0.025	0.0	100.0	1.5	9.0													
449400.3363	10.725399999995716	processed_trials			20.0	0.9646634826621434					True				Low					100.0		9.0	40.0	40.0	False	False	True	8.7613	8.7613	36.42602759261345	0.7973	-0.28289881297954794	Left	0.7973	
449400.3363	0.7972999999765307	states																																	"       state_name
id               
3   wait_for_poke"
449401.1336	0.9647000000113621	states																																	"        state_name
id                
1   nose_in_center"
449402.0983	0.0020000000367872417	states																																	"   state_name
id           
5      go_cue"
449402.10030000005	8.761299999954645	states																																	"            state_name
id                    
6   wait_for_side_poke"
449410.8616	0.20000000001164153	states																																	"   state_name
id           
0     opt_out"
449411.0616	0.00010000000474974513	states																																	"    state_name
id            
7   stop_sound"
449411.2861	2.1524999999674037	trials	1.0	2.0	10.0	0.9560359047075183	0.0	0.15	True	3500.0	False	False	18693.0	False	Low	True	False	0.025	0.0	0.5124208823832026	1.5	9.0													
449411.2861	2.1524999999674037	processed_trials			10.0	0.9560359047075183					False				Low					0.5124208823832026		9.0	40.0	40.0	True	False	False	0.5124	0.5124	36.42602759261345	0.29569999999999996	-0.32536322689259384	Right	0.29569999999999996	
449411.2861	0.29570000001695007	states																																	"       state_name
id               
3   wait_for_poke"
449411.58180000004	0.9560000000055879	states																																	"        state_name
id                
1   nose_in_center"
449412.53780000005	0.001999999978579581	states																																	"   state_name
id           
5      go_cue"
449412.5398	0.5124000000068918	states																																	"            state_name
id                    
6   wait_for_side_poke"
449413.05220000003	0.2945999999647029	states																																	"         state_name
id                 
4   announce_reward"
449413.3468	0.09170000004814938	states																																	"   state_name
id           
8      reward"
449413.43850000005	0.00010000000474974513	states																																	"    state_name
id            
7   stop_sound"
449413.6662	3.553200000023935	trials	1.0	2.0	5.0	1.1382315263162912	0.0	0.15	True	3510.0	False	False	18694.0	False	Low	True	False	0.025	0.0	0.5421128355948124	1.5	9.0													
449413.6662	3.553200000023935	processed_trials			5.0	1.1382315263162912					False				Low					0.5421128355948124		9.0	40.0	40.0	True	False	False	0.5420999999999996	0.5420999999999996	36.42602759261345	1.4419000000000002	-0.22832831615269505	Right	1.1075000000000002	
449413.6662	1.4418999999761581	states																																	"       state_name
id               
3   wait_for_poke"
449415.10809999995	1.1382000000448897	states																																	"        state_name
id                
1   nose_in_center"
449416.2463	0.001999999978579581	states																																	"   state_name
id           
5      go_cue"
449416.2483	0.5421000000205822	states																																	"            state_name
id                    
6   wait_for_side_poke"
449416.7904	0.37049999996088445	states																																	"         state_name
id                 
4   announce_reward"
449417.16089999996	0.05840000003809109	states																																	"   state_name
id           
8      reward"
449417.2193	0.00010000000474974513	states																																	"    state_name
id            
7   stop_sound"
449417.4476	3.1075999999884516	trials	1.0	2.0	5.0	0.8825969381434965	0.0	0.15	True	3515.0	False	False	18695.0	False	Low	True	False	0.025	0.0	0.21383474997550783	1.5	9.0													
449417.4476	3.1075999999884516	processed_trials			5.0	0.8825969381434965					False				Low					0.21383474997550783		9.0	40.0	40.0	True	False	False	0.2138	0.2138	36.42602759261345	1.3734000000000002	-0.23412738384217602	Left	0.8944000000000002	
449417.4476	1.3733999999822117	states																																	"       state_name
id               
3   wait_for_poke"
449418.821	0.8826000000117347	states																																	"        state_name
id                
1   nose_in_center"
449419.7036	0.001999999978579581	states																																	"   state_name
id           
5      go_cue"
449419.7056	0.2138000000268221	states																																	"            state_name
id                    
6   wait_for_side_poke"
449419.9194	0.5817999999853782	states																																	"         state_name
id                 
4   announce_reward"
449420.5012	0.053899999998975545	states																																	"   state_name
id           
8      reward"
449420.5551	0.00010000000474974513	states																																	"    state_name
id            
7   stop_sound"
449420.7857	2.676999999966938	trials	1.0	2.0	20.0	0.88259694	0.0	0.15	True	3520.0	False	False	18696.0	False	Low	True	False	0.025	0.0	0.04513967845117933	1.5	9.0													
449420.7857	2.676999999966938	processed_trials			20.0	0.88259694					False				Low					0.04513967845117933		9.0	40.0	40.0	False	True	False			36.42602759261345	0.6173	-0.2981372390248993	Right	0.32289999999999996	
449420.7857	0.6172999999835156	states																																	"       state_name
id               
3   wait_for_poke"
449421.403	0.05970000004163012	states																																	"        state_name
id                
1   nose_in_center"
449421.46270000003	2.0	states																																	"          state_name
id                  
2   punish_violation"
449423.69	3.5287000000244007	trials	1.0	2.0	20.0	1.1640205162350474	0.0	0.15	True	3520.0	False	False	18697.0	False	Low	True	True	0.025	0.0	0.6900730623417093	1.5	9.0													
449423.69	3.5287000000244007	processed_trials			20.0	1.1640205162350474					False				Low					0.6900730623417093		9.0	40.0	40.0	True	False	False	0.6901000000000006	0.6901000000000006	36.42602759261345	1.3172000000000001	-0.23888515908522462	Right	1.3172000000000001	
449423.69	1.3171999999904074	states																																	"       state_name
id               
3   wait_for_poke"
449425.0072	1.1639999999897555	states																																	"        state_name
id                
1   nose_in_center"
449426.1712	0.0020000000367872417	states																																	"   state_name
id           
5      go_cue"
449426.1732	0.690100000007078	states																																	"            state_name
id                    
6   wait_for_side_poke"
449426.8633	0.19669999997131526	states																																	"         state_name
id                 
4   announce_reward"
449427.06	0.15860000002430752	states																																	"   state_name
id           
8      reward"
449427.2186	0.00010000000474974513	states																																	"    state_name
id            
7   stop_sound"
449427.4527	4.357799999997951	trials	1.0	2.0	5.0	1.0240539014317491	0.0	0.15	True	3540.0	False	False	18698.0	False	Low	True	False	0.025	0.0	0.8689430449982884	1.5	9.0													
449427.4527	4.357799999997951	processed_trials			5.0	1.0240539014317491					False				Low					0.8689430449982884		9.0	40.0	40.0	True	False	False	0.8689	0.8689	36.42602759261345	2.16	-0.1675354620239904	Left	1.4328	
449427.4527	2.1599999999743886	states																																	"       state_name
id               
3   wait_for_poke"
449429.6127	1.024100000038743	states																																	"        state_name
id                
1   nose_in_center"
449430.63680000004	0.001999999978579581	states																																	"   state_name
id           
5      go_cue"
449430.6388	0.8689000000013039	states																																	"            state_name
id                    
6   wait_for_side_poke"
449431.5077	0.24880000000121072	states																																	"         state_name
id                 
4   announce_reward"
449431.7565	0.053899999998975545	states																																	"   state_name
id           
8      reward"
449431.8104	0.00010000000474974513	states																																	"    state_name
id            
7   stop_sound"
449432.0408	2.715599999995902	trials	1.0	2.0	10.0	0.8074753540083539	0.0	0.15	True	3545.0	False	False	18699.0	False	Low	True	False	0.025	0.0	1.6097194666601367	1.5	9.0													
449432.0408	2.715599999995902	processed_trials			10.0	0.8074753540083539					False				Low					1.6097194666601367		9.0	40.0	40.0	False	True	False			36.42602759261345	0.6941	-0.2916355105788827	Right	0.49540000000000006	
449432.0408	0.6941000000224449	states																																	"       state_name
id               
3   wait_for_poke"
449432.73490000004	0.021499999973457307	states																																	"        state_name
id                
1   nose_in_center"
449432.7564	2.0	states																																	"          state_name
id                  
2   punish_violation"
449434.9896	14.954400000046007	trials	1.0	2.0	10.0	0.8156914909552394	0.0	0.15	True	3545.0	True	False	18700.0	False	Low	True	True	0.025	0.0	100.0	1.5	9.0													
449434.9896	14.954400000046007	processed_trials			10.0	0.8156914909552394					True				Low					100.0		9.0	40.0	40.0	False	False	True	13.485	13.485	36.42602759261345	0.4516	-0.3121650567788701	Right	0.4516	
449434.9896	0.45159999997122213	states																																	"       state_name
id               
3   wait_for_poke"
449435.44119999994	0.8157000000355765	states																																	"        state_name
id                
1   nose_in_center"
449436.2569	0.001999999978579581	states																																	"   state_name
id           
5      go_cue"
449436.25889999996	13.48499999998603	states																																	"            state_name
id                    
6   wait_for_side_poke"
449449.74389999994	0.20000000001164153	states																																	"   state_name
id           
0     opt_out"
449449.94389999995	0.00010000000474974513	states																																	"    state_name
id            
7   stop_sound"
449450.1797	2.0432000000146218	trials	1.0	2.0	20.0	0.8466766264178124	0.0	0.15	True	3545.0	False	False	18701.0	False	Low	True	False	0.025	0.0	0.8509229031974994	1.5	9.0													
449450.1797	2.0432000000146218	processed_trials			20.0	0.8466766264178124					False				Low					0.8509229031974994		9.0	40.0	40.0	True	False	False	0.8508999999999999	0.8508999999999999	36.42602759261345	0.09570000000000001	-0.34229481138742873	Right	0.09570000000000001	
449450.1797	0.09570000000530854	states																																	"       state_name
id               
3   wait_for_poke"
449450.2754	0.8466999999945983	states																																	"        state_name
id                
1   nose_in_center"
449451.1221	0.001999999978579581	states																																	"   state_name
id           
5      go_cue"
449451.12409999996	0.8509000000194646	states																																	"            state_name
id                    
6   wait_for_side_poke"
449451.975	0.08919999998761341	states																																	"         state_name
id                 
4   announce_reward"
449452.06419999996	0.15860000002430752	states																																	"   state_name
id           
8      reward"
449452.2228	0.00010000000474974513	states																																	"    state_name
id            
7   stop_sound"
449452.4562	3.9052999999839813	trials	1.0	2.0	5.0	1.0404233655831072	0.0	0.15	True	3565.0	False	False	18702.0	False	Low	True	False	0.025	0.0	0.5118741126433902	1.5	9.0													
449452.4562	3.9052999999839813	processed_trials			5.0	1.0404233655831072					False				Low					0.5118741126433902		9.0	40.0	40.0	True	False	False	0.5119000000000002	0.5119000000000002	36.42602759261345	2.114	-0.17142972645780244	Left	1.3327	
449452.4562	2.114000000001397	states																																	"       state_name
id               
3   wait_for_poke"
449454.5702	1.0403999999980442	states																																	"        state_name
id                
1   nose_in_center"
449455.6106	0.001999999978579581	states																																	"   state_name
id           
5      go_cue"
449455.6126	0.5119000000413507	states																																	"            state_name
id                    
6   wait_for_side_poke"
449456.12450000003	0.18299999996088445	states																																	"         state_name
id                 
4   announce_reward"
449456.3075	0.053899999998975545	states																																	"   state_name
id           
8      reward"
449456.3614	0.00010000000474974513	states																																	"    state_name
id            
7   stop_sound"
449456.5931	7.803499999979977	trials	1.0	2.0	5.0	0.8125105687654082	0.0	0.15	True	3570.0	False	False	18703.0	False	Low	True	False	0.025	0.0	5.996681261185495	1.5	9.0													
449456.5931	7.803499999979977	processed_trials			5.0	0.8125105687654082					False				Low					5.996681261185495		9.0	40.0	40.0	True	False	False	5.996700000000001	5.996700000000001	36.42602759261345	0.6809	-0.2927529951555419	Left	0.3747999999999999	
449456.5931	0.6808999999775551	states																																	"       state_name
id               
3   wait_for_poke"
449457.274	0.8125	states																																	"        state_name
id                
1   nose_in_center"
449458.0865	0.0020000000367872417	states																																	"   state_name
id           
5      go_cue"
449458.0885	5.996699999959674	states																																	"            state_name
id                    
6   wait_for_side_poke"
449464.0852	0.2574000000022352	states																																	"         state_name
id                 
4   announce_reward"
449464.3426	0.053899999998975545	states																																	"   state_name
id           
8      reward"
449464.3965	0.00010000000474974513	states																																	"    state_name
id            
7   stop_sound"
449464.6299	9.559899999992922	trials	1.0	2.0	20.0	0.9267646423200238	0.0	0.15	True	3575.0	True	False	18704.0	False	Low	True	False	0.025	0.0	100.0	1.5	9.0													
449464.6299	9.559899999992922	processed_trials			20.0	0.9267646423200238					True				Low					100.0		9.0	40.0	40.0	False	False	True	7.7057	7.7057	36.42602759261345	0.7253	-0.2889941833976885	Right	0.4114999999999999	
449464.6299	0.7252999999909662	states																																	"       state_name
id               
3   wait_for_poke"
449465.3552	0.9268000000156462	states																																	"        state_name
id                
1   nose_in_center"
449466.282	0.001999999978579581	states																																	"   state_name
id           
5      go_cue"
449466.284	7.705699999991339	states																																	"            state_name
id                    
6   wait_for_side_poke"
449473.9897	0.20000000001164153	states																																	"   state_name
id           
0     opt_out"
449474.1897	0.00010000000474974513	states																																	"    state_name
id            
7   stop_sound"
449474.4233	6.950599999981932	trials	1.0	2.0	5.0	1.1164340617900144	0.0	0.15	True	3575.0	False	False	18705.0	False	Low	True	False	0.025	0.0	5.102257055441367	1.5	9.0													
449474.4233	6.950599999981932	processed_trials			5.0	1.1164340617900144					False				Low					5.102257055441367		9.0	40.0	40.0	True	False	False	5.1023000000000005	5.1023000000000005	36.42602759261345	0.09209999999999999	-0.3425995799083357	Right	0.09209999999999999	
449474.4233	0.0921000000089407	states																																	"       state_name
id               
3   wait_for_poke"
449474.51540000003	1.1163999999989755	states																																	"        state_name
id                
1   nose_in_center"
449475.63180000003	0.001999999978579581	states																																	"   state_name
id           
5      go_cue"
449475.6338	5.102300000027753	states																																	"            state_name
id                    
6   wait_for_side_poke"
449480.73610000004	0.5792999999830499	states																																	"         state_name
id                 
4   announce_reward"
449481.3154	0.05839999997988343	states																																	"   state_name
id           
8      reward"
449481.3738	0.00010000000474974513	states																																	"    state_name
id            
7   stop_sound"
449481.6092	3.149299999990035	trials	1.0	2.0	20.0	1.1700753143885818	0.0	0.15	True	3580.0	False	False	18706.0	False	Low	True	False	0.025	0.0	0.7431648805847604	1.5	9.0													
449481.6092	3.149299999990035	processed_trials			20.0	1.1700753143885818					False				Low					0.7431648805847604		9.0	40.0	40.0	True	False	False	0.7431999999999999	0.7431999999999999	36.42602759261345	0.8643	-0.27722673217377825	Right	0.8643	
449481.6092	0.8643000000156462	states																																	"       state_name
id               
3   wait_for_poke"
449482.4735	1.1700999999884516	states																																	"        state_name
id                
1   nose_in_center"
449483.6436	0.001999999978579581	states																																	"   state_name
id           
5      go_cue"
449483.6456	0.7432000000262633	states																																	"            state_name
id                    
6   wait_for_side_poke"
449484.3888	0.21100000001024455	states																																	"         state_name
id                 
4   announce_reward"
449484.5998	0.15859999996609986	states																																	"   state_name
id           
8      reward"
449484.7584	0.00010000000474974513	states																																	"    state_name
id            
7   stop_sound"
449484.9957	4.034299999999348	trials	1.0	2.0	20.0	1.1956392548966661	0.0	0.15	True	3600.0	False	False	18707.0	False	Low	True	False	0.025	0.0	0.2711524385276689	1.5	9.0													
449484.9957	4.034299999999348	processed_trials			20.0	1.1956392548966661					False				Low					0.2711524385276689		9.0	40.0	40.0	True	False	False	0.27120000000000033	0.27120000000000033	36.42602759261345	2.1681	-0.1668497328519496	Right	1.3306	
449484.9957	2.168100000009872	states																																	"       state_name
id               
3   wait_for_poke"
449487.16380000004	1.1955999999772757	states																																	"        state_name
id                
1   nose_in_center"
449488.3594	0.0020000000367872417	states																																	"   state_name
id           
5      go_cue"
449488.36140000005	0.27119999995920807	states																																	"            state_name
id                    
6   wait_for_side_poke"
449488.6326	0.2387000000453554	states																																	"         state_name
id                 
4   announce_reward"
449488.87130000006	0.15859999996609986	states																																	"   state_name
id           
8      reward"
449489.0299	0.00010000000474974513	states																																	"    state_name
id            
7   stop_sound"
449489.2684	11.470800000010058	trials	1.0	2.0	20.0	0.8087764690794074	0.0	0.15	True	3620.0	True	False	18708.0	False	Low	True	False	0.025	0.0	100.0	1.5	9.0													
449489.2684	11.470800000010058	processed_trials			20.0	0.8087764690794074					True				Low					100.0		9.0	40.0	40.0	False	False	True	8.55	8.55	36.42602759261345	1.9099000000000002	-0.1887084084347814	Left	1.3154000000000001	
449489.2684	1.9099000000278465	states																																	"       state_name
id               
3   wait_for_poke"
449491.1783	0.8087999999988824	states																																	"        state_name
id                
1   nose_in_center"
449491.9871	0.001999999978579581	states																																	"   state_name
id           
5      go_cue"
449491.9891	8.549999999988358	states																																	"            state_name
id                    
6   wait_for_side_poke"
449500.5391	0.20000000001164153	states																																	"   state_name
id           
0     opt_out"
449500.7391	0.00010000000474974513	states																																	"    state_name
id            
7   stop_sound"
449500.979	5.137300000002142	trials	1.0	2.0	20.0	0.9374230619575535	0.0	0.15	True	3620.0	False	False	18709.0	False	Low	True	False	0.025	0.0	3.545917325767973	1.5	9.0													
449500.979	5.137300000002142	processed_trials			20.0	0.9374230619575535					False				Low					3.545917325767973		9.0	40.0	40.0	True	False	False	3.5458999999999996	3.5458999999999996	36.42602759261345	0.1441	-0.3381973679396787	Right	0.1441	
449500.979	0.14409999997587875	states																																	"       state_name
id               
3   wait_for_poke"
449501.12309999997	0.9373999999952503	states																																	"        state_name
id                
1   nose_in_center"
449502.06049999996	0.0020000000367872417	states																																	"   state_name
id           
5      go_cue"
449502.0625	3.545899999968242	states																																	"            state_name
id                    
6   wait_for_side_poke"
449505.60839999997	0.34919999999692664	states																																	"         state_name
id                 
4   announce_reward"
449505.95759999997	0.15860000002430752	states																																	"   state_name
id           
8      reward"
449506.1162	0.00010000000474974513	states																																	"    state_name
id            
7   stop_sound"
449506.3574	3.9012000000220723	trials	1.0	2.0	10.0	0.8940176783901602	0.0	0.15	True	3640.0	False	False	18710.0	False	Low	True	False	0.025	0.0	0.8150070108418308	1.5	9.0													
449506.3574	3.9012000000220723	processed_trials			10.0	0.8940176783901602					False				Low					0.8150070108418308		9.0	40.0	40.0	True	False	False	0.815	0.815	36.42602759261345	1.8087	-0.1972757901891679	Right	1.197	
449506.3574	1.8086999999941327	states																																	"       state_name
id               
3   wait_for_poke"
449508.1661	0.8940000000293367	states																																	"        state_name
id                
1   nose_in_center"
449509.0601	0.001999999978579581	states																																	"   state_name
id           
5      go_cue"
449509.0621	0.8150000000023283	states																																	"            state_name
id                    
6   wait_for_side_poke"
449509.8771	0.28970000002300367	states																																	"         state_name
id                 
4   announce_reward"
449510.1668	0.09169999998994172	states																																	"   state_name
id           
8      reward"
449510.2585	0.00010000000474974513	states																																	"    state_name
id            
7   stop_sound"
449510.4978	3.4391999999643303	trials	1.0	2.0	5.0	0.8050123281351127	0.0	0.15	True	3650.0	False	False	18711.0	False	Low	True	False	0.025	0.0	12.096273482249014	1.5	9.0													
449510.4978	3.4391999999643303	processed_trials			5.0	0.8050123281351127					False				Low					12.096273482249014		9.0	40.0	40.0	False	False	True	0.7298	0.7298	36.42602759261345	1.7023	-0.20628339314042005	Left	1.1299	
449510.4978	1.7023000000044703	states																																	"       state_name
id               
3   wait_for_poke"
449512.2001	0.8049999999930151	states																																	"        state_name
id                
1   nose_in_center"
449513.0051	0.001999999978579581	states																																	"   state_name
id           
5      go_cue"
449513.0071	0.7298000000300817	states																																	"            state_name
id                    
6   wait_for_side_poke"
449513.7369	0.20000000001164153	states																																	"   state_name
id           
0     opt_out"
449513.93690000003	0.00010000000474974513	states																																	"    state_name
id            
7   stop_sound"
449514.1806	2.9390999999595806	trials	1.0	2.0	10.0	1.1242329612057274	0.0	0.15	True	3650.0	False	False	18712.0	False	Low	True	False	0.025	0.0	0.6573571506164988	1.5	9.0													
449514.1806	2.9390999999595806	processed_trials			10.0	1.1242329612057274					False				Low					0.6573571506164988		9.0	40.0	40.0	True	False	False	0.6573999999999995	0.6573999999999995	36.42602759261345	1.0486	-0.2616242770617879	Left	1.0486	
449514.1806	1.0485999999800697	states																																	"       state_name
id               
3   wait_for_poke"
449515.2292	1.1242000000202097	states																																	"        state_name
id                
1   nose_in_center"
449516.3534	0.001999999978579581	states																																	"   state_name
id           
5      go_cue"
449516.3554	0.6574000000255182	states																																	"            state_name
id                    
6   wait_for_side_poke"
449517.0128	0.02139999996870756	states																																	"         state_name
id                 
4   announce_reward"
449517.0342	0.08540000003995374	states																																	"   state_name
id           
8      reward"
449517.11960000003	0.00010000000474974513	states																																	"    state_name
id            
7   stop_sound"
449517.3624	12.51290000003064	trials	1.0	2.0	20.0	1.180433905528369	0.0	0.15	True	3660.0	True	False	18713.0	False	Low	True	False	0.025	0.0	100.0	1.5	9.0													
449517.3624	12.51290000003064	processed_trials			20.0	1.180433905528369					True				Low					100.0		9.0	40.0	40.0	False	False	True	10.1008	10.1008	36.42602759261345	1.0295999999999998	-0.2632327775887972	Left	0.42959999999999987	
449517.3624	1.0296000000089407	states																																	"       state_name
id               
3   wait_for_poke"
449518.392	1.180400000012014	states																																	"        state_name
id                
1   nose_in_center"
449519.5724	0.001999999978579581	states																																	"   state_name
id           
5      go_cue"
449519.5744	10.100800000014715	states																																	"            state_name
id                    
6   wait_for_side_poke"
449529.6752	0.20000000001164153	states																																	"   state_name
id           
0     opt_out"
449529.8752	9.999994654208422e-05	states																																	"    state_name
id            
7   stop_sound"
449530.1163	3.987699999997858	trials	1.0	2.0	10.0	0.8804403082853112	0.0	0.15	True	3660.0	False	False	18714.0	False	Low	True	False	0.025	0.0	2.5809967114322574	1.5	9.0													
449530.1163	3.987699999997858	processed_trials			10.0	0.8804403082853112					False				Low					2.5809967114322574		9.0	40.0	40.0	True	False	False	2.581	2.581	36.42602759261345	0.2889	-0.32593890076541826	Left	0.2889	
449530.1163	0.2888999999850057	states																																	"       state_name
id               
3   wait_for_poke"
449530.4052	0.8804000000236556	states																																	"        state_name
id                
1   nose_in_center"
449531.2856	0.001999999978579581	states																																	"   state_name
id           
5      go_cue"
449531.2876	2.581000000005588	states																																	"            state_name
id                    
6   wait_for_side_poke"
449533.8686	0.14990000001853332	states																																	"         state_name
id                 
4   announce_reward"
449534.0185	0.08539999998174608	states																																	"   state_name
id           
8      reward"
449534.1039	0.00010000000474974513	states																																	"    state_name
id            
7   stop_sound"
449534.346	3.93839999998454	trials	1.0	2.0	5.0	0.9300872564941068	0.0	0.15	True	3670.0	False	False	18715.0	False	Low	True	False	0.025	0.0	0.9410709784403715	1.5	9.0													
449534.346	3.93839999998454	processed_trials			5.0	0.9300872564941068					False				Low					0.9410709784403715		9.0	40.0	40.0	True	False	False	0.9410999999999996	0.9410999999999996	36.42602759261345	1.8443	-0.19426196814908728	Right	0.4457000000000002	
449534.346	1.8442999999970198	states																																	"       state_name
id               
3   wait_for_poke"
449536.1903	0.9300999999977648	states																																	"        state_name
id                
1   nose_in_center"
449537.1204	0.001999999978579581	states																																	"   state_name
id           
5      go_cue"
449537.1224	0.9411000000545755	states																																	"            state_name
id                    
6   wait_for_side_poke"
449538.06350000005	0.1623999999719672	states																																	"         state_name
id                 
4   announce_reward"
449538.2259	0.05839999997988343	states																																	"   state_name
id           
8      reward"
449538.2843	0.00010000000474974513	states																																	"    state_name
id            
7   stop_sound"
449538.527	3.6353000000235625	trials	1.0	2.0	10.0	1.0469292620107673	0.0	0.15	True	3675.0	False	False	18716.0	False	Low	True	False	0.025	0.0	1.2603757128676802	1.5	9.0													
449538.527	3.6353000000235625	processed_trials			10.0	1.0469292620107673					False				Low					1.2603757128676802		9.0	40.0	40.0	True	False	False	1.2604000000000002	1.2604000000000002	36.42602759261345	1.1296	-0.25476698534137976	Left	0.7343999999999999	
449538.527	1.1295999999856576	states																																	"       state_name
id               
3   wait_for_poke"
449539.6566	1.0469000000157394	states																																	"        state_name
id                
1   nose_in_center"
449540.7035	0.001999999978579581	states																																	"   state_name
id           
5      go_cue"
449540.7055	1.2604000000283122	states																																	"            state_name
id                    
6   wait_for_side_poke"
449541.9659	0.1108999999705702	states																																	"         state_name
id                 
4   announce_reward"
449542.0768	0.08540000003995374	states																																	"   state_name
id           
8      reward"
449542.1622	0.00010000000474974513	states																																	"    state_name
id            
7   stop_sound"
449542.4092	4.429999999993015	trials	1.0	2.0	10.0	1.0469293	0.0	0.15	True	3685.0	False	False	18717.0	False	Low	True	False	0.025	0.0	0.6419861709018775	1.5	9.0													
449542.4092	4.429999999993015	processed_trials			10.0	1.0469293					False				Low					0.6419861709018775		9.0	40.0	40.0	False	True	False			36.42602759261345	2.4017	-0.14707364216198246	Right	0.3780999999999999	
449542.4092	2.4016999999876134	states																																	"       state_name
id               
3   wait_for_poke"
449544.8109	0.02830000000540167	states																																	"        state_name
id                
1   nose_in_center"
449544.8392	2.0	states																																	"          state_name
id                  
2   punish_violation"
449547.0841	10.866500000003725	trials	1.0	2.0	10.0	0.9308775035759254	0.0	0.15	True	3685.0	False	False	18718.0	False	Low	True	True	0.025	0.0	6.004875415073407	1.5	9.0													
449547.0841	10.866500000003725	processed_trials			10.0	0.9308775035759254					False				Low					6.004875415073407		9.0	40.0	40.0	True	False	False	6.0049	6.0049	36.42602759261345	3.1979	-0.07966900428804473	Left	3.1979	
449547.0841	3.197900000028312	states																																	"       state_name
id               
3   wait_for_poke"
449550.282	0.9308999999775551	states																																	"        state_name
id                
1   nose_in_center"
449551.2129	0.001999999978579581	states																																	"   state_name
id           
5      go_cue"
449551.21489999996	6.004899999999907	states																																	"            state_name
id                    
6   wait_for_side_poke"
449557.21979999996	0.6453000000328757	states																																	"         state_name
id                 
4   announce_reward"
449557.8651	0.08539999998174608	states																																	"   state_name
id           
8      reward"
449557.9505	0.00010000000474974513	states																																	"    state_name
id            
7   stop_sound"
449558.1956	3.997700000007171	trials	1.0	2.0	20.0	0.9171181213699349	0.0	0.15	True	3695.0	False	False	18719.0	False	Low	True	False	0.025	0.0	2.2086510359163274	1.5	9.0													
449558.1956	3.997700000007171	processed_trials			20.0	0.9171181213699349					False				Low					2.2086510359163274		9.0	40.0	40.0	False	True	False			36.42602759261345	1.65	-0.2107110024858194	Right	0.9276	
449558.1956	1.650000000023283	states																																	"       state_name
id               
3   wait_for_poke"
449559.8456	0.3476999999838881	states																																	"        state_name
id                
1   nose_in_center"
449560.1933	2.0	states																																	"          state_name
id                  
2   punish_violation"
449562.4404	101.334899999958	trials	1.0	2.0	20.0	1.0101753852545254	0.0	0.15	True	3695.0	False	False	18720.0	False	Low	True	True	0.025	0.0	0.08859827549197932	1.5	9.0													
449562.4404	101.334899999958	processed_trials			20.0	1.0101753852545254					False				Low					0.08859827549197932		9.0	40.0	40.0	True	False	False	0.08860000000001378	0.08860000000001378	36.42602759261345	99.6213	8.08333571760827	Right	99.6213	
449562.4404	99.62129999999888	states																																	"       state_name
id               
3   wait_for_poke"
449662.0617	1.0102000000188127	states																																	"        state_name
id                
1   nose_in_center"
449663.07190000004	0.001999999978579581	states																																	"   state_name
id           
5      go_cue"
449663.0739	0.0886000000173226	states																																	"            state_name
id                    
6   wait_for_side_poke"
449663.16250000003	0.45409999997355044	states																																	"         state_name
id                 
4   announce_reward"
449663.6166	0.15860000002430752	states																																	"   state_name
id           
8      reward"
449663.77520000003	0.00010000000474974513	states																																	"    state_name
id            
7   stop_sound"
449664.0236	4.7000000000116415	trials	1.0	2.0	20.0	0.8351165156806428	0.0	0.15	True	3715.0	False	False	18721.0	False	Low	True	False	0.025	0.0	1.7077593769005526	1.5	9.0													
449664.0236	4.7000000000116415	processed_trials			20.0	0.8351165156806428					False				Low					1.7077593769005526		9.0	40.0	40.0	True	False	False	1.7077999999999993	1.7077999999999993	36.42602759261345	1.4843	-0.22473882023979008	Right	1.0086	
449664.0236	1.4843000000109896	states																																	"       state_name
id               
3   wait_for_poke"
449665.5079	0.8350999999674968	states																																	"        state_name
id                
1   nose_in_center"
449666.343	0.0020000000367872417	states																																	"   state_name
id           
5      go_cue"
449666.34500000003	1.707799999974668	states																																	"            state_name
id                    
6   wait_for_side_poke"
449668.0528	0.5120999999926426	states																																	"         state_name
id                 
4   announce_reward"
449668.5649	0.15860000002430752	states																																	"   state_name
id           
8      reward"
449668.7235	0.00010000000474974513	states																																	"    state_name
id            
7   stop_sound"
449668.9707	11.262300000002142	trials	1.0	2.0	10.0	0.8614206222094805	0.0	0.15	True	3735.0	True	False	18722.0	False	Low	True	False	0.025	0.0	100.0	1.5	9.0													
449668.9707	11.262300000002142	processed_trials			10.0	0.8614206222094805					True				Low					100.0		9.0	40.0	40.0	False	False	True	8.1353	8.1353	36.42602759261345	2.0635	-0.17570495154274826	Left	1.2157	
449668.9707	2.06349999998929	states																																	"       state_name
id               
3   wait_for_poke"
449671.0342	0.8613999999943189	states																																	"        state_name
id                
1   nose_in_center"
449671.8956	0.0020000000367872417	states																																	"   state_name
id           
5      go_cue"
449671.8976	8.135299999965355	states																																	"            state_name
id                    
6   wait_for_side_poke"
449680.0329	0.20000000001164153	states																																	"   state_name
id           
0     opt_out"
449680.2329	0.00010000000474974513	states																																	"    state_name
id            
7   stop_sound"
449680.4859	2.4201999999932013	trials	1.0	2.0	5.0	0.9570083598948058	0.0	0.15	True	3735.0	False	False	18723.0	False	Low	True	False	0.025	0.0	0.9521898158484614	1.5	9.0													
449680.4859	2.4201999999932013	processed_trials			5.0	0.9570083598948058					False				Low					0.9521898158484614		9.0	40.0	40.0	True	False	False	0.9522000000000004	0.9522000000000004	36.42602759261345	0.36760000000000004	-0.3192763222667007	Left	0.36760000000000004	
449680.4859	0.3675999999977648	states																																	"       state_name
id               
3   wait_for_poke"
449680.8535	0.9569999999948777	states																																	"        state_name
id                
1   nose_in_center"
449681.8105	0.001999999978579581	states																																	"   state_name
id           
5      go_cue"
449681.8125	0.9521999999997206	states																																	"            state_name
id                    
6   wait_for_side_poke"
449682.7647	0.08740000001853332	states																																	"         state_name
id                 
4   announce_reward"
449682.8521	0.053899999998975545	states																																	"   state_name
id           
8      reward"
449682.906	0.00010000000474974513	states																																	"    state_name
id            
7   stop_sound"
449683.1546	5.467799999983981	trials	1.0	2.0	10.0	1.1266248724116972	0.0	0.15	True	3740.0	False	False	18724.0	False	Low	True	False	0.025	0.0	3.3364530175720692	1.5	9.0													
449683.1546	5.467799999983981	processed_trials			10.0	1.1266248724116972					False				Low					3.3364530175720692		9.0	40.0	40.0	True	False	False	3.3365	3.3365	36.42602759261345	0.8184	-0.2811125308153429	Right	0.5045000000000001	
449683.1546	0.8183999999891967	states																																	"       state_name
id               
3   wait_for_poke"
449683.973	1.1266000000177883	states																																	"        state_name
id                
1   nose_in_center"
449685.0996	0.001999999978579581	states																																	"   state_name
id           
5      go_cue"
449685.1016	3.3365000000339933	states																																	"            state_name
id                    
6   wait_for_side_poke"
449688.4381	0.09249999996973202	states																																	"         state_name
id                 
4   announce_reward"
449688.5306	0.09169999998994172	states																																	"   state_name
id           
8      reward"
449688.6223	0.00010000000474974513	states																																	"    state_name
id            
7   stop_sound"
449688.873	4.827199999999721	trials	1.0	2.0	10.0	1.1266249	0.0	0.15	True	3750.0	False	False	18725.0	False	Low	True	False	0.025	0.0	1.6962705600986794	1.5	9.0													
449688.873	4.827199999999721	processed_trials			10.0	1.1266249					False				Low					1.6962705600986794		9.0	40.0	40.0	True	False	False	1.6963	1.6963	36.42602759261345	1.892	-0.19022378524706918	Left	1.2130999999999998	
449688.873	1.8919999999925494	states																																	"       state_name
id               
3   wait_for_poke"
449690.765	1.1266000000177883	states																																	"        state_name
id                
1   nose_in_center"
449691.89160000003	0.001999999978579581	states																																	"   state_name
id           
5      go_cue"
449691.8936	1.696300000010524	states																																	"            state_name
id                    
6   wait_for_side_poke"
449693.5899	0.024800000013783574	states																																	"         state_name
id                 
4   announce_reward"
449693.61470000003	0.08539999998174608	states																																	"   state_name
id           
8      reward"
449693.7001	0.00010000000474974513	states																																	"    state_name
id            
7   stop_sound"
449693.9585	18.973100000002887	trials	1.0	2.0	20.0	0.8414228678895528	0.0	0.15	True	3760.0	True	False	18726.0	False	Low	True	False	0.025	0.0	100.0	1.5	9.0													
449693.9585	18.973100000002887	processed_trials			20.0	0.8414228678895528					True				Low					100.0		9.0	40.0	40.0	False	False	True	16.5183	16.5183	36.42602759261345	1.4113	-0.23091884858040485	Right	0.4587	
449693.9585	1.4112999999779277	states																																	"       state_name
id               
3   wait_for_poke"
449695.3698	0.8414000000339001	states																																	"        state_name
id                
1   nose_in_center"
449696.2112	0.001999999978579581	states																																	"   state_name
id           
5      go_cue"
449696.2132	16.51829999999609	states																																	"            state_name
id                    
6   wait_for_side_poke"
449712.7315	0.20000000001164153	states																																	"   state_name
id           
0     opt_out"
449712.9315	0.00010000000474974513	states																																	"    state_name
id            
7   stop_sound"
449713.1824	2.6502000000327826	trials	1.0	2.0	5.0	1.0481952483135395	0.0	0.15	True	3760.0	False	False	18727.0	False	Low	True	False	0.025	0.0	2.8922655204113816	1.5	9.0													
449713.1824	2.6502000000327826	processed_trials			5.0	1.0481952483135395					False				Low					2.8922655204113816		9.0	40.0	40.0	False	True	False			36.42602759261345	0.211	-0.33253375292615645	Right	0.211	
449713.1824	0.21100000001024455	states																																	"       state_name
id               
3   wait_for_poke"
449713.3934	0.43919999996433035	states																																	"        state_name
id                
1   nose_in_center"
449713.83259999997	2.0	states																																	"          state_name
id                  
2   punish_violation"
449716.087	21.90700000000652	trials	1.0	2.0	5.0	0.9937439204098851	0.0	0.15	True	3760.0	False	False	18728.0	False	Low	True	True	0.025	0.0	0.8895448746128358	1.5	9.0													
449716.087	21.90700000000652	processed_trials			5.0	0.9937439204098851					False				Low					0.8895448746128358		9.0	40.0	40.0	True	False	False	0.8894999999999982	0.8894999999999982	36.42602759261345	19.421200000000002	1.29376186938723	Right	19.421200000000002	
449716.087	19.42119999998249	states																																	"       state_name
id               
3   wait_for_poke"
449735.5082	0.9936999999918044	states																																	"        state_name
id                
1   nose_in_center"
449736.5019	0.0020000000367872417	states																																	"   state_name
id           
5      go_cue"
449736.5039	0.8894999999902211	states																																	"            state_name
id                    
6   wait_for_side_poke"
449737.3934	0.5421000000205822	states																																	"         state_name
id                 
4   announce_reward"
449737.9355	0.05839999997988343	states																																	"   state_name
id           
8      reward"
449737.9939	0.00010000000474974513	states																																	"    state_name
id            
7   stop_sound"
449738.2478	4.529199999989942	trials	1.0	2.0	10.0	1.0868710714985352	0.0	0.15	True	3765.0	False	False	18729.0	False	Low	True	False	0.025	0.0	0.88954487	1.5	9.0													
449738.2478	4.529199999989942	processed_trials			10.0	1.0868710714985352					False				Low					0.88954487		9.0	40.0	40.0	False	True	False			36.42602759261345	2.3747	-0.14935940606878517	Left	1.8883999999999999	
449738.2478	2.3746999999857508	states																																	"       state_name
id               
3   wait_for_poke"
449740.6225	0.15450000000419095	states																																	"        state_name
id                
1   nose_in_center"
449740.777	2.0	states																																	"          state_name
id                  
2   punish_violation"
449743.0339	2.3319999999948777	trials	1.0	2.0	10.0	1.0868711	0.0	0.15	True	3765.0	False	False	18730.0	False	Low	True	True	0.025	0.0	0.8016933134634683	1.5	9.0													
449743.0339	2.3319999999948777	processed_trials			10.0	1.0868711					False				Low					0.8016933134634683		9.0	40.0	40.0	True	False	False	0.8017000000000001	0.8017000000000001	36.42602759261345	0.2919	-0.3256849269979957	Left	0.2919	
449743.0339	0.29190000001108274	states																																	"       state_name
id               
3   wait_for_poke"
449743.3258	1.0868999999947846	states																																	"        state_name
id                
1   nose_in_center"
449744.4127	0.001999999978579581	states																																	"   state_name
id           
5      go_cue"
449744.41469999996	0.8017000000108965	states																																	"            state_name
id                    
6   wait_for_side_poke"
449745.2164	0.06400000001303852	states																																	"         state_name
id                 
4   announce_reward"
449745.2804	0.08539999998174608	states																																	"   state_name
id           
8      reward"
449745.36579999997	0.00010000000474974513	states																																	"    state_name
id            
7   stop_sound"
449745.6197	12.458000000042375	trials	1.0	2.0	10.0	1.0451596026245065	0.0	0.15	True	3775.0	False	False	18731.0	False	Low	True	False	0.025	0.0	10.95649328292402	1.5	9.0													
449745.6197	12.458000000042375	processed_trials			10.0	1.0451596026245065					False				Low					10.95649328292402		9.0	40.0	40.0	False	False	True	9.7671	9.7671	36.42602759261345	1.4436	-0.228184397684489	Left	0.4307000000000001	
449745.6197	1.4435999999986961	states																																	"       state_name
id               
3   wait_for_poke"
449747.0633	1.0451999999932013	states																																	"        state_name
id                
1   nose_in_center"
449748.1085	0.0020000000367872417	states																																	"   state_name
id           
5      go_cue"
449748.1105	9.7670999999973	states																																	"            state_name
id                    
6   wait_for_side_poke"
449757.8776	0.19999999995343387	states																																	"   state_name
id           
0     opt_out"
449758.07759999996	0.00010000000474974513	states																																	"    state_name
id            
7   stop_sound"
449758.3346	2.0586999999941327	trials	1.0	2.0	5.0	1.0722410688415511	0.0	0.15	True	3775.0	False	False	18732.0	False	Low	True	False	0.025	0.0	0.7748102482828391	1.5	9.0													
449758.3346	2.0586999999941327	processed_trials			5.0	1.0722410688415511					False				Low					0.7748102482828391		9.0	40.0	40.0	False	True	False			36.42602759261345	0.038200000000000005	-0.3471626419296938	Right	0.038200000000000005	
449758.3346	0.03820000000996515	states																																	"       state_name
id               
3   wait_for_poke"
449758.3728	0.020499999984167516	states																																	"        state_name
id                
1   nose_in_center"
449758.3933	2.0	states																																	"          state_name
id                  
2   punish_violation"
449760.6489	3.3048000000417233	trials	1.0	2.0	5.0	0.9180653718311971	0.0	0.15	True	3775.0	False	False	18733.0	False	Low	True	True	0.025	0.0	0.4342632439714925	1.5	9.0													
449760.6489	3.3048000000417233	processed_trials			5.0	0.9180653718311971					False				Low					0.4342632439714925		9.0	40.0	40.0	True	False	False	0.4342999999999999	0.4342999999999999	36.42602759261345	1.4923	-0.22406155685999668	Left	1.4923	
449760.6489	1.4922999999835156	states																																	"       state_name
id               
3   wait_for_poke"
449762.14119999995	0.918100000009872	states																																	"        state_name
id                
1   nose_in_center"
449763.05929999996	0.001999999978579581	states																																	"   state_name
id           
5      go_cue"
449763.06129999994	0.43430000002263114	states																																	"            state_name
id                    
6   wait_for_side_poke"
449763.49559999997	0.40409999998519197	states																																	"         state_name
id                 
4   announce_reward"
449763.89969999995	0.053899999998975545	states																																	"   state_name
id           
8      reward"
449763.95359999995	0.00010000000474974513	states																																	"    state_name
id            
7   stop_sound"
449764.2118	2.8220999999903142	trials	1.0	2.0	10.0	1.1134386844084132	0.0	0.15	True	3780.0	False	False	18734.0	False	Low	True	False	0.025	0.0	1.5806240831896077	1.5	9.0													
449764.2118	2.8220999999903142	processed_trials			10.0	1.1134386844084132					False				Low					1.5806240831896077		9.0	40.0	40.0	False	True	False			36.42602759261345	0.7836000000000001	-0.2840586265174441	Right	0.5207000000000002	
449764.2118	0.7836000000243075	states																																	"       state_name
id               
3   wait_for_poke"
449764.9954	0.038499999966006726	states																																	"        state_name
id                
1   nose_in_center"
449765.0339	2.0	states																																	"          state_name
id                  
2   punish_violation"
449767.2927	7.162500000034925	trials	1.0	2.0	10.0	1.0100843796958598	0.0	0.15	True	3780.0	False	False	18735.0	False	Low	True	True	0.025	0.0	2.3703020825691827	1.5	9.0													
449767.2927	7.162500000034925	processed_trials			10.0	1.0100843796958598					False				Low					2.3703020825691827		9.0	40.0	40.0	True	False	False	2.3702999999999994	2.3702999999999994	36.42602759261345	3.526	-0.05189273992426812	Right	3.526	
449767.2927	3.526000000012573	states																																	"       state_name
id               
3   wait_for_poke"
449770.8187	1.010100000014063	states																																	"        state_name
id                
1   nose_in_center"
449771.8288	0.001999999978579581	states																																	"   state_name
id           
5      go_cue"
449771.8308	2.3703000000095926	states																																	"            state_name
id                    
6   wait_for_side_poke"
449774.2011	0.16229999996721745	states																																	"         state_name
id                 
4   announce_reward"
449774.3634	0.09169999998994172	states																																	"   state_name
id           
8      reward"
449774.45509999996	0.00010000000474974513	states																																	"    state_name
id            
7   stop_sound"
449774.7177	4.390300000028219	trials	1.0	2.0	10.0	0.963440579339136	0.0	0.15	True	3790.0	False	False	18736.0	False	Low	True	False	0.025	0.0	1.3222216869200158	1.5	9.0													
449774.7177	4.390300000028219	processed_trials			10.0	0.963440579339136					False				Low					1.3222216869200158		9.0	40.0	40.0	True	False	False	1.3222	1.3222	36.42602759261345	1.8412	-0.19452440770875726	Right	0.8482	
449774.7177	1.8412000000244007	states																																	"       state_name
id               
3   wait_for_poke"
449776.5589	0.9633999999496154	states																																	"        state_name
id                
1   nose_in_center"
449777.52229999995	0.0020000000367872417	states																																	"   state_name
id           
5      go_cue"
449777.5243	1.322199999995064	states																																	"            state_name
id                    
6   wait_for_side_poke"
449778.8465	0.16969999996945262	states																																	"         state_name
id                 
4   announce_reward"
449779.01619999995	0.09170000004814938	states																																	"   state_name
id           
8      reward"
449779.1079	0.00010000000474974513	states																																	"    state_name
id            
7   stop_sound"
449779.3691	4.548100000014529	trials	1.0	2.0	20.0	1.1431474739647616	0.0	0.15	True	3800.0	False	False	18737.0	False	Low	True	False	0.025	0.0	1.3222217	1.5	9.0													
449779.3691	4.548100000014529	processed_trials			20.0	1.1431474739647616					False				Low					1.3222217		9.0	40.0	40.0	True	False	False	1.3221999999999996	1.3221999999999996	36.42602759261345	1.9127	-0.18847136625185376	Left	1.2969000000000002	
449779.3691	1.9126999999862164	states																																	"       state_name
id               
3   wait_for_poke"
449781.2818	1.143099999986589	states																																	"        state_name
id                
1   nose_in_center"
449782.4249	0.0020000000367872417	states																																	"   state_name
id           
5      go_cue"
449782.4269	1.322199999995064	states																																	"            state_name
id                    
6   wait_for_side_poke"
449783.7491	0.019099999975878745	states																																	"         state_name
id                 
4   announce_reward"
449783.7682	0.14890000002924353	states																																	"   state_name
id           
8      reward"
449783.9171	0.00010000000474974513	states																																	"    state_name
id            
7   stop_sound"
449784.183	4.789199999999255	trials	1.0	2.0	20.0	0.8743161447906782	0.0	0.15	True	3820.0	False	False	18738.0	False	Low	True	False	0.025	0.0	1.4284896865175334	1.5	9.0													
449784.183	4.789199999999255	processed_trials			20.0	0.8743161447906782					False				Low					1.4284896865175334		9.0	40.0	40.0	True	False	False	1.4285000000000005	1.4285000000000005	36.42602759261345	2.259	-0.15915432769904714	Right	0.9332999999999998	
449784.183	2.2590000000200234	states																																	"       state_name
id               
3   wait_for_poke"
449786.44200000004	0.8742999999667518	states																																	"        state_name
id                
1   nose_in_center"
449787.3163	0.0020000000367872417	states																																	"   state_name
id           
5      go_cue"
449787.31830000004	1.4284999999799766	states																																	"            state_name
id                    
6   wait_for_side_poke"
449788.7468	0.06670000002486631	states																																	"         state_name
id                 
4   announce_reward"
449788.81350000005	0.15859999996609986	states																																	"   state_name
id           
8      reward"
449788.9721	0.00010000000474974513	states																																	"    state_name
id            
7   stop_sound"
449789.2677	6.146299999963958	trials	1.0	2.0	5.0	0.9190279783602873	0.0	0.15	True	3840.0	False	False	18739.0	False	Low	True	False	0.025	0.0	0.4171351161154574	1.5	9.0													
449789.2677	6.146299999963958	processed_trials			5.0	0.9190279783602873					False				Low					0.4171351161154574		9.0	40.0	40.0	True	False	False	0.4170999999999996	0.4170999999999996	36.42602759261345	4.3003	0.013657889447485177	Left	3.6254	
449789.2677	4.300300000002608	states																																	"       state_name
id               
3   wait_for_poke"
449793.568	0.9189999999944121	states																																	"        state_name
id                
1   nose_in_center"
449794.487	0.001999999978579581	states																																	"   state_name
id           
5      go_cue"
449794.489	0.41710000002058223	states																																	"            state_name
id                    
6   wait_for_side_poke"
449794.9061	0.4539000000222586	states																																	"         state_name
id                 
4   announce_reward"
449795.36000000004	0.053899999998975545	states																																	"   state_name
id           
8      reward"
449795.41390000004	0.00010000000474974513	states																																	"    state_name
id            
7   stop_sound"
449795.6799	10.73399999999674	trials	1.0	2.0	20.0	0.8542490381720537	0.0	0.15	True	3845.0	False	False	18740.0	False	Low	True	False	0.025	0.0	8.348230689583342	1.5	9.0													
449795.6799	10.73399999999674	processed_trials			20.0	0.8542490381720537					False				Low					8.348230689583342		9.0	40.0	40.0	True	False	False	8.3482	8.3482	36.42602759261345	0.9813	-0.26732175524429985	Left	0.709	
449795.6799	0.9812999999849126	states																																	"       state_name
id               
3   wait_for_poke"
449796.6612	0.8542000000015832	states																																	"        state_name
id                
1   nose_in_center"
449797.5154	0.0020000000367872417	states																																	"   state_name
id           
5      go_cue"
449797.5174	8.34819999994943	states																																	"            state_name
id                    
6   wait_for_side_poke"
449805.86559999996	0.3993000000482425	states																																	"         state_name
id                 
4   announce_reward"
449806.2649	0.14889999997103587	states																																	"   state_name
id           
8      reward"
449806.4138	0.00010000000474974513	states																																	"    state_name
id            
7   stop_sound"
449806.6776	9.638199999986682	trials	1.0	2.0	20.0	0.8108513475283579	0.0	0.15	True	3865.0	False	False	18741.0	False	Low	True	False	0.025	0.0	5.667710539628542	1.5	9.0													
449806.6776	9.638199999986682	processed_trials			20.0	0.8108513475283579					False				Low					5.667710539628542		9.0	40.0	40.0	True	False	False	5.6677	5.6677	36.42602759261345	2.8108	-0.11244008607779768	Right	1.0554	
449806.6776	2.810799999977462	states																																	"       state_name
id               
3   wait_for_poke"
449809.4884	0.8109000000404194	states																																	"        state_name
id                
1   nose_in_center"
449810.2993	0.001999999978579581	states																																	"   state_name
id           
5      go_cue"
449810.3013	5.667699999990873	states																																	"            state_name
id                    
6   wait_for_side_poke"
449815.969	0.18810000002849847	states																																	"         state_name
id                 
4   announce_reward"
449816.1571	0.15859999996609986	states																																	"   state_name
id           
8      reward"
449816.3157	0.00010000000474974513	states																																	"    state_name
id            
7   stop_sound"
449816.5799	4.994599999976344	trials	1.0	2.0	20.0	1.0671224835116855	0.0	0.15	True	3885.0	False	False	18742.0	False	Low	True	False	0.025	0.0	1.660979012295962	1.5	9.0													
449816.5799	4.994599999976344	processed_trials			20.0	1.0671224835116855					False				Low					1.660979012295962		9.0	40.0	40.0	True	False	False	1.6609999999999996	1.6609999999999996	36.42602759261345	2.0924	-0.1732583375832446	Right	1.2609	
449816.5799	2.09240000002319	states																																	"       state_name
id               
3   wait_for_poke"
449818.67230000003	1.0670999999856576	states																																	"        state_name
id                
1   nose_in_center"
449819.7394	0.001999999978579581	states																																	"   state_name
id           
5      go_cue"
449819.7414	1.661000000021886	states																																	"            state_name
id                    
6   wait_for_side_poke"
449821.4024	0.013399999996181577	states																																	"         state_name
id                 
4   announce_reward"
449821.4158	0.15859999996609986	states																																	"   state_name
id           
8      reward"
449821.5744	0.00010000000474974513	states																																	"    state_name
id            
7   stop_sound"
449821.842	3.8682999999728054	trials	1.0	2.0	10.0	0.9037502822675418	0.0	0.15	True	3905.0	False	False	18743.0	False	Low	True	False	0.025	0.0	0.7246255597781912	1.5	9.0													
449821.842	3.8682999999728054	processed_trials			10.0	0.9037502822675418					False				Low					0.7246255597781912		9.0	40.0	40.0	True	False	False	0.7246000000000006	0.7246000000000006	36.42602759261345	2.0724	-0.17495149603272808	Right	1.1989	
449821.842	2.0724000000045635	states																																	"       state_name
id               
3   wait_for_poke"
449823.9144	0.9037999999709427	states																																	"        state_name
id                
1   nose_in_center"
449824.8182	0.0020000000367872417	states																																	"   state_name
id           
5      go_cue"
449824.8202	0.7246000000159256	states																																	"            state_name
id                    
6   wait_for_side_poke"
449825.54480000003	0.07369999994989485	states																																	"         state_name
id                 
4   announce_reward"
449825.6185	0.09170000004814938	states																																	"   state_name
id           
8      reward"
449825.71020000003	9.999994654208422e-05	states																																	"    state_name
id            
7   stop_sound"
449825.9718	4.756600000022445	trials	1.0	2.0	10.0	1.1285134063615425	0.0	0.15	True	3915.0	False	False	18744.0	False	Low	True	False	0.025	0.0	1.999582068820981	1.5	9.0													
449825.9718	4.756600000022445	processed_trials			10.0	1.1285134063615425					False				Low					1.999582068820981		9.0	40.0	40.0	True	False	False	1.9995999999999996	1.9995999999999996	36.42602759261345	1.4153	-0.23058021689050812	Left	1.0947	
449825.9718	1.4152999999932945	states																																	"       state_name
id               
3   wait_for_poke"
449827.3871	1.128499999991618	states																																	"        state_name
id                
1   nose_in_center"
449828.5156	0.0020000000367872417	states																																	"   state_name
id           
5      go_cue"
449828.5176	1.999599999981001	states																																	"            state_name
id                    
6   wait_for_side_poke"
449830.5172	0.12569999997504056	states																																	"         state_name
id                 
4   announce_reward"
449830.6429	0.08540000003995374	states																																	"   state_name
id           
8      reward"
449830.7283	0.00010000000474974513	states																																	"    state_name
id            
7   stop_sound"
449830.9995	3.9588000000221655	trials	1.0	2.0	20.0	0.9364027936203257	0.0	0.15	True	3925.0	False	False	18745.0	False	Low	True	False	0.025	0.0	2.5341700210518923	1.5	9.0													
449830.9995	3.9588000000221655	processed_trials			20.0	0.9364027936203257					False				Low					2.5341700210518923		9.0	40.0	40.0	False	True	False			36.42602759261345	1.9269	-0.18726922375272048	Left	0.792	
449830.9995	1.926900000020396	states																																	"       state_name
id               
3   wait_for_poke"
449832.9264	0.03190000000176951	states																																	"        state_name
id                
1   nose_in_center"
449832.9583	2.0	states																																	"          state_name
id                  
2   punish_violation"
449835.2383	4.029499999945983	trials	1.0	2.0	20.0	0.9519312551855872	0.0	0.15	True	3925.0	False	False	18746.0	False	Low	True	True	0.025	0.0	2.7594906368625614	1.5	9.0													
449835.2383	4.029499999945983	processed_trials			20.0	0.9519312551855872					False				Low					2.7594906368625614		9.0	40.0	40.0	True	False	False	2.7595	2.7595	36.42602759261345	0.1356	-0.33891696028070917	Left	0.1356	
449835.2383	0.13559999997960404	states																																	"       state_name
id               
3   wait_for_poke"
449835.3739	0.951900000043679	states																																	"        state_name
id                
1   nose_in_center"
449836.32580000005	0.001999999978579581	states																																	"   state_name
id           
5      go_cue"
449836.3278	2.7594999999855645	states																																	"            state_name
id                    
6   wait_for_side_poke"
449839.0873	0.03150000004097819	states																																	"         state_name
id                 
4   announce_reward"
449839.11880000005	0.14889999997103587	states																																	"   state_name
id           
8      reward"
449839.2677	0.00010000000474974513	states																																	"    state_name
id            
7   stop_sound"
449839.5348	6.307399999990594	trials	1.0	2.0	20.0	1.1905344322269384	0.0	0.15	True	3945.0	False	False	18747.0	False	Low	True	False	0.025	0.0	2.7594906	1.5	9.0													
449839.5348	6.307399999990594	processed_trials			20.0	1.1905344322269384					False				Low					2.7594906		9.0	40.0	40.0	True	False	False	2.7594999999999996	2.7594999999999996	36.42602759261345	1.9857	-0.18229133791123903	Left	0.9882	
449839.5348	1.9857000000192784	states																																	"       state_name
id               
3   wait_for_poke"
449841.52050000004	1.1904999999678694	states																																	"        state_name
id                
1   nose_in_center"
449842.711	0.0020000000367872417	states																																	"   state_name
id           
5      go_cue"
449842.71300000005	2.7594999999855645	states																																	"            state_name
id                    
6   wait_for_side_poke"
449845.47250000003	0.22070000000530854	states																																	"         state_name
id                 
4   announce_reward"
449845.69320000004	0.14889999997103587	states																																	"   state_name
id           
8      reward"
449845.8421	0.00010000000474974513	states																																	"    state_name
id            
7   stop_sound"
449846.1109	6.913399999961257	trials	1.0	2.0	10.0	1.1905344	0.0	0.15	True	3965.0	False	False	18748.0	False	Low	True	False	0.025	0.0	1.8147699122749483	1.5	9.0													
449846.1109	6.913399999961257	processed_trials			10.0	1.1905344					False				Low					1.8147699122749483		9.0	40.0	40.0	True	False	False	1.8148	1.8148	36.42602759261345	3.2223	-0.07760335097967487	Right	1.0162000000000004	
449846.1109	3.222300000023097	states																																	"       state_name
id               
3   wait_for_poke"
449849.33320000005	1.1904999999678694	states																																	"        state_name
id                
1   nose_in_center"
449850.5237	0.0020000000367872417	states																																	"   state_name
id           
5      go_cue"
449850.52570000006	1.8147999999928288	states																																	"            state_name
id                    
6   wait_for_side_poke"
449852.34050000005	0.592000000004191	states																																	"         state_name
id                 
4   announce_reward"
449852.93250000005	0.09169999998994172	states																																	"   state_name
id           
8      reward"
449853.02420000004	0.00010000000474974513	states																																	"    state_name
id            
7   stop_sound"
449853.2927	3.285199999983888	trials	1.0	2.0	5.0	1.0320875903865085	0.0	0.15	True	3975.0	False	False	18749.0	False	Low	True	False	0.025	0.0	3.9122252073337913	1.5	9.0													
449853.2927	3.285199999983888	processed_trials			5.0	1.0320875903865085					False				Low					3.9122252073337913		9.0	40.0	40.0	False	False	True	0.8931999999999998	0.8931999999999998	36.42602759261345	1.1578	-0.25237963192760804	Left	0.7239	
449853.2927	1.1577999999863096	states																																	"       state_name
id               
3   wait_for_poke"
449854.4505	1.032100000011269	states																																	"        state_name
id                
1   nose_in_center"
449855.4826	0.001999999978579581	states																																	"   state_name
id           
5      go_cue"
449855.48459999997	0.8932000000495464	states																																	"            state_name
id                    
6   wait_for_side_poke"
449856.3778	0.19999999995343387	states																																	"   state_name
id           
0     opt_out"
449856.57779999997	0.00010000000474974513	states																																	"    state_name
id            
7   stop_sound"
449856.8494	2.6410000000032596	trials	1.0	2.0	20.0	1.1977954863861613	0.0	0.15	True	3975.0	False	False	18750.0	False	Low	True	False	0.025	0.0	0.20565081593234025	1.5	9.0													
449856.8494	2.6410000000032596	processed_trials			20.0	1.1977954863861613					False				Low					0.20565081593234025		9.0	40.0	40.0	True	False	False	0.20569999999999977	0.20569999999999977	36.42602759261345	0.8331000000000001	-0.2798680593549725	Right	0.8331000000000001	
449856.8494	0.8330999999889173	states																																	"       state_name
id               
3   wait_for_poke"
449857.6825	1.1978000000235625	states																																	"        state_name
id                
1   nose_in_center"
449858.8803	0.001999999978579581	states																																	"   state_name
id           
5      go_cue"
449858.8823	0.2056999999913387	states																																	"            state_name
id                    
6   wait_for_side_poke"
449859.088	0.24369999999180436	states																																	"         state_name
id                 
4   announce_reward"
449859.3317	0.15860000002430752	states																																	"   state_name
id           
8      reward"
449859.4903	0.00010000000474974513	states																																	"    state_name
id            
7   stop_sound"
449859.7588	4.2097000000067055	trials	1.0	2.0	5.0	1.0083315077151986	0.0	0.15	True	3995.0	False	False	18751.0	False	Low	True	False	0.025	0.0	1.2345808486376153	1.5	9.0													
449859.7588	4.2097000000067055	processed_trials			5.0	1.0083315077151986					False				Low					1.2345808486376153		9.0	40.0	40.0	True	False	False	1.2346000000000004	1.2346000000000004	36.42602759261345	1.7269	-0.20420080824755535	Right	1.2575	
449859.7588	1.7269000000087544	states																																	"       state_name
id               
3   wait_for_poke"
449861.4857	1.0082999999867752	states																																	"        state_name
id                
1   nose_in_center"
449862.494	0.001999999978579581	states																																	"   state_name
id           
5      go_cue"
449862.496	1.2346000000252388	states																																	"            state_name
id                    
6   wait_for_side_poke"
449863.7306	0.17940000002272427	states																																	"         state_name
id                 
4   announce_reward"
449863.91000000003	0.05839999997988343	states																																	"   state_name
id           
8      reward"
449863.9684	0.00010000000474974513	states																																	"    state_name
id            
7   stop_sound"
449864.24	4.397700000030454	trials	1.0	2.0	20.0	1.1354261100259144	0.0	0.15	True	4000.0	False	False	18752.0	False	Low	True	False	0.025	0.0	1.2345808	1.5	9.0													
449864.24	4.397700000030454	processed_trials			20.0	1.1354261100259144					False				Low					1.2345808		9.0	40.0	40.0	True	False	False	1.2346	1.2346	36.42602759261345	1.6676	-0.2092210230502739	Right	1.3173	
449864.24	1.6675999999861233	states																																	"       state_name
id               
3   wait_for_poke"
449865.9076	1.1354000000283122	states																																	"        state_name
id                
1   nose_in_center"
449867.043	0.001999999978579581	states																																	"   state_name
id           
5      go_cue"
449867.045	1.2346000000252388	states																																	"            state_name
id                    
6   wait_for_side_poke"
449868.2796	0.19939999998314306	states																																	"         state_name
id                 
4   announce_reward"
449868.479	0.15860000002430752	states																																	"   state_name
id           
8      reward"
449868.6376	9.999994654208422e-05	states																																	"    state_name
id            
7   stop_sound"
449868.9112	4.964400000055321	trials	1.0	2.0	5.0	1.1354261	0.0	0.15	True	4020.0	False	False	18753.0	False	Low	True	False	0.025	0.0	1.271346944267554	1.5	9.0													
449868.9112	4.964400000055321	processed_trials			5.0	1.1354261					False				Low					1.271346944267554		9.0	40.0	40.0	False	True	False			36.42602759261345	1.9244	-0.1874808685589059	Left	1.3424	
449868.9112	1.9244000000180677	states																																	"       state_name
id               
3   wait_for_poke"
449870.8356	1.0399999999790452	states																																	"        state_name
id                
1   nose_in_center"
449871.87559999997	2.0	states																																	"          state_name
id                  
2   punish_violation"
449874.147	3.5310000000172295	trials	1.0	2.0	5.0	1.064132028348891	0.0	0.15	True	4020.0	False	False	18754.0	False	Low	True	True	0.025	0.0	1.113767567560397	1.5	9.0													
449874.147	3.5310000000172295	processed_trials			5.0	1.064132028348891					False				Low					1.113767567560397		9.0	40.0	40.0	False	True	False			36.42602759261345	0.4753	-0.31015866401623216	Left	0.4753	
449874.147	0.47529999999096617	states																																	"       state_name
id               
3   wait_for_poke"
449874.6223	1.0557000000262633	states																																	"        state_name
id                
1   nose_in_center"
449875.678	2.0	states																																	"          state_name
id                  
2   punish_violation"
449877.9505	20.73010000004433	trials	1.0	2.0	5.0	0.8768129453635464	0.0	0.15	True	4020.0	True	False	18755.0	False	Low	True	True	0.025	0.0	100.0	1.5	9.0													
449877.9505	20.73010000004433	processed_trials			5.0	0.8768129453635464					True				Low					100.0		9.0	40.0	40.0	False	False	True	11.472100000000001	11.472100000000001	36.42602759261345	8.1791	0.3420290391403131	Right	8.1791	
449877.9505	8.179100000008475	states																																	"       state_name
id               
3   wait_for_poke"
449886.1296	0.8767999999690801	states																																	"        state_name
id                
1   nose_in_center"
449887.00639999995	0.0020000000367872417	states																																	"   state_name
id           
5      go_cue"
449887.0084	11.472100000013597	states																																	"            state_name
id                    
6   wait_for_side_poke"
449898.4805	0.19999999995343387	states																																	"   state_name
id           
0     opt_out"
449898.68049999996	0.00010000000474974513	states																																	"    state_name
id            
7   stop_sound"
449898.9567	6.7489000000059605	trials	1.0	2.0	10.0	0.9355761736254142	0.0	0.15	True	4020.0	False	False	18756.0	False	Low	True	False	0.025	0.0	5.651559371576228	1.5	9.0													
449898.9567	6.7489000000059605	processed_trials			10.0	0.9355761736254142					False				Low					5.651559371576228		9.0	40.0	40.0	True	False	False	5.651599999999999	5.651599999999999	36.42602759261345	0.0325	-0.3476451920877966	Left	0.0325	
449898.9567	0.03249999997206032	states																																	"       state_name
id               
3   wait_for_poke"
449898.98919999995	0.9356000000261702	states																																	"        state_name
id                
1   nose_in_center"
449899.9248	0.001999999978579581	states																																	"   state_name
id           
5      go_cue"
449899.92679999996	5.651600000041071	states																																	"            state_name
id                    
6   wait_for_side_poke"
449905.5784	0.04170000000158325	states																																	"         state_name
id                 
4   announce_reward"
449905.6201	0.08539999998174608	states																																	"   state_name
id           
8      reward"
449905.7055	0.00010000000474974513	states																																	"    state_name
id            
7   stop_sound"
449905.9796	3.79749999998603	trials	1.0	2.0	5.0	0.93557617	0.0	0.15	True	4030.0	True	False	18757.0	False	Low	True	False	0.025	0.0	100.0	1.5	9.0													
449905.9796	3.79749999998603	processed_trials			5.0	0.93557617					True				Low					100.0		9.0	40.0	40.0	False	True	False			36.42602759261345	1.6417	-0.21141366324235503	Left	0.5684	
449905.9796	1.6416999999783002	states																																	"       state_name
id               
3   wait_for_poke"
449907.6213	0.15580000000772998	states																																	"        state_name
id                
1   nose_in_center"
449907.7771	2.0	states																																	"          state_name
id                  
2   punish_violation"
449910.0537	2.129799999995157	trials	1.0	2.0	5.0	0.9346514321448613	0.0	0.15	True	4030.0	False	False	18758.0	False	Low	True	True	0.025	0.0	1.1263039618593438	1.5	9.0													
449910.0537	2.129799999995157	processed_trials			5.0	0.9346514321448613					False				Low					1.1263039618593438		9.0	40.0	40.0	False	True	False			36.42602759261345	0.09659999999999999	-0.34221861925720204	Right	0.09659999999999999	
449910.0537	0.09659999998984858	states																																	"       state_name
id               
3   wait_for_poke"
449910.1503	0.03320000000530854	states																																	"        state_name
id                
1   nose_in_center"
449910.1835	2.0	states																																	"          state_name
id                  
2   punish_violation"
449912.4611	2.590599999995902	trials	1.0	2.0	5.0	1.1180956143114504	0.0	0.15	True	4030.0	True	False	18759.0	False	Low	True	True	0.025	0.0	1.126304	1.5	9.0													
449912.4611	2.590599999995902	processed_trials			5.0	1.1180956143114504					False				Low					1.126304		9.0	40.0	40.0	False	True	False			36.42602759261345	0.476	-0.3100994034705002	Left	0.476	
449912.4611	0.4760000000242144	states																																	"       state_name
id               
3   wait_for_poke"
449912.93710000004	0.1145999999716878	states																																	"        state_name
id                
1   nose_in_center"
449913.0517	2.0	states																																	"          state_name
id                  
2   punish_violation"
449915.3261	2.5631999999750406	trials	1.0	2.0	5.0	0.9472839152379918	0.0	0.15	True	4030.0	False	False	18760.0	False	Low	True	True	0.025	0.0	0.8976594736551247	1.5	9.0													
449915.3261	2.5631999999750406	processed_trials			5.0	0.9472839152379918					False				Low					0.8976594736551247		9.0	40.0	40.0	True	False	False	0.8976999999999997	0.8976999999999997	36.42602759261345	0.5047	-0.3076697210954914	Right	0.5047	
449915.3261	0.5046999999904074	states																																	"       state_name
id               
3   wait_for_poke"
449915.8308	0.9472999999998137	states																																	"        state_name
id                
1   nose_in_center"
449916.7781	0.0020000000367872417	states																																	"   state_name
id           
5      go_cue"
449916.78010000003	0.8976999999722466	states																																	"            state_name
id                    
6   wait_for_side_poke"
449917.6778	0.15299999999115244	states																																	"         state_name
id                 
4   announce_reward"
449917.8308	0.05840000003809109	states																																	"   state_name
id           
8      reward"
449917.88920000003	9.999994654208422e-05	states																																	"    state_name
id            
7   stop_sound"
449918.1723	3.2255000000004657	trials	1.0	2.0	20.0	0.9450697363373106	0.0	0.15	True	4035.0	False	False	18761.0	False	Low	True	False	0.025	0.0	0.3038846247217033	1.5	9.0													
449918.1723	3.2255000000004657	processed_trials			20.0	0.9450697363373106					False				Low					0.3038846247217033		9.0	40.0	40.0	False	False	True	0.3039000000000005	0.3039000000000005	36.42602759261345	1.106	-0.2567649123117703	Left	0.7855000000000001	
449918.1723	1.106000000028871	states																																	"       state_name
id               
3   wait_for_poke"
449919.2783	0.945099999953527	states																																	"        state_name
id                
1   nose_in_center"
449920.22339999996	0.0020000000367872417	states																																	"   state_name
id           
5      go_cue"
449920.2254	0.30389999999897555	states																																	"            state_name
id                    
6   wait_for_side_poke"
449920.5293	0.6683999999659136	states																																	"         state_name
id                 
4   announce_reward"
449921.19769999996	0.20000000001164153	states																																	"   state_name
id           
0     opt_out"
449921.3977	0.00010000000474974513	states																																	"    state_name
id            
7   stop_sound"
449921.6798	2.400599999993574	trials	1.0	2.0	20.0	1.112052565904718	0.0	0.15	True	4035.0	False	False	18762.0	False	Low	True	False	0.025	0.0	0.043989144464169364	1.5	9.0													
449921.6798	2.400599999993574	processed_trials			20.0	1.112052565904718					False				Low					0.043989144464169364		9.0	40.0	40.0	True	False	False	0.04399999999999982	0.04399999999999982	36.42602759261345	0.406	-0.3160254580436924	Left	0.406	
449921.6798	0.40600000001722947	states																																	"       state_name
id               
3   wait_for_poke"
449922.0858	1.1120999999693595	states																																	"        state_name
id                
1   nose_in_center"
449923.19789999997	0.0020000000367872417	states																																	"   state_name
id           
5      go_cue"
449923.1999	0.043999999994412065	states																																	"            state_name
id                    
6   wait_for_side_poke"
449923.2439	0.6875	states																																	"         state_name
id                 
4   announce_reward"
449923.9314	0.14889999997103587	states																																	"   state_name
id           
8      reward"
449924.0803	0.00010000000474974513	states																																	"    state_name
id            
7   stop_sound"
449924.362	3.701199999952223	trials	1.0	2.0	5.0	0.9618869228848108	0.0	0.15	True	4055.0	False	False	18763.0	False	Low	True	False	0.025	0.0	7.089270606495852	1.5	9.0													
449924.362	3.701199999952223	processed_trials			5.0	0.9618869228848108					False				Low					7.089270606495852		9.0	40.0	40.0	False	True	False			36.42602759261345	1.6099	-0.21410578517703377	Left	0.5487	
449924.362	1.6098999999812804	states																																	"       state_name
id               
3   wait_for_poke"
449925.9719	0.0913000000291504	states																																	"        state_name
id                
1   nose_in_center"
449926.06320000003	2.0	states																																	"          state_name
id                  
2   punish_violation"
449928.3454	2.480199999990873	trials	1.0	2.0	5.0	1.1956987900024652	0.0	0.15	True	4055.0	False	False	18764.0	False	Low	True	True	0.025	0.0	0.27696716681791067	1.5	9.0													
449928.3454	2.480199999990873	processed_trials			5.0	1.1956987900024652					False				Low					0.27696716681791067		9.0	40.0	40.0	False	True	False			36.42602759261345	0.0394	-0.3470610524227248	Left	0.0394	
449928.3454	0.03940000000875443	states																																	"       state_name
id               
3   wait_for_poke"
449928.3848	0.4407999999821186	states																																	"        state_name
id                
1   nose_in_center"
449928.8256	2.0	states																																	"          state_name
id                  
2   punish_violation"
449931.1068	2.414500000013504	trials	1.0	2.0	5.0	1.1956988	0.0	0.15	True	4055.0	False	False	18765.0	False	Low	True	True	0.025	0.0	1.0479758820838596	1.5	9.0													
449931.1068	2.414500000013504	processed_trials			5.0	1.1956988					False				Low					1.0479758820838596		9.0	40.0	40.0	False	True	False			36.42602759261345	0.19030000000000002	-0.33428617192137183	Left	0.19030000000000002	
449931.1068	0.19030000001657754	states																																	"       state_name
id               
3   wait_for_poke"
449931.2971	0.22419999999692664	states																																	"        state_name
id                
1   nose_in_center"
449931.5213	2.0	states																																	"          state_name
id                  
2   punish_violation"
449933.8033	3.7277999999932945	trials	1.0	2.0	5.0	1.0346484785570484	0.0	0.15	True	4055.0	False	False	18766.0	False	Low	True	True	0.025	0.0	1.057659706188038	1.5	9.0													
449933.8033	3.7277999999932945	processed_trials			5.0	1.0346484785570484					False				Low					1.057659706188038		9.0	40.0	40.0	True	False	False	1.0576999999999996	1.0576999999999996	36.42602759261345	1.5474	-0.21939690533166967	Right	1.5474	
449933.8033	1.5473999999812804	states																																	"       state_name
id               
3   wait_for_poke"
449935.3507	1.0346000000135973	states																																	"        state_name
id                
1   nose_in_center"
449936.3853	0.001999999978579581	states																																	"   state_name
id           
5      go_cue"
449936.3873	1.0577000000048429	states																																	"            state_name
id                    
6   wait_for_side_poke"
449937.445	0.027600000030361116	states																																	"         state_name
id                 
4   announce_reward"
449937.47260000004	0.05839999997988343	states																																	"   state_name
id           
8      reward"
449937.531	0.00010000000474974513	states																																	"    state_name
id            
7   stop_sound"
449937.818	4.088899999973364	trials	1.0	2.0	10.0	0.9445334427083125	0.0	0.15	True	4060.0	False	False	18767.0	False	Low	True	False	0.025	0.0	1.6048299132146149	1.5	9.0													
449937.818	4.088899999973364	processed_trials			10.0	0.9445334427083125					False				Low					1.6048299132146149		9.0	40.0	40.0	True	False	False	1.6047999999999996	1.6047999999999996	36.42602759261345	1.2979	-0.2405190569889762	Right	0.8216000000000001	
449937.818	1.2979000000050291	states																																	"       state_name
id               
3   wait_for_poke"
449939.11590000003	0.9444999999832362	states																																	"        state_name
id                
1   nose_in_center"
449940.0604	0.0020000000367872417	states																																	"   state_name
id           
5      go_cue"
449940.06240000005	1.604799999971874	states																																	"            state_name
id                    
6   wait_for_side_poke"
449941.6672	0.14789999998174608	states																																	"         state_name
id                 
4   announce_reward"
449941.8151	0.09170000004814938	states																																	"   state_name
id           
8      reward"
449941.90680000006	9.999994654208422e-05	states																																	"    state_name
id            
7   stop_sound"
449942.1949	4.520599999988917	trials	1.0	2.0	5.0	1.0176669013205084	0.0	0.15	True	4070.0	False	False	18768.0	False	Low	True	False	0.025	0.0	1.5564599629231657	1.5	9.0													
449942.1949	4.520599999988917	processed_trials			5.0	1.0176669013205084					False				Low					1.5564599629231657		9.0	40.0	40.0	True	False	False	1.5565000000000002	1.5565000000000002	36.42602759261345	1.8369000000000002	-0.1948884367753962	Left	1.0591000000000004	
449942.1949	1.8368999999947846	states																																	"       state_name
id               
3   wait_for_poke"
449944.0318	1.0177000000257976	states																																	"        state_name
id                
1   nose_in_center"
449945.0495	0.001999999978579581	states																																	"   state_name
id           
5      go_cue"
449945.0515	1.5565000000060536	states																																	"            state_name
id                    
6   wait_for_side_poke"
449946.608	0.053499999979976565	states																																	"         state_name
id                 
4   announce_reward"
449946.6615	0.053899999998975545	states																																	"   state_name
id           
8      reward"
449946.7154	0.00010000000474974513	states																																	"    state_name
id            
7   stop_sound"
449947.004	3.3734999999869615	trials	1.0	2.0	10.0	0.9733871790107962	0.0	0.15	True	4075.0	False	False	18769.0	False	Low	True	False	0.025	0.0	1.55646	1.5	9.0													
449947.004	3.3734999999869615	processed_trials			10.0	0.9733871790107962					False				Low					1.55646		9.0	40.0	40.0	True	False	False	1.5565000000000002	1.5565000000000002	36.42602759261345	0.7395	-0.2877920408985552	Left	0.45230000000000004	
449947.004	0.7395000000251457	states																																	"       state_name
id               
3   wait_for_poke"
449947.74350000004	0.9733999999589287	states																																	"        state_name
id                
1   nose_in_center"
449948.7169	0.0020000000367872417	states																																	"   state_name
id           
5      go_cue"
449948.71890000004	1.5565000000060536	states																																	"            state_name
id                    
6   wait_for_side_poke"
449950.27540000004	0.01659999997355044	states																																	"         state_name
id                 
4   announce_reward"
449950.292	0.08539999998174608	states																																	"   state_name
id           
8      reward"
449950.3774	0.00010000000474974513	states																																	"    state_name
id            
7   stop_sound"
449950.6707	18.199099999968894	trials	1.0	2.0	5.0	0.9066475201000171	0.0	0.15	True	4085.0	True	False	18770.0	False	Low	True	False	0.025	0.0	100.0	1.5	9.0													
449950.6707	18.199099999968894	processed_trials			5.0	0.9066475201000171					True				Low					100.0		9.0	40.0	40.0	False	False	True	15.8904	15.8904	36.42602759261345	1.2	-0.24880706759919788	Right	0.5560999999999999	
449950.6707	1.2000000000116415	states																																	"       state_name
id               
3   wait_for_poke"
449951.8707	0.9065999999875203	states																																	"        state_name
id                
1   nose_in_center"
449952.7773	0.001999999978579581	states																																	"   state_name
id           
5      go_cue"
449952.7793	15.890400000032969	states																																	"            state_name
id                    
6   wait_for_side_poke"
449968.6697	0.20000000001164153	states																																	"   state_name
id           
0     opt_out"
449968.86970000004	0.00010000000474974513	states																																	"    state_name
id            
7   stop_sound"
449969.157	9.558099999965634	trials	1.0	2.0	20.0	1.0938874009762771	0.0	0.15	True	4085.0	False	False	18771.0	False	Low	True	False	0.025	0.0	5.046299054389536	1.5	9.0													
449969.157	9.558099999965634	processed_trials			20.0	1.0938874009762771					False				Low					5.046299054389536		9.0	40.0	40.0	True	False	False	5.046300000000001	5.046300000000001	36.42602759261345	2.9075	-0.104253664974545	Left	2.9075	
449969.157	2.9074999999720603	states																																	"       state_name
id               
3   wait_for_poke"
449972.0645	1.0939000000362284	states																																	"        state_name
id                
1   nose_in_center"
449973.1584	0.001999999978579581	states																																	"   state_name
id           
5      go_cue"
449973.1604	5.046299999987241	states																																	"            state_name
id                    
6   wait_for_side_poke"
449978.2067	0.35940000001573935	states																																	"         state_name
id                 
4   announce_reward"
449978.5661	0.14890000002924353	states																																	"   state_name
id           
8      reward"
449978.715	0.00010000000474974513	states																																	"    state_name
id            
7   stop_sound"
449978.9996	9.371600000013132	trials	1.0	2.0	20.0	1.1504369830677428	0.0	0.15	True	4105.0	False	False	18772.0	False	Low	True	False	0.025	0.0	6.180995636154801	1.5	9.0													
449978.9996	9.371600000013132	processed_trials			20.0	1.1504369830677428					False				Low					6.180995636154801		9.0	40.0	40.0	True	False	False	6.180999999999999	6.180999999999999	36.42602759261345	1.8735	-0.1917899568128414	Left	0.9116	
449978.9996	1.8734999999869615	states																																	"       state_name
id               
3   wait_for_poke"
449980.87309999997	1.1503999999840744	states																																	"        state_name
id                
1   nose_in_center"
449982.02349999995	0.0020000000367872417	states																																	"   state_name
id           
5      go_cue"
449982.0255	6.180999999982305	states																																	"            state_name
id                    
6   wait_for_side_poke"
449988.2065	0.015699999989010394	states																																	"         state_name
id                 
4   announce_reward"
449988.22219999996	0.14890000002924353	states																																	"   state_name
id           
8      reward"
449988.3711	0.00010000000474974513	states																																	"    state_name
id            
7   stop_sound"
449988.6582	3.6481999999959953	trials	1.0	2.0	10.0	1.1853083089168177	0.0	0.15	True	4125.0	False	False	18773.0	False	Low	True	False	0.025	0.0	0.15097164028645926	1.5	9.0													
449988.6582	3.6481999999959953	processed_trials			10.0	1.1853083089168177					False				Low					0.15097164028645926		9.0	40.0	40.0	True	False	False	0.15100000000000025	0.15100000000000025	36.42602759261345	1.8771	-0.19148518829193437	Right	0.8988999999999999	
449988.6582	1.8770999999833293	states																																	"       state_name
id               
3   wait_for_poke"
449990.5353	1.185300000011921	states																																	"        state_name
id                
1   nose_in_center"
449991.7206	0.001999999978579581	states																																	"   state_name
id           
5      go_cue"
449991.7226	0.15100000001257285	states																																	"            state_name
id                    
6   wait_for_side_poke"
449991.8736	0.34100000001490116	states																																	"         state_name
id                 
4   announce_reward"
449992.2146	0.09169999998994172	states																																	"   state_name
id           
8      reward"
449992.3063	0.00010000000474974513	states																																	"    state_name
id            
7   stop_sound"
449992.6016	2.8769999999785796	trials	1.0	2.0	5.0	1.193610410213253	0.0	0.15	True	4135.0	False	False	18774.0	False	Low	True	False	0.025	0.0	0.7984841206379989	1.5	9.0													
449992.6016	2.8769999999785796	processed_trials			5.0	1.193610410213253					False				Low					0.7984841206379989		9.0	40.0	40.0	False	False	True	0.6264000000000003	0.6264000000000003	36.42602759261345	0.8549	-0.2780225166450355	Left	0.8062	
449992.6016	0.8548999999766238	states																																	"       state_name
id               
3   wait_for_poke"
449993.4565	1.1935999999986961	states																																	"        state_name
id                
1   nose_in_center"
449994.65009999997	0.0020000000367872417	states																																	"   state_name
id           
5      go_cue"
449994.6521	0.6264000000082888	states																																	"            state_name
id                    
6   wait_for_side_poke"
449995.2785	0.19999999995343387	states																																	"   state_name
id           
0     opt_out"
449995.47849999997	0.00010000000474974513	states																																	"    state_name
id            
7   stop_sound"
449995.7707	2.538700000033714	trials	1.0	2.0	20.0	0.8592320136902711	0.0	0.15	True	4135.0	False	False	18775.0	False	Low	True	False	0.025	0.0	0.7958793626924722	1.5	9.0													
449995.7707	2.538700000033714	processed_trials			20.0	0.8592320136902711					False				Low					0.7958793626924722		9.0	40.0	40.0	True	False	False	0.7959000000000003	0.7959000000000003	36.42602759261345	0.6362000000000001	-0.2965372042901374	Right	0.6362000000000001	
449995.7707	0.6362000000081025	states																																	"       state_name
id               
3   wait_for_poke"
449996.4069	0.8592000000062399	states																																	"        state_name
id                
1   nose_in_center"
449997.2661	0.001999999978579581	states																																	"   state_name
id           
5      go_cue"
449997.2681	0.7959000000264496	states																																	"            state_name
id                    
6   wait_for_side_poke"
449998.064	0.0866999999852851	states																																	"         state_name
id                 
4   announce_reward"
449998.1507	0.15860000002430752	states																																	"   state_name
id           
8      reward"
449998.3093	9.999994654208422e-05	states																																	"    state_name
id            
7   stop_sound"
449998.6038	4.633200000040233	trials	1.0	2.0	5.0	1.1696220644372206	0.0	0.15	True	4155.0	False	False	18776.0	False	Low	True	False	0.025	0.0	0.3735725190245504	1.5	9.0													
449998.6038	4.633200000040233	processed_trials			5.0	1.1696220644372206					False				Low					0.3735725190245504		9.0	40.0	40.0	True	False	False	0.37360000000000015	0.37360000000000015	36.42602759261345	2.4813	-0.14033487153303814	Left	1.9403000000000001	
449998.6038	2.4812999999849126	states																																	"       state_name
id               
3   wait_for_poke"
450001.08509999997	1.1696000000229105	states																																	"        state_name
id                
1   nose_in_center"
450002.2547	0.001999999978579581	states																																	"   state_name
id           
5      go_cue"
450002.25669999997	0.37359999999171123	states																																	"            state_name
id                    
6   wait_for_side_poke"
450002.63029999996	0.5527000000001863	states																																	"         state_name
id                 
4   announce_reward"
450003.18299999996	0.053899999998975545	states																																	"   state_name
id           
8      reward"
450003.23689999996	0.00010000000474974513	states																																	"    state_name
id            
7   stop_sound"
450003.5275	2.847799999988638	trials	1.0	2.0	20.0	0.8141221076605643	0.0	0.15	True	4160.0	True	False	18777.0	False	Low	True	False	0.025	0.0	100.0	1.5	9.0													
450003.5275	2.847799999988638	processed_trials			20.0	0.8141221076605643					True				Low					100.0		9.0	40.0	40.0	False	True	False			36.42602759261345	0.8167000000000001	-0.281256449283549	Left	0.6738000000000001	
450003.5275	0.8167000000248663	states																																	"       state_name
id               
3   wait_for_poke"
450004.34420000005	0.031099999963771552	states																																	"        state_name
id                
1   nose_in_center"
450004.3753	2.0	states																																	"          state_name
id                  
2   punish_violation"
450006.6658	7.755199999955948	trials	1.0	2.0	20.0	1.037190515151092	0.0	0.15	True	4160.0	False	False	18778.0	False	Low	True	True	0.025	0.0	6.398696872929533	1.5	9.0													
450006.6658	7.755199999955948	processed_trials			20.0	1.037190515151092					False				Low					6.398696872929533		9.0	40.0	40.0	True	False	False	6.3987	6.3987	36.42602759261345	0.1107	-0.3410249425503162	Left	0.1107	
450006.6658	0.11070000001927838	states																																	"       state_name
id               
3   wait_for_poke"
450006.77650000004	1.0371999999624677	states																																	"        state_name
id                
1   nose_in_center"
450007.8137	0.0020000000367872417	states																																	"   state_name
id           
5      go_cue"
450007.81570000004	6.398699999961536	states																																	"            state_name
id                    
6   wait_for_side_poke"
450014.2144	0.05760000000009313	states																																	"         state_name
id                 
4   announce_reward"
450014.272	0.14890000002924353	states																																	"   state_name
id           
8      reward"
450014.4209	0.00010000000474974513	states																																	"    state_name
id            
7   stop_sound"
450014.7161	6.636399999959394	trials	1.0	2.0	5.0	0.9449198834342382	0.0	0.15	True	4180.0	False	False	18779.0	False	Low	True	False	0.025	0.0	3.1386640010808105	1.5	9.0													
450014.7161	6.636399999959394	processed_trials			5.0	0.9449198834342382					False				Low					3.1386640010808105		9.0	40.0	40.0	True	False	False	3.1387	3.1387	36.42602759261345	2.3339000000000003	-0.15281344930573146	Right	0.8187000000000002	
450014.7161	2.3339000000269152	states																																	"       state_name
id               
3   wait_for_poke"
450017.05000000005	0.9448999999440275	states																																	"        state_name
id                
1   nose_in_center"
450017.9949	0.0020000000367872417	states																																	"   state_name
id           
5      go_cue"
450017.9969	3.138700000010431	states																																	"            state_name
id                    
6   wait_for_side_poke"
450021.13560000004	0.15839999995660037	states																																	"         state_name
id                 
4   announce_reward"
450021.294	0.05840000003809109	states																																	"   state_name
id           
8      reward"
450021.35240000003	0.00010000000474974513	states																																	"    state_name
id            
7   stop_sound"
450021.6485	4.166800000006333	trials	1.0	2.0	20.0	1.098014590638822	0.0	0.15	True	4185.0	False	False	18780.0	False	Low	True	False	0.025	0.0	0.7519464265777702	1.5	9.0													
450021.6485	4.166800000006333	processed_trials			20.0	1.098014590638822					False				Low					0.7519464265777702		9.0	40.0	40.0	True	False	False	0.7519	0.7519	36.42602759261345	1.5742	-0.2171280730093618	Right	1.1912	
450021.6485	1.5741999999736436	states																																	"       state_name
id               
3   wait_for_poke"
450023.2227	1.0979999999981374	states																																	"        state_name
id                
1   nose_in_center"
450024.3207	0.0020000000367872417	states																																	"   state_name
id           
5      go_cue"
450024.3227	0.7518999999738298	states																																	"            state_name
id                    
6   wait_for_side_poke"
450025.0746	0.5819999999948777	states																																	"         state_name
id                 
4   announce_reward"
450025.6566	0.15860000002430752	states																																	"   state_name
id           
8      reward"
450025.8152	0.00010000000474974513	states																																	"    state_name
id            
7   stop_sound"
450026.1132	22.645799999998417	trials	1.0	2.0	20.0	0.8943659981337263	0.0	0.15	True	4205.0	True	False	18781.0	False	Low	True	False	0.025	0.0	100.0	1.5	9.0													
450026.1132	22.645799999998417	processed_trials			20.0	0.8943659981337263					True				Low					100.0		9.0	40.0	40.0	False	False	True	19.4234	19.4234	36.42602759261345	2.1259	-0.17042229718035976	Right	1.5447000000000002	
450026.1132	2.12589999998454	states																																	"       state_name
id               
3   wait_for_poke"
450028.2391	0.894399999990128	states																																	"        state_name
id                
1   nose_in_center"
450029.1335	0.0020000000367872417	states																																	"   state_name
id           
5      go_cue"
450029.13550000003	19.42339999997057	states																																	"            state_name
id                    
6   wait_for_side_poke"
450048.5589	0.20000000001164153	states																																	"   state_name
id           
0     opt_out"
450048.7589	0.00010000000474974513	states																																	"    state_name
id            
7   stop_sound"
450049.0564	6.994699999981094	trials	1.0	2.0	20.0	0.8798661441676451	0.0	0.15	True	4205.0	False	False	18782.0	False	Low	True	False	0.025	0.0	4.722714645815231	1.5	9.0													
450049.0564	6.994699999981094	processed_trials			20.0	0.8798661441676451					False				Low					4.722714645815231		9.0	40.0	40.0	True	False	False	4.7227	4.7227	36.42602759261345	0.7266	-0.2888841280984721	Right	0.7266	
450049.0564	0.7265999999945052	states																																	"       state_name
id               
3   wait_for_poke"
450049.783	0.8798999999999069	states																																	"        state_name
id                
1   nose_in_center"
450050.6629	0.001999999978579581	states																																	"   state_name
id           
5      go_cue"
450050.6649	4.722700000042096	states																																	"            state_name
id                    
6   wait_for_side_poke"
450055.3876	0.5047999999951571	states																																	"         state_name
id                 
4   announce_reward"
450055.8924	0.15859999996609986	states																																	"   state_name
id           
8      reward"
450056.051	0.00010000000474974513	states																																	"    state_name
id            
7   stop_sound"
450056.3504	4.210399999981746	trials	1.0	2.0	20.0	0.9380710191309809	0.0	0.15	True	4225.0	False	False	18783.0	False	Low	True	False	0.025	0.0	0.5078575665045392	1.5	9.0													
450056.3504	4.210399999981746	processed_trials			20.0	0.9380710191309809					False				Low					0.5078575665045392		9.0	40.0	40.0	True	False	False	0.5079000000000002	0.5079000000000002	36.42602759261345	2.4011	-0.14712443691546695	Left	1.9027	
450056.3504	2.4011000000173226	states																																	"       state_name
id               
3   wait_for_poke"
450058.7515	0.9380999999702908	states																																	"        state_name
id                
1   nose_in_center"
450059.6896	0.0020000000367872417	states																																	"   state_name
id           
5      go_cue"
450059.6916	0.5078999999677762	states																																	"            state_name
id                    
6   wait_for_side_poke"
450060.1995	0.21230000001378357	states																																	"         state_name
id                 
4   announce_reward"
450060.4118	0.14889999997103587	states																																	"   state_name
id           
8      reward"
450060.5607	0.00010000000474974513	states																																	"    state_name
id            
7   stop_sound"
450060.8571	50.54649999999674	trials	1.0	2.0	20.0	1.0987084413564958	0.0	0.15	True	4245.0	False	False	18784.0	False	Low	True	False	0.025	0.0	0.9727185657879271	1.5	9.0													
450060.8571	50.54649999999674	processed_trials			20.0	1.0987084413564958					False				Low					0.9727185657879271		9.0	40.0	40.0	True	False	False	0.9726999999999961	0.9726999999999961	36.42602759261345	48.2176	3.731605268122547	Left	47.783899999999996	
450060.8571	48.21759999997448	states																																	"       state_name
id               
3   wait_for_poke"
450109.0747	1.0987000000313856	states																																	"        state_name
id                
1   nose_in_center"
450110.1734	0.001999999978579581	states																																	"   state_name
id           
5      go_cue"
450110.1754	0.9727000000420958	states																																	"            state_name
id                    
6   wait_for_side_poke"
450111.14810000005	0.10649999999441206	states																																	"         state_name
id                 
4   announce_reward"
450111.25460000004	0.14889999997103587	states																																	"   state_name
id           
8      reward"
450111.4035	0.00010000000474974513	states																																	"    state_name
id            
7   stop_sound"
450111.7054	4.628900000010617	trials	1.0	2.0	10.0	0.8078208443009713	0.0	0.15	True	4265.0	False	False	18785.0	False	Low	True	False	0.025	0.0	0.97271857	1.5	9.0													
450111.7054	4.628900000010617	processed_trials			10.0	0.8078208443009713					False				Low					0.97271857		9.0	40.0	40.0	True	False	False	0.9727000000000001	0.9727000000000001	36.42602759261345	2.7117	-0.12082968619498836	Left	1.7577	
450111.7054	2.711699999985285	states																																	"       state_name
id               
3   wait_for_poke"
450114.41709999996	0.8078000000095926	states																																	"        state_name
id                
1   nose_in_center"
450115.2249	0.001999999978579581	states																																	"   state_name
id           
5      go_cue"
450115.22689999995	0.9727000000420958	states																																	"            state_name
id                    
6   wait_for_side_poke"
450116.1996	0.04920000000856817	states																																	"         state_name
id                 
4   announce_reward"
450116.2488	0.08539999998174608	states																																	"   state_name
id           
8      reward"
450116.3342	0.00010000000474974513	states																																	"    state_name
id            
7   stop_sound"
450116.6556	2.75089999998454	trials	1.0	2.0	10.0	1.061162861199862	0.0	0.15	True	4275.0	False	False	18786.0	False	Low	True	False	0.025	0.0	0.7673996739787943	1.5	9.0													
450116.6556	2.75089999998454	processed_trials			10.0	1.061162861199862					False				Low					0.7673996739787943		9.0	40.0	40.0	False	True	False			36.42602759261345	0.7283	-0.288740209630266	Left	0.3813	
450116.6556	0.7283000000170432	states																																	"       state_name
id               
3   wait_for_poke"
450117.3839	0.022599999967496842	states																																	"        state_name
id                
1   nose_in_center"
450117.4065	2.0	states																																	"          state_name
id                  
2   punish_violation"
450119.7403	3.989000000001397	trials	1.0	2.0	10.0	1.0611629	0.0	0.15	True	4275.0	False	False	18787.0	False	Low	True	True	0.025	0.0	3.7666377374356093	1.5	9.0													
450119.7403	3.989000000001397	processed_trials			10.0	1.0611629					False				Low					3.7666377374356093		9.0	40.0	40.0	False	True	False			36.42602759261345	0.9677	-0.26847310298994864	Right	0.9677	
450119.7403	0.9676999999792315	states																																	"       state_name
id               
3   wait_for_poke"
450120.708	1.0213000000221655	states																																	"        state_name
id                
1   nose_in_center"
450121.7293	2.0	states																																	"          state_name
id                  
2   punish_violation"
450124.0361	6.5896999999531545	trials	1.0	2.0	10.0	0.9053993907126126	0.0	0.15	True	4275.0	False	False	18788.0	False	Low	True	True	0.025	0.0	0.8716718251913216	1.5	9.0													
450124.0361	6.5896999999531545	processed_trials			10.0	0.9053993907126126					False				Low					0.8716718251913216		9.0	40.0	40.0	True	False	False	0.8717000000000006	0.8717000000000006	36.42602759261345	4.6846000000000005	0.046191929054310465	Left	4.6846000000000005	
450124.0361	4.684599999978673	states																																	"       state_name
id               
3   wait_for_poke"
450128.7207	0.9054000000469387	states																																	"        state_name
id                
1   nose_in_center"
450129.62610000005	0.001999999978579581	states																																	"   state_name
id           
5      go_cue"
450129.62810000003	0.8717000000178814	states																																	"            state_name
id                    
6   wait_for_side_poke"
450130.49980000005	0.04050000000279397	states																																	"         state_name
id                 
4   announce_reward"
450130.54030000005	0.08539999998174608	states																																	"   state_name
id           
8      reward"
450130.62570000003	0.00010000000474974513	states																																	"    state_name
id            
7   stop_sound"
450130.929	5.700399999972433	trials	1.0	2.0	5.0	1.1607856468198074	0.0	0.15	True	4285.0	False	False	18789.0	False	Low	True	False	0.025	0.0	0.87167183	1.5	9.0													
450130.929	5.700399999972433	processed_trials			5.0	1.1607856468198074					False				Low					0.87167183		9.0	40.0	40.0	False	True	False			36.42602759261345	3.5151	-0.052815511279236615	Left	2.5937	
450130.929	3.5151000000187196	states																																	"       state_name
id               
3   wait_for_poke"
450134.4441	0.18529999995371327	states																																	"        state_name
id                
1   nose_in_center"
450134.6294	2.0	states																																	"          state_name
id                  
2   punish_violation"
450136.9286	2.5016000000177883	trials	1.0	2.0	5.0	1.1607856	0.0	0.15	True	4285.0	False	False	18790.0	False	Low	True	True	0.025	0.0	0.7906309826438241	1.5	9.0													
450136.9286	2.5016000000177883	processed_trials			5.0	1.1607856					False				Low					0.7906309826438241		9.0	40.0	40.0	False	True	False			36.42602759261345	0.3945	-0.3169990241521454	Left	0.3945	
450136.9286	0.3944999999948777	states																																	"       state_name
id               
3   wait_for_poke"
450137.3231	0.10710000002291054	states																																	"        state_name
id                
1   nose_in_center"
450137.4302	2.0	states																																	"          state_name
id                  
2   punish_violation"
450139.7297	4.231599999999162	trials	1.0	2.0	5.0	0.8476297781683657	0.0	0.15	True	4285.0	False	False	18791.0	False	Low	True	True	0.025	0.0	0.6335405327688183	1.5	9.0													
450139.7297	4.231599999999162	processed_trials			5.0	0.8476297781683657					False				Low					0.6335405327688183		9.0	40.0	40.0	True	False	False	0.6335000000000011	0.6335000000000011	36.42602759261345	2.653	-0.12579910624422241	Left	2.653	
450139.7297	2.6529999999911524	states																																	"       state_name
id               
3   wait_for_poke"
450142.3827	0.847600000037346	states																																	"        state_name
id                
1   nose_in_center"
450143.23030000005	0.001999999978579581	states																																	"   state_name
id           
5      go_cue"
450143.23230000003	0.6334999999962747	states																																	"            state_name
id                    
6   wait_for_side_poke"
450143.8658	0.04149999999208376	states																																	"         state_name
id                 
4   announce_reward"
450143.9073	0.053899999998975545	states																																	"   state_name
id           
8      reward"
450143.9612	0.00010000000474974513	states																																	"    state_name
id            
7   stop_sound"
450144.2688	41.13919999997597	trials	1.0	2.0	10.0	1.06408968815133	0.0	0.15	True	4290.0	False	False	18792.0	False	Low	True	False	0.025	0.0	8.421567389761714	1.5	9.0													
450144.2688	41.13919999997597	processed_trials			10.0	1.06408968815133					False				Low					8.421567389761714		9.0	40.0	40.0	False	True	False			36.42602759261345	38.9645	2.948257045676763	Left	35.2346	
450144.2688	38.96450000000186	states																																	"       state_name
id               
3   wait_for_poke"
450183.2333	0.17469999997410923	states																																	"        state_name
id                
1   nose_in_center"
450183.408	2.0	states																																	"          state_name
id                  
2   punish_violation"
450185.7146	20.54670000000624	trials	1.0	2.0	10.0	0.9014088553049887	0.0	0.15	True	4290.0	False	False	18793.0	False	Low	True	True	0.025	0.0	2.127145491686383	1.5	9.0													
450185.7146	20.54670000000624	processed_trials			10.0	0.9014088553049887					False				Low					2.127145491686383		9.0	40.0	40.0	True	False	False	2.127099999999995	2.127099999999995	36.42602759261345	17.235799999999998	1.1087504456121686	Right	17.235799999999998	
450185.7146	17.235800000024028	states																																	"       state_name
id               
3   wait_for_poke"
450202.95040000003	0.9013999999733642	states																																	"        state_name
id                
1   nose_in_center"
450203.8518	0.001999999978579581	states																																	"   state_name
id           
5      go_cue"
450203.8538	2.127100000041537	states																																	"            state_name
id                    
6   wait_for_side_poke"
450205.9809	0.18859999999403954	states																																	"         state_name
id                 
4   announce_reward"
450206.1695	0.09169999998994172	states																																	"   state_name
id           
8      reward"
450206.2612	0.00010000000474974513	states																																	"    state_name
id            
7   stop_sound"
450206.5715	4.6978999999701045	trials	1.0	2.0	5.0	0.909063756571375	0.0	0.15	True	4300.0	False	False	18794.0	False	Low	True	False	0.025	0.0	2.090195290400561	1.5	9.0													
450206.5715	4.6978999999701045	processed_trials			5.0	0.909063756571375					False				Low					2.090195290400561		9.0	40.0	40.0	True	False	False	2.0902	2.0902	36.42602759261345	1.6237000000000001	-0.21293750584689014	Right	0.9272000000000001	
450206.5715	1.623699999996461	states																																	"       state_name
id               
3   wait_for_poke"
450208.1952	0.9090999999898486	states																																	"        state_name
id                
1   nose_in_center"
450209.1043	0.0020000000367872417	states																																	"   state_name
id           
5      go_cue"
450209.10630000004	2.090199999976903	states																																	"            state_name
id                    
6   wait_for_side_poke"
450211.1965	0.014399999985471368	states																																	"         state_name
id                 
4   announce_reward"
450211.2109	0.05840000003809109	states																																	"   state_name
id           
8      reward"
450211.26930000004	0.00010000000474974513	states																																	"    state_name
id            
7   stop_sound"
450211.5752	3.7133000000030734	trials	1.0	2.0	5.0	1.0457514270562287	0.0	0.15	True	4305.0	False	False	18795.0	False	Low	True	False	0.025	0.0	2.0901953	1.5	9.0													
450211.5752	3.7133000000030734	processed_trials			5.0	1.0457514270562287					False				Low					2.0901953		9.0	40.0	40.0	False	True	False			36.42602759261345	1.5717999999999999	-0.21733125202329986	Right	1.3022999999999998	
450211.5752	1.571799999976065	states																																	"       state_name
id               
3   wait_for_poke"
450213.147	0.14150000002700835	states																																	"        state_name
id                
1   nose_in_center"
450213.2885	2.0	states																																	"          state_name
id                  
2   punish_violation"
450215.5946	2.8003000000026077	trials	1.0	2.0	5.0	0.9252324263197355	0.0	0.15	True	4305.0	False	False	18796.0	False	Low	True	True	0.025	0.0	1.1261338562371377	1.5	9.0													
450215.5946	2.8003000000026077	processed_trials			5.0	0.9252324263197355					False				Low					1.1261338562371377		9.0	40.0	40.0	False	True	False			36.42602759261345	0.6688	-0.29377735601747934	Right	0.6688	
450215.5946	0.6687999999849126	states																																	"       state_name
id               
3   wait_for_poke"
450216.2634	0.13150000001769513	states																																	"        state_name
id                
1   nose_in_center"
450216.3949	2.0	states																																	"          state_name
id                  
2   punish_violation"
450218.6986	4.785299999988638	trials	1.0	2.0	5.0	1.0681719430309755	0.0	0.15	True	4305.0	False	False	18797.0	False	Low	True	True	0.025	0.0	1.1261339	1.5	9.0													
450218.6986	4.785299999988638	processed_trials			5.0	1.0681719430309755					False				Low					1.1261339		9.0	40.0	40.0	False	True	False			36.42602759261345	2.0673000000000004	-0.17538325143734634	Left	2.0673000000000004	
450218.6986	2.067299999995157	states																																	"       state_name
id               
3   wait_for_poke"
450220.7659	0.7179999999934807	states																																	"        state_name
id                
1   nose_in_center"
450221.4839	2.0	states																																	"          state_name
id                  
2   punish_violation"
450223.7924	13.600000000034925	trials	1.0	2.0	5.0	1.0681719	0.0	0.15	True	4305.0	False	False	18798.0	False	Low	True	True	0.025	0.0	1.7899246429393996	1.5	9.0													
450223.7924	13.600000000034925	processed_trials			5.0	1.0681719					False				Low					1.7899246429393996		9.0	40.0	40.0	True	False	False	1.7898999999999994	1.7898999999999994	36.42602759261345	10.5719	0.5445985160365177	Left	10.5719	
450223.7924	10.571899999980815	states																																	"       state_name
id               
3   wait_for_poke"
450234.36429999996	1.0682000000379048	states																																	"        state_name
id                
1   nose_in_center"
450235.4325	0.001999999978579581	states																																	"   state_name
id           
5      go_cue"
450235.4345	1.7898999999742955	states																																	"            state_name
id                    
6   wait_for_side_poke"
450237.22439999995	0.11400000000139698	states																																	"         state_name
id                 
4   announce_reward"
450237.33839999995	0.053899999998975545	states																																	"   state_name
id           
8      reward"
450237.39229999995	0.00010000000474974513	states																																	"    state_name
id            
7   stop_sound"
450237.7018	8.274600000004284	trials	1.0	2.0	10.0	1.0866411730173073	0.0	0.15	True	4310.0	False	False	18799.0	False	Low	True	False	0.025	0.0	3.918967088890098	1.5	9.0													
450237.7018	8.274600000004284	processed_trials			10.0	1.0866411730173073					False				Low					3.918967088890098		9.0	40.0	40.0	True	False	False	3.918999999999999	3.918999999999999	36.42602759261345	2.1383	-0.16937253894168	Left	1.7099000000000002	
450237.7018	2.138299999991432	states																																	"       state_name
id               
3   wait_for_poke"
450239.8401	1.0865999999805354	states																																	"        state_name
id                
1   nose_in_center"
450240.92669999995	0.0020000000367872417	states																																	"   state_name
id           
5      go_cue"
450240.9287	3.918999999994412	states																																	"            state_name
id                    
6   wait_for_side_poke"
450244.8477	1.0432000000146218	states																																	"         state_name
id                 
4   announce_reward"
450245.8909	0.08539999998174608	states																																	"   state_name
id           
8      reward"
450245.9763	0.00010000000474974513	states																																	"    state_name
id            
7   stop_sound"
450246.2822	3.291999999957625	trials	1.0	2.0	10.0	1.1482267232745273	0.0	0.15	True	4320.0	False	False	18800.0	False	Low	True	False	0.025	0.0	6.231138672479512	1.5	9.0													
450246.2822	3.291999999957625	processed_trials			10.0	1.1482267232745273					False				Low					6.231138672479512		9.0	40.0	40.0	False	True	False			36.42602759261345	1.0859	-0.2584665365535012	Left	0.6045	
450246.2822	1.0859000000054948	states																																	"       state_name
id               
3   wait_for_poke"
450247.3681	0.20610000001033768	states																																	"        state_name
id                
1   nose_in_center"
450247.57420000003	2.0	states																																	"          state_name
id                  
2   punish_violation"
450249.8816	22.318499999993946	trials	1.0	2.0	10.0	0.8533877101112871	0.0	0.15	True	4320.0	False	False	18801.0	False	Low	True	True	0.025	0.0	0.07035417034243885	1.5	9.0													
450249.8816	22.318499999993946	processed_trials			10.0	0.8533877101112871					False				Low					0.07035417034243885		9.0	40.0	40.0	True	False	False	0.07039999999999935	0.07039999999999935	36.42602759261345	20.889599999999998	1.4180735627483072	Right	20.889599999999998	
450249.8816	20.88959999999497	states																																	"       state_name
id               
3   wait_for_poke"
450270.7712	0.853400000021793	states																																	"        state_name
id                
1   nose_in_center"
450271.62460000004	0.001999999978579581	states																																	"   state_name
id           
5      go_cue"
450271.6266	0.0704000000259839	states																																	"            state_name
id                    
6   wait_for_side_poke"
450271.69700000004	0.41129999997792765	states																																	"         state_name
id                 
4   announce_reward"
450272.1083	0.09169999998994172	states																																	"   state_name
id           
8      reward"
450272.2	0.00010000000474974513	states																																	"    state_name
id            
7   stop_sound"
450272.5093	7.251400000008289	trials	1.0	2.0	10.0	1.1871796441378157	0.0	0.15	True	4330.0	False	False	18802.0	False	Low	True	False	0.025	0.0	4.805269537279589	1.5	9.0													
450272.5093	7.251400000008289	processed_trials			10.0	1.1871796441378157					False				Low					4.805269537279589		9.0	40.0	40.0	True	False	False	4.805300000000001	4.805300000000001	36.42602759261345	1.0156	-0.2644179885034357	Left	0.9851000000000001	
450272.5093	1.0155999999842606	states																																	"       state_name
id               
3   wait_for_poke"
450273.52489999996	1.1872000000439584	states																																	"        state_name
id                
1   nose_in_center"
450274.7121	0.001999999978579581	states																																	"   state_name
id           
5      go_cue"
450274.7141	4.805300000007264	states																																	"            state_name
id                    
6   wait_for_side_poke"
450279.5194	0.15580000000772998	states																																	"         state_name
id                 
4   announce_reward"
450279.6752	0.08539999998174608	states																																	"   state_name
id           
8      reward"
450279.7606	0.00010000000474974513	states																																	"    state_name
id            
7   stop_sound"
450280.0722	7.1081000000122	trials	1.0	2.0	10.0	1.1871796	0.0	0.15	True	4340.0	False	False	18803.0	False	Low	True	False	0.025	0.0	9.563599332169364	1.5	9.0													
450280.0722	7.1081000000122	processed_trials			10.0	1.1871796					False				Low					9.563599332169364		9.0	40.0	40.0	False	True	False			36.42602759261345	3.9227	-0.018308942078763112	Left	2.5511	
450280.0722	3.9226999999955297	states																																	"       state_name
id               
3   wait_for_poke"
450283.9949	1.1854000000166707	states																																	"        state_name
id                
1   nose_in_center"
450285.1803	2.0	states																																	"          state_name
id                  
2   punish_violation"
450287.4932	2.511499999964144	trials	1.0	2.0	10.0	1.1870620345272833	0.0	0.15	True	4340.0	False	False	18804.0	False	Low	True	True	0.025	0.0	3.5088953607673505	1.5	9.0													
450287.4932	2.511499999964144	processed_trials			10.0	1.1870620345272833					False				Low					3.5088953607673505		9.0	40.0	40.0	False	True	False			36.42602759261345	0.395	-0.3169566951909083	Right	0.395	
450287.4932	0.39500000001862645	states																																	"       state_name
id               
3   wait_for_poke"
450287.88820000004	0.11650000000372529	states																																	"        state_name
id                
1   nose_in_center"
450288.00470000005	2.0	states																																	"          state_name
id                  
2   punish_violation"
450290.3184	11.571400000015274	trials	1.0	2.0	10.0	0.8608883831540286	0.0	0.15	True	4340.0	False	False	18805.0	False	Low	True	True	0.025	0.0	1.717554616406888	1.5	9.0													
450290.3184	11.571400000015274	processed_trials			10.0	0.8608883831540286					False				Low					1.717554616406888		9.0	40.0	40.0	True	False	False	1.717600000000001	1.717600000000001	36.42602759261345	8.8026	0.39481325380296084	Left	8.8026	
450290.3184	8.802599999995437	states																																	"       state_name
id               
3   wait_for_poke"
450299.121	0.8609000000287779	states																																	"        state_name
id                
1   nose_in_center"
450299.9819	0.001999999978579581	states																																	"   state_name
id           
5      go_cue"
450299.9839	1.7175999999744818	states																																	"            state_name
id                    
6   wait_for_side_poke"
450301.70149999997	0.10280000005150214	states																																	"         state_name
id                 
4   announce_reward"
450301.8043	0.08539999998174608	states																																	"   state_name
id           
8      reward"
450301.8897	0.00010000000474974513	states																																	"    state_name
id            
7   stop_sound"
450302.2084	5.244300000020303	trials	1.0	2.0	10.0	1.1503023131417698	0.0	0.15	True	4350.0	False	False	18806.0	False	Low	True	False	0.025	0.0	2.1837703927209433	1.5	9.0													
450302.2084	5.244300000020303	processed_trials			10.0	1.1503023131417698					False				Low					2.1837703927209433		9.0	40.0	40.0	True	False	False	2.1838	2.1838	36.42602759261345	1.3758	-0.23392420482823803	Left	0.8013999999999999	
450302.2084	1.3757999999797903	states																																	"       state_name
id               
3   wait_for_poke"
450303.5842	1.1503000000375323	states																																	"        state_name
id                
1   nose_in_center"
450304.7345	0.001999999978579581	states																																	"   state_name
id           
5      go_cue"
450304.7365	2.1837999999988824	states																																	"            state_name
id                    
6   wait_for_side_poke"
450306.9203	0.44689999998081475	states																																	"         state_name
id                 
4   announce_reward"
450307.3672	0.08540000003995374	states																																	"   state_name
id           
8      reward"
450307.4526	0.00010000000474974513	states																																	"    state_name
id            
7   stop_sound"
450307.7686	34.3403999999864	trials	1.0	2.0	10.0	1.0744399888838907	0.0	0.15	True	4360.0	False	False	18807.0	False	Low	True	False	0.025	0.0	0.4641277767262211	1.5	9.0													
450307.7686	34.3403999999864	processed_trials			10.0	1.0744399888838907					False				Low					0.4641277767262211		9.0	40.0	40.0	True	False	False	0.46410000000000196	0.46410000000000196	36.42602759261345	32.6128	2.410535319497549	Left	32.6128	
450307.7686	32.61280000000261	states																																	"       state_name
id               
3   wait_for_poke"
450340.3814	1.074399999983143	states																																	"        state_name
id                
1   nose_in_center"
450341.4558	0.0020000000367872417	states																																	"   state_name
id           
5      go_cue"
450341.45780000003	0.46409999998286366	states																																	"            state_name
id                    
6   wait_for_side_poke"
450341.9219	0.1015999999945052	states																																	"         state_name
id                 
4   announce_reward"
450342.0235	0.08539999998174608	states																																	"   state_name
id           
8      reward"
450342.1089	0.00010000000474974513	states																																	"    state_name
id            
7   stop_sound"
450342.4292	22.397499999962747	trials	1.0	2.0	20.0	0.8341939550316743	0.0	0.15	True	4370.0	True	False	18808.0	False	Low	True	False	0.025	0.0	100.0	1.5	9.0													
450342.4292	22.397499999962747	processed_trials			20.0	0.8341939550316743					True				Low					100.0		9.0	40.0	40.0	False	False	True	17.643600000000003	17.643600000000003	36.42602759261345	3.7176	-0.03567228197821628	Left	2.3023	
450342.4292	3.7175999999744818	states																																	"       state_name
id               
3   wait_for_poke"
450346.1468	0.8342000000411645	states																																	"        state_name
id                
1   nose_in_center"
450346.981	0.001999999978579581	states																																	"   state_name
id           
5      go_cue"
450346.983	17.643600000010338	states																																	"            state_name
id                    
6   wait_for_side_poke"
450364.6266	0.20000000001164153	states																																	"   state_name
id           
0     opt_out"
450364.82660000003	0.00010000000474974513	states																																	"    state_name
id            
7   stop_sound"
450365.1486	3.180999999982305	trials	1.0	2.0	10.0	1.1989471045645381	0.0	0.15	True	4370.0	False	False	18809.0	False	Low	True	False	0.025	0.0	1.389986723472501	1.5	9.0													
450365.1486	3.180999999982305	processed_trials			10.0	1.1989471045645381					False				Low					1.389986723472501		9.0	40.0	40.0	True	False	False	1.39	1.39	36.42602759261345	0.1697	-0.33603012512433983	Left	0.1697	
450365.1486	0.16970000002766028	states																																	"       state_name
id               
3   wait_for_poke"
450365.31830000004	1.1988999999593943	states																																	"        state_name
id                
1   nose_in_center"
450366.5172	0.0020000000367872417	states																																	"   state_name
id           
5      go_cue"
450366.51920000004	1.3899999999557622	states																																	"            state_name
id                    
6   wait_for_side_poke"
450367.9092	0.334900000016205	states																																	"         state_name
id                 
4   announce_reward"
450368.2441	0.08539999998174608	states																																	"   state_name
id           
8      reward"
450368.3295	0.00010000000474974513	states																																	"    state_name
id            
7   stop_sound"
450368.646	5.1665999999968335	trials	1.0	2.0	10.0	0.9478040536185579	0.0	0.15	True	4380.0	False	False	18810.0	False	Low	True	False	0.025	0.0	2.761353755614752	1.5	9.0													
450368.646	5.1665999999968335	processed_trials			10.0	0.9478040536185579					False				Low					2.761353755614752		9.0	40.0	40.0	True	False	False	2.7614	2.7614	36.42602759261345	1.3307	-0.23774227713182328	Right	0.8078	
450368.646	1.3306999999913387	states																																	"       state_name
id               
3   wait_for_poke"
450369.9767	0.9478000000235625	states																																	"        state_name
id                
1   nose_in_center"
450370.9245	0.001999999978579581	states																																	"   state_name
id           
5      go_cue"
450370.9265	2.761400000017602	states																																	"            state_name
id                    
6   wait_for_side_poke"
450373.6879	0.0328999999910593	states																																	"         state_name
id                 
4   announce_reward"
450373.7208	0.09169999998994172	states																																	"   state_name
id           
8      reward"
450373.8125	0.00010000000474974513	states																																	"    state_name
id            
7   stop_sound"
450374.1325	3.843600000021979	trials	1.0	2.0	20.0	1.0023429860789075	0.0	0.15	True	4390.0	False	False	18811.0	False	Low	True	False	0.025	0.0	1.0267848208237993	1.5	9.0													
450374.1325	3.843600000021979	processed_trials			20.0	1.0023429860789075					False				Low					1.0267848208237993		9.0	40.0	40.0	False	True	False			36.42602759261345	1.5103	-0.22253771425546157	Left	0.7575999999999999	
450374.1325	1.5103000000235625	states																																	"       state_name
id               
3   wait_for_poke"
450375.64280000003	0.33329999999841675	states																																	"        state_name
id                
1   nose_in_center"
450375.9761	2.0	states																																	"          state_name
id                  
2   punish_violation"
450378.2947	21.71889999997802	trials	1.0	2.0	20.0	1.002343	0.0	0.15	True	4390.0	True	False	18812.0	False	Low	True	True	0.025	0.0	100.0	1.5	9.0													
450378.2947	21.71889999997802	processed_trials			20.0	1.002343					True				Low					100.0		9.0	40.0	40.0	False	False	True	12.813199999999998	12.813199999999998	36.42602759261345	7.7013	0.3015794837821525	Left	7.7013	
450378.2947	7.701300000015181	states																																	"       state_name
id               
3   wait_for_poke"
450385.99600000004	1.0022999999928288	states																																	"        state_name
id                
1   nose_in_center"
450386.99830000004	0.001999999978579581	states																																	"   state_name
id           
5      go_cue"
450387.0003	12.813200000033248	states																																	"            state_name
id                    
6   wait_for_side_poke"
450399.81350000005	0.19999999995343387	states																																	"   state_name
id           
0     opt_out"
450400.0135	0.00010000000474974513	states																																	"    state_name
id            
7   stop_sound"
450400.3287	1.9101999999838881	trials	1.0	2.0	5.0	0.9912199860334195	0.0	0.15	True	4390.0	False	False	18813.0	False	Low	True	False	0.025	0.0	0.08169111542464513	1.5	9.0													
450400.3287	1.9101999999838881	processed_trials			5.0	0.9912199860334195					False				Low					0.08169111542464513		9.0	40.0	40.0	True	False	False	0.08169999999999988	0.08169999999999988	36.42602759261345	0.4033	-0.3162540344343727	Right	0.4033	
450400.3287	0.40330000000540167	states																																	"       state_name
id               
3   wait_for_poke"
450400.732	0.991199999989476	states																																	"        state_name
id                
1   nose_in_center"
450401.7232	0.001999999978579581	states																																	"   state_name
id           
5      go_cue"
450401.7252	0.08170000003883615	states																																	"            state_name
id                    
6   wait_for_side_poke"
450401.8069	0.3734999999869615	states																																	"         state_name
id                 
4   announce_reward"
450402.1804	0.05839999997988343	states																																	"   state_name
id           
8      reward"
450402.2388	0.00010000000474974513	states																																	"    state_name
id            
7   stop_sound"
450402.5655	4.87579999997979	trials	1.0	2.0	10.0	1.058056997012638	0.0	0.15	True	4395.0	False	False	18814.0	False	Low	True	False	0.025	0.0	2.1007267849271045	1.5	9.0													
450402.5655	4.87579999997979	processed_trials			10.0	1.058056997012638					False				Low					2.1007267849271045		9.0	40.0	40.0	True	False	False	2.1007	2.1007	36.42602759261345	1.4299000000000002	-0.22934421122238519	Right	1.3570000000000002	
450402.5655	1.4298999999882653	states																																	"       state_name
id               
3   wait_for_poke"
450403.9954	1.0581000000238419	states																																	"        state_name
id                
1   nose_in_center"
450405.05350000004	0.001999999978579581	states																																	"   state_name
id           
5      go_cue"
450405.0555	2.100700000009965	states																																	"            state_name
id                    
6   wait_for_side_poke"
450407.1562	0.1932999999844469	states																																	"         state_name
id                 
4   announce_reward"
450407.3495	0.09169999998994172	states																																	"   state_name
id           
8      reward"
450407.4412	0.00010000000474974513	states																																	"    state_name
id            
7   stop_sound"
450407.7687	5.277000000001863	trials	1.0	2.0	20.0	1.0227228822501797	0.0	0.15	True	4405.0	False	False	18815.0	False	Low	True	False	0.025	0.0	1.2275551705342775	1.5	9.0													
450407.7687	5.277000000001863	processed_trials			20.0	1.0227228822501797					False				Low					1.2275551705342775		9.0	40.0	40.0	True	False	False	1.2275999999999998	1.2275999999999998	36.42602759261345	2.1579	-0.16771324366118617	Left	1.4355000000000002	
450407.7687	2.1578999999910593	states																																	"       state_name
id               
3   wait_for_poke"
450409.9266	1.0227000000304542	states																																	"        state_name
id                
1   nose_in_center"
450410.94930000004	0.001999999978579581	states																																	"   state_name
id           
5      go_cue"
450410.9513	1.227599999983795	states																																	"            state_name
id                    
6   wait_for_side_poke"
450412.1789	0.7178000000421889	states																																	"         state_name
id                 
4   announce_reward"
450412.89670000004	0.14889999997103587	states																																	"   state_name
id           
8      reward"
450413.0456	0.00010000000474974513	states																																	"    state_name
id            
7   stop_sound"
450413.3693	5.8008999999728985	trials	1.0	2.0	20.0	1.0227229	0.0	0.15	True	4425.0	False	False	18816.0	False	Low	True	False	0.025	0.0	1.9402015436167246	1.5	9.0													
450413.3693	5.8008999999728985	processed_trials			20.0	1.0227229					False				Low					1.9402015436167246		9.0	40.0	40.0	True	False	False	1.9402	1.9402	36.42602759261345	2.4048000000000003	-0.14681120260231248	Left	1.0713000000000004	
450413.3693	2.40480000001844	states																																	"       state_name
id               
3   wait_for_poke"
450415.77410000004	1.0226999999722466	states																																	"        state_name
id                
1   nose_in_center"
450416.7968	0.0020000000367872417	states																																	"   state_name
id           
5      go_cue"
450416.79880000005	1.9401999999536201	states																																	"            state_name
id                    
6   wait_for_side_poke"
450418.739	0.28220000001601875	states																																	"         state_name
id                 
4   announce_reward"
450419.0212	0.14890000002924353	states																																	"   state_name
id           
8      reward"
450419.17010000005	9.999994654208422e-05	states																																	"    state_name
id            
7   stop_sound"
450419.4969	3.475299999990966	trials	1.0	2.0	20.0	0.8671091916721407	0.0	0.15	True	4445.0	False	False	18817.0	False	Low	True	False	0.025	0.0	0.3444024168278265	1.5	9.0													
450419.4969	3.475299999990966	processed_trials			20.0	0.8671091916721407					False				Low					0.3444024168278265		9.0	40.0	40.0	True	False	False	0.34440000000000026	0.34440000000000026	36.42602759261345	1.7290999999999999	-0.2040145608181122	Left	0.5140999999999998	
450419.4969	1.7290999999968335	states																																	"       state_name
id               
3   wait_for_poke"
450421.226	0.8671000000322238	states																																	"        state_name
id                
1   nose_in_center"
450422.09310000006	0.001999999978579581	states																																	"   state_name
id           
5      go_cue"
450422.09510000004	0.3444000000017695	states																																	"            state_name
id                    
6   wait_for_side_poke"
450422.43950000004	0.3837000000057742	states																																	"         state_name
id                 
4   announce_reward"
450422.82320000004	0.14889999997103587	states																																	"   state_name
id           
8      reward"
450422.9721	0.00010000000474974513	states																																	"    state_name
id            
7   stop_sound"
450423.3007	3.075699999986682	trials	1.0	2.0	20.0	1.1249374781123231	0.0	0.15	True	4465.0	True	False	18818.0	False	Low	True	False	0.025	0.0	0.34440242	1.5	9.0													
450423.3007	3.075699999986682	processed_trials			20.0	1.1249374781123231					False				Low					0.34440242		9.0	40.0	40.0	False	False	False	0.3443999999999998	0.3443999999999998	36.42602759261345	1.6044	-0.21457140375064174	Left	0.9637	
450423.3007	1.6044000000110827	states																																	"       state_name
id               
3   wait_for_poke"
450424.90510000003	1.1248999999952503	states																																	"        state_name
id                
1   nose_in_center"
450426.03	0.001999999978579581	states																																	"   state_name
id           
5      go_cue"
450426.032	0.3444000000017695	states																																	"            state_name
id                    
6   wait_for_side_poke"
450426.7028	7.913499999966007	trials	1.0	2.0	5.0	0.8475630689519388	0.0	0.15	True	4465.0	True	False	18819.0	False	Low	True	False	0.025	0.0	100.0	1.5	9.0													
450426.7028	7.913499999966007	processed_trials			5.0	0.8475630689519388					True				Low					100.0		9.0	40.0	40.0	False	True	False			36.42602759261345	5.9017	0.14922908649762814	Right	5.9017	
450426.7028	5.901699999987613	states																																	"       state_name
id               
3   wait_for_poke"
450432.6045	0.011800000036600977	states																																	"        state_name
id                
1   nose_in_center"
450432.61630000005	2.0	states																																	"          state_name
id                  
2   punish_violation"
450434.9408	2.8294000000460073	trials	1.0	2.0	5.0	0.8797730803173528	0.0	0.15	True	4465.0	False	False	18820.0	False	Low	True	True	0.025	0.0	0.07875570915830751	1.5	9.0													
450434.9408	2.8294000000460073	processed_trials			5.0	0.8797730803173528					False				Low					0.07875570915830751		9.0	40.0	40.0	True	False	False	0.07879999999999976	0.07879999999999976	36.42602759261345	1.2855	-0.241568815227656	Left	1.2855	
450434.9408	1.2854999999981374	states																																	"       state_name
id               
3   wait_for_poke"
450436.2263	0.8797999999951571	states																																	"        state_name
id                
1   nose_in_center"
450437.1061	0.001999999978579581	states																																	"   state_name
id           
5      go_cue"
450437.10809999995	0.07880000001750886	states																																	"            state_name
id                    
6   wait_for_side_poke"
450437.1869	0.5292999999946915	states																																	"         state_name
id                 
4   announce_reward"
450437.71619999997	0.053899999998975545	states																																	"   state_name
id           
8      reward"
450437.77009999997	0.00010000000474974513	states																																	"    state_name
id            
7   stop_sound"
450438.1007	3.570799999986775	trials	1.0	2.0	5.0	1.1602982302078586	0.0	0.15	True	4470.0	False	False	18821.0	False	Low	True	False	0.025	0.0	1.74111431493251	1.5	9.0													
450438.1007	3.570799999986775	processed_trials			5.0	1.1602982302078586					False				Low					1.74111431493251		9.0	40.0	40.0	True	False	False	1.7411	1.7411	36.42602759261345	0.5968	-0.2998727264356199	Left	0.38839999999999997	
450438.1007	0.5967999999993481	states																																	"       state_name
id               
3   wait_for_poke"
450438.6975	1.1602999999886379	states																																	"        state_name
id                
1   nose_in_center"
450439.8578	0.0020000000367872417	states																																	"   state_name
id           
5      go_cue"
450439.85980000003	1.7410999999847263	states																																	"            state_name
id                    
6   wait_for_side_poke"
450441.6009	0.01659999997355044	states																																	"         state_name
id                 
4   announce_reward"
450441.6175	0.053899999998975545	states																																	"   state_name
id           
8      reward"
450441.6714	0.00010000000474974513	states																																	"    state_name
id            
7   stop_sound"
450442.0096	9.081300000019837	trials	1.0	2.0	20.0	0.9855184609975437	0.0	0.15	True	4475.0	False	False	18822.0	False	Low	True	False	0.025	0.0	5.496347467048334	1.5	9.0													
450442.0096	9.081300000019837	processed_trials			20.0	0.9855184609975437					False				Low					5.496347467048334		9.0	40.0	40.0	True	False	False	5.4963	5.4963	36.42602759261345	2.3281	-0.15330446525608168	Right	2.0697	
450442.0096	2.3280999999842606	states																																	"       state_name
id               
3   wait_for_poke"
450444.3377	0.9855000000097789	states																																	"        state_name
id                
1   nose_in_center"
450445.3232	0.001999999978579581	states																																	"   state_name
id           
5      go_cue"
450445.32519999996	5.496299999998882	states																																	"            state_name
id                    
6   wait_for_side_poke"
450450.82149999996	0.11070000001927838	states																																	"         state_name
id                 
4   announce_reward"
450450.9322	0.15860000002430752	states																																	"   state_name
id           
8      reward"
450451.0908	0.00010000000474974513	states																																	"    state_name
id            
7   stop_sound"
450451.4256	4.680099999997765	trials	1.0	2.0	5.0	1.0747976262320502	0.0	0.15	True	4495.0	False	False	18823.0	False	Low	True	False	0.025	0.0	1.3947776010831885	1.5	9.0													
450451.4256	4.680099999997765	processed_trials			5.0	1.0747976262320502					False				Low					1.3947776010831885		9.0	40.0	40.0	True	False	False	1.3948	1.3948	36.42602759261345	2.0135	-0.17993784766645696	Left	1.4184	
450451.4256	2.0135000000009313	states																																	"       state_name
id               
3   wait_for_poke"
450453.4391	1.074800000002142	states																																	"        state_name
id                
1   nose_in_center"
450454.5139	0.001999999978579581	states																																	"   state_name
id           
5      go_cue"
450454.5159	1.394800000009127	states																																	"            state_name
id                    
6   wait_for_side_poke"
450455.9107	0.14100000000325963	states																																	"         state_name
id                 
4   announce_reward"
450456.0517	0.053899999998975545	states																																	"   state_name
id           
8      reward"
450456.1056	0.00010000000474974513	states																																	"    state_name
id            
7   stop_sound"
450456.4379	7.8523999999742955	trials	1.0	2.0	20.0	1.0745376547520422	0.0	0.15	True	4500.0	False	False	18824.0	False	Low	True	False	0.025	0.0	4.9376318700503035	1.5	9.0													
450456.4379	7.8523999999742955	processed_trials			20.0	1.0745376547520422					False				Low					4.9376318700503035		9.0	40.0	40.0	True	False	False	4.9376	4.9376	36.42602759261345	0.7802	-0.28434646345385634	Left	0.5092	
450456.4379	0.7801999999792315	states																																	"       state_name
id               
3   wait_for_poke"
450457.2181	1.0745000000461005	states																																	"        state_name
id                
1   nose_in_center"
450458.29260000004	0.001999999978579581	states																																	"   state_name
id           
5      go_cue"
450458.2946	4.93760000000475	states																																	"            state_name
id                    
6   wait_for_side_poke"
450463.2322	0.9090999999898486	states																																	"         state_name
id                 
4   announce_reward"
450464.1413	0.14890000002924353	states																																	"   state_name
id           
8      reward"
450464.29020000005	9.999994654208422e-05	states																																	"    state_name
id            
7   stop_sound"
450464.6216	6.422099999967031	trials	1.0	2.0	20.0	1.0745377	0.0	0.15	True	4520.0	False	False	18825.0	False	Low	True	False	0.025	0.0	2.990254107606135	1.5	9.0													
450464.6216	6.422099999967031	processed_trials			20.0	1.0745377					False				Low					2.990254107606135		9.0	40.0	40.0	True	False	False	2.9903	2.9903	36.42602759261345	1.9809	-0.18269769593911506	Right	0.6603000000000001	
450464.6216	1.9809000000241213	states																																	"       state_name
id               
3   wait_for_poke"
450466.60250000004	1.0744999999878928	states																																	"        state_name
id                
1   nose_in_center"
450467.677	0.001999999978579581	states																																	"   state_name
id           
5      go_cue"
450467.679	2.990300000004936	states																																	"            state_name
id                    
6   wait_for_side_poke"
450470.6693	0.21570000000065193	states																																	"         state_name
id                 
4   announce_reward"
450470.885	0.15860000002430752	states																																	"   state_name
id           
8      reward"
450471.04360000003	0.00010000000474974513	states																																	"    state_name
id            
7   stop_sound"
450471.3757	46.569900000002235	trials	1.0	2.0	10.0	0.9131354847631139	0.0	0.15	True	4540.0	True	False	18826.0	False	Low	True	False	0.025	0.0	100.0	1.5	9.0													
450471.3757	46.569900000002235	processed_trials			10.0	0.9131354847631139					True				Low					100.0		9.0	40.0	40.0	False	False	True		42.867700000000006	36.42602759261345	2.587	-0.13138652912751791	Right	1.5778	
450471.3757	2.5869999999995343	states																																	"       state_name
id               
3   wait_for_poke"
450473.9627	0.9131000000052154	states																																	"        state_name
id                
1   nose_in_center"
450474.8758	0.001999999978579581	states																																	"   state_name
id           
5      go_cue"
450474.87779999996	42.867700000002515	states																																	"            state_name
id                    
6   wait_for_side_poke"
450517.74549999996	0.20000000001164153	states																																	"   state_name
id           
0     opt_out"
450517.9455	0.00010000000474974513	states																																	"    state_name
id            
7   stop_sound"
450518.2825	19.43600000004517	trials	1.0	2.0	10.0	0.9816716519521975	0.0	0.15	True	4540.0	True	False	18827.0	False	Low	True	False	0.025	0.0	100.0	1.5	9.0													
450518.2825	19.43600000004517	processed_trials			10.0	0.9816716519521975					True				Low					100.0		9.0	40.0	40.0	False	False	True	15.592200000000002	15.592200000000002	36.42602759261345	2.66	-0.12520650078690318	Left	2.66	
450518.2825	2.6599999999743886	states																																	"       state_name
id               
3   wait_for_poke"
450520.94249999995	0.9817000000039116	states																																	"        state_name
id                
1   nose_in_center"
450521.92419999995	0.0020000000367872417	states																																	"   state_name
id           
5      go_cue"
450521.9262	15.59220000001369	states																																	"            state_name
id                    
6   wait_for_side_poke"
450537.5184	0.19999999995343387	states																																	"   state_name
id           
0     opt_out"
450537.71839999995	0.00010000000474974513	states																																	"    state_name
id            
7   stop_sound"
450538.0519	1.8729999999632128	trials	1.0	2.0	20.0	1.008797053510531	0.0	0.15	True	4540.0	False	False	18828.0	False	Low	True	False	0.025	0.0	0.6442267025584323	1.5	9.0													
450538.0519	1.8729999999632128	processed_trials			20.0	1.008797053510531					False				Low					0.6442267025584323		9.0	40.0	40.0	True	False	False	0.6442000000000001	0.6442000000000001	36.42602759261345	0.043	-0.34675628390181773	Right	0.043	
450538.0519	0.043000000005122274	states																																	"       state_name
id               
3   wait_for_poke"
450538.0949	1.008800000010524	states																																	"        state_name
id                
1   nose_in_center"
450539.10370000004	0.001999999978579581	states																																	"   state_name
id           
5      go_cue"
450539.1057	0.6441999999806285	states																																	"            state_name
id                    
6   wait_for_side_poke"
450539.7499	0.016300000017508864	states																																	"         state_name
id                 
4   announce_reward"
450539.7662	0.15860000002430752	states																																	"   state_name
id           
8      reward"
450539.92480000004	0.00010000000474974513	states																																	"    state_name
id            
7   stop_sound"
450540.2612	3.9968999999691732	trials	1.0	2.0	10.0	1.1794299628962097	0.0	0.15	True	4560.0	True	False	18829.0	False	Low	True	False	0.025	0.0	0.6442267	1.5	9.0													
450540.2612	3.9968999999691732	processed_trials			10.0	1.1794299628962097					False				Low					0.6442267		9.0	40.0	40.0	False	False	False	0.6442000000000001	0.6442000000000001	36.42602759261345	2.1713	-0.16657882750003225	Right	1.5600999999999998	
450540.2612	2.171299999987241	states																																	"       state_name
id               
3   wait_for_poke"
450542.4325	1.1794000000227243	states																																	"        state_name
id                
1   nose_in_center"
450543.6119	0.001999999978579581	states																																	"   state_name
id           
5      go_cue"
450543.6139	0.6442000000388362	states																																	"            state_name
id                    
6   wait_for_side_poke"
450544.5892	4.7709000000031665	trials	1.0	2.0	20.0	0.9645895950622557	0.0	0.15	True	4560.0	False	False	18830.0	False	Low	True	False	0.025	0.0	1.0276716247853845	1.5	9.0													
450544.5892	4.7709000000031665	processed_trials			20.0	0.9645895950622557					False				Low					1.0276716247853845		9.0	40.0	40.0	True	False	False	1.0277000000000003	1.0277000000000003	36.42602759261345	2.5387	-0.13547550678302056	Left	2.5387	
450544.5892	2.538699999975506	states																																	"       state_name
id               
3   wait_for_poke"
450547.12789999996	0.9646000000066124	states																																	"        state_name
id                
1   nose_in_center"
450548.09249999997	0.0020000000367872417	states																																	"   state_name
id           
5      go_cue"
450548.0945	1.0276999999769032	states																																	"            state_name
id                    
6   wait_for_side_poke"
450549.1222	0.08890000003157184	states																																	"         state_name
id                 
4   announce_reward"
450549.2111	0.14889999997103587	states																																	"   state_name
id           
8      reward"
450549.36	0.00010000000474974513	states																																	"    state_name
id            
7   stop_sound"
450549.6981	7.176399999996647	trials	1.0	2.0	5.0	1.1568058775835894	0.0	0.15	True	4580.0	False	False	18831.0	False	Low	True	False	0.025	0.0	3.13836570790805	1.5	9.0													
450549.6981	7.176399999996647	processed_trials			5.0	1.1568058775835894					False				Low					3.13836570790805		9.0	40.0	40.0	True	False	False	3.1384	3.1384	36.42602759261345	1.8496	-0.19381328115997418	Right	0.7731999999999999	
450549.6981	1.8496000000159256	states																																	"       state_name
id               
3   wait_for_poke"
450551.5477	1.1567999999970198	states																																	"        state_name
id                
1   nose_in_center"
450552.7045	0.001999999978579581	states																																	"   state_name
id           
5      go_cue"
450552.7065	3.1383999999961816	states																																	"            state_name
id                    
6   wait_for_side_poke"
450555.84489999997	0.9711000000243075	states																																	"         state_name
id                 
4   announce_reward"
450556.816	0.05839999997988343	states																																	"   state_name
id           
8      reward"
450556.8744	0.00010000000474974513	states																																	"    state_name
id            
7   stop_sound"
450557.2133	16.537100000015926	trials	1.0	2.0	20.0	0.9154221721642676	0.0	0.15	True	4585.0	True	False	18832.0	False	Low	True	False	0.025	0.0	100.0	1.5	9.0													
450557.2133	16.537100000015926	processed_trials			20.0	0.9154221721642676					True				Low					100.0		9.0	40.0	40.0	False	False	True	13.3371	13.3371	36.42602759261345	2.0825	-0.17409645101573892	Right	2.0018	
450557.2133	2.0825000000186265	states																																	"       state_name
id               
3   wait_for_poke"
450559.2958	0.9153999999980442	states																																	"        state_name
id                
1   nose_in_center"
450560.2112	0.001999999978579581	states																																	"   state_name
id           
5      go_cue"
450560.2132	13.337100000004284	states																																	"            state_name
id                    
6   wait_for_side_poke"
450573.5503	0.20000000001164153	states																																	"   state_name
id           
0     opt_out"
450573.7503	0.00010000000474974513	states																																	"    state_name
id            
7   stop_sound"
450574.0922	3.2584999999962747	trials	1.0	2.0	20.0	0.91542217	0.0	0.15	True	4585.0	False	False	18833.0	False	Low	True	False	0.025	0.0	1.8316643984653402	1.5	9.0													
450574.0922	3.2584999999962747	processed_trials			20.0	0.91542217					False				Low					1.8316643984653402		9.0	40.0	40.0	True	False	False	1.8316999999999997	1.8316999999999997	36.42602759261345	0.0426	-0.3467901470708074	Right	0.0426	
450574.0922	0.042599999986123294	states																																	"       state_name
id               
3   wait_for_poke"
450574.1348	0.9153999999980442	states																																	"        state_name
id                
1   nose_in_center"
450575.0502	0.0020000000367872417	states																																	"   state_name
id           
5      go_cue"
450575.05220000003	1.8316999999806285	states																																	"            state_name
id                    
6   wait_for_side_poke"
450576.8839	0.30810000002384186	states																																	"         state_name
id                 
4   announce_reward"
450577.19200000004	0.15859999996609986	states																																	"   state_name
id           
8      reward"
450577.3506	0.00010000000474974513	states																																	"    state_name
id            
7   stop_sound"
450577.694	4.643500000005588	trials	1.0	2.0	20.0	0.9450581413972325	0.0	0.15	True	4605.0	False	False	18834.0	False	Low	True	False	0.025	0.0	1.7587253984671458	1.5	9.0													
450577.694	4.643500000005588	processed_trials			20.0	0.9450581413972325					False				Low					1.7587253984671458		9.0	40.0	40.0	True	False	False	1.7586999999999997	1.7586999999999997	36.42602759261345	1.6738	-0.20869614393093402	Right	1.2896	
450577.694	1.6737999999895692	states																																	"       state_name
id               
3   wait_for_poke"
450579.3678	0.9451000000117347	states																																	"        state_name
id                
1   nose_in_center"
450580.3129	0.001999999978579581	states																																	"   state_name
id           
5      go_cue"
450580.3149	1.7587000000057742	states																																	"            state_name
id                    
6   wait_for_side_poke"
450582.0736	0.10519999999087304	states																																	"         state_name
id                 
4   announce_reward"
450582.1788	0.15860000002430752	states																																	"   state_name
id           
8      reward"
450582.3374	0.00010000000474974513	states																																	"    state_name
id            
7   stop_sound"
450582.6728	13.513399999996182	trials	1.0	2.0	5.0	1.0090414334497588	0.0	0.15	True	4625.0	True	False	18835.0	False	Low	True	False	0.025	0.0	100.0	1.5	9.0													
450582.6728	13.513399999996182	processed_trials			5.0	1.0090414334497588					True				Low					100.0		9.0	40.0	40.0	False	False	True	10.2533	10.2533	36.42602759261345	2.049	-0.17693249141862377	Right	1.3197999999999999	
450582.6728	2.0489999999990687	states																																	"       state_name
id               
3   wait_for_poke"
450584.7218	1.0090000000200234	states																																	"        state_name
id                
1   nose_in_center"
450585.7308	0.001999999978579581	states																																	"   state_name
id           
5      go_cue"
450585.7328	10.253299999982119	states																																	"            state_name
id                    
6   wait_for_side_poke"
450595.9861	0.20000000001164153	states																																	"   state_name
id           
0     opt_out"
450596.1861	0.00010000000474974513	states																																	"    state_name
id            
7   stop_sound"
450596.5202	2.747399999992922	trials	1.0	2.0	20.0	0.9094297404231316	0.0	0.15	True	4625.0	False	False	18836.0	False	Low	True	False	0.025	0.0	0.3691503776923698	1.5	9.0													
450596.5202	2.747399999992922	processed_trials			20.0	0.9094297404231316					False				Low					0.3691503776923698		9.0	40.0	40.0	False	True	False			36.42602759261345	0.7178	-0.2896291178162448	Left	0.7178	
450596.5202	0.7177999999839813	states																																	"       state_name
id               
3   wait_for_poke"
450597.238	0.029600000008940697	states																																	"        state_name
id                
1   nose_in_center"
450597.2676	2.0	states																																	"          state_name
id                  
2   punish_violation"
450599.6131	3.3514999999897555	trials	1.0	2.0	20.0	1.1567064637194395	0.0	0.15	True	4625.0	False	False	18837.0	False	Low	True	True	0.025	0.0	1.3186172202382709	1.5	9.0													
450599.6131	3.3514999999897555	processed_trials			20.0	1.1567064637194395					False				Low					1.3186172202382709		9.0	40.0	40.0	False	True	False			36.42602759261345	1.2053	-0.24835838061008475	Right	1.2053	
450599.6131	1.2052999999723397	states																																	"       state_name
id               
3   wait_for_poke"
450600.8184	0.14620000001741573	states																																	"        state_name
id                
1   nose_in_center"
450600.9646	2.0	states																																	"          state_name
id                  
2   punish_violation"
450603.3042	17.304799999983516	trials	1.0	2.0	20.0	1.1680623477269783	0.0	0.15	True	4625.0	False	False	18838.0	False	Low	True	True	0.025	0.0	4.8419002135932585	1.5	9.0													
450603.3042	17.304799999983516	processed_trials			20.0	1.1680623477269783					False				Low					4.8419002135932585		9.0	40.0	40.0	True	False	False	4.841900000000001	4.841900000000001	36.42602759261345	10.371799999999999	0.5276584657494353	Left	10.371799999999999	
450603.3042	10.371800000022631	states																																	"       state_name
id               
3   wait_for_poke"
450613.67600000004	1.1680999999516644	states																																	"        state_name
id                
1   nose_in_center"
450614.8441	0.0020000000367872417	states																																	"   state_name
id           
5      go_cue"
450614.8461	4.841899999999441	states																																	"            state_name
id                    
6   wait_for_side_poke"
450619.688	0.771999999997206	states																																	"         state_name
id                 
4   announce_reward"
450620.46	0.14889999997103587	states																																	"   state_name
id           
8      reward"
450620.6089	0.00010000000474974513	states																																	"    state_name
id            
7   stop_sound"
450620.9539	4.301699999952689	trials	1.0	2.0	20.0	1.0453548147326972	0.0	0.15	True	4645.0	False	False	18839.0	False	Low	True	False	0.025	0.0	0.5355889615270077	1.5	9.0													
450620.9539	4.301699999952689	processed_trials			20.0	1.0453548147326972					False				Low					0.5355889615270077		9.0	40.0	40.0	False	True	False			36.42602759261345	1.9185	-0.18798035030150356	Right	0.5550000000000002	
450620.9539	1.918500000028871	states																																	"       state_name
id               
3   wait_for_poke"
450622.87240000005	0.3831999999820255	states																																	"        state_name
id                
1   nose_in_center"
450623.25560000003	2.0	states																																	"          state_name
id                  
2   punish_violation"
450625.6003	2.377700000011828	trials	1.0	2.0	20.0	0.9522622436342055	0.0	0.15	True	4645.0	False	False	18840.0	False	Low	True	True	0.025	0.0	0.3509934069969658	1.5	9.0													
450625.6003	2.377700000011828	processed_trials			20.0	0.9522622436342055					False				Low					0.3509934069969658		9.0	40.0	40.0	True	False	False	0.351	0.351	36.42602759261345	0.43089999999999995	-0.31391747577408546	Left	0.43089999999999995	
450625.6003	0.4308999999775551	states																																	"       state_name
id               
3   wait_for_poke"
450626.03119999997	0.9523000000044703	states																																	"        state_name
id                
1   nose_in_center"
450626.9835	0.0020000000367872417	states																																	"   state_name
id           
5      go_cue"
450626.9855	0.3509999999660067	states																																	"            state_name
id                    
6   wait_for_side_poke"
450627.3365	0.4924999999930151	states																																	"         state_name
id                 
4   announce_reward"
450627.82899999997	0.14890000002924353	states																																	"   state_name
id           
8      reward"
450627.9779	0.00010000000474974513	states																																	"    state_name
id            
7   stop_sound"
450628.3257	3.633700000005774	trials	1.0	2.0	10.0	1.195999175041482	0.0	0.15	True	4665.0	False	False	18841.0	False	Low	True	False	0.025	0.0	0.35099341	1.5	9.0													
450628.3257	3.633700000005774	processed_trials			10.0	1.195999175041482					False				Low					0.35099341		9.0	40.0	40.0	True	False	False	0.351	0.351	36.42602759261345	1.5897000000000001	-0.2158158752110121	Left	0.8903000000000001	
450628.3257	1.5897000000113621	states																																	"       state_name
id               
3   wait_for_poke"
450629.9154	1.1959999999962747	states																																	"        state_name
id                
1   nose_in_center"
450631.1114	0.001999999978579581	states																																	"   state_name
id           
5      go_cue"
450631.1134	0.3510000000242144	states																																	"            state_name
id                    
6   wait_for_side_poke"
450631.4644	0.40950000000884756	states																																	"         state_name
id                 
4   announce_reward"
450631.8739	0.08539999998174608	states																																	"   state_name
id           
8      reward"
450631.9593	0.00010000000474974513	states																																	"    state_name
id            
7   stop_sound"
450632.3386	19.679699999978766	trials	1.0	2.0	5.0	1.0894726016879452	0.0	0.15	True	4675.0	True	False	18842.0	False	Low	True	False	0.025	0.0	100.0	1.5	9.0													
450632.3386	19.679699999978766	processed_trials			5.0	1.0894726016879452					True				Low					100.0		9.0	40.0	40.0	False	False	True	17.3649	17.3649	36.42602759261345	1.0232	-0.26377458829263195	Right	0.5522000000000001	
450632.3386	1.0231999999959953	states																																	"       state_name
id               
3   wait_for_poke"
450633.3618	1.0895000000018626	states																																	"        state_name
id                
1   nose_in_center"
450634.4513	0.001999999978579581	states																																	"   state_name
id           
5      go_cue"
450634.4533	17.364900000044145	states																																	"            state_name
id                    
6   wait_for_side_poke"
450651.81820000004	0.19999999995343387	states																																	"   state_name
id           
0     opt_out"
450652.0182	0.00010000000474974513	states																																	"    state_name
id            
7   stop_sound"
450652.3596	2.1436999999568798	trials	1.0	2.0	5.0	1.0395718247533225	0.0	0.15	True	4675.0	False	False	18843.0	False	Low	True	False	0.025	0.0	3.9474397946937607	1.5	9.0													
450652.3596	2.1436999999568798	processed_trials			5.0	1.0395718247533225					False				Low					3.9474397946937607		9.0	40.0	40.0	False	True	False			36.42602759261345	0.0074	-0.3497701059418984	Right	0.0074	
450652.3596	0.007400000002235174	states																																	"       state_name
id               
3   wait_for_poke"
450652.367	0.13630000001285225	states																																	"        state_name
id                
1   nose_in_center"
450652.50330000004	2.0	states																																	"          state_name
id                  
2   punish_violation"
450654.8473	4.233399999968242	trials	1.0	2.0	5.0	1.0395718	0.0	0.15	True	4675.0	False	False	18844.0	False	Low	True	True	0.025	0.0	0.9438621343460051	1.5	9.0													
450654.8473	4.233399999968242	processed_trials			5.0	1.0395718					False				Low					0.9438621343460051		9.0	40.0	40.0	False	True	False			36.42602759261345	2.2222	-0.16226973924609678	Right	2.2222	
450654.8473	2.222200000018347	states																																	"       state_name
id               
3   wait_for_poke"
450657.06950000004	0.011200000008102506	states																																	"        state_name
id                
1   nose_in_center"
450657.08070000005	2.0	states																																	"          state_name
id                  
2   punish_violation"
450659.4301	104.28549999999814	trials	1.0	2.0	5.0	0.8503812809322429	0.0	0.15	True	4675.0	True	False	18845.0	False	Low	True	True	0.025	0.0	100.0	1.5	9.0													
450659.4301	104.28549999999814	processed_trials			5.0	0.8503812809322429					True				Low					100.0		9.0	40.0	40.0	False	False	True	13.20729999999999	13.20729999999999	36.42602759261345	90.0257	7.270992156715081	Left	90.0257	
450659.4301	90.02569999999832	states																																	"       state_name
id               
3   wait_for_poke"
450749.4558	0.8503999999957159	states																																	"        state_name
id                
1   nose_in_center"
450750.3062	0.001999999978579581	states																																	"   state_name
id           
5      go_cue"
450750.30819999997	13.207300000009127	states																																	"            state_name
id                    
6   wait_for_side_poke"
450763.5155	0.20000000001164153	states																																	"   state_name
id           
0     opt_out"
450763.7155	0.00010000000474974513	states																																	"    state_name
id            
7   stop_sound"
450764.0639	2.247299999988172	trials	1.0	2.0	10.0	1.006766650050045	0.0	0.15	True	4675.0	False	False	18846.0	False	Low	True	False	0.025	0.0	0.6349387106467947	1.5	9.0													
450764.0639	2.247299999988172	processed_trials			10.0	1.006766650050045					False				Low					0.6349387106467947		9.0	40.0	40.0	True	False	False	0.6348999999999998	0.6348999999999998	36.42602759261345	0.1176	-0.3404408028852443	Right	0.1176	
450764.0639	0.11759999999776483	states																																	"       state_name
id               
3   wait_for_poke"
450764.1815	1.0067999999737367	states																																	"        state_name
id                
1   nose_in_center"
450765.1883	0.0020000000367872417	states																																	"   state_name
id           
5      go_cue"
450765.1903	0.6349000000045635	states																																	"            state_name
id                    
6   wait_for_side_poke"
450765.8252	0.3941999999806285	states																																	"         state_name
id                 
4   announce_reward"
450766.2194	0.09169999998994172	states																																	"   state_name
id           
8      reward"
450766.3111	0.00010000000474974513	states																																	"    state_name
id            
7   stop_sound"
450766.6542	3.2888999999850057	trials	1.0	2.0	10.0	0.890932818978994	0.0	0.15	True	4685.0	False	False	18847.0	False	Low	True	False	0.025	0.0	0.1533581816537188	1.5	9.0													
450766.6542	3.2888999999850057	processed_trials			10.0	0.890932818978994					False				Low					0.1533581816537188		9.0	40.0	40.0	True	False	False	0.15339999999999998	0.15339999999999998	36.42602759261345	1.8312	-0.19537098693349897	Right	1.6479	
450766.6542	1.8312000000150874	states																																	"       state_name
id               
3   wait_for_poke"
450768.4854	0.8908999999985099	states																																	"        state_name
id                
1   nose_in_center"
450769.3763	0.001999999978579581	states																																	"   state_name
id           
5      go_cue"
450769.3783	0.15340000001015142	states																																	"            state_name
id                    
6   wait_for_side_poke"
450769.5317	0.31959999998798594	states																																	"         state_name
id                 
4   announce_reward"
450769.8513	0.09169999998994172	states																																	"   state_name
id           
8      reward"
450769.94299999997	0.00010000000474974513	states																																	"    state_name
id            
7   stop_sound"
450770.2952	3.179500000027474	trials	1.0	2.0	20.0	0.8660209050749094	0.0	0.15	True	4695.0	False	False	18848.0	False	Low	True	False	0.025	0.0	7.2754288109947645	1.5	9.0													
450770.2952	3.179500000027474	processed_trials			20.0	0.8660209050749094					False				Low					7.2754288109947645		9.0	40.0	40.0	False	True	False			36.42602759261345	1.0868	-0.2583903444232744	Right	1.0756	
450770.2952	1.0867999999900348	states																																	"       state_name
id               
3   wait_for_poke"
450771.382	0.09270000003743917	states																																	"        state_name
id                
1   nose_in_center"
450771.4747	2.0	states																																	"          state_name
id                  
2   punish_violation"
450773.818	23.976699999999255	trials	1.0	2.0	20.0	0.9585107074613115	0.0	0.15	True	4695.0	True	False	18849.0	False	Low	True	True	0.025	0.0	100.0	1.5	9.0													
450773.818	23.976699999999255	processed_trials			20.0	0.9585107074613115					True				Low					100.0		9.0	40.0	40.0	False	False	True	22.377399999999998	22.377399999999998	36.42602759261345	0.4387	-0.3132571439787869	Right	0.4387	
450773.818	0.4386999999987893	states																																	"       state_name
id               
3   wait_for_poke"
450774.2567	0.9585000000079162	states																																	"        state_name
id                
1   nose_in_center"
450775.21520000004	0.001999999978579581	states																																	"   state_name
id           
5      go_cue"
450775.2172	22.37739999999758	states																																	"            state_name
id                    
6   wait_for_side_poke"
450797.5946	0.20000000001164153	states																																	"   state_name
id           
0     opt_out"
450797.7946	0.00010000000474974513	states																																	"    state_name
id            
7   stop_sound"
450798.149	5.1088000000454485	trials	1.0	2.0	20.0	1.1878911156882346	0.0	0.15	True	4695.0	False	False	18850.0	False	Low	True	False	0.025	0.0	2.6274022967498323	1.5	9.0													
450798.149	5.1088000000454485	processed_trials			20.0	1.1878911156882346					False				Low					2.6274022967498323		9.0	40.0	40.0	True	False	False	2.627400000000001	2.627400000000001	36.42602759261345	1.0768	-0.2592369236480162	Right	1.0768	
450798.149	1.0767999999807216	states																																	"       state_name
id               
3   wait_for_poke"
450799.22579999996	1.187900000018999	states																																	"        state_name
id                
1   nose_in_center"
450800.4137	0.001999999978579581	states																																	"   state_name
id           
5      go_cue"
450800.41569999995	2.6273999999975786	states																																	"            state_name
id                    
6   wait_for_side_poke"
450803.04309999995	0.05600000004051253	states																																	"         state_name
id                 
4   announce_reward"
450803.0991	0.15859999996609986	states																																	"   state_name
id           
8      reward"
450803.25769999996	0.00010000000474974513	states																																	"    state_name
id            
7   stop_sound"
450803.6152	19.57640000001993	trials	1.0	2.0	10.0	1.1484723366604799	0.0	0.15	True	4715.0	True	False	18851.0	False	Low	True	False	0.025	0.0	100.0	1.5	9.0													
450803.6152	19.57640000001993	processed_trials			10.0	1.1484723366604799					True				Low					100.0		9.0	40.0	40.0	False	False	True	15.086500000000001	15.086500000000001	36.42602759261345	3.1393	-0.08462995854503137	Left	1.8025	
450803.6152	3.1392999999807216	states																																	"       state_name
id               
3   wait_for_poke"
450806.7545	1.1485000000102445	states																																	"        state_name
id                
1   nose_in_center"
450807.903	0.0020000000367872417	states																																	"   state_name
id           
5      go_cue"
450807.905	15.086499999975786	states																																	"            state_name
id                    
6   wait_for_side_poke"
450822.9915	0.20000000001164153	states																																	"   state_name
id           
0     opt_out"
450823.1915	0.00010000000474974513	states																																	"    state_name
id            
7   stop_sound"
450823.546	12.808100000023842	trials	1.0	2.0	5.0	1.0242857653479838	0.0	0.15	True	4715.0	True	False	18852.0	False	Low	True	False	0.025	0.0	100.0	1.5	9.0													
450823.546	12.808100000023842	processed_trials			5.0	1.0242857653479838					True				Low					100.0		9.0	40.0	40.0	False	False	True	11.4923	11.4923	36.42602759261345	0.08940000000000001	-0.34282815629901603	Right	0.08940000000000001	
450823.546	0.0893999999971129	states																																	"       state_name
id               
3   wait_for_poke"
450823.63539999997	1.0242999999900348	states																																	"        state_name
id                
1   nose_in_center"
450824.65969999996	0.0020000000367872417	states																																	"   state_name
id           
5      go_cue"
450824.6617	11.492299999983516	states																																	"            state_name
id                    
6   wait_for_side_poke"
450836.154	0.20000000001164153	states																																	"   state_name
id           
0     opt_out"
450836.354	0.00010000000474974513	states																																	"    state_name
id            
7   stop_sound"
450836.7082	3.2457000000285916	trials	1.0	2.0	5.0	0.987272800821589	0.0	0.15	True	4715.0	False	False	18853.0	False	Low	True	False	0.025	0.0	1.840167367210976	1.5	9.0													
450836.7082	3.2457000000285916	processed_trials			5.0	0.987272800821589					False				Low					1.840167367210976		9.0	40.0	40.0	True	False	False	1.8402000000000003	1.8402000000000003	36.42602759261345	0.2968	-0.32527010317787225	Left	0.2968	
450836.7082	0.2968000000109896	states																																	"       state_name
id               
3   wait_for_poke"
450837.005	0.987299999978859	states																																	"        state_name
id                
1   nose_in_center"
450837.9923	0.0020000000367872417	states																																	"   state_name
id           
5      go_cue"
450837.9943	1.8401999999769032	states																																	"            state_name
id                    
6   wait_for_side_poke"
450839.8345	0.06540000002132729	states																																	"         state_name
id                 
4   announce_reward"
450839.8999	0.053899999998975545	states																																	"   state_name
id           
8      reward"
450839.9538	0.00010000000474974513	states																																	"    state_name
id            
7   stop_sound"
450840.3094	5.889099999971222	trials	1.0	2.0	5.0	1.0780593483271437	0.0	0.15	True	4720.0	False	False	18854.0	False	Low	True	False	0.025	0.0	5.691548681167918	1.5	9.0													
450840.3094	5.889099999971222	processed_trials			5.0	1.0780593483271437					False				Low					5.691548681167918		9.0	40.0	40.0	False	True	False			36.42602759261345	3.0374	-0.09325660084514975	Left	2.6319999999999997	
450840.3094	3.037399999971967	states																																	"       state_name
id               
3   wait_for_poke"
450843.3468	0.8516999999992549	states																																	"        state_name
id                
1   nose_in_center"
450844.1985	2.0	states																																	"          state_name
id                  
2   punish_violation"
450846.553	56.65559999999823	trials	1.0	2.0	5.0	0.8190474143795189	0.0	0.15	True	4720.0	False	False	18855.0	False	Low	True	True	0.025	0.0	1.1123640825259005	1.5	9.0													
450846.553	56.65559999999823	processed_trials			5.0	0.8190474143795189					False				Low					1.1123640825259005		9.0	40.0	40.0	True	False	False	1.112400000000001	1.112400000000001	36.42602759261345	54.447900000000004	4.259049522513396	Right	54.447900000000004	
450846.553	54.44790000002831	states																																	"       state_name
id               
3   wait_for_poke"
450901.00090000004	0.8189999999594875	states																																	"        state_name
id                
1   nose_in_center"
450901.8199	0.0020000000367872417	states																																	"   state_name
id           
5      go_cue"
450901.82190000004	1.1123999999836087	states																																	"            state_name
id                    
6   wait_for_side_poke"
450902.9343	0.21580000000540167	states																																	"         state_name
id                 
4   announce_reward"
450903.1501	0.05839999997988343	states																																	"   state_name
id           
8      reward"
450903.2085	0.00010000000474974513	states																																	"    state_name
id            
7   stop_sound"
450903.5672	3.4552000000257976	trials	1.0	2.0	5.0	1.0779883225490874	0.0	0.15	True	4725.0	False	False	18856.0	False	Low	True	False	0.025	0.0	0.5778034627794287	1.5	9.0													
450903.5672	3.4552000000257976	processed_trials			5.0	1.0779883225490874					False				Low					0.5778034627794287		9.0	40.0	40.0	True	False	False	0.5778000000000003	0.5778000000000003	36.42602759261345	1.4726	-0.22572931793273793	Left	0.8243999999999999	
450903.5672	1.4725999999791384	states																																	"       state_name
id               
3   wait_for_poke"
450905.03979999997	1.0780000000377186	states																																	"        state_name
id                
1   nose_in_center"
450906.1178	0.001999999978579581	states																																	"   state_name
id           
5      go_cue"
450906.1198	0.5778000000282191	states																																	"            state_name
id                    
6   wait_for_side_poke"
450906.6976	0.27079999999841675	states																																	"         state_name
id                 
4   announce_reward"
450906.9684	0.053899999998975545	states																																	"   state_name
id           
8      reward"
450907.0223	0.00010000000474974513	states																																	"    state_name
id            
7   stop_sound"
450907.3813	3.2639000000199303	trials	1.0	2.0	10.0	1.0705337311730576	0.0	0.15	True	4730.0	False	False	18857.0	False	Low	True	False	0.025	0.0	0.57780346	1.5	9.0													
450907.3813	3.2639000000199303	processed_trials			10.0	1.0705337311730576					False				Low					0.57780346		9.0	40.0	40.0	True	False	False	0.5777999999999999	0.5777999999999999	36.42602759261345	1.247	-0.2448281452429117	Left	0.8401000000000001	
450907.3813	1.246999999973923	states																																	"       state_name
id               
3   wait_for_poke"
450908.6283	1.0705000000307336	states																																	"        state_name
id                
1   nose_in_center"
450909.6988	0.001999999978579581	states																																	"   state_name
id           
5      go_cue"
450909.7008	0.5778000000282191	states																																	"            state_name
id                    
6   wait_for_side_poke"
450910.2786	0.28109999996377155	states																																	"         state_name
id                 
4   announce_reward"
450910.5597	0.08540000003995374	states																																	"   state_name
id           
8      reward"
450910.6451	0.00010000000474974513	states																																	"    state_name
id            
7   stop_sound"
450911.0032	15.094800000020768	trials	1.0	2.0	10.0	1.1767868227337417	0.0	0.15	True	4740.0	True	False	18858.0	False	Low	True	False	0.025	0.0	100.0	1.5	9.0													
450911.0032	15.094800000020768	processed_trials			10.0	1.1767868227337417					True				Low					100.0		9.0	40.0	40.0	False	False	True	12.4687	12.4687	36.42602759261345	1.2472	-0.24481121365841682	Left	0.4426000000000001	
450911.0032	1.2471999999834225	states																																	"       state_name
id               
3   wait_for_poke"
450912.25039999996	1.1768000000156462	states																																	"        state_name
id                
1   nose_in_center"
450913.4272	0.001999999978579581	states																																	"   state_name
id           
5      go_cue"
450913.42919999996	12.468700000026729	states																																	"            state_name
id                    
6   wait_for_side_poke"
450925.8979	0.20000000001164153	states																																	"   state_name
id           
0     opt_out"
450926.0979	0.00010000000474974513	states																																	"    state_name
id            
7   stop_sound"
450926.4566	3.125	trials	1.0	2.0	20.0	1.174294490177376	0.0	0.15	True	4740.0	False	False	18859.0	False	Low	True	False	0.025	0.0	1.3014949401432236	1.5	9.0													
450926.4566	3.125	processed_trials			20.0	1.174294490177376					False				Low					1.3014949401432236		9.0	40.0	40.0	True	False	False	1.3014999999999997	1.3014999999999997	36.42602759261345	0.36889999999999995	-0.3191662669674843	Right	0.36889999999999995	
450926.4566	0.36890000000130385	states																																	"       state_name
id               
3   wait_for_poke"
450926.8255	1.174300000013318	states																																	"        state_name
id                
1   nose_in_center"
450927.9998	0.001999999978579581	states																																	"   state_name
id           
5      go_cue"
450928.00179999997	1.301500000001397	states																																	"            state_name
id                    
6   wait_for_side_poke"
450929.30329999997	0.1195999999763444	states																																	"         state_name
id                 
4   announce_reward"
450929.42289999995	0.15860000002430752	states																																	"   state_name
id           
8      reward"
450929.5815	0.00010000000474974513	states																																	"    state_name
id            
7   stop_sound"
450929.945	5.790399999998044	trials	1.0	2.0	10.0	1.11613215943724	0.0	0.15	True	4760.0	False	False	18860.0	False	Low	True	False	0.025	0.0	1.7920873801992712	1.5	9.0													
450929.945	5.790399999998044	processed_trials			10.0	1.11613215943724					False				Low					1.7920873801992712		9.0	40.0	40.0	True	False	False	1.7920999999999996	1.7920999999999996	36.42602759261345	2.5918	-0.13098017109964188	Right	0.9939	
450929.945	2.5917999999946915	states																																	"       state_name
id               
3   wait_for_poke"
450932.5368	1.1160999999847263	states																																	"        state_name
id                
1   nose_in_center"
450933.6529	0.0020000000367872417	states																																	"   state_name
id           
5      go_cue"
450933.6549	1.7920999999623746	states																																	"            state_name
id                    
6   wait_for_side_poke"
450935.447	0.19660000002477318	states																																	"         state_name
id                 
4   announce_reward"
450935.6436	0.09169999998994172	states																																	"   state_name
id           
8      reward"
450935.7353	0.00010000000474974513	states																																	"    state_name
id            
7   stop_sound"
450936.0978	14.237599999993108	trials	1.0	2.0	10.0	1.1161322	0.0	0.15	True	4770.0	True	False	18861.0	False	Low	True	False	0.025	0.0	100.0	1.5	9.0													
450936.0978	14.237599999993108	processed_trials			10.0	1.1161322					True				Low					100.0		9.0	40.0	40.0	False	False	True	10.9584	10.9584	36.42602759261345	1.961	-0.18438238859635112	Left	0.9255	
450936.0978	1.9610000000102445	states																																	"       state_name
id               
3   wait_for_poke"
450938.0588	1.1160999999847263	states																																	"        state_name
id                
1   nose_in_center"
450939.1749	0.001999999978579581	states																																	"   state_name
id           
5      go_cue"
450939.17689999996	10.958400000003166	states																																	"            state_name
id                    
6   wait_for_side_poke"
450950.13529999997	0.20000000001164153	states																																	"   state_name
id           
0     opt_out"
450950.3353	0.00010000000474974513	states																																	"    state_name
id            
7   stop_sound"
450950.6986	2.3999000000185333	trials	1.0	2.0	20.0	1.1330055179513776	0.0	0.15	True	4770.0	False	False	18862.0	False	Low	True	False	0.025	0.0	0.7034928050420233	1.5	9.0													
450950.6986	2.3999000000185333	processed_trials			20.0	1.1330055179513776					False				Low					0.7034928050420233		9.0	40.0	40.0	True	False	False	0.7035	0.7035	36.42602759261345	0.2754	-0.3270817827188196	Right	0.2754	
450950.6986	0.2753999999840744	states																																	"       state_name
id               
3   wait_for_poke"
450950.974	1.1330000000307336	states																																	"        state_name
id                
1   nose_in_center"
450952.107	0.001999999978579581	states																																	"   state_name
id           
5      go_cue"
450952.109	0.7035000000032596	states																																	"            state_name
id                    
6   wait_for_side_poke"
450952.8125	0.12729999999282882	states																																	"         state_name
id                 
4   announce_reward"
450952.9398	0.15860000002430752	states																																	"   state_name
id           
8      reward"
450953.0984	0.00010000000474974513	states																																	"    state_name
id            
7   stop_sound"
450953.4654	4.988500000035856	trials	1.0	2.0	20.0	0.9999769434494926	0.0	0.15	True	4790.0	False	False	18863.0	False	Low	True	False	0.025	0.0	0.5727395543690891	1.5	9.0													
450953.4654	4.988500000035856	processed_trials			20.0	0.9999769434494926					False				Low					0.5727395543690891		9.0	40.0	40.0	True	False	False	0.5726999999999998	0.5726999999999998	36.42602759261345	2.9292	-0.10241658805685544	Left	1.0309	
450953.4654	2.929200000013225	states																																	"       state_name
id               
3   wait_for_poke"
450956.3946	1.0	states																																	"        state_name
id                
1   nose_in_center"
450957.3946	0.001999999978579581	states																																	"   state_name
id           
5      go_cue"
450957.3966	0.5727000000188127	states																																	"            state_name
id                    
6   wait_for_side_poke"
450957.9693	0.33559999999124557	states																																	"         state_name
id                 
4   announce_reward"
450958.3049	0.14889999997103587	states																																	"   state_name
id           
8      reward"
450958.45379999996	0.00010000000474974513	states																																	"    state_name
id            
7   stop_sound"
450958.8236	4.226000000024214	trials	1.0	2.0	10.0	1.072774947351351	0.0	0.15	True	4810.0	False	False	18864.0	False	Low	True	False	0.025	0.0	1.1025739958589835	1.5	9.0													
450958.8236	4.226000000024214	processed_trials			10.0	1.072774947351351					False				Low					1.1025739958589835		9.0	40.0	40.0	True	False	False	1.1026000000000002	1.1026000000000002	36.42602759261345	1.5248	-0.22131017437958603	Left	0.8010999999999999	
450958.8236	1.5248000000137836	states																																	"       state_name
id               
3   wait_for_poke"
450960.3484	1.0727999999653548	states																																	"        state_name
id                
1   nose_in_center"
450961.4212	0.0020000000367872417	states																																	"   state_name
id           
5      go_cue"
450961.4232	1.102599999983795	states																																	"            state_name
id                    
6   wait_for_side_poke"
450962.5258	0.4382999999797903	states																																	"         state_name
id                 
4   announce_reward"
450962.9641	0.08540000003995374	states																																	"   state_name
id           
8      reward"
450963.0495	0.00010000000474974513	states																																	"    state_name
id            
7   stop_sound"
450963.4178	8.236600000003818	trials	1.0	2.0	10.0	1.0727749	0.0	0.15	True	4820.0	False	False	18865.0	False	Low	True	False	0.025	0.0	4.854440689025099	1.5	9.0													
450963.4178	8.236600000003818	processed_trials			10.0	1.0727749					False				Low					4.854440689025099		9.0	40.0	40.0	True	False	False	4.854400000000001	4.854400000000001	36.42602759261345	1.7054	-0.20602095358075012	Left	0.7867	
450963.4178	1.7053999999770895	states																																	"       state_name
id               
3   wait_for_poke"
450965.1232	1.0728000000235625	states																																	"        state_name
id                
1   nose_in_center"
450966.196	0.001999999978579581	states																																	"   state_name
id           
5      go_cue"
450966.198	4.854400000011083	states																																	"            state_name
id                    
6   wait_for_side_poke"
450971.0524	0.5165000000270084	states																																	"         state_name
id                 
4   announce_reward"
450971.5689	0.08539999998174608	states																																	"   state_name
id           
8      reward"
450971.6543	0.00010000000474974513	states																																	"    state_name
id            
7   stop_sound"
450972.0193	6.70240000000922	trials	1.0	2.0	5.0	1.0801025343500708	0.0	0.15	True	4830.0	True	False	18866.0	False	Low	True	False	0.025	0.0	100.0	1.5	9.0													
450972.0193	6.70240000000922	processed_trials			5.0	1.0801025343500708					True				Low					100.0		9.0	40.0	40.0	False	True	False			36.42602759261345	4.4938	0.030039197446237953	Left	3.6474	
450972.0193	4.493799999996554	states																																	"       state_name
id               
3   wait_for_poke"
450976.5131	0.208600000012666	states																																	"        state_name
id                
1   nose_in_center"
450976.7217	2.0	states																																	"          state_name
id                  
2   punish_violation"
450979.0884	7.377999999967869	trials	1.0	2.0	5.0	1.0801025	0.0	0.15	True	4830.0	False	False	18867.0	False	Low	True	True	0.025	0.0	5.188642078206681	1.5	9.0													
450979.0884	7.377999999967869	processed_trials			5.0	1.0801025					False				Low					5.188642078206681		9.0	40.0	40.0	True	False	False	5.1886	5.1886	36.42602759261345	0.8921	-0.2748732419289962	Right	0.8921	
450979.0884	0.8920999999972992	states																																	"       state_name
id               
3   wait_for_poke"
450979.9805	1.080100000021048	states																																	"        state_name
id                
1   nose_in_center"
450981.0606	0.001999999978579581	states																																	"   state_name
id           
5      go_cue"
450981.0626	5.1885999999940395	states																																	"            state_name
id                    
6   wait_for_side_poke"
450986.2512	0.15669999999227002	states																																	"         state_name
id                 
4   announce_reward"
450986.4079	0.05840000003809109	states																																	"   state_name
id           
8      reward"
450986.46630000003	0.00010000000474974513	states																																	"    state_name
id            
7   stop_sound"
450986.8296	4.771500000031665	trials	1.0	2.0	5.0	1.1503888239429567	0.0	0.15	True	4835.0	False	False	18868.0	False	Low	True	False	0.025	0.0	1.5429570808339899	1.5	9.0													
450986.8296	4.771500000031665	processed_trials			5.0	1.1503888239429567					False				Low					1.5429570808339899		9.0	40.0	40.0	True	False	False	1.5430000000000001	1.5430000000000001	36.42602759261345	1.8680999999999999	-0.19224710959420194	Right	1.6502	
450986.8296	1.8681000000215136	states																																	"       state_name
id               
3   wait_for_poke"
450988.6977	1.1503999999840744	states																																	"        state_name
id                
1   nose_in_center"
450989.8481	0.001999999978579581	states																																	"   state_name
id           
5      go_cue"
450989.8501	1.5430000000051223	states																																	"            state_name
id                    
6   wait_for_side_poke"
450991.3931	0.14949999999953434	states																																	"         state_name
id                 
4   announce_reward"
450991.5426	0.05840000003809109	states																																	"   state_name
id           
8      reward"
450991.601	9.999994654208422e-05	states																																	"    state_name
id            
7   stop_sound"
450991.971	5.57839999999851	trials	1.0	2.0	20.0	0.9028214468785744	0.0	0.15	True	4840.0	False	False	18869.0	False	Low	True	False	0.025	0.0	2.4264482875459854	1.5	9.0													
450991.971	5.57839999999851	processed_trials			20.0	0.9028214468785744					False				Low					2.4264482875459854		9.0	40.0	40.0	True	False	False	2.4264000000000006	2.4264000000000006	36.42602759261345	1.9289	-0.18709990790777212	Left	1.3403	
450991.971	1.9288999999989755	states																																	"       state_name
id               
3   wait_for_poke"
450993.8999	0.902799999981653	states																																	"        state_name
id                
1   nose_in_center"
450994.8027	0.0020000000367872417	states																																	"   state_name
id           
5      go_cue"
450994.80470000004	2.4263999999966472	states																																	"            state_name
id                    
6   wait_for_side_poke"
450997.23110000003	0.1693000000086613	states																																	"         state_name
id                 
4   announce_reward"
450997.40040000004	0.14889999997103587	states																																	"   state_name
id           
8      reward"
450997.5493	0.00010000000474974513	states																																	"    state_name
id            
7   stop_sound"
450997.9161	5.0644000000320375	trials	1.0	2.0	20.0	1.0155919957164112	0.0	0.15	True	4860.0	False	False	18870.0	False	Low	True	False	0.025	0.0	2.40588252309655	1.5	9.0													
450997.9161	5.0644000000320375	processed_trials			20.0	1.0155919957164112					False				Low					2.40588252309655		9.0	40.0	40.0	False	True	False			36.42602759261345	2.6125	-0.1292277521044265	Left	1.0732	
450997.9161	2.6124999999883585	states																																	"       state_name
id               
3   wait_for_poke"
451000.52859999996	0.45189999998547137	states																																	"        state_name
id                
1   nose_in_center"
451000.98049999995	2.0	states																																	"          state_name
id                  
2   punish_violation"
451003.3526	2.7528000000165775	trials	1.0	2.0	20.0	0.9930159220417549	0.0	0.15	True	4860.0	False	False	18871.0	False	Low	True	True	0.025	0.0	1.6731441855673483	1.5	9.0													
451003.3526	2.7528000000165775	processed_trials			20.0	0.9930159220417549					False				Low					1.6731441855673483		9.0	40.0	40.0	False	True	False			36.42602759261345	0.5847	-0.30089708729755743	Left	0.5847	
451003.3526	0.5847000000067055	states																																	"       state_name
id               
3   wait_for_poke"
451003.9373	0.16810000000987202	states																																	"        state_name
id                
1   nose_in_center"
451004.1054	2.0	states																																	"          state_name
id                  
2   punish_violation"
451006.4734	6.2379000000073574	trials	1.0	2.0	20.0	0.9822817107677413	0.0	0.15	True	4860.0	False	False	18872.0	False	Low	True	True	0.025	0.0	2.0107100300672696	1.5	9.0													
451006.4734	6.2379000000073574	processed_trials			20.0	0.9822817107677413					False				Low					2.0107100300672696		9.0	40.0	40.0	True	False	False	2.0107000000000004	2.0107000000000004	36.42602759261345	2.9560999999999997	-0.10013928994230015	Left	2.9560999999999997	
451006.4734	2.9561000000103377	states																																	"       state_name
id               
3   wait_for_poke"
451009.4295	0.9822999999742024	states																																	"        state_name
id                
1   nose_in_center"
451010.4118	0.0020000000367872417	states																																	"   state_name
id           
5      go_cue"
451010.41380000004	2.010699999984354	states																																	"            state_name
id                    
6   wait_for_side_poke"
451012.4245	0.1377999999676831	states																																	"         state_name
id                 
4   announce_reward"
451012.5623	0.14890000002924353	states																																	"   state_name
id           
8      reward"
451012.7112	0.00010000000474974513	states																																	"    state_name
id            
7   stop_sound"
451013.0843	6.189200000022538	trials	1.0	2.0	20.0	1.18201014106902	0.0	0.15	True	4880.0	False	False	18873.0	False	Low	True	False	0.025	0.0	1.3430767821265261	1.5	9.0													
451013.0843	6.189200000022538	processed_trials			20.0	1.18201014106902					False				Low					1.3430767821265261		9.0	40.0	40.0	True	False	False	1.3430999999999997	1.3430999999999997	36.42602759261345	2.4814000000000003	-0.14032640574079072	Left	0.6624000000000003	
451013.0843	2.4813999999896623	states																																	"       state_name
id               
3   wait_for_poke"
451015.5657	1.1820000000298023	states																																	"        state_name
id                
1   nose_in_center"
451016.7477	0.001999999978579581	states																																	"   state_name
id           
5      go_cue"
451016.7497	1.3430999999982305	states																																	"            state_name
id                    
6   wait_for_side_poke"
451018.0928	1.03169999999227	states																																	"         state_name
id                 
4   announce_reward"
451019.1245	0.14890000002924353	states																																	"   state_name
id           
8      reward"
451019.2734	0.00010000000474974513	states																																	"    state_name
id            
7   stop_sound"
451019.6449	16.682900000014342	trials	1.0	2.0	5.0	1.1820101	0.0	0.15	True	4900.0	True	False	18874.0	False	Low	True	False	0.025	0.0	100.0	1.5	9.0													
451019.6449	16.682900000014342	processed_trials			5.0	1.1820101					True				Low					100.0		9.0	40.0	40.0	False	False	True	13.079500000000001	13.079500000000001	36.42602759261345	2.2193	-0.16251524722127186	Right	0.8873	
451019.6449	2.2192999999970198	states																																	"       state_name
id               
3   wait_for_poke"
451021.8642	1.1820000000298023	states																																	"        state_name
id                
1   nose_in_center"
451023.04620000004	0.001999999978579581	states																																	"   state_name
id           
5      go_cue"
451023.0482	13.07949999999255	states																																	"            state_name
id                    
6   wait_for_side_poke"
451036.1277	0.20000000001164153	states																																	"   state_name
id           
0     opt_out"
451036.3277	0.00010000000474974513	states																																	"    state_name
id            
7   stop_sound"
451036.7035	4.998800000001211	trials	1.0	2.0	5.0	0.8112719452642992	0.0	0.15	True	4900.0	False	False	18875.0	False	Low	True	False	0.025	0.0	3.1823706851324483	1.5	9.0													
451036.7035	4.998800000001211	processed_trials			5.0	0.8112719452642992					False				Low					3.1823706851324483		9.0	40.0	40.0	True	False	False	3.1823999999999995	3.1823999999999995	36.42602759261345	0.7895	-0.2835591447748465	Right	0.7895	
451036.7035	0.7895000000135042	states																																	"       state_name
id               
3   wait_for_poke"
451037.493	0.8113000000012107	states																																	"        state_name
id                
1   nose_in_center"
451038.3043	0.001999999978579581	states																																	"   state_name
id           
5      go_cue"
451038.3063	3.1823999999905936	states																																	"            state_name
id                    
6   wait_for_side_poke"
451041.4887	0.15510000003268942	states																																	"         state_name
id                 
4   announce_reward"
451041.6438	0.05839999997988343	states																																	"   state_name
id           
8      reward"
451041.7022	0.00010000000474974513	states																																	"    state_name
id            
7   stop_sound"
451042.0743	37.10820000001695	trials	1.0	2.0	10.0	1.1121158619040605	0.0	0.15	True	4905.0	True	False	18876.0	False	Low	True	False	0.025	0.0	100.0	1.5	9.0													
451042.0743	37.10820000001695	processed_trials			10.0	1.1121158619040605					True				Low					100.0		9.0	40.0	40.0	False	False	True	34.0372	34.0372	36.42602759261345	1.7568	-0.20166953636557755	Right	0.7800999999999999	
451042.0743	1.7567999999737367	states																																	"       state_name
id               
3   wait_for_poke"
451043.83109999995	1.1121000000275671	states																																	"        state_name
id                
1   nose_in_center"
451044.9432	0.001999999978579581	states																																	"   state_name
id           
5      go_cue"
451044.94519999996	34.037200000020675	states																																	"            state_name
id                    
6   wait_for_side_poke"
451078.9824	0.20000000001164153	states																																	"   state_name
id           
0     opt_out"
451079.1824	0.00010000000474974513	states																																	"    state_name
id            
7   stop_sound"
451079.556	2.2819000000017695	trials	1.0	2.0	20.0	0.9216828694283714	0.0	0.15	True	4905.0	False	False	18877.0	False	Low	True	False	0.025	0.0	2.1250009363089326	1.5	9.0													
451079.556	2.2819000000017695	processed_trials			20.0	0.9216828694283714					False				Low					2.1250009363089326		9.0	40.0	40.0	False	False	True	0.9136000000000002	0.9136000000000002	36.42602759261345	0.2445	-0.32969771252327157	Right	0.2445	
451079.556	0.24449999997159466	states																																	"       state_name
id               
3   wait_for_poke"
451079.80049999995	0.9217000000062399	states																																	"        state_name
id                
1   nose_in_center"
451080.72219999996	0.0020000000367872417	states																																	"   state_name
id           
5      go_cue"
451080.7242	0.9135999999707565	states																																	"            state_name
id                    
6   wait_for_side_poke"
451081.63779999997	0.20000000001164153	states																																	"   state_name
id           
0     opt_out"
451081.8378	0.00010000000474974513	states																																	"    state_name
id            
7   stop_sound"
451082.2153	12.13980000000447	trials	1.0	2.0	40.0	1.130246836194571	0.0	0.15	True	4905.0	False	False	18878.0	True	Mixed	True	False	0.025	0.0	2.2526412498243173	1.5	9.0													
451082.2153	12.13980000000447	processed_trials			40.0	1.130246836194571					False				Mixed					2.2526412498243173		9.0	40.0	40.0	True	False	False	2.252600000000001	2.252600000000001	36.42602759261345	8.4276	0.3630665328751454	Right	8.4276	
451082.2153	8.427599999995437	states																																	"       state_name
id               
3   wait_for_poke"
451090.6429	1.130200000014156	states																																	"        state_name
id                
1   nose_in_center"
451091.7731	0.001999999978579581	states																																	"   state_name
id           
5      go_cue"
451091.77509999997	2.252600000007078	states																																	"            state_name
id                    
6   wait_for_side_poke"
451094.0277	0.03320000000530854	states																																	"         state_name
id                 
4   announce_reward"
451094.0609	0.2940999999991618	states																																	"   state_name
id           
8      reward"
451094.355	0.00010000000474974513	states																																	"    state_name
id            
7   stop_sound"
451094.7318	3.996400000003632	trials	1.0	2.0	5.0	1.1302468	0.0	0.15	True	4945.0	False	False	18879.0	False	Mixed	True	False	0.025	0.0	1.6080090523170651	1.5	9.0													
451094.7318	3.996400000003632	processed_trials			5.0	1.1302468					False				Mixed					1.6080090523170651		9.0	40.0	40.0	False	True	False			36.42602759261345	1.9629	-0.18422153854365017	Right	1.5696	
451094.7318	1.9628999999840744	states																																	"       state_name
id               
3   wait_for_poke"
451096.6947	0.033500000019557774	states																																	"        state_name
id                
1   nose_in_center"
451096.7282	2.0	states																																	"          state_name
id                  
2   punish_violation"
451099.1024	2.8786000000545755	trials	1.0	2.0	5.0	0.9820230316460308	0.0	0.15	True	4945.0	True	False	18880.0	False	Mixed	True	True	0.025	0.0	100.0	1.5	9.0													
451099.1024	2.8786000000545755	processed_trials			5.0	0.9820230316460308					True				Mixed					100.0		9.0	40.0	40.0	False	True	False			36.42602759261345	0.0292	-0.3479245632319613	Right	0.0292	
451099.1024	0.029199999989941716	states																																	"       state_name
id               
3   wait_for_poke"
451099.13159999996	0.8494000000064261	states																																	"        state_name
id                
1   nose_in_center"
451099.98099999997	2.0	states																																	"          state_name
id                  
2   punish_violation"
451102.3655	3.5420999999623746	trials	1.0	2.0	5.0	0.98202303	0.0	0.15	True	4945.0	False	False	18881.0	False	Mixed	True	True	0.025	0.0	0.40042043822987317	1.5	9.0													
451102.3655	3.5420999999623746	processed_trials			5.0	0.98202303					False				Mixed					0.40042043822987317		9.0	40.0	40.0	False	True	False			36.42602759261345	1.2272	-0.24650437210790035	Right	1.2272	
451102.3655	1.2272000000230037	states																																	"       state_name
id               
3   wait_for_poke"
451103.59270000004	0.31489999999757856	states																																	"        state_name
id                
1   nose_in_center"
451103.90760000004	2.0	states																																	"          state_name
id                  
2   punish_violation"
